activity_id,source_commercial_activity_id,store_name,category_name,category_group,quartiere_id,x_coord,y_coord,address
1,EP,,Somministrazione,somministrazione,5,1394537.871,4991843.047,VIA PIETRO PALMIERI 61/A
2,EP,,Somministrazione,somministrazione,10,1393970.003,4987972.322,VIA PASQUALE PAOLI 26/A
3,EP,,Somministrazione,somministrazione,15,1392773.455,4994671.188,VIA PIANEZZA 212/F
4,EP,,Somministrazione,somministrazione,5,1394041.603,4990876.168,CORSO PESCHIERA 138 bis/D
5,EP,,Somministrazione,somministrazione,4,1393966.78,4990868.407,CORSO PESCHIERA 145/A
6,EP,,Somministrazione,somministrazione,1,1397393.321,4991088.464,VIA MATTEO PESCATORE 10/C
7,EP,,Somministrazione,somministrazione,1,1397460.862,4991024.444,VIA MATTEO PESCATORE 16/F
8,EP,,Somministrazione,somministrazione,1,1397484.379,4991002.431,VIA MATTEO PESCATORE 18/F
9,EP,,Somministrazione,somministrazione,3,1395564.293,4990337.6,VIA PASTRENGO 3 bis/B
10,EP,,Somministrazione,somministrazione,10,1393140.617,4986992.528,VIA PASSO BUOLE 168
11,EP,,Somministrazione,somministrazione,10,1393081.743,4987022.437,VIA PASSO BUOLE 176/A
12,EP,,DIA di somministrazione,somministrazione,1,1395505.213,4992005.638,CORSO PALESTRO 14
13,EP,,Somministrazione,somministrazione,1,1395483.448,4991905.541,CORSO PALESTRO 15/C
14,EP,,Somministrazione,somministrazione,18,1397078.39,4994166.766,VIA PIER LUIGI PALESTRINA 19
15,EP,,Somministrazione,somministrazione,6,1394780.204,4992523.703,PIAZZA AMEDEO PEYRON 5 scala B
16,EP,,Somministrazione,somministrazione,7,1397145.67,4993264.212,LARGO PALERMO 73/C
17,EP,,Somministrazione,somministrazione,18,1397181.192,4993525.54,CORSO PALERMO 93/L
18,EP,,DIA di somministrazione,somministrazione,18,1397180.144,4993508.591,CORSO PALERMO 93
19,EP,,Somministrazione,somministrazione,15,1392739.02,4995488.193,VIA DELLE PERVINCHE 10/F
20,EP,,Somministrazione,somministrazione,12,1392219.072,4987879.758,VIA PUBLIO ELVIO PERTINACE 49/D
21,EP,,Somministrazione,somministrazione,7,1397237.32864583,4992611.759375,VIA PERUGIA 26/B
22,EP,,Somministrazione,somministrazione,10,1394049.316,4986530.688,VIA PASSO BUOLE 56
23,EP,,Somministrazione,somministrazione,1,1395593.351,4992173.433,CORSO PALESTRO 2/F
24,EP,,Somministrazione,somministrazione,1,1395583.431,4992154.568,CORSO PALESTRO 2
25,EP,,DIA di somministrazione,somministrazione,1,1395577.87,4992085.302,CORSO PALESTRO 3
26,EP,,Somministrazione,somministrazione,1,1395569.521,4992069.244,CORSO PALESTRO 3 bis/C
27,EP,,Somministrazione,somministrazione,1,1395571.513,4992131.901,CORSO PALESTRO 4 bis/A
28,EP,,DIA di somministrazione,somministrazione,1,1395571.513,4992131.901,CORSO PALESTRO 4 bis/A
29,EP,,DIA di somministrazione,somministrazione,18,1398036.335,4993752.93,VIA ERRICO PETRELLA 40
30,EP,,Somministrazione,somministrazione,7,1397380.41353782,4992698.26665404,VIA PERUGIA 36/E
31,EP,,Somministrazione,somministrazione,21,1400050.299,4992163.929,PIAZZA ALBERTO PASINI 3/C
32,EP,,Somministrazione,somministrazione,1,1395407.388,4992220.145,VIA GIUSEPPE LUIGI PASSALACQUA 1/G
33,EP,,Somministrazione,somministrazione,1,1395404.02258205,4992213.62254295,VIA GIUSEPPE LUIGI PASSALACQUA 3/B
34,EP,,Somministrazione,somministrazione,2,1395787.88,4989322.557,VIA FRANCESCO PETRARCA 13
35,EP,,Somministrazione,somministrazione,2,1395827.942,4989310.97,VIA FRANCESCO PETRARCA 15
36,EP,,Somministrazione,somministrazione,1,1395654.572,4992137.618,VIA ETTORE PERRONE 2/G
37,EP,,Somministrazione,somministrazione,2,1395509.503,4988970.173,VIA ILARIONE PETITTI 16/A
38,EP,,Somministrazione,somministrazione,1,1395582.451,4992000.919,VIA ETTORE PERRONE 8/A
39,EP,,Somministrazione,somministrazione,6,1393912.101,4993044.296,PIAZZA GIUSEPPE PEROTTI 8/E
40,EP,,Somministrazione,somministrazione,20,1399898.988,4994444.015,STRADA DEL PASCOLO 61
41,EP,,DIA di somministrazione,somministrazione,6,1393800.189,4992437.915,VIA ROSOLINO PILO 6/A
42,EP,,DIA di somministrazione,somministrazione,6,1393629.399,4992472.368,VIA ROSOLINO PILO 24
43,EP,,DIA di somministrazione,somministrazione,13,1391873.813,4992105.537,CORSO PESCHIERA 380
44,EP,,DIA di somministrazione,somministrazione,20,1398886.136,4993924.678,VIA MODESTO PAROLETTI 15
45,EP,,Somministrazione,somministrazione,13,1391901.866,4992038.992,CORSO PESCHIERA 337/A
46,EP,,Somministrazione,somministrazione,13,1392407.335,4991752.712,CORSO PESCHIERA 273/A
47,EP,,DIA di somministrazione,somministrazione,2,1396270.728,4990246.717,VIA SILVIO PELLICO 12
48,EP,,Somministrazione,somministrazione,2,1396307.855,4990240.166,VIA SILVIO PELLICO 13/E
49,EP,,DIA di somministrazione,somministrazione,2,1396294.042,4990234.448,VIA SILVIO PELLICO 14/D
50,EP,,Somministrazione,somministrazione,2,1396449.278,4990165.474,VIA SILVIO PELLICO 21
51,EP,,Somministrazione,somministrazione,2,1396389.151,4990184.059,VIA SILVIO PELLICO 22
52,EP,,Somministrazione,somministrazione,13,1392121.359,4991914.544,CORSO PESCHIERA 309/C
53,EP,,Somministrazione,somministrazione,4,1393394.551,4991192.326,CORSO PESCHIERA 191/B
54,EP,,Somministrazione,somministrazione,4,1393325.292,4991241.185,CORSO PESCHIERA 193/A
55,EP,,DIA di somministrazione,somministrazione,14,1391771.064,4993675.719,STRADA DELLA PELLERINA 22 int. 7
56,EP,,Somministrazione,somministrazione,1,1395759.255,4992186.727,VIA PIAVE 5/A
57,EP,,Somministrazione,somministrazione,4,1393752.641,4990989.567,CORSO PESCHIERA 167/A
58,EP,,DIA di somministrazione,somministrazione,4,1393728.153,4991003.521,CORSO PESCHIERA 171/C
59,EP,,Somministrazione,somministrazione,2,1395948.088,4990407.698,VIA NIZZA 23/A
60,EP,,Somministrazione,somministrazione,2,1395921.004,4990337.09,VIA NIZZA 27/E
61,EP,,DIA di somministrazione,somministrazione,18,1397700.858,4993337.818,VIA GIOVANNI PACINI 28
62,EP,,Somministrazione,somministrazione,14,1392239.03435308,4992559.74884247,VIA GIACINTO PACCHIOTTI 50/B
63,EP,,DIA di somministrazione,somministrazione,22,1395776.453,4985860.783,VIA ORISTANO 24
64,EP,,Somministrazione,somministrazione,2,1396534.702,4990386.003,VIA ORMEA 6/C
65,EP,,Somministrazione,somministrazione,2,1396530.724,4990378.685,VIA ORMEA 6
66,EP,,DIA di somministrazione,somministrazione,2,1396522.357,4990363.29,VIA ORMEA 6 bis/C
67,EP,,Somministrazione,somministrazione,2,1396522.357,4990363.29,VIA ORMEA 6 bis/C
68,EP,,DIA di somministrazione,somministrazione,3,1395963.513,4990485.678,VIA NIZZA 8/B
69,EP,,DIA di somministrazione,somministrazione,14,1391770.42,4992583.963,VIA GIACINTO PACCHIOTTI 102
70,EP,,DIA di somministrazione,somministrazione,13,1391325.417,4990987.359,VIA OZIERI 13/A
71,EP,,Somministrazione,somministrazione,1,1396099.727,4992246.633,VIA DELLE ORFANE 24/D
72,EP,,Somministrazione,somministrazione,18,1397551.924,4993029.5600000005,CORSO NOVARA 75/B
73,EP,,Somministrazione,somministrazione,18,1397587.506,4992971.752,CORSO NOVARA 79/C
74,EP,,Somministrazione,somministrazione,17,1396157.558,4995163.069,VIA COSTANTINO NIGRA 47/A
75,EP,,DIA di somministrazione,somministrazione,12,1391526.076,4988698.815,VIA FRANCESCO SAVERIO NITTI 6
76,EP,,Somministrazione,somministrazione,19,1397730.636,4995464.206,VIA NINO OXILIA 19/B
77,EP,,Somministrazione,somministrazione,1,1396063.10065615,4992182.48900653,VIA DELLE ORFANE 16/E
78,EP,,Somministrazione,somministrazione,1,1396095.794,4992258.303,VIA DELLE ORFANE 17/F
79,EP,,Somministrazione,somministrazione,18,1397232.82039167,4993423.24682838,CORSO NOVARA 27 bis/C
80,EP,,DIA di somministrazione,somministrazione,10,1392765.327,4986464.291,VIA NICHELINO 7
81,EP,,Somministrazione,somministrazione,10,1392778.608,4986445.048,VIA NICHELINO 10/N
82,EP,,Somministrazione,somministrazione,21,1399832.513,4993299.826,VIA FEDERICO NIETZSCHE 155 int. 20
83,EP,,DIA di somministrazione,somministrazione,16,1395483.993,4995637.465,VIA ORBETELLO 98/B
84,EP,,Somministrazione,somministrazione,4,1394100.911,4989733.726,LARGO ORBASSANO 60 bis
85,EP,,Somministrazione,somministrazione,18,1396912.911,4993650.32,CORSO NOVARA 5/C
86,EP,,DIA di somministrazione,somministrazione,16,1394250.982,4994026.51,VIA NOLE 72/B
87,EP,,Somministrazione,somministrazione,6,1394212.138,4994003.979,VIA NOLE 75
88,EP,,Somministrazione,somministrazione,16,1394189.067,4994028.821,VIA NOLE 78/D
89,EP,,Somministrazione,somministrazione,23,1390669.16129722,4986204.29229406,VIA CELESTE NEGARVILLE 8 int. 12
90,EP,,Somministrazione,somministrazione,8,1399597.091,4991979.599,VIA OSLAVIA 54/B
91,EP,,DIA di somministrazione,somministrazione,7,1396004.566,4993489.346,LUNGO DORA NAPOLI 76
92,EP,,DIA di somministrazione,somministrazione,12,1391168.941,4987744.277,CORSO ORBASSANO 402 int. 10 int. C
93,EP,,Somministrazione,somministrazione,12,1391154.697,4987560.022,CORSO ORBASSANO 414
94,EP,,Somministrazione,somministrazione,23,1390830.357,4987410.234,CORSO ORBASSANO 460/C
95,EP,,Somministrazione,somministrazione,12,1392162.225,4988113.849,CORSO ORBASSANO 297/A
96,EP,,DIA di somministrazione,somministrazione,11,1393017.846,4989651.094,VIA ADA NEGRI 21
97,EP,,Somministrazione,somministrazione,8,1399470.051,4991952.353,VIA OSLAVIA 36/A
98,EP,,Somministrazione,somministrazione,16,1395494.84026114,4994501.09451552,VIA ORVIETO 65/D
99,EP,,Somministrazione,somministrazione,12,1392274.84,4988249.961,CORSO ORBASSANO 258/B
100,EP,,Somministrazione,somministrazione,9,1394623.067,4985929.003,VIA NIZZA 393/E
101,EP,,Somministrazione,somministrazione,9,1394551.593,4985838.683,VIA NIZZA 402
102,EP,,Somministrazione,somministrazione,2,1395649.15,4989625.891,PIAZZA NIZZA 42
103,EP,,Somministrazione,somministrazione,18,1397184.316,4993609.208,CORSO PALERMO 101/A
104,EP,,Somministrazione,somministrazione,18,1397187.872,4993635.171,CORSO PALERMO 101/G
105,EP,,Somministrazione,somministrazione,18,1397190.718,4993680.394,CORSO PALERMO 107/A
106,EP,,Somministrazione,somministrazione,18,1397209.674,4993662.861,CORSO PALERMO 112/C
107,EP,,Somministrazione,somministrazione,18,1397199.127,4993811.19,CORSO PALERMO 117/G
108,EP,,Somministrazione,somministrazione,7,1397155.046,4993119.724,CORSO PALERMO 59/C
109,EP,,Somministrazione,somministrazione,14,1393538.211,4992938.289,VIA ORTA 4/B
110,EP,,Somministrazione,somministrazione,17,1395470.002,4994192.032,VIA ORVIETO 32/C
111,EP,,Somministrazione,somministrazione,12,1392277.771,4988191.688,CORSO ORBASSANO 277/E
112,EP,,DIA di somministrazione,somministrazione,12,1391889.405,4987995.165,CORSO ORBASSANO 292
113,EP,,Somministrazione,somministrazione,2,1395702.306,4989533.667,PIAZZA NIZZA 77/E
114,EP,,Somministrazione,somministrazione,2,1395684.931,4989474.134,PIAZZA NIZZA 83/C
115,EP,,DIA di somministrazione,somministrazione,7,1397185.048,4993171.973,CORSO PALERMO 62 scala A
116,EP,,Somministrazione,somministrazione,18,1397176.118,4993463.212,CORSO PALERMO 91/C
117,EP,,Somministrazione,somministrazione,18,1397178.776,4993486.486,CORSO PALERMO 91/L
118,EP,,Somministrazione,somministrazione,7,1397143.807,4992625.186,CORSO PALERMO 22/B
119,EP,,Somministrazione,somministrazione,8,1399466.935,4991877.19,VIA OROPA 116/A
120,EP,,Somministrazione,somministrazione,8,1399593.969,4991928.208,VIA OROPA 141/C
121,EP,,Somministrazione,somministrazione,11,1392661.682,4988452.429,CORSO ORBASSANO 247/A
122,EP,,Somministrazione,somministrazione,7,1397160.062,4992883.431,CORSO PALERMO 34/D
123,EP,,Somministrazione,somministrazione,7,1397169.455,4993030.744,CORSO PALERMO 48/C
124,EP,,Somministrazione,somministrazione,1,1396274.13,4991896.079,VIA PALAZZO DI CITTA' 21/F
125,EP,,Somministrazione,somministrazione,1,1396311.619,4991898.754,VIA PALAZZO DI CITTA' 22/D
126,EP,,Somministrazione,somministrazione,1,1396303.862,4991902.369,VIA PALAZZO DI CITTA' 24/B
127,EP,,Somministrazione,somministrazione,1,1396248.847,4991891.466,PIAZZA PALAZZO DI CITTA' 6/D
128,EP,,Somministrazione,somministrazione,8,1398843.638,4991777.334,VIA OROPA 59/B
129,EP,,Somministrazione,somministrazione,11,1392670.142,4988505.607,CORSO ORBASSANO 218/B
130,EP,,Somministrazione,somministrazione,11,1392622.944,4988472.679,CORSO ORBASSANO 226/B
131,EP,,Somministrazione,somministrazione,9,1394670.981,4986179.035,VIA NIZZA 358 bis
132,EP,,Somministrazione,somministrazione,9,1395120.643,4987645.861,VIA NIZZA 249
133,EP,,Somministrazione,somministrazione,9,1395113.391,4987620.943,VIA NIZZA 253
134,EP,,Somministrazione,somministrazione,9,1394990.806,4987200.944,VIA NIZZA 293/E
135,EP,,Somministrazione,somministrazione,9,1394932.345,4987088.299,VIA NIZZA 294
136,EP,,DIA di somministrazione,somministrazione,9,1394932.345,4987088.299,VIA NIZZA 294
137,EP,,DIA di somministrazione,somministrazione,12,1391404.335,4989275.17,VIA GIOVANNI PALATUCCI 12/A
138,EP,,DIA di somministrazione,somministrazione,11,1393191.145,4988827.808,CORSO ORBASSANO 169/C
139,EP,,Somministrazione,somministrazione,11,1393791.591,4989374.744,CORSO ORBASSANO 96/B
140,EP,,Somministrazione,somministrazione,11,1393754.579,4989341.16,CORSO ORBASSANO 102
141,EP,,Somministrazione,somministrazione,9,1394784.795,4986494.419,VIA NIZZA 339/A
142,EP,,DIA di somministrazione,somministrazione,9,1394742.764,4986425.177,VIA NIZZA 340/I
143,EP,,Somministrazione,somministrazione,9,1394780.005,4986478.023,VIA NIZZA 341/B
144,EP,,Somministrazione,somministrazione,9,1395257.918,4988064.097,VIA NIZZA 209/C
145,EP,,Somministrazione,somministrazione,9,1395164.363,4987870.915,VIA NIZZA 214/A
146,EP,,Somministrazione,somministrazione,9,1395136.105,4987773.859,VIA NIZZA 220
147,EP,,Somministrazione,somministrazione,1,1396455.755,4991827.456,VIA PALAZZO DI CITTA' 6 bis/A
148,EP,,DIA di somministrazione,somministrazione,11,1393573.222,4989176.986,CORSO ORBASSANO 122
149,EP,,Somministrazione,somministrazione,9,1395083.312,4987616.431,VIA NIZZA 230
150,EP,,DIA di somministrazione,somministrazione,9,1395083.312,4987616.431,VIA NIZZA 230
151,EP,,Somministrazione,somministrazione,2,1395406.365,4988625.032,VIA NIZZA 155
152,EP,,Somministrazione,somministrazione,2,1395730.439,4988687.827,VIA ORMEA 139
153,EP,,Somministrazione,somministrazione,2,1395697.933,4988605.776,VIA ORMEA 164
154,EP,,DIA di somministrazione,somministrazione,11,1393952.296,4989520.04,CORSO ORBASSANO 78/A
155,EP,,Somministrazione,somministrazione,11,1393913.972,4989485.339,CORSO ORBASSANO 86/A
156,EP,,Somministrazione,somministrazione,11,1393841.712,4989419.949,CORSO ORBASSANO 94/A
157,EP,,Somministrazione,somministrazione,9,1395267.027,4988095.132,VIA NIZZA 205
158,EP,,Somministrazione,somministrazione,2,1395497.174,4988936.673,VIA NIZZA 129 bis
159,EP,,DIA di somministrazione,somministrazione,18,1397601.128,4993699.614,VIA GIOVANNI PAISIELLO 1
160,EP,,Somministrazione,somministrazione,18,1397611.303,4993681.171,VIA GIOVANNI PAISIELLO 8/B
161,EP,,Somministrazione,somministrazione,2,1395995.236,4989385.018,VIA ORMEA 90/B
162,EP,,Somministrazione,somministrazione,9,1395303.913,4988348.795,VIA NIZZA 142/F
163,EP,,Somministrazione,somministrazione,2,1395450.455,4988776.129,VIA NIZZA 143
164,EP,,Somministrazione,somministrazione,2,1395610.189,4989323.035,VIA NIZZA 95/F
165,EP,,DIA di somministrazione,somministrazione,2,1395441.098,4988818.871,VIA NIZZA 98
166,EP,,Somministrazione,somministrazione,2,1395441.098,4988818.871,VIA NIZZA 98
167,EP,,DIA di somministrazione,somministrazione,18,1398081.613,4993269.494,VIA NICOLO' PAGANINI 22
168,EP,,Somministrazione,somministrazione,2,1395404.961,4988695.204,VIA NIZZA 106/H
169,EP,,Somministrazione,somministrazione,2,1395760.482,4989827.562,VIA NIZZA 53/E
170,EP,,Somministrazione,somministrazione,2,1395718.363,4989682.679,VIA NIZZA 69
171,EP,,DIA di somministrazione,somministrazione,14,1391620.127,4992591.787,VIA GIACINTO PACCHIOTTI 116
172,EP,,Somministrazione,somministrazione,2,1396482.261,4990264.188,VIA ORMEA 15
173,EP,,Somministrazione,somministrazione,2,1395474.386,4988932.952,VIA NIZZA 84
174,EP,,DIA di somministrazione,somministrazione,2,1395752.657,4989897.045,VIA NIZZA 32
175,EP,,Somministrazione,somministrazione,4,1393334.863,4991032.384,VIA MONGINEVRO 64/A
176,EP,,Somministrazione,somministrazione,4,1393292.3,4991033.905,VIA MONGINEVRO 68/D
177,EP,,Somministrazione,somministrazione,5,1393968.405,4991094.572,VIA MONGINEVRO 13/A
178,EP,,DIA di somministrazione,somministrazione,5,1393979.64435501,4991110.88662782,VIA MONGINEVRO 14
179,EP,,Somministrazione,somministrazione,5,1393938.13,4991090.874,VIA MONGINEVRO 17/C
180,EP,,Somministrazione,somministrazione,1,1397118.878,4991470.411,VIA MONTEBELLO 11/A
181,EP,,Somministrazione,somministrazione,1,1397137.775,4991505.337,VIA MONTEBELLO 13 bis/E
182,EP,,DIA di somministrazione,somministrazione,1,1397186.191,4991595.123,VIA MONTEBELLO 21 bis/A
183,EP,,Somministrazione,somministrazione,1,1397164.472,4991529.467,VIA MONTEBELLO 22/E
184,EP,,Somministrazione,somministrazione,5,1393889.155,4991099.885,VIA MONGINEVRO 24/A
185,EP,,Somministrazione,somministrazione,5,1393853.037,4991095.281,VIA MONGINEVRO 28/B
186,EP,,Somministrazione,somministrazione,5,1393805.55,4991074.569,VIA MONGINEVRO 29/B
187,EP,,Somministrazione,somministrazione,22,1397779.807,4990880.659,VIA MONFERRATO 20/B
188,EP,,Somministrazione,somministrazione,22,1397784.201,4990899.036,VIA MONFERRATO 23/G
189,EP,,DIA di somministrazione,somministrazione,18,1397616.648,4994415.536,VIA MONTE ROSA 125
190,EP,,Somministrazione,somministrazione,5,1394101.949,4991110.752,VIA MONGINEVRO 1/F
191,EP,,Somministrazione,somministrazione,5,1394026.625,4991101.382,VIA MONGINEVRO 5/D
192,EP,,Somministrazione,somministrazione,5,1393994.844,4991097.836,VIA MONGINEVRO 9/A
193,EP,,Somministrazione,somministrazione,18,1397352.809,4994128.236,VIA MONTANARO 48/D
194,EP,,Somministrazione,somministrazione,22,1397672.428,4990783.711,VIA MONFERRATO 4
195,EP,,Somministrazione,somministrazione,22,1397709.15,4990816.833,VIA MONFERRATO 10/A
196,EP,,Somministrazione,somministrazione,6,1394425.551,4992780.317,VIA MORGHEN 40
197,EP,,DIA di somministrazione,somministrazione,5,1393602.324,4991630.058,VIA MORETTA 57
198,EP,,Somministrazione,somministrazione,18,1397242.665,4993813.397,VIA MONTANARO 6/C
199,EP,,DIA di somministrazione,somministrazione,11,1393111.049,4989453.312,VIA MONFALCONE 62
200,EP,,Somministrazione,somministrazione,2,1395986.423,4989847.09,VIA ODDINO MORGARI 16
201,EP,,Somministrazione,somministrazione,2,1396025.573,4989836.293,VIA ODDINO MORGARI 20/F
202,EP,,Somministrazione,somministrazione,11,1393497.89,4989253.086,VIA MONFALCONE 13/B
203,EP,,Somministrazione,somministrazione,5,1393988.689,4991425.496,VIA MORETTA 18/C
204,EP,,DIA di somministrazione,somministrazione,5,1393823.821,4991519.506,VIA MORETTA 32/B
205,EP,,DIA di somministrazione,somministrazione,5,1393578.687,4991643.299,VIA MORETTA 57/A
206,EP,,DIA di somministrazione,somministrazione,13,1392211.709,4991418.285,VIA MONTE ORTIGARA 50
207,EP,,DIA di somministrazione,somministrazione,21,1401103.173,4991493.053,STRADA MONGRENO 180
208,EP,,Somministrazione,somministrazione,7,1397255.61328782,4992981.91654698,VIA MONZA 6/B
209,EP,,Somministrazione,somministrazione,7,1396597.904,4992934.84,LUNGO DORA NAPOLI 10
210,EP,,Somministrazione,somministrazione,7,1396472.778,4993053.708,LUNGO DORA NAPOLI 22/A
211,EP,,DIA di somministrazione,somministrazione,7,1396398.142,4993096.481,LUNGO DORA NAPOLI 25
212,EP,,Somministrazione,somministrazione,2,1395756.125,4989225.251,VIA VINCENZO MONTI 16/A
213,EP,,Somministrazione,somministrazione,2,1395865.131,4989191.749,VIA VINCENZO MONTI 17/A
214,EP,,Somministrazione,somministrazione,2,1395810.275,4989206.712,VIA VINCENZO MONTI 18/B
215,EP,,DIA di somministrazione,somministrazione,10,1394239.573,4987764.996,VIA MONTEVIDEO 41
216,EP,,Somministrazione,somministrazione,14,1392861.872,4992987.771,CORSO MONTE GRAPPA 75
217,EP,,Somministrazione,somministrazione,21,1400332.492,4992582.833,STRADA MONGRENO 13/C
218,EP,,Somministrazione,somministrazione,8,1397849.769,4991370.551,VIA GIOVANNI FRANCESCO NAPIONE 31/C
219,EP,,Somministrazione,somministrazione,8,1397860.124,4991381.488,VIA GIOVANNI FRANCESCO NAPIONE 33
220,EP,,Somministrazione,somministrazione,8,1397887.094,4991410.001,VIA GIOVANNI FRANCESCO NAPIONE 37/A
221,EP,,Somministrazione,somministrazione,10,1393896.561,4987930.004,VIA MONTEVIDEO 3/A
222,EP,,DIA di somministrazione,somministrazione,10,1393908.626,4987924.197,VIA MONTEVIDEO 5
223,EP,,Somministrazione,somministrazione,10,1393928.507,4987914.629,VIA MONTEVIDEO 7/D
224,EP,,Somministrazione,somministrazione,14,1392755.408,4992535.762,CORSO MONTE GRAPPA 38/C
225,EP,,Somministrazione,somministrazione,8,1397827.301,4991346.821,VIA GIOVANNI FRANCESCO NAPIONE 27/F
226,EP,,Somministrazione,somministrazione,10,1393996.414,4987859.6,VIA MONTEVIDEO 14/E
227,EP,,Somministrazione,somministrazione,14,1392830.486,4992893.094,CORSO MONTE GRAPPA 61/C
228,EP,,Somministrazione,somministrazione,1,1396193.331,4991708.791,VIA MONTE DI PIETA' 22/B
229,EP,,DIA di somministrazione,somministrazione,13,1391138.475,4991207.618,VIA MONGINEVRO 280/M
230,EP,,DIA di somministrazione,somministrazione,13,1391440.34,4991128.607,VIA MONGINEVRO 242 int. 9
231,EP,,Somministrazione,somministrazione,13,1392092.084,4991032.272,VIA MONGINEVRO 176/C
232,EP,,Somministrazione,somministrazione,13,1390641.966,4991785.892,VIA DON LEONARDO MURIALDO 39/C
233,EP,,Somministrazione,somministrazione,13,1392288.854,4991247.374,CORSO MONTE CUCCO 108/C
234,EP,,Somministrazione,somministrazione,13,1392022.567,4991009.197,VIA MONGINEVRO 195/D
235,EP,,Somministrazione,somministrazione,13,1392428.636,4991051.249,VIA MONGINEVRO 144/A
236,EP,,DIA di somministrazione,somministrazione,13,1392460.943,4991032.575,VIA MONGINEVRO 155
237,EP,,Somministrazione,somministrazione,13,1392368.162,4991029.087,VIA MONGINEVRO 163/B
238,EP,,DIA di somministrazione,somministrazione,13,1392307.413,4990708.741,VIA MONTE CRISTALLO 2/F
239,EP,,DIA di somministrazione,somministrazione,13,1392197.725,4990710.865,VIA MONTE CRISTALLO 9
240,EP,,Somministrazione,somministrazione,4,1392931.764,4991031.851,VIA MONGINEVRO 107/B
241,EP,,Somministrazione,somministrazione,4,1392848.635,4991034.805,VIA MONGINEVRO 115
242,EP,,Somministrazione,somministrazione,4,1393387.173,4991023.26,VIA MONGINEVRO 71/B
243,EP,,Somministrazione,somministrazione,1,1397175.171,4991549.357,VIA MONTEBELLO 24/C
244,EP,,Somministrazione,somministrazione,13,1392593.922,4992174.107,CORSO MONTE CUCCO 6/B
245,EP,,Somministrazione,somministrazione,4,1393604.687,4991065.139,VIA MONGINEVRO 44/A
246,EP,,Somministrazione,somministrazione,15,1392400.054,4995334.448,VIALE DEI MUGHETTI 13
247,EP,,Somministrazione,somministrazione,15,1392314.35004459,4995308.31443877,VIALE DEI MUGHETTI 15 scala A
248,EP,,DIA di somministrazione,somministrazione,8,1397272.73059952,4991790.53551428,LARGO MONTEBELLO 31
249,EP,,Somministrazione,somministrazione,8,1397321.46066618,4991772.79195401,LARGO MONTEBELLO 38/E
250,EP,,DIA di somministrazione,somministrazione,18,1397252.13,4994648.907,VIA RENATO MARTORELLI 73
251,EP,,Somministrazione,somministrazione,18,1397220.394,4994146.53,VIA RENATO MARTORELLI 3
252,EP,,Somministrazione,somministrazione,22,1397503.758,4990676.571,CORSO MONCALIERI 5/B
253,EP,,Somministrazione,somministrazione,22,1397498.243,4990668.499,CORSO MONCALIERI 5/F
254,EP,,Somministrazione,somministrazione,22,1397490.851,4990657.68,CORSO MONCALIERI 5/I
255,EP,,DIA di somministrazione,somministrazione,22,1397268.474,4990404.372,CORSO MONCALIERI 18
256,EP,,Somministrazione,somministrazione,22,1397044.433,4989972.895,CORSO MONCALIERI 47/H
257,EP,,Somministrazione,somministrazione,22,1397042.575,4989968.114,CORSO MONCALIERI 47
258,EP,,Somministrazione,somministrazione,1,1396605.225,4990793.598,VIA DEI MILLE 18/C
259,EP,,DIA di somministrazione,somministrazione,22,1397047.015,4990048.792,CORSO MONCALIERI 48
260,EP,,Somministrazione,somministrazione,1,1396261.787,4992011.037,VIA MILANO 8/H
261,EP,,DIA di somministrazione,somministrazione,21,1399654.404,4991578.207,VIALE SUOR GIOVANNA FRANCESCA MICHELOTTI 102/A
262,EP,,Somministrazione,somministrazione,1,1396822.462,4990583.33,VIA GIUSEPPE MAZZINI 48/C
263,EP,,Somministrazione,somministrazione,1,1396815.456,4990587.027,VIA GIUSEPPE MAZZINI 48
264,EP,,Somministrazione,somministrazione,6,1394371.733,4993234.855,VIA MARTINETTO 12/F
265,EP,,Somministrazione,somministrazione,22,1397517.71789418,4990743.18263367,CORSO MONCALIERI 2/B
266,EP,,Somministrazione,somministrazione,23,1394031.656,4985656.487,VIA MONASTIR 14/C
267,EP,,DIA di somministrazione,somministrazione,21,1399711.468,4992710.44,VIALE SUOR GIOVANNA FRANCESCA MICHELOTTI 290
268,EP,,DIA di somministrazione,somministrazione,6,1394489.5,4992644.471,VIA GIOVANNI MIGLIARA 7
269,EP,,Somministrazione,somministrazione,1,1396938.478,4990522.119,VIA GIUSEPPE MAZZINI 56
270,EP,,Somministrazione,somministrazione,2,1396246.32,4989424.41,VIALE MEDAGLIE D'ORO 88
271,EP,,Somministrazione,somministrazione,1,1396582.847,4990709.843,VIA GIUSEPPE MAZZINI 28/A
272,EP,,Somministrazione,somministrazione,1,1396677.371,4990672.386,VIA GIUSEPPE MAZZINI 29/C
273,EP,,Somministrazione,somministrazione,1,1396605.764,4990697.845,VIA GIUSEPPE MAZZINI 30/A
274,EP,,Somministrazione,somministrazione,1,1396783.27,4990616.604,VIA GIUSEPPE MAZZINI 33/E
275,EP,,Somministrazione,somministrazione,1,1396820.577,4990596.953,VIA GIUSEPPE MAZZINI 35/A
276,EP,,Somministrazione,somministrazione,9,1394440.284,4985920.723,CORSO PIERO MARONCELLI 51
277,EP,,Somministrazione,somministrazione,9,1394413.777,4985928.468,CORSO PIERO MARONCELLI 55/B
278,EP,,DIA di somministrazione,somministrazione,22,1398307.845,4991256.606,PARCO IGNAZIO MICHELOTTI 21/A
279,EP,,Somministrazione,somministrazione,1,1396233.582,4991667.557,VIA PIETRO MICCA 10/A
280,EP,,Somministrazione,somministrazione,1,1396847.424,4990582.8100000005,VIA GIUSEPPE MAZZINI 37/F
281,EP,,DIA di somministrazione,somministrazione,1,1396375.891,4990815.281,VIA GIUSEPPE MAZZINI 10
282,EP,,Somministrazione,somministrazione,1,1396375.891,4990815.281,VIA GIUSEPPE MAZZINI 10
283,EP,,Somministrazione,somministrazione,1,1396511.015,4990760.159,VIA GIUSEPPE MAZZINI 13
284,EP,,Somministrazione,somministrazione,1,1396469.302,4990769.642,VIA GIUSEPPE MAZZINI 20
285,EP,,DIA di somministrazione,somministrazione,2,1395984.258,4988806.698,VIA CARLO MAROCHETTI 11
286,EP,,DIA di somministrazione,somministrazione,9,1394838.951,4985861.857,CORSO PIERO MARONCELLI 4 bis
287,EP,,Somministrazione,somministrazione,9,1394824.105,4985866.194,CORSO PIERO MARONCELLI 6/C
288,EP,,Somministrazione,somministrazione,1,1396978.332,4991075.935,VIA MARIA VITTORIA 34
289,EP,,DIA di somministrazione,somministrazione,1,1396973.978,4991090.894,VIA MARIA VITTORIA 35
290,EP,,Somministrazione,somministrazione,1,1397006.282,4991061.179,VIA MARIA VITTORIA 36 bis/B
291,EP,,Somministrazione,somministrazione,1,1397005.913,4991074.149,VIA MARIA VITTORIA 37/D
292,EP,,Somministrazione,somministrazione,1,1397130.131,4990996.608,VIA MARIA VITTORIA 44/G
293,EP,,Somministrazione,somministrazione,1,1397290.367,4990863.368,VIA MARIA VITTORIA 49/B
294,EP,,Somministrazione,somministrazione,1,1397297.561,4990839.661,VIA MARIA VITTORIA 58/H
295,EP,,DIA di somministrazione,somministrazione,11,1392793.35729167,4989460.796875,VIA MOMBARCARO 90
296,EP,,Somministrazione,somministrazione,1,1395824.524,4991518.984,VIA ANTONIO MEUCCI 2/I
297,EP,,Somministrazione,somministrazione,1,1396325.956,4991676.412,VIA PIETRO MICCA 4/E
298,EP,,Somministrazione,somministrazione,1,1396282.153,4990868.785,VIA GIUSEPPE MAZZINI 6/A
299,EP,,Somministrazione,somministrazione,9,1394504.532,4985959.691,CORSO PIERO MARONCELLI 44/B
300,EP,,Somministrazione,somministrazione,1,1396159.918,4991681.953,VIA MERCANTI 13/F
301,EP,,Somministrazione,somministrazione,1,1396155.655,4991693.852,VIA MERCANTI 16/D
302,EP,,Somministrazione,somministrazione,1,1395540.447,4991242.54,CORSO GIACOMO MATTEOTTI 25/A
303,EP,,Somministrazione,somministrazione,6,1394044.256,4993053.452,PIAZZA MONCENISIO 6/A
304,EP,,Somministrazione,somministrazione,1,1394981.51,4991534.422,CORSO GIACOMO MATTEOTTI 59/C
305,EP,,DIA di somministrazione,somministrazione,22,1397848.485,4990632.101,VIA MONCALVO 1
306,EP,,DIA di somministrazione,somministrazione,20,1397998.942,4994634.171,VIA SAVERIO MERCADANTE 129
307,EP,,Somministrazione,somministrazione,1,1396232.29,4991822.463,VIA MERCANTI 3/A
308,EP,,Somministrazione,somministrazione,1,1396201.69,4991766.119,VIA MERCANTI 7/H
309,EP,,Somministrazione,somministrazione,1,1395885.275,4991085.486,CORSO GIACOMO MATTEOTTI 5/I
310,EP,,Somministrazione,somministrazione,22,1395892.326,4986055.59,CORSO MONCALIERI 478
311,EP,,DIA di somministrazione,somministrazione,7,1397402.723,4992274.247,VIA MODENA 43
312,EP,,Somministrazione,somministrazione,18,1397815.622,4994213.517,VIA SAVERIO MERCADANTE 70/A
313,EP,,DIA di somministrazione,somministrazione,22,1395705.212,4986610.203,CORSO MONCALIERI 400
314,EP,,Somministrazione,somministrazione,4,1393853.015,4990202.949,VIA MODANE 20/A
315,EP,,Somministrazione,somministrazione,3,1395661.263,4990822.291,VIA ANDREA MASSENA 5/I
316,EP,,DIA di somministrazione,somministrazione,22,1395745.682,4986464.853,CORSO MONCALIERI 422
317,EP,,Somministrazione,somministrazione,1,1395907.54414306,4991977.39592643,VIA MISERICORDIA 3/C
318,EP,,Somministrazione,somministrazione,1,1395906.531,4991999.558,VIA MISERICORDIA 4/F
319,EP,,DIA di somministrazione,somministrazione,22,1397150.909,4989938.863,VIA MENTANA 14
320,EP,,Somministrazione,somministrazione,13,1391438.286,4992146.734,PIAZZA MASSAUA 1/D
321,EP,,Somministrazione,somministrazione,22,1396142.291,4987917.034,CORSO MONCALIERI 256
322,EP,,DIA di somministrazione,somministrazione,22,1396102.34642091,4987797.25143728,CORSO MONCALIERI 270
323,EP,,DIA di somministrazione,somministrazione,21,1400529.34895833,4993728.11875,STRADA DEL MEISINO 105
324,EP,,Somministrazione,somministrazione,13,1391422.402,4992118.455,PIAZZA MASSAUA 7/A
325,EP,,Somministrazione,somministrazione,13,1391328.951,4992147.011,PIAZZA MASSAUA 21/A
326,EP,,Somministrazione,somministrazione,22,1396289.817,4988285.749,CORSO MONCALIERI 221/D
327,EP,,Somministrazione,somministrazione,22,1396176.352,4988023.963,CORSO MONCALIERI 246/C
328,EP,,DIA di somministrazione,somministrazione,21,1400048.08591499,4993142.70179219,STRADA DEL MEISINO 33
329,EP,,Somministrazione,somministrazione,22,1396498.146,4988725.425,CORSO MONCALIERI 176
330,EP,,Somministrazione,somministrazione,3,1394293.042,4990424.752,CORSO MEDITERRANEO 128/C
331,EP,,Somministrazione,somministrazione,14,1392936.833,4992730.838,VIA GIACOMO MEDICI 115
332,EP,,Somministrazione,somministrazione,14,1392882.659,4992748.58,VIA GIACOMO MEDICI 118/D
333,EP,,Somministrazione,somministrazione,19,1397289.885,4994917.812,VIA RENATO MARTORELLI 100/A
334,EP,,Somministrazione,somministrazione,22,1396312.85767736,4988372.56737133,CORSO MONCALIERI 214
335,EP,,Somministrazione,somministrazione,22,1396316.426,4988336.475,CORSO MONCALIERI 215/D
336,EP,,Somministrazione,somministrazione,22,1396956.935,4989774.36,CORSO MONCALIERI 59/G
337,EP,,Somministrazione,somministrazione,1,1396671.309,4990758.795,VIA DEI MILLE 24/A
338,EP,,DIA di somministrazione,somministrazione,1,1396307.817,4992141.135,VIA MILANO 13
339,EP,,DIA di somministrazione,somministrazione,16,1394062.598,4995846.509,VIA TOMMASO MASACCIO 28
340,EP,,Somministrazione,somministrazione,18,1397245.899,4994547.292,VIA RENATO MARTORELLI 59
341,EP,,DIA di somministrazione,somministrazione,22,1399307.462,4988518.889,STRADA DEL MAINERO 96
342,EP,,DIA di somministrazione,somministrazione,21,1399371.13290113,4988424.00444334,STRADA DEL MAINERO 107
343,EP,,Somministrazione,somministrazione,2,1396452.12,4990493.49,VIA MADAMA CRISTINA 4
344,EP,,DIA di somministrazione,somministrazione,4,1393355.095,4990067.98,VIA LUSSIMPICCOLO 36/A
345,EP,,Somministrazione,somministrazione,3,1395339.199,4990585.846,VIA LEGNANO 16/F
346,EP,,Somministrazione,somministrazione,3,1395440.828,4990518.525,VIA LEGNANO 17/B
347,EP,,Somministrazione,somministrazione,3,1395220.29,4990635.038,VIA LEGNANO 31/C
348,EP,,Somministrazione,somministrazione,6,1393631.251,4992935.062,CORSO LECCE 76/A
349,EP,,DIA di somministrazione,somministrazione,18,1397168.293,4993722.749,VIA MALONE 21
350,EP,,Somministrazione,somministrazione,6,1395181.107,4993200.433,VIA LIVORNO 21/D
351,EP,,Somministrazione,somministrazione,6,1395296.68857345,4993554.25261996,VIA LIVORNO 51
352,EP,,DIA di somministrazione,somministrazione,5,1393573.328,4991345.55,VIA EMANUELE LUSERNA DI RORA' 14
353,EP,,Somministrazione,somministrazione,5,1393533.836,4991337.099,VIA EMANUELE LUSERNA DI RORA' 15/D
354,EP,,DIA di somministrazione,somministrazione,15,1393971.919,4995079.457,VIA BERNARDINO LUINI 177/A
355,EP,,Somministrazione,somministrazione,16,1395122.518,4995608.083,VIA G. BATTISTA LULLI 10/A
356,EP,,Somministrazione,somministrazione,6,1395119.472,4993038.696,VIA LIVORNO 6/A
357,EP,,Somministrazione,somministrazione,14,1393608.226,4993023.216,CORSO LECCE 53/A
358,EP,,Somministrazione,somministrazione,15,1394270.131,4994922.965,VIA BERNARDINO LUINI 126/A
359,EP,,Somministrazione,somministrazione,15,1394194.248,4994954.767,VIA BERNARDINO LUINI 136/C
360,EP,,Somministrazione,somministrazione,15,1394087.05,4995006.616,VIA BERNARDINO LUINI 150 scala A
361,EP,,Somministrazione,somministrazione,15,1394465.543,4994840.939,VIA BERNARDINO LUINI 100/A
362,EP,,DIA di somministrazione,somministrazione,4,1394195.538,4990425.201,CORSO LIONE 24
363,EP,,Somministrazione,somministrazione,4,1393969.815,4990124.108,CORSO LIONE 64/D
364,EP,,DIA di somministrazione,somministrazione,3,1395659.668,4990858.986,VIA MAGENTA 11
365,EP,,Somministrazione,somministrazione,16,1395144.285,4994616.986,VIA BERNARDINO LUINI 41/A
366,EP,,Somministrazione,somministrazione,6,1393449.738,4992581.402,CORSO LECCE 28/A
367,EP,,Somministrazione,somministrazione,6,1393451.511,4992584.668,CORSO LECCE 28
368,EP,,DIA di somministrazione,somministrazione,6,1395092.164,4992489.964,VIA LE CHIUSE 1/A
369,EP,,DIA di somministrazione,somministrazione,9,1395337.625,4986145.432,VIALE MAESTRI DEL LAVORO 10
370,EP,,DIA di somministrazione,somministrazione,3,1395101.197,4989608.062,VIA FERDINANDO MAGELLANO 1
371,EP,,DIA di somministrazione,somministrazione,2,1395407.126,4989203.137,VIA ERNESTO LUGARO 6
372,EP,,DIA di somministrazione,somministrazione,2,1395419.04773676,4989286.83619867,VIA ERNESTO LUGARO 15
373,EP,,DIA di somministrazione,somministrazione,1,1396671.172,4991248.943,VIA MARIA VITTORIA 23
374,EP,,Somministrazione,somministrazione,1,1396716.165,4991225.609,VIA MARIA VITTORIA 27/F
375,EP,,Somministrazione,somministrazione,1,1396934.095,4991099.135,VIA MARIA VITTORIA 30/A
376,EP,,Somministrazione,somministrazione,1,1396944.969,4991093.432,VIA MARIA VITTORIA 32/A
377,EP,,Somministrazione,somministrazione,1,1396961.386,4991084.822,VIA MARIA VITTORIA 32/F
378,EP,,Somministrazione,somministrazione,10,1393845.836,4987808.033,VIA MADONNA DELLE ROSE 16
379,EP,,Somministrazione,somministrazione,20,1398623.359,4993852.695,VIA MADDALENE 35 bis/A
380,EP,,Somministrazione,somministrazione,15,1394716.378,4995328.939,VIA LUCENTO 114/E
381,EP,,DIA di somministrazione,somministrazione,16,1394821.872,4995321.463,VIA LUCENTO 126/B
382,EP,,Somministrazione,somministrazione,18,1397042.894,4993801.558,VIA LEINI' 18/E
383,EP,,Somministrazione,somministrazione,18,1397054.318,4993872.554,VIA LEINI' 26/A
384,EP,,DIA di somministrazione,somministrazione,7,1395769.41,4992781.023,PIAZZA MARIA AUSILIATRICE 35
385,EP,,Somministrazione,somministrazione,1,1396408.777,4991373.568,VIA MARIA VITTORIA 2/C
386,EP,,Somministrazione,somministrazione,2,1396376.869,4989948.78,CORSO GUGLIELMO MARCONI 33/E
387,EP,,Somministrazione,somministrazione,20,1398875.724,4993818.006,VIA MADDALENE 50 bis/A
388,EP,,Somministrazione,somministrazione,2,1396350.395,4990340.983,PIAZZA MADAMA CRISTINA 4
389,EP,,Somministrazione,somministrazione,2,1396348.225,4990336.794,PIAZZA MADAMA CRISTINA 6
390,EP,,Somministrazione,somministrazione,14,1393012.856,4993123.094,VIA MICHELE LESSONA 97/B
391,EP,,Somministrazione,somministrazione,14,1392986.785,4993124.912,VIA MICHELE LESSONA 101/A
392,EP,,Somministrazione,somministrazione,14,1393421.892,4993096.472,VIA MICHELE LESSONA 41/C
393,EP,,Somministrazione,somministrazione,2,1395772.714,4989143.272,VIA MADAMA CRISTINA 119
394,EP,,Somministrazione,somministrazione,2,1395927.907,4990156.363,CORSO GUGLIELMO MARCONI 5/B
395,EP,,Somministrazione,somministrazione,2,1395914.211,4990116.426,CORSO GUGLIELMO MARCONI 6/B
396,EP,,DIA di somministrazione,somministrazione,2,1395983.099,4990130.922,CORSO GUGLIELMO MARCONI 9/A
397,EP,,Somministrazione,somministrazione,2,1395983.099,4990130.922,CORSO GUGLIELMO MARCONI 9/A
398,EP,,DIA di somministrazione,somministrazione,2,1396073.62,4990042.683,CORSO GUGLIELMO MARCONI 20
399,EP,,DIA di somministrazione,somministrazione,2,1396212.659,4989978.355,CORSO GUGLIELMO MARCONI 28
400,EP,,DIA di somministrazione,somministrazione,2,1396300.571,4990057.419,VIA CESARE LOMBROSO 16
401,EP,,Somministrazione,somministrazione,14,1393455.546,4993094.279,VIA MICHELE LESSONA 37/B
402,EP,,DIA di somministrazione,somministrazione,23,1390813.039,4987298.981,STRADA DELLA MANTA 2
403,EP,,DIA di somministrazione,somministrazione,23,1390727.288,4987157.766,STRADA DELLA MANTA 22
404,EP,,Somministrazione,somministrazione,2,1395669.476,4988982.906,VIA MADAMA CRISTINA 108/B
405,EP,,Somministrazione,somministrazione,2,1395821.719,4989237.981,VIA MADAMA CRISTINA 109/A
406,EP,,Somministrazione,somministrazione,2,1395893.723,4989415.995,VIA MADAMA CRISTINA 76/D
407,EP,,Somministrazione,somministrazione,2,1395863.859375,4989358.75,VIA MADAMA CRISTINA 80
408,EP,,Somministrazione,somministrazione,2,1395845.732,4989323.487,VIA MADAMA CRISTINA 82/C
409,EP,,DIA di somministrazione,somministrazione,18,1397121.359,4993688.659,VIA LOMBARDORE 27
410,EP,,Somministrazione,somministrazione,5,1393869.189,4991546.436,VIA LOMBRIASCO 20
411,EP,,DIA di somministrazione,somministrazione,8,1398630.012,4991684.17,VIA LESSOLO 19
412,EP,,DIA di somministrazione,somministrazione,7,1397565.356,4992152.893,VIA MANTOVA 34
413,EP,,Somministrazione,somministrazione,2,1396087.48752111,4989789.67862906,VIA MADAMA CRISTINA 52
414,EP,,Somministrazione,somministrazione,2,1396019.54622677,4989687.84373951,VIA MADAMA CRISTINA 62 scala C
415,EP,,Somministrazione,somministrazione,15,1393987.778,4995012.742,CORSO LOMBARDIA 165/A
416,EP,,Somministrazione,somministrazione,15,1394580.382,4995296.236,CORSO LOMBARDIA 198/B
417,EP,,Somministrazione,somministrazione,7,1396425.85426548,4992505.89795439,VIA GOFFREDO MAMELI 6/D
418,EP,,DIA di somministrazione,somministrazione,2,1395972.132,4989567.101,VIA MADAMA CRISTINA 66
419,EP,,Somministrazione,somministrazione,2,1395972.132,4989567.101,VIA MADAMA CRISTINA 66
420,EP,,Somministrazione,somministrazione,2,1396048.603,4989675.978,VIA MADAMA CRISTINA 69/B
421,EP,,Somministrazione,somministrazione,2,1395940.984,4989507.05,VIA MADAMA CRISTINA 70
422,EP,,Somministrazione,somministrazione,2,1396211.453,4990028.363,VIA MADAMA CRISTINA 34/F
423,EP,,Somministrazione,somministrazione,13,1393085.984,4992066.777,VIA LERA 8/A
424,EP,,Somministrazione,somministrazione,2,1396426.194,4990404.79,VIA MADAMA CRISTINA 11
425,EP,,DIA di somministrazione,somministrazione,15,1393658.797,4994720.766,CORSO LOMBARDIA 115
426,EP,,Somministrazione,somministrazione,15,1393768.023,4994816.324,CORSO LOMBARDIA 130/A
427,EP,,Somministrazione,somministrazione,4,1393524.401,4990402.416,VIA MALTA 24/B
428,EP,,DIA di somministrazione,somministrazione,4,1393532.379,4990373.314,VIA MALTA 39
429,EP,,Somministrazione,somministrazione,2,1396340.745,4990239.375,VIA MADAMA CRISTINA 19
430,EP,,Somministrazione,somministrazione,2,1396301.538,4990202.405,VIA MADAMA CRISTINA 20/G
431,EP,,Somministrazione,somministrazione,11,1392925.05,4988690.958,VIA GORIZIA 132/C
432,EP,,Somministrazione,somministrazione,11,1392892.323,4988243.166,VIA GORIZIA 173/D
433,EP,,Somministrazione,somministrazione,13,1392069.424,4990825.128,VIA VINCENZO LANCIA 119/D
434,EP,,Somministrazione,somministrazione,4,1392868.566,4990970.926,VIA ISONZO 64/B
435,EP,,Somministrazione,somministrazione,11,1392998.226,4989254.341,VIA GORIZIA 74/B
436,EP,,Somministrazione,somministrazione,4,1392833.861,4990728.621,LARGO VINCENZO LANCIA 58/E
437,EP,,Somministrazione,somministrazione,13,1392368.028,4990772.301,VIA VINCENZO LANCIA 93/D
438,EP,,DIA di somministrazione,somministrazione,13,1392289.801,4990785.726,VIA VINCENZO LANCIA 103/A
439,EP,,Somministrazione,somministrazione,10,1394168.769,4986245.966,VIA CAROLINA INVERNIZIO 34/D
440,EP,,Somministrazione,somministrazione,11,1393034.466,4989341.144,VIA GORIZIA 63/C
441,EP,,DIA di somministrazione,somministrazione,4,1392960.645,4990685.962,VIA VINCENZO LANCIA 40
442,EP,,Somministrazione,somministrazione,3,1395249.757,4990560.322,VIA ALFONSO LAMARMORA 20/G
443,EP,,DIA di somministrazione,somministrazione,5,1394848.8,4991685.066,CORSO INGHILTERRA 7
444,EP,,DIA di somministrazione,somministrazione,5,1394931.609,4991844.395,CORSO INGHILTERRA 19
445,EP,,Somministrazione,somministrazione,5,1394954.553,4991888.971,CORSO INGHILTERRA 23/E
446,EP,,Somministrazione,somministrazione,5,1394957.945,4991895.556,CORSO INGHILTERRA 25/B
447,EP,,DIA di somministrazione,somministrazione,5,1394967.468,4991914.05,CORSO INGHILTERRA 25/G
448,EP,,Somministrazione,somministrazione,5,1394967.468,4991914.05,CORSO INGHILTERRA 25/G
449,EP,,Somministrazione,somministrazione,5,1394987.112,4991951.171,CORSO INGHILTERRA 27/A
450,EP,,Somministrazione,somministrazione,5,1395002.848,4991981.422,CORSO INGHILTERRA 29/D
451,EP,,DIA di somministrazione,somministrazione,17,1396801.09,4995323.918,CORSO GROSSETO 55/C
452,EP,,Somministrazione,somministrazione,1,1396199.072,4990888.403,VIA GIUSEPPE LUIGI LAGRANGE 43/G
453,EP,,DIA di somministrazione,somministrazione,13,1392337.085,4990563.847,VIALE LUIGI HUGUES 15
454,EP,,Somministrazione,somministrazione,3,1395318.685,4990660.746,VIA ALFONSO LAMARMORA 17/B
455,EP,,Somministrazione,somministrazione,1,1396298.933,4991097.211,VIA GIUSEPPE LUIGI LAGRANGE 22/I
456,EP,,DIA di somministrazione,somministrazione,17,1396287.807,4994615.252,VIA TOMMASO GULLI 30/C
457,EP,,Somministrazione,somministrazione,1,1396445.62477354,4991348.98674097,VIA GIUSEPPE LUIGI LAGRANGE 1/A
458,EP,,DIA di somministrazione,somministrazione,20,1401358.016,4994742.978,VIA GRAN PARADISO 16 int. 25
459,EP,,Somministrazione,somministrazione,1,1396054.241,4991063.676,VIA ANTONIO GRAMSCI 1/A
460,EP,,Somministrazione,somministrazione,13,1391512.312,4990881.501,VIA LA THUILE 23/B
461,EP,,Somministrazione,somministrazione,8,1397541.866,4991641.901,VIA GUASTALLA 22
462,EP,,Somministrazione,somministrazione,10,1393043.907,4986258.516,PIAZZA PIETRO FRANCESCO GUALA 135/A
463,EP,,Somministrazione,somministrazione,10,1393018.366,4986375.396,PIAZZA PIETRO FRANCESCO GUALA 136/A
464,EP,,Somministrazione,somministrazione,10,1393004.369,4986273.333,PIAZZA PIETRO FRANCESCO GUALA 139
465,EP,,Somministrazione,somministrazione,10,1392920.72,4986276.29,PIAZZA PIETRO FRANCESCO GUALA 149/B
466,EP,,Somministrazione,somministrazione,10,1393137.902,4986472.902,VIA PIETRO FRANCESCO GUALA 111/A
467,EP,,Somministrazione,somministrazione,10,1393093.958,4986437.639,VIA PIETRO FRANCESCO GUALA 120
468,EP,,Somministrazione,somministrazione,16,1394567.145,4996470.922,STRADA LANZO 90/D
469,EP,,DIA di somministrazione,somministrazione,1,1395401.656,4992097.781,VIA FILIPPO JUVARRA 19
470,EP,,DIA di somministrazione,somministrazione,1,1395311.903,4992158.038,VIA FILIPPO JUVARRA 24
471,EP,,Somministrazione,somministrazione,16,1394702.841,4995986.668,VIA LANZO 43/A
472,EP,,Somministrazione,somministrazione,16,1394655.315,4996124.825,VIA LANZO 65/C
473,EP,,Somministrazione,somministrazione,16,1394634.789,4996181.492,VIA LANZO 69/A
474,EP,,Somministrazione,somministrazione,16,1394609.92,4996338.004,VIA LANZO 78/A
475,EP,,DIA di somministrazione,somministrazione,1,1395494.904,4992062.835,VIA FILIPPO JUVARRA 14
476,EP,,Somministrazione,somministrazione,20,1398723.307,4993936.824,VIA GOTTARDO 277/L
477,EP,,Somministrazione,somministrazione,16,1394570.803,4996459.524,STRADA LANZO 90/A
478,EP,,Somministrazione,somministrazione,1,1396411.934,4991959.071,VIA QUATTRO MARZO 5
479,EP,,Somministrazione,somministrazione,1,1396381.866,4991976.749,VIA QUATTRO MARZO 8/B
480,EP,,DIA di somministrazione,somministrazione,11,1394091.826,4989472.67,CORSO QUATTRO NOVEMBRE 3
481,EP,,DIA di somministrazione,somministrazione,11,1393836.708,4989106.761,CORSO QUATTRO NOVEMBRE 66
482,EP,,Somministrazione,somministrazione,11,1393660.453,4988772.148,CORSO QUATTRO NOVEMBRE 110/F
483,EP,,Somministrazione,somministrazione,16,1395168.896,4995483.179,CORSO GROSSETO 247
484,EP,,Somministrazione,somministrazione,16,1394707.082,4995974.345,VIA LANZO 41/B
485,EP,,Somministrazione,somministrazione,4,1392982.463,4990477.71,VIA ISSIGLIO 111 int. 3
486,EP,,Somministrazione,somministrazione,16,1395072.348,4995492.672,CORSO GROSSETO 263/A
487,EP,,Somministrazione,somministrazione,16,1394931.339,4995495.071,CORSO GROSSETO 275/D
488,EP,,Somministrazione,somministrazione,15,1394684.344,4995522.697,CORSO GROSSETO 295/M
489,EP,,Somministrazione,somministrazione,16,1395550.729,4995445.976,CORSO GROSSETO 205
490,EP,,DIA di somministrazione,somministrazione,19,1396869.295,4994892.783,VIA GOTTARDO 10
491,EP,,Somministrazione,somministrazione,19,1397180.6,4994903.554,VIA GOTTARDO 53
492,EP,,DIA di somministrazione,somministrazione,4,1392776.636,4990573.424,VIA ISONZO 112
493,EP,,Somministrazione,somministrazione,4,1393002.589,4991186.753,VIA ISSIGLIO 20/A
494,EP,,Somministrazione,somministrazione,17,1395982.223,4995403.816,CORSO GROSSETO 145/B
495,EP,,Somministrazione,somministrazione,12,1391613.815,4988446.836,VIA PAOLO GAIDANO 97/A
496,EP,,Somministrazione,somministrazione,7,1396730.446,4992944.609,CORSO GIULIO CESARE 20/A
497,EP,,DIA di somministrazione,somministrazione,7,1396767.912,4993032.795,CORSO GIULIO CESARE 26
498,EP,,Somministrazione,somministrazione,7,1396706.923,4992996.647,CORSO GIULIO CESARE 27
499,EP,,Somministrazione,somministrazione,7,1396712.702,4993008.572,CORSO GIULIO CESARE 27 bis
500,EP,,DIA di somministrazione,somministrazione,1,1396008.258,4992390.417,VIA CARLO IGNAZIO GIULIO 17/E
501,EP,,Somministrazione,somministrazione,17,1395877.12,4993939.308,VIA ERRICO GIACHINO 16
502,EP,,Somministrazione,somministrazione,23,1393795.663,4985143.773,VIA GARRONE FRATELLI 61 int. 79/B
503,EP,,DIA di somministrazione,somministrazione,23,1393764.087,4985025.177,VIA GARRONE FRATELLI 61 int. 80
504,EP,,DIA di somministrazione,somministrazione,1,1395838.598,4992491.485,VIA CARLO IGNAZIO GIULIO 30
505,EP,,Somministrazione,somministrazione,7,1396535.743,4992540.21,CORSO GIULIO CESARE 4 bis/E
506,EP,,Somministrazione,somministrazione,8,1397605.372,4991492.103,VIA GIULIA DI BAROLO 29
507,EP,,Somministrazione,somministrazione,8,1397727.912,4991622.294,VIA GIULIA DI BAROLO 31/F
508,EP,,DIA di somministrazione,somministrazione,5,1393255.355,4991987.362,VIA EUSEBIO GARIZIO 24/A
509,EP,,DIA di somministrazione,somministrazione,6,1395251.215625,4993684.13854167,SALITA MICHELANGELO GAROVE 24
510,EP,,Somministrazione,somministrazione,13,1392769.88843508,4991618.18480068,VIA FREJUS 133/I
511,EP,,Somministrazione,somministrazione,8,1397747.082,4991624.495,VIA GIULIA DI BAROLO 50/A
512,EP,,Somministrazione,somministrazione,8,1397755.979,4991633.924,VIA GIULIA DI BAROLO 50/D
513,EP,,Somministrazione,somministrazione,1,1396114.402,4992348.072,VIA CARLO IGNAZIO GIULIO 2/G
514,EP,,Somministrazione,somministrazione,1,1396107.578,4992351.628,VIA CARLO IGNAZIO GIULIO 4/B
515,EP,,Somministrazione,somministrazione,1,1397292.252,4991141.43,VIA GIULIA DI BAROLO 2/I
516,EP,,DIA di somministrazione,somministrazione,20,1398552.654,4993912.448,VIA GIORGIO GHEDINI 22
517,EP,,Somministrazione,somministrazione,1,1395633.322,4992173.224,VIA GIUSEPPE GARIBALDI 55/D
518,EP,,Somministrazione,somministrazione,1,1395544.503,4992203.677,VIA GIUSEPPE GARIBALDI 59 scala A
519,EP,,Somministrazione,somministrazione,1,1395543.685,4992213.113,VIA GIUSEPPE GARIBALDI 59/F
520,EP,,Somministrazione,somministrazione,5,1393180.07,4991681.021,VIA FREJUS 100/E
521,EP,,Somministrazione,somministrazione,8,1397475.552,4991336.348,VIA GIULIA DI BAROLO 18/A
522,EP,,Somministrazione,somministrazione,8,1397578.929,4991474.055,VIA GIULIA DI BAROLO 25 scala B
523,EP,,Somministrazione,somministrazione,2,1395731.254,4989014.947,VIA GIOTTO 1/B
524,EP,,Somministrazione,somministrazione,13,1390697.685,4992080.505,VIA ANASTASIO GERMONIO 7/B
525,EP,,Somministrazione,somministrazione,13,1390700.225,4992017.281,VIA ANASTASIO GERMONIO 15/A
526,EP,,DIA di somministrazione,somministrazione,13,1390708.663,4991797.864,VIA ANASTASIO GERMONIO 35
527,EP,,Somministrazione,somministrazione,1,1395903.915,4992047.404,VIA GIUSEPPE GARIBALDI 28/D
528,EP,,Somministrazione,somministrazione,1,1395884.104,4992057.661,VIA GIUSEPPE GARIBALDI 30/F
529,EP,,Somministrazione,somministrazione,1,1396000.245,4991984.961,VIA GIUSEPPE GARIBALDI 31/N
530,EP,,Somministrazione,somministrazione,5,1393231.518,4991671.453,VIA FREJUS 97/C
531,EP,,Somministrazione,somministrazione,5,1393870.52,4991741.134,VIA FREJUS 17/B
532,EP,,Somministrazione,somministrazione,5,1393637.666,4991715.869,VIA FREJUS 29/D
533,EP,,Somministrazione,somministrazione,2,1395683.967,4988851.619,VIA GIOTTO 21
534,EP,,Somministrazione,somministrazione,2,1395617.68,4988624.297,VIA GIOTTO 43/D
535,EP,,DIA di somministrazione,somministrazione,19,1397175.447,4996809.837,VIA GERMAGNANO 46
536,EP,,Somministrazione,somministrazione,1,1396305.663,4991825.356,VIA GIUSEPPE GARIBALDI 11/E
537,EP,,DIA di somministrazione,somministrazione,1,1396282.599,4991837.359,VIA GIUSEPPE GARIBALDI 13
538,EP,,Somministrazione,somministrazione,5,1393599.414,4991726.483,VIA FREJUS 52/B
539,EP,,Somministrazione,somministrazione,1,1397238.353,4990761.478,VIA GIOVANNI GIOLITTI 53
540,EP,,DIA di somministrazione,somministrazione,1,1396414.349,4991189.049,VIA GIOVANNI GIOLITTI 8
541,EP,,Somministrazione,somministrazione,9,1394755.904,4985953.053,VIA GENOVA 242/D
542,EP,,Somministrazione,somministrazione,1,1396428.926,4991761.794,VIA GIUSEPPE GARIBALDI 5/C
543,EP,,Somministrazione,somministrazione,1,1396369.679,4991804.96,VIA GIUSEPPE GARIBALDI 6/E
544,EP,,Somministrazione,somministrazione,5,1393032.785,4991649.847,VIA FREJUS 111/B
545,EP,,Somministrazione,somministrazione,5,1392973.193,4991643.173,VIA FREJUS 117/A
546,EP,,Somministrazione,somministrazione,1,1396493.374,4991146.767,VIA GIOVANNI GIOLITTI 16/D
547,EP,,Somministrazione,somministrazione,1,1396585.217,4991097.456,VIA GIOVANNI GIOLITTI 24/C
548,EP,,Somministrazione,somministrazione,3,1395246.01,4989936.713,VIA VINCENZO GIOBERTI 90/A
549,EP,,Somministrazione,somministrazione,9,1394888.155,4986314.922,VIA GENOVA 197
550,EP,,Somministrazione,somministrazione,9,1395117.486,4987370.11,VIA GARESSIO 5 scala A
551,EP,,Somministrazione,somministrazione,1,1395832.108,4991041.001,VIA MELCHIORRE GIOIA 9/B
552,EP,,Somministrazione,somministrazione,1,1396384.178,4991217.391,VIA GIOVANNI GIOLITTI 3/B
553,EP,,Somministrazione,somministrazione,1,1396379.289,4991207.742,VIA GIOVANNI GIOLITTI 4/B
554,EP,,Somministrazione,somministrazione,3,1395439.885,4990300.451,VIA VINCENZO GIOBERTI 58/B
555,EP,,Somministrazione,somministrazione,9,1394774.92,4986015.336,VIA GENOVA 232/B
556,EP,,Somministrazione,somministrazione,9,1395067.58,4986884.896,VIA GENOVA 127/C
557,EP,,Somministrazione,somministrazione,17,1396412.27611582,4995432.66315377,VIA GIOVANNI BATTISTA GANDINO 4/B
558,EP,,Somministrazione,somministrazione,18,1397187.537,4993907.685,LARGO GIULIO CESARE 94/C
559,EP,,Somministrazione,somministrazione,18,1397226.399,4993925.201,LARGO GIULIO CESARE 98/A
560,EP,,Somministrazione,somministrazione,9,1395163.113,4987191.331,VIA GENOVA 93/B
561,EP,,Somministrazione,somministrazione,9,1395133.065,4987096.441,VIA GENOVA 99/B
562,EP,,Somministrazione,somministrazione,9,1395134.37,4987100.416,VIA GENOVA 99
563,EP,,Somministrazione,somministrazione,9,1395087.541,4987014.878,VIA GENOVA 108/A
564,EP,,DIA di somministrazione,somministrazione,6,1394755.227,4993023.879,VIA LUIGI GALVANI 25/B
565,EP,,Somministrazione,somministrazione,5,1394018.153,4991061.787,VIA GAMBASCA 4/F
566,EP,,Somministrazione,somministrazione,5,1394017.046,4991070.503,VIA GAMBASCA 4
567,EP,,Somministrazione,somministrazione,19,1398287.695,4995725.977,CORSO GIULIO CESARE 338 int. 26
568,EP,,Somministrazione,somministrazione,3,1395500.576,4990388.899,VIA VINCENZO GIOBERTI 41/D
569,EP,,Somministrazione,somministrazione,3,1395760.153,4990881.084,VIA VINCENZO GIOBERTI 1/C
570,EP,,Somministrazione,somministrazione,9,1395215.843,4987416.872,VIA GENOVA 68/E
571,EP,,Somministrazione,somministrazione,10,1394673.41,4988728.91,VIA PASQUALE GALLUPPI 19
572,EP,,Somministrazione,somministrazione,6,1394652.162,4992850.927,VIA LUIGI GALVANI 9/A
573,EP,,Somministrazione,somministrazione,20,1397549.621,4994660.927,CORSO GIULIO CESARE 180/A
574,EP,,Somministrazione,somministrazione,20,1397649.514,4994780.205,CORSO GIULIO CESARE 196/C
575,EP,,Somministrazione,somministrazione,19,1397788.126,4995249.79,CORSO GIULIO CESARE 239/D
576,EP,,Somministrazione,somministrazione,3,1395737.391,4990863.893,VIA VINCENZO GIOBERTI 4/B
577,EP,,DIA di somministrazione,somministrazione,3,1395687.372,4990744.207,VIA VINCENZO GIOBERTI 9
578,EP,,Somministrazione,somministrazione,3,1395612.495,4990645.492,VIA VINCENZO GIOBERTI 24 scala B
579,EP,,DIA di somministrazione,somministrazione,10,1393993.249,4987265.253,CORSO EUSEBIO GIAMBONE 65
580,EP,,DIA di somministrazione,somministrazione,10,1394014.221,4987185.0,CORSO EUSEBIO GIAMBONE 68
581,EP,,Somministrazione,somministrazione,9,1395395.555,4988005.41,VIA GENOVA 32 bis/C
582,EP,,Somministrazione,somministrazione,2,1396491.687,4990329.647,VIA BERNARDINO GALLIARI 28/C
583,EP,,Somministrazione,somministrazione,2,1396193.239,4990511.968,VIA BERNARDINO GALLIARI 9 scala A
584,EP,,DIA di somministrazione,somministrazione,18,1397397.151,4994406.804,CORSO GIULIO CESARE 155/F
585,EP,,Somministrazione,somministrazione,18,1397397.151,4994406.804,CORSO GIULIO CESARE 155/F
586,EP,,Somministrazione,somministrazione,18,1397471.6,4994499.571,CORSO GIULIO CESARE 160/A
587,EP,,Somministrazione,somministrazione,18,1397426.063,4994466.678,CORSO GIULIO CESARE 161/B
588,EP,,DIA di somministrazione,somministrazione,1,1395744.934,4991633.178,VIA PIETRO GIANNONE 10
589,EP,,Somministrazione,somministrazione,9,1395428.081,4988219.329,VIA GENOVA 18/E
590,EP,,Somministrazione,somministrazione,9,1395406.753,4988079.372,VIA GENOVA 28/A
591,EP,,DIA di somministrazione,somministrazione,2,1396263.285,4990436.598,VIA BERNARDINO GALLIARI 14 int. 1
592,EP,,Somministrazione,somministrazione,2,1396343.811,4990407.517,VIA BERNARDINO GALLIARI 20/F
593,EP,,Somministrazione,somministrazione,18,1397391.262,4994333.655,CORSO GIULIO CESARE 140/C
594,EP,,Somministrazione,somministrazione,18,1397404.831,4994361.701,CORSO GIULIO CESARE 144/D
595,EP,,Somministrazione,somministrazione,10,1393582.279,4987449.191,CORSO EUSEBIO GIAMBONE 19
596,EP,,Somministrazione,somministrazione,4,1393015.748,4991050.819,VIA GENOLA 1/D
597,EP,,Somministrazione,somministrazione,10,1393977.45376147,4987585.2459607,PIAZZA TANCREDI GALIMBERTI 3/F
598,EP,,Somministrazione,somministrazione,18,1397113.076,4993818.178,CORSO GIULIO CESARE 95/A
599,EP,,Somministrazione,somministrazione,18,1397142.534,4993879.311,CORSO GIULIO CESARE 97 bis/C
600,EP,,Somministrazione,somministrazione,2,1395989.984,4990012.124,VIA GIUSEPPE GIACOSA 10 bis/A
601,EP,,Somministrazione,somministrazione,17,1395652.34,4994257.676,VIA ERRICO GIACHINO 63/C
602,EP,,DIA di somministrazione,somministrazione,17,1395612.274,4994325.788,VIA ERRICO GIACHINO 73
603,EP,,Somministrazione,somministrazione,10,1393950.897,4987624.617,PIAZZA TANCREDI GALIMBERTI 5
604,EP,,Somministrazione,somministrazione,10,1394154.374,4987564.669,PIAZZA TANCREDI GALIMBERTI 21/B
605,EP,,DIA di somministrazione,somministrazione,12,1391480.819,4988566.543,VIA PAOLO GAIDANO 126
606,EP,,Somministrazione,somministrazione,7,1396826.963,4993163.871,CORSO GIULIO CESARE 36/C
607,EP,,Somministrazione,somministrazione,17,1395548.909,4994433.235,VIA ERRICO GIACHINO 85/A
608,EP,,Somministrazione,somministrazione,9,1394927.349,4986103.88,VIA GARZIGLIANA 3/C
609,EP,,Somministrazione,somministrazione,21,1398916.481,4991306.941,VIA GASSINO 8/B
610,EP,,DIA di somministrazione,somministrazione,21,1398998.472,4991193.697,VIA GASSINO 13
611,EP,,Somministrazione,somministrazione,12,1391259.177,4988733.277,VIA PAOLO GAIDANO 168/E
612,EP,,DIA di somministrazione,somministrazione,12,1391178.68806929,4988590.22740102,VIA PAOLO GAIDANO 179 int. 27
613,EP,,DIA di somministrazione,somministrazione,2,1396187.826,4988738.282,CORSO GALILEO GALILEI 12
614,EP,,Somministrazione,somministrazione,12,1391888.947,4988175.404,VIA PAOLO GAIDANO 15/E
615,EP,,Somministrazione,somministrazione,7,1396891.325,4993296.5600000005,CORSO GIULIO CESARE 46/C
616,EP,,Somministrazione,somministrazione,7,1396853.792,4993280.58,CORSO GIULIO CESARE 47/E
617,EP,,Somministrazione,somministrazione,13,1390943.25,4991693.892,VIA ERITREA 49/G
618,EP,,Somministrazione,somministrazione,7,1396213.065,4993299.315,CORSO EMILIA 40/H
619,EP,,Somministrazione,somministrazione,9,1395124.981,4987455.151,VIA FINALMARINA 8/A
620,EP,,Somministrazione,somministrazione,9,1394674.322,4986224.692,VIA FELIZZANO 2
621,EP,,Somministrazione,somministrazione,1,1396181.446,4992337.959,PIAZZA EMANUELE FILIBERTO 10/G
622,EP,,Somministrazione,somministrazione,1,1396171.493,4992342.866,PIAZZA EMANUELE FILIBERTO 10/L
623,EP,,Somministrazione,somministrazione,7,1396656.607,4993052.004,CORSO EMILIA 7
624,EP,,Somministrazione,somministrazione,11,1393340.189,4989207.694,VIA GIOVANNI EMANUEL 4/B
625,EP,,Somministrazione,somministrazione,15,1394132.535,4994440.079,VIA FORLI' 75/C
626,EP,,DIA di somministrazione,somministrazione,11,1392717.266,4988855.12,VIA FILADELFIA 212/A
627,EP,,Somministrazione,somministrazione,11,1392536.19,4988920.509,VIA FILADELFIA 227/C
628,EP,,DIA di somministrazione,somministrazione,11,1392589.499,4989010.02,VIA FILADELFIA 232 int. 5
629,EP,,Somministrazione,somministrazione,11,1393265.841,4988571.819,VIA FILADELFIA 132/H
630,EP,,Somministrazione,somministrazione,1,1396255.449,4992271.383,PIAZZA EMANUELE FILIBERTO 3/A
631,EP,,Somministrazione,somministrazione,1,1396245.13,4992302.027,PIAZZA EMANUELE FILIBERTO 4/H
632,EP,,Somministrazione,somministrazione,1,1396233.301,4992309.38,PIAZZA EMANUELE FILIBERTO 6/B
633,EP,,DIA di somministrazione,somministrazione,8,1398437.704,4991992.468,VIA ANTONIO FONTANESI 37
634,EP,,Somministrazione,somministrazione,11,1393200.842,4988605.657,VIA FILADELFIA 140/A
635,EP,,Somministrazione,somministrazione,3,1395046.142,4990256.038,CORSO LUIGI EINAUDI 15/C
636,EP,,DIA di somministrazione,somministrazione,13,1392551.881,4991511.204,VIA GIOVANNI FATTORI 23/A
637,EP,,DIA di somministrazione,somministrazione,15,1394404.101,4995103.57,VIA FOLIGNO 106
638,EP,,DIA di somministrazione,somministrazione,13,1391928.064,4991858.439,VIA GIOVANNI FATTORI 113
639,EP,,Somministrazione,somministrazione,3,1394510.99,4990557.906,CORSO LUIGI EINAUDI 53/A
640,EP,,DIA di somministrazione,somministrazione,13,1391500.95852135,4991727.74626852,VIA FIDIA 49
641,EP,,Somministrazione,somministrazione,5,1394028.355,4991758.387,VIA FREJUS 1/D
642,EP,,Somministrazione,somministrazione,5,1393695.72,4992240.639,LARGO FRANCIA 111/N
643,EP,,Somministrazione,somministrazione,16,1394747.422,4994938.495,VIA FOLIGNO 72/A
644,EP,,Somministrazione,somministrazione,15,1393766.331,4994688.312,VIA FOGLIZZO 20/B
645,EP,,DIA di somministrazione,somministrazione,16,1395353.115,4994647.412,VIA FOLIGNO 14/A
646,EP,,DIA di somministrazione,somministrazione,16,1395459.671,4998559.095,STRADA DEL FRANCESE 137
647,EP,,Somministrazione,somministrazione,16,1395087.097,4994758.628,VIA FOLIGNO 45/A
648,EP,,DIA di somministrazione,somministrazione,15,1393730.663,4994473.044,VIA FOGLIZZO 3 bis/A
649,EP,,Somministrazione,somministrazione,5,1394174.601,4991438.22,CORSO FRANCESCO FERRUCCI 75/B
650,EP,,Somministrazione,somministrazione,2,1395773.628,4988614.442,VIA PIO FOA' 81/A
651,EP,,Somministrazione,somministrazione,14,1393184.055,4992861.346,LARGO NICOLA FABRIZI 89/A
652,EP,,Somministrazione,somministrazione,22,1397152.775,4990161.301,CORSO FIUME 2
653,EP,,DIA di somministrazione,somministrazione,11,1393917.871,4988261.149,CORSO GALILEO FERRARIS 294
654,EP,,Somministrazione,somministrazione,6,1393903.148,4992732.101,VIA NICOLA FABRIZI 32/E
655,EP,,Somministrazione,somministrazione,7,1396944.338,4992530.924,LUNGO DORA FIRENZE 51/A
656,EP,,Somministrazione,somministrazione,3,1395264.229,4990929.677,CORSO GALILEO FERRARIS 32
657,EP,,Somministrazione,somministrazione,6,1393834.114,4992757.29,VIA NICOLA FABRIZI 44/C
658,EP,,Somministrazione,somministrazione,22,1397168.662,4990206.553,CORSO FIUME 1/C
659,EP,,Somministrazione,somministrazione,7,1396645.481,4992332.783,VIA GIANFRANCESCO FIOCHETTO 7/B
660,EP,,Somministrazione,somministrazione,7,1396816.783,4992749.689,LUNGO DORA FIRENZE 21/B
661,EP,,Somministrazione,somministrazione,1,1395461.05,4991182.753,CORSO GALILEO FERRARIS 37/B
662,EP,,Somministrazione,somministrazione,1,1397175.333,4991502.623,VIA GAUDENZIO FERRARI 5/F
663,EP,,Somministrazione,somministrazione,5,1394766.653,4991865.851,VIA GIUSTINO FORTUNATO 4
664,EP,,Somministrazione,somministrazione,2,1395657.111,4989157.946,VIA UGO FOSCOLO 7/E
665,EP,,DIA di somministrazione,somministrazione,13,1390931.633,4991616.298,VIA ERITREA 60/B
666,EP,,Somministrazione,somministrazione,2,1395831.434,4989086.507,VIA UGO FOSCOLO 20/F
667,EP,,Somministrazione,somministrazione,18,1397382.369,4993746.41,VIA JACOPO FORONI 7
668,EP,,DIA di somministrazione,somministrazione,7,1396126.762,4993208.708,STRADA DEL FORTINO 24/C
669,EP,,Somministrazione,somministrazione,7,1396091.99397896,4993237.58742391,STRADA DEL FORTINO 30/A
670,EP,,Somministrazione,somministrazione,9,1395275.381,4987413.259,VIA FINALMARINA 26/A
671,EP,,DIA di somministrazione,somministrazione,10,1393332.437,4986198.301,CORSO BENEDETTO CROCE 17
672,EP,,Somministrazione,somministrazione,23,1391584.706,4985400.431,STRADA DEL DROSSO 6/B
673,EP,,DIA di somministrazione,somministrazione,23,1391437.108,4985427.899,STRADA DEL DROSSO 19
674,EP,,Somministrazione,somministrazione,23,1391127.806,4985559.61,STRADA DEL DROSSO 62/B
675,EP,,DIA di somministrazione,somministrazione,17,1396101.588,4995464.88,VIA PAOLO DELLA CELLA 3
676,EP,,DIA di somministrazione,somministrazione,12,1392293.758,4987996.654,VIA ENRICO DANDOLO 40/A
677,EP,,Somministrazione,somministrazione,1,1396238.71,4990948.547,VIA ANDREA DORIA 4/A
678,EP,,Somministrazione,somministrazione,1,1396274.129,4990948.391,VIA ANDREA DORIA 5/F
679,EP,,Somministrazione,somministrazione,1,1396280.011,4990946.691,VIA ANDREA DORIA 7/A
680,EP,,Somministrazione,somministrazione,18,1396871.773,4993740.893,PIAZZA FRANCESCO CRISPI 56/D
681,EP,,Somministrazione,somministrazione,3,1394264.324,4990223.785,VIA GIOVANNI DA VERAZZANO 37
682,EP,,Somministrazione,somministrazione,13,1391296.043,4991779.651,VIA FRANCESCO DE SANCTIS 49/A
683,EP,,Somministrazione,somministrazione,13,1391270.055,4991673.794,VIA FRANCESCO DE SANCTIS 56/B
684,EP,,DIA di somministrazione,somministrazione,2,1396054.781,4989233.831,CORSO MASSIMO D'AZEGLIO 60 scala H
685,EP,,Somministrazione,somministrazione,2,1396067.657,4989233.103,CORSO MASSIMO D'AZEGLIO 60
686,EP,,Somministrazione,somministrazione,2,1395945.583,4989006.605,CORSO MASSIMO D'AZEGLIO 82/A
687,EP,,DIA di somministrazione,somministrazione,18,1396730.839,4993892.509,VIA COURMAYEUR 16/F
688,EP,,DIA di somministrazione,somministrazione,22,1396143.086,4988481.279,VIALE DOGALI 12
689,EP,,Somministrazione,somministrazione,12,1392838.842,4987478.809,VIA GIACOMO DINA 40/A
690,EP,,DIA di somministrazione,somministrazione,12,1392925.515,4987770.466,VIA ELEONORA D'ARBOREA 9
691,EP,,DIA di somministrazione,somministrazione,2,1396661.231,4990236.285,CORSO MASSIMO D'AZEGLIO 3
692,EP,,DIA di somministrazione,somministrazione,2,1396504.953,4989944.829,CORSO MASSIMO D'AZEGLIO 9/A
693,EP,,Somministrazione,somministrazione,23,1393945.177,4985657.83,VIA DE MAISTRE FRATELLI 15/A
694,EP,,Somministrazione,somministrazione,23,1393915.776,4985555.859,VIA DE MAISTRE FRATELLI 29/A
695,EP,,Somministrazione,somministrazione,22,1397349.482,4990179.035,VIA CURTATONE 18/A
696,EP,,Somministrazione,somministrazione,13,1392352.561,4990688.992,CORSO LUIGI D'ALBERTIS 6 int. 1
697,EP,,DIA di somministrazione,somministrazione,13,1392226.761,4990623.143,CORSO LUIGI D'ALBERTIS 22
698,EP,,Somministrazione,somministrazione,10,1394060.348,4985931.747,VIA DUINO 179/C
699,EP,,Somministrazione,somministrazione,12,1392925.77,4987437.595,VIA GIACOMO DINA 28/B
700,EP,,Somministrazione,somministrazione,12,1392912.213,4987444.024,VIA GIACOMO DINA 28/E
701,EP,,Somministrazione,somministrazione,4,1393537.569,4990810.699,VIA DANTE DI NANNI 120/A
702,EP,,Somministrazione,somministrazione,6,1393855.826,4992364.227,VIA DIGIONE 8/B
703,EP,,Somministrazione,somministrazione,5,1393765.276,4991166.713,VIA DANTE DI NANNI 80/B
704,EP,,Somministrazione,somministrazione,5,1393764.93,4991129.256,VIA DANTE DI NANNI 83/C
705,EP,,Somministrazione,somministrazione,3,1394344.196,4989846.888,CORSO ALCIDE DE GASPERI 57/C
706,EP,,DIA di somministrazione,somministrazione,5,1394937.68,4991936.442,VIA DUCHESSA JOLANDA 3
707,EP,,Somministrazione,somministrazione,5,1394885.257,4991963.425,VIA DUCHESSA JOLANDA 7
708,EP,,Somministrazione,somministrazione,4,1393646.972,4990944.346,VIA DANTE DI NANNI 99/B
709,EP,,Somministrazione,somministrazione,4,1393633.892,4990961.516,VIA DANTE DI NANNI 102/E
710,EP,,Somministrazione,somministrazione,5,1393902.883,4991382.062,VIA DANTE DI NANNI 50
711,EP,,Somministrazione,somministrazione,5,1393920.924,4991372.794,VIA DANTE DI NANNI 55/A
712,EP,,Somministrazione,somministrazione,3,1394321.0,4989824.574,CORSO ALCIDE DE GASPERI 61
713,EP,,Somministrazione,somministrazione,3,1394291.123,4989795.835,CORSO ALCIDE DE GASPERI 65/D
714,EP,,Somministrazione,somministrazione,3,1394609.467,4990144.443,CORSO ALCIDE DE GASPERI 25/D
715,EP,,Somministrazione,somministrazione,3,1394566.751,4990132.567,CORSO ALCIDE DE GASPERI 28/E
716,EP,,Somministrazione,somministrazione,19,1398076.187,4997325.558,STRADA CUORGNE' 52/A
717,EP,,Somministrazione,somministrazione,3,1394464.225,4990178.48,CORSO DUCA DEGLI ABRUZZI 59/B
718,EP,,Somministrazione,somministrazione,3,1394290.493,4989968.168,CORSO DUCA DEGLI ABRUZZI 86/C
719,EP,,Somministrazione,somministrazione,3,1394461.129,4989977.881,CORSO ALCIDE DE GASPERI 43
720,EP,,Somministrazione,somministrazione,3,1394767.588,4990386.411,CORSO ALCIDE DE GASPERI 2/B
721,EP,,Somministrazione,somministrazione,3,1394772.221,4990363.093,CORSO ALCIDE DE GASPERI 3/D
722,EP,,Somministrazione,somministrazione,3,1394746.049,4990364.653,CORSO ALCIDE DE GASPERI 4/F
723,EP,,Somministrazione,somministrazione,3,1394733.543,4990321.03,CORSO ALCIDE DE GASPERI 8/A
724,EP,,Somministrazione,somministrazione,3,1394680.904,4990259.254,CORSO ALCIDE DE GASPERI 16/A
725,EP,,Somministrazione,somministrazione,16,1394288.757,4996129.52,VIA VITTORIO CUNIBERTI 92/F
726,EP,,Somministrazione,somministrazione,3,1394903.14,4991131.458,CORSO DUCA DEGLI ABRUZZI 12/A
727,EP,,DIA di somministrazione,somministrazione,3,1394713.67,4990777.975,CORSO DUCA DEGLI ABRUZZI 24
728,EP,,Somministrazione,somministrazione,5,1393973.805,4991493.193,VIA DANTE DI NANNI 20/B
729,EP,,DIA di somministrazione,somministrazione,1,1396763.51,4991262.978,VIA LUIGI DES AMBROIS 1/C
730,EP,,Somministrazione,somministrazione,3,1394617.583,4990199.129,CORSO ALCIDE DE GASPERI 22 scala B
731,EP,,Somministrazione,somministrazione,3,1394628.762,4990165.735,CORSO ALCIDE DE GASPERI 23
732,EP,,Somministrazione,somministrazione,2,1395533.89,4989010.576,PIAZZA EDMONDO DE AMICIS 125 bis
733,EP,,Somministrazione,somministrazione,3,1394796.67,4990792.29,PIAZZALE DUCA D'AOSTA 20/B
734,EP,,DIA di somministrazione,somministrazione,2,1396094.222,4988945.876,CORSO DANTE 103
735,EP,,Somministrazione,somministrazione,2,1396302.626,4988885.466,CORSO DANTE 129/C
736,EP,,DIA di somministrazione,somministrazione,7,1396815.66,4993413.656,VIA CUNEO 6 bis
737,EP,,Somministrazione,somministrazione,16,1394389.724,4996402.683,VIA DRUENTO 29
738,EP,,DIA di somministrazione,somministrazione,13,1392605.13732947,4991364.06002074,VIA LORENZO DELLEANI 19
739,EP,,Somministrazione,somministrazione,2,1395488.915,4989132.803,CORSO DANTE 51
740,EP,,Somministrazione,somministrazione,2,1395598.952,4989063.405,CORSO DANTE 60
741,EP,,Somministrazione,somministrazione,2,1395604.21,4989087.958,CORSO DANTE 61
742,EP,,Somministrazione,somministrazione,18,1398206.048,4994038.166,VIA ALESSANDRO CRUTO 27/B
743,EP,,DIA di somministrazione,somministrazione,23,1390296.171,4985824.762,STRADA DEL DROSSO 183/E
744,EP,,Somministrazione,somministrazione,5,1395050.366,4992208.422,VIA BERNARDINO DROVETTI 6/G
745,EP,,Somministrazione,somministrazione,2,1395888.671,4989005.516,CORSO DANTE 85/F
746,EP,,DIA di somministrazione,somministrazione,10,1393047.328,4986734.96,VIA EDOARDO DANEO 22/D
747,EP,,DIA di somministrazione,somministrazione,3,1395221.032,4989190.673,CORSO DANTE 28/A
748,EP,,DIA di somministrazione,somministrazione,23,1390535.739,4985530.13,STRADA DEL DROSSO 145 int. 7
749,EP,,Somministrazione,somministrazione,13,1391436.977,4991722.86,LARGO LUCA DELLA ROBBIA 28/B
750,EP,,Somministrazione,somministrazione,17,1396186.401,4994745.155,VIA CHIESA DELLA SALUTE 59/C
751,EP,,Somministrazione,somministrazione,17,1396017.625,4994255.395,VIA CHIESA DELLA SALUTE 15/H
752,EP,,DIA di somministrazione,somministrazione,5,1394455.95,4991934.677,VIA GIACINTO COLLEGNO 65
753,EP,,DIA di somministrazione,somministrazione,5,1394428.664,4991881.811,VIA GIACINTO COLLEGNO 73
754,EP,,DIA di somministrazione,somministrazione,18,1396929.015,4994715.0600000005,VIA FRANCESCO CIGNA 211
755,EP,,Somministrazione,somministrazione,11,1393094.81,4987800.487,CORSO COSENZA 42/C
756,EP,,Somministrazione,somministrazione,7,1396257.141,4993420.359,VIA FRANCESCO CIGNA 61/C
757,EP,,Somministrazione,somministrazione,17,1395968.817,4994116.382,VIA CHIESA DELLA SALUTE 3/F
758,EP,,Somministrazione,somministrazione,9,1395222.935,4987095.721,VIA CORTEMILIA 26/B
759,EP,,Somministrazione,somministrazione,14,1391470.35970089,4992971.40140593,STRADA ANTICA DI COLLEGNO 182/A
760,EP,,DIA di somministrazione,somministrazione,7,1396089.099,4993100.574,VIA FRANCESCO CIGNA 39/A
761,EP,,Somministrazione,somministrazione,7,1396095.997,4993113.817,VIA FRANCESCO CIGNA 39/F
762,EP,,Somministrazione,somministrazione,1,1396169.885,4992022.223,VIA CORTE D'APPELLO 6/F
763,EP,,DIA di somministrazione,somministrazione,1,1395957.769,4992123.549,VIA CORTE D'APPELLO 15/F
764,EP,,DIA di somministrazione,somministrazione,14,1391391.431,4993002.916,STRADA ANTICA DI COLLEGNO 194/A
765,EP,,DIA di somministrazione,somministrazione,17,1396086.3,4994635.841,VIA ARTURO COLAUTTI 7
766,EP,,Somministrazione,somministrazione,8,1398675.096,4991822.014,VIA CIGLIANO 38/C
767,EP,,Somministrazione,somministrazione,6,1394069.284,4992999.497,VIA LUIGI CIBRARIO 90/A
768,EP,,Somministrazione,somministrazione,1,1396345.286,4991885.792,PIAZZA CORPUS DOMINI 18/B
769,EP,,Somministrazione,somministrazione,14,1391574.785,4992913.019,STRADA ANTICA DI COLLEGNO 163/C
770,EP,,Somministrazione,somministrazione,6,1393982.393,4993044.655,VIA LUIGI CIBRARIO 102/F
771,EP,,Somministrazione,somministrazione,6,1393964.088,4993053.908,VIA LUIGI CIBRARIO 104/B
772,EP,,Somministrazione,somministrazione,6,1394383.056,4992815.018,VIA LUIGI CIBRARIO 63/E
773,EP,,Somministrazione,somministrazione,21,1400790.36716652,4990515.49320737,CORSO CHIERI 124
774,EP,,DIA di somministrazione,somministrazione,6,1394272.7,4992898.271,VIA LUIGI CIBRARIO 72
775,EP,,Somministrazione,somministrazione,1,1396325.819,4991870.683,PIAZZA CORPUS DOMINI 17/F
776,EP,,DIA di somministrazione,somministrazione,20,1398363.317,4994244.225,VIA ARCANGELO CORELLI 4
777,EP,,DIA di somministrazione,somministrazione,23,1392088.236,4985376.533,VIA DOMENICO COGGIOLA 19/A
778,EP,,DIA di somministrazione,somministrazione,23,1392070.491,4985332.434,VIA DOMENICO COGGIOLA 20
779,EP,,Somministrazione,somministrazione,6,1394520.228,4992766.655,VIA LUIGI CIBRARIO 52/D
780,EP,,Somministrazione,somministrazione,6,1394441.928,4992784.47,VIA LUIGI CIBRARIO 57/D
781,EP,,Somministrazione,somministrazione,6,1394888.91,4992553.011,VIA LUIGI CIBRARIO 25/C
782,EP,,Somministrazione,somministrazione,20,1398739.249,4994186.242,VIA GIOVANNI CRAVERO 46 bis/D
783,EP,,Somministrazione,somministrazione,17,1395673.753,4995065.627,VIA MICHELE COPPINO 131
784,EP,,DIA di somministrazione,somministrazione,17,1395649.613,4995068.114,VIA MICHELE COPPINO 135
785,EP,,Somministrazione,somministrazione,6,1394670.118,4992665.917,VIA LUIGI CIBRARIO 39
786,EP,,Somministrazione,somministrazione,6,1395172.396,4992406.472,VIA LUIGI CIBRARIO 3/B
787,EP,,Somministrazione,somministrazione,17,1395590.575,4995074.197,VIA MICHELE COPPINO 145/B
788,EP,,DIA di somministrazione,somministrazione,16,1395527.744,4995100.709,VIA MICHELE COPPINO 152
789,EP,,Somministrazione,somministrazione,17,1396062.938,4995025.732,VIA MICHELE COPPINO 85/F
790,EP,,Somministrazione,somministrazione,17,1396036.692,4995028.404,VIA MICHELE COPPINO 87/C
791,EP,,Somministrazione,somministrazione,17,1395992.425,4995032.944,VIA MICHELE COPPINO 93/B
792,EP,,DIA di somministrazione,somministrazione,7,1395711.986,4993200.995,CORSO CIRIE' 1
793,EP,,DIA di somministrazione,somministrazione,6,1395165.313,4992432.508,VIA LUIGI CIBRARIO 6
794,EP,,Somministrazione,somministrazione,6,1395037.993,4992498.659,VIA LUIGI CIBRARIO 14/H
795,EP,,Somministrazione,somministrazione,6,1395020.49,4992507.725,VIA LUIGI CIBRARIO 16/B
796,EP,,Somministrazione,somministrazione,6,1395034.561,4992477.831,VIA LUIGI CIBRARIO 17/C
797,EP,,Somministrazione,somministrazione,6,1394970.143,4992511.094,VIA LUIGI CIBRARIO 19 bis/B
798,EP,,Somministrazione,somministrazione,5,1393723.008,4992223.24,VIA ENRICO CIALDINI 50/B
799,EP,,Somministrazione,somministrazione,17,1395873.84,4995045.145,VIA MICHELE COPPINO 107/D
800,EP,,Somministrazione,somministrazione,17,1395869.112,4995045.628,VIA MICHELE COPPINO 109/A
801,EP,,DIA di somministrazione,somministrazione,7,1395726.054,4993194.437,CORSO CIRIE' 3/A
802,EP,,Somministrazione,somministrazione,1,1395906.103,4992110.943,VIA DELLA CONSOLATA 6/H
803,EP,,DIA di somministrazione,somministrazione,1,1395975.205,4992271.767,VIA DELLA CONSOLATA 7/D
804,EP,,Somministrazione,somministrazione,1,1395970.896,4992263.43,VIA DELLA CONSOLATA 7
805,EP,,Somministrazione,somministrazione,1,1395995.62,4992311.002,VIA DELLA CONSOLATA 11
806,EP,,Somministrazione,somministrazione,1,1396009.872,4992314.912,VIA DELLA CONSOLATA 12/H
807,EP,,DIA di somministrazione,somministrazione,14,1391602.063,4993085.535,VIA PIETRO COSSA 115 int. 21
808,EP,,Somministrazione,somministrazione,14,1393152.786,4992692.902,PIAZZA GIAMPIETRO CHIRONI 5/C
809,EP,,Somministrazione,somministrazione,14,1393111.835,4992744.543,PIAZZA GIAMPIETRO CHIRONI 8/E
810,EP,,Somministrazione,somministrazione,14,1391604.735,4992786.728,VIA PIETRO COSSA 79/B
811,EP,,Somministrazione,somministrazione,3,1394330.569,4990406.003,VIA CRISTOFORO COLOMBO 63
812,EP,,Somministrazione,somministrazione,15,1393324.743,4994918.1,CORSO L. QUINZIO CINCINNATO 158/A
813,EP,,Somministrazione,somministrazione,15,1393395.681,4994967.336,CORSO L. QUINZIO CINCINNATO 168
814,EP,,Somministrazione,somministrazione,17,1396264.087,4995141.532,VIA CHIESA DELLA SALUTE 118/B
815,EP,,Somministrazione,somministrazione,14,1391548.722,4992642.767,VIA PIETRO COSSA 50/A
816,EP,,Somministrazione,somministrazione,14,1391589.299,4992702.139,VIA PIETRO COSSA 58/C
817,EP,,Somministrazione,somministrazione,3,1394720.815,4990184.726,VIA CRISTOFORO COLOMBO 31/A
818,EP,,Somministrazione,somministrazione,3,1394445.104,4990358.296,VIA CRISTOFORO COLOMBO 42/A
819,EP,,Somministrazione,somministrazione,8,1398887.143,4991864.052,CORSO CHIETI 3/A
820,EP,,Somministrazione,somministrazione,17,1396213.212,4994859.231,VIA CHIESA DELLA SALUTE 71/A
821,EP,,DIA di somministrazione,somministrazione,17,1396218.325,4994899.588,VIA CHIESA DELLA SALUTE 77
822,EP,,Somministrazione,somministrazione,22,1397745.927,4990764.578,VIA UMBERTO COSMO 13/D
823,EP,,Somministrazione,somministrazione,14,1391370.102,4992282.599,VIA PIETRO COSSA 9/A
824,EP,,Somministrazione,somministrazione,14,1391373.46,4992297.447,VIA PIETRO COSSA 11
825,EP,,Somministrazione,somministrazione,14,1391394.818,4992360.829,VIA PIETRO COSSA 19/B
826,EP,,Somministrazione,somministrazione,11,1393030.243,4987855.665,CORSO COSENZA 54/B
827,EP,,Somministrazione,somministrazione,11,1392944.411,4987929.226,CORSO COSENZA 66/A
828,EP,,Somministrazione,somministrazione,3,1395045.164,4990017.785,VIA CRISTOFORO COLOMBO 2 bis/C
829,EP,,Somministrazione,somministrazione,18,1398103.677,4993909.396,VIA DOMENICO CIMAROSA 67/A
830,EP,,Somministrazione,somministrazione,21,1398570.014,4991300.857,CORSO CASALE 89/A
831,EP,,Somministrazione,somministrazione,21,1398593.361,4991306.218,CORSO CASALE 91/B
832,EP,,Somministrazione,somministrazione,21,1398615.0,4991311.187,CORSO CASALE 93/B
833,EP,,Somministrazione,somministrazione,21,1398701.621,4991314.116,CORSO CASALE 100/D
834,EP,,Somministrazione,somministrazione,1,1396487.638,4992187.943,PIAZZA CESARE AUGUSTO 15/B
835,EP,,Somministrazione,somministrazione,3,1394838.484,4990266.959,VIA GIAN DOMENICO CASSINI 5/A
836,EP,,Somministrazione,somministrazione,22,1397850.578,4990944.47,CORSO CASALE 34/B
837,EP,,Somministrazione,somministrazione,5,1393748.472,4991387.828,VIA CESANA 54/B
838,EP,,Somministrazione,somministrazione,5,1393715.83,4991157.767,VIA CESANA 73
839,EP,,Somministrazione,somministrazione,21,1398494.37573087,4991283.48160528,CORSO CASALE 79/B
840,EP,,Somministrazione,somministrazione,22,1397617.567,4990805.649,CORSO CASALE 2/C
841,EP,,Somministrazione,somministrazione,5,1393832.015625,4991698.57604167,VIA CESANA 11/F
842,EP,,Somministrazione,somministrazione,22,1397718.517,4990882.357,CORSO CASALE 18/B
843,EP,,Somministrazione,somministrazione,21,1401339.444,4991956.906,STRADA DEL CARTMAN 59
844,EP,,DIA di somministrazione,somministrazione,18,1396819.191,4993945.766,VIA CERVINO 6
845,EP,,Somministrazione,somministrazione,18,1396786.16394802,4993937.85190863,VIA CERVINO 9/B
846,EP,,DIA di somministrazione,somministrazione,20,1401588.91528795,4995294.75703791,STRADA DEL CASCINOTTO 228
847,EP,,DIA di somministrazione,somministrazione,14,1391142.409,4992860.039,VIA VALENTINO CARRERA 176/A
848,EP,,Somministrazione,somministrazione,14,1391712.912,4992792.924,VIA VALENTINO CARRERA 111
849,EP,,Somministrazione,somministrazione,1,1395275.936,4991954.237,VIA CERNAIA 31/E
850,EP,,Somministrazione,somministrazione,1,1395242.128,4992008.754,VIA CERNAIA 46/C
851,EP,,Somministrazione,somministrazione,7,1397590.339,4992308.23,VIA CATANIA 36/A
852,EP,,Somministrazione,somministrazione,1,1395766.195,4991743.652,VIA CERNAIA 16 scala B
853,EP,,Somministrazione,somministrazione,1,1395771.338,4991731.676,VIA CERNAIA 16/A
854,EP,,Somministrazione,somministrazione,1,1395640.52,4991800.244,VIA CERNAIA 22/A
855,EP,,DIA di somministrazione,somministrazione,1,1395628.466,4991806.164,VIA CERNAIA 22
856,EP,,Somministrazione,somministrazione,1,1395551.936,4991846.086,VIA CERNAIA 26/E
857,EP,,Somministrazione,somministrazione,23,1391671.387,4987772.192,PIAZZA RICCARDO CATTANEO 9
858,EP,,DIA di somministrazione,somministrazione,7,1397261.66,4992116.436,VIA CATANIA 4/A
859,EP,,Somministrazione,somministrazione,7,1397240.154,4992120.965,VIA CATANIA 5/A
860,EP,,Somministrazione,somministrazione,7,1397296.393,4992155.255,VIA CATANIA 9/C
861,EP,,Somministrazione,somministrazione,7,1397337.999,4992154.99,VIA CATANIA 10/B
862,EP,,Somministrazione,somministrazione,4,1392795.252,4990955.034,VIA CARSO 18/A
863,EP,,Somministrazione,somministrazione,7,1397485.105,4992244.44,VIA CATANIA 24/A
864,EP,,Somministrazione,somministrazione,2,1396461.138,4989613.189,VIALE CARLO CEPPI 5
865,EP,,DIA di somministrazione,somministrazione,2,1396461.138,4989613.189,VIALE CARLO CEPPI 5
866,EP,,Somministrazione,somministrazione,10,1392811.321,4986584.487,VIA CERCENASCO 5/B
867,EP,,DIA di somministrazione,somministrazione,21,1400107.25,4992342.268,VIA ALFREDO CATALANI 4
868,EP,,Somministrazione,somministrazione,5,1394381.987,4992062.436,VIA GOFFREDO CASALIS 59/D
869,EP,,Somministrazione,somministrazione,21,1400733.885,4993572.598,CORSO CASALE 466
870,EP,,Somministrazione,somministrazione,18,1397947.023,4994111.678,VIA LUIGI SALVATORE CHERUBINI 71/C
871,EP,,DIA di somministrazione,somministrazione,23,1393537.459,4984853.475,STRADA CASTELLO DI MIRAFIORI 285
872,EP,,Somministrazione,somministrazione,21,1398498.952,4991208.8,VIA CASTELNUOVO 4/C
873,EP,,Somministrazione,somministrazione,1,1396470.547,4991735.273,PIAZZA CASTELLO 155
874,EP,,Somministrazione,somministrazione,21,1400491.021,4993398.967,CORSO CASALE 428/C
875,EP,,DIA di somministrazione,somministrazione,21,1400797.117,4993434.962,CORSO CASALE 438 int. 16
876,EP,,DIA di somministrazione,somministrazione,18,1398157.857,4994068.876,VIA LUIGI SALVATORE CHERUBINI 80 int. 3
877,EP,,Somministrazione,somministrazione,18,1397397.301,4994099.311,VIA LUIGI SALVATORE CHERUBINI 15/B
878,EP,,DIA di somministrazione,somministrazione,23,1391885.785,4985065.876,STRADA CASTELLO DI MIRAFIORI 38 int. 15
879,EP,,Somministrazione,somministrazione,1,1396658.401,4991578.671,PIAZZA CASTELLO 9
880,EP,,DIA di somministrazione,somministrazione,19,1397622.083,4995939.829,VIA GIOVANNI CENA 5
881,EP,,Somministrazione,somministrazione,1,1396597.857,4991582.092,PIAZZA CASTELLO 44
882,EP,,Somministrazione,somministrazione,1,1396563.515,4991600.259,PIAZZA CASTELLO 54
883,EP,,Somministrazione,somministrazione,1,1396576.411,4991584.982,PIAZZA CASTELLO 59
884,EP,,Somministrazione,somministrazione,1,1396524.201,4991620.346,PIAZZA CASTELLO 72
885,EP,,Somministrazione,somministrazione,21,1400148.74,4992670.74,CORSO CASALE 321 bis/A
886,EP,,Somministrazione,somministrazione,18,1397338.515,4994073.074,VIA LUIGI SALVATORE CHERUBINI 4 bis/C
887,EP,,DIA di somministrazione,somministrazione,12,1392306.551,4989605.031,VIA CASTELGOMBERTO 20
888,EP,,Somministrazione,somministrazione,21,1400200.043,4992226.115,CORSO CASALE 290/A
889,EP,,Somministrazione,somministrazione,21,1400257.609,4992486.921,CORSO CASALE 308/B
890,EP,,Somministrazione,somministrazione,7,1396096.902,4993675.398,VIA ANTONIO CECCHI 55/C
891,EP,,DIA di somministrazione,somministrazione,7,1396431.64895833,4993205.87682292,VIA ANTONIO CECCHI 2
892,EP,,Somministrazione,somministrazione,12,1392256.033,4988721.638,VIA CASTELGOMBERTO 116/I
893,EP,,Somministrazione,somministrazione,21,1399823.864,4991627.721,CORSO CASALE 221/E
894,EP,,DIA di somministrazione,somministrazione,13,1390904.37916667,4991590.59583333,VIA CHAMBERY 80 scala B
895,EP,,DIA di somministrazione,somministrazione,7,1396359.71,4993301.771,VIA ANTONIO CECCHI 16
896,EP,,DIA di somministrazione,somministrazione,1,1396725.479,4990867.479,VIA CAVOUR 31
897,EP,,Somministrazione,somministrazione,16,1395539.081,4994866.708,LARGO CASTELDELFINO 19/E
898,EP,,Somministrazione,somministrazione,11,1393430.504,4988770.53,VIA CASTAGNEVIZZA 15/A
899,EP,,Somministrazione,somministrazione,21,1399231.984,4991435.874,CORSO CASALE 160/G
900,EP,,Somministrazione,somministrazione,21,1399672.799,4991552.905,CORSO CASALE 201/C
901,EP,,DIA di somministrazione,somministrazione,13,1391409.267,4991576.435,VIA CHAMBERY 33
902,EP,,Somministrazione,somministrazione,1,1396809.154,4990774.619,PIAZZA CAVOUR 2/B
903,EP,,DIA di somministrazione,somministrazione,19,1400359.03804283,4996947.57113035,STRADA DELLA CEBROSA 86
904,EP,,Somministrazione,somministrazione,19,1400359.03804283,4996947.57113035,STRADA DELLA CEBROSA 86
905,EP,,Somministrazione,somministrazione,16,1395518.547,4994683.712,VIA CASTELDELFINO 7/C
906,EP,,Somministrazione,somministrazione,13,1391347.995,4990668.884,VIA CHALLANT 13/A
907,EP,,Somministrazione,somministrazione,8,1397484.81,4991471.6,VIA MICHELE BUNIVA 9/A
908,EP,,Somministrazione,somministrazione,11,1392996.413,4988002.009,VIA BUENOS AIRES 71/D
909,EP,,Somministrazione,somministrazione,3,1394324.501,4989884.675,VIA GIUSEPPE E ANTONIO CARLE 42/D
910,EP,,Somministrazione,somministrazione,3,1394370.784,4989843.36,VIA GIUSEPPE E ANTONIO CARLE 45/C
911,EP,,DIA di somministrazione,somministrazione,14,1392505.9,4992711.356,VIA CARLO CAPELLI 51
912,EP,,Somministrazione,somministrazione,18,1397534.361,4994445.206,VIA PIER FORTUNATO CALVI 24/C
913,EP,,Somministrazione,somministrazione,1,1396500.023,4991525.645,PIAZZA CARIGNANO 2/D
914,EP,,Somministrazione,somministrazione,1,1396475.617,4991479.945,PIAZZA CARIGNANO 8
915,EP,,Somministrazione,somministrazione,3,1394757.968,4989656.129,VIA GIUSEPPE E ANTONIO CARLE 2/B
916,EP,,Somministrazione,somministrazione,9,1395314.22,4988466.552,PIAZZA GIOSUE' CARDUCCI 132/C
917,EP,,Somministrazione,somministrazione,9,1395312.999,4988469.1,PIAZZA GIOSUE' CARDUCCI 132
918,EP,,Somministrazione,somministrazione,1,1396811.711,4990639.6,VIA CALANDRA FRATELLI 6 scala A
919,EP,,DIA di somministrazione,somministrazione,1,1396825.108,4990638.044,VIA CALANDRA FRATELLI 6/A
920,EP,,Somministrazione,somministrazione,1,1396768.244,4990534.734,VIA CALANDRA FRATELLI 12/D
921,EP,,DIA di somministrazione,somministrazione,1,1396749.813,4990494.856,VIA CALANDRA FRATELLI 18
922,EP,,Somministrazione,somministrazione,10,1394124.779,4987329.86,VIA BRUNO GIORDANO 198
923,EP,,DIA di somministrazione,somministrazione,10,1394909.717,4988920.239,VIA BRUNO GIORDANO 3
924,EP,,Somministrazione,somministrazione,10,1394776.118,4988703.818,VIA BRUNO GIORDANO 42
925,EP,,Somministrazione,somministrazione,17,1395555.175,4994718.91,LARGO GUGLIELMO CARDINALE MASSAIA 44/D
926,EP,,DIA di somministrazione,somministrazione,10,1394627.18,4988420.528,VIA BRUNO GIORDANO 84
927,EP,,DIA di somministrazione,somministrazione,7,1397561.025,4992208.011,VIA CAGLIARI 26
928,EP,,Somministrazione,somministrazione,7,1397592.628,4992227.137,VIA CAGLIARI 28/D
929,EP,,DIA di somministrazione,somministrazione,7,1397581.95,4992220.675,VIA CAGLIARI 28
930,EP,,Somministrazione,somministrazione,2,1396750.388,4989942.315,VIALE UMBERTO CAGNI 37
931,EP,,DIA di somministrazione,somministrazione,16,1395092.312,4995145.55,VIA DELLA BRUSA' 4
932,EP,,Somministrazione,somministrazione,16,1395340.388,4995346.28,VIA BRUSNENGO 2/A
933,EP,,Somministrazione,somministrazione,17,1395702.156,4994414.235,VIA GUGLIELMO CARDINALE MASSAIA 7/B
934,EP,,Somministrazione,somministrazione,4,1393092.346,4990308.44,VIA CARAGLIO 130/C
935,EP,,Somministrazione,somministrazione,23,1393943.402,4985495.627,VIA CANDIOLO 43/B
936,EP,,Somministrazione,somministrazione,9,1395060.694,4986484.231,VIA CARAMAGNA 34
937,EP,,DIA di somministrazione,somministrazione,11,1393551.167,4988862.853,VIA RAFFAELE CADORNA 17
938,EP,,Somministrazione,somministrazione,4,1393104.883,4990706.006,VIA CARAGLIO 84
939,EP,,DIA di somministrazione,somministrazione,4,1393117.04053062,4991076.71238926,VIA CARAGLIO 32
940,EP,,Somministrazione,somministrazione,6,1395125.924,4993210.454,VIA CAPUA 8/F
941,EP,,Somministrazione,somministrazione,23,1392715.727,4985643.317,STRADA DELLE CACCE 78/B
942,EP,,Somministrazione,somministrazione,1,1395516.577,4992369.763,VIA DEL CARMINE 24/C
943,EP,,Somministrazione,somministrazione,1,1395469.913,4992399.008,VIA DEL CARMINE 28/D
944,EP,,Somministrazione,somministrazione,23,1391470.485,4985442.85,VIA FRANCESCA SAVERIA CABRINI 17/E
945,EP,,Somministrazione,somministrazione,1,1396208.132,4991231.38,PIAZZA (COMITATO LIBERAZIONE NAZIONALE) C.L.N. 246
946,EP,,Somministrazione,somministrazione,5,1393150.763,4991569.337,VIA LUIGI CAPRIOLO 55/A
947,EP,,DIA di somministrazione,somministrazione,2,1396191.091,4989845.452,VIA FEDERICO CAMPANA 24
948,EP,,DIA di somministrazione,somministrazione,20,1398583.344,4993672.165,PIAZZALE (C.R.I.) CROCE ROSSA ITALIANA 220
949,EP,,DIA di somministrazione,somministrazione,3,1394621.101,4989979.071,VIA SEBASTIANO CABOTO 27
950,EP,,Somministrazione,somministrazione,1,1396144.053,4990937.247,PIAZZA CARLO FELICE 17
951,EP,,Somministrazione,somministrazione,1,1396025.43,4990911.907,PIAZZA CARLO FELICE 40
952,EP,,Somministrazione,somministrazione,1,1396123.354,4990857.847,PIAZZA CARLO FELICE 49
953,EP,,Somministrazione,somministrazione,1,1395998.956,4990861.914,PIAZZA CARLO FELICE 74
954,EP,,Somministrazione,somministrazione,1,1396274.825,4990790.935,VIA CARLO ALBERTO 40/A
955,EP,,Somministrazione,somministrazione,11,1393687.72,4989333.188,VIA CAPRERA 17/B
956,EP,,Somministrazione,somministrazione,21,1398726.829,4991120.562,VIA BUTTIGLIERA 3/A
957,EP,,Somministrazione,somministrazione,11,1393382.739,4989497.814,VIA CAPRERA 54/A
958,EP,,DIA di somministrazione,somministrazione,9,1395219.51496187,4988146.22461133,VIA BUSCA 3
959,EP,,DIA di somministrazione,somministrazione,1,1396461.664,4991130.052,VIA CARLO ALBERTO 29
960,EP,,Somministrazione,somministrazione,1,1396347.168,4990931.25,VIA CARLO ALBERTO 32/F
961,EP,,Somministrazione,somministrazione,1,1396318.951,4990876.79,VIA CARLO ALBERTO 34/N
962,EP,,DIA di somministrazione,somministrazione,3,1394194.434,4989953.37,VIA GIUSEPPE E ANTONIO CARLE 50/A
963,EP,,Somministrazione,somministrazione,3,1394183.394,4989959.186,VIA GIUSEPPE E ANTONIO CARLE 52/A
964,EP,,Somministrazione,somministrazione,14,1392536.53,4992940.267,VIA CARLO CAPELLI 75/A
965,EP,,Somministrazione,somministrazione,14,1392550.048,4992926.599,VIA CARLO CAPELLI 76/B
966,EP,,DIA di somministrazione,somministrazione,7,1396953.987,4993238.125,VIA GIUSEPPE CAMINO 8/B
967,EP,,Somministrazione,somministrazione,23,1391488.296,4986299.117,VIA BURIASCO 9/A
968,EP,,Somministrazione,somministrazione,1,1396585.254,4991370.293,VIA CARLO ALBERTO 11/I
969,EP,,Somministrazione,somministrazione,14,1392499.989,4992553.77,VIA CARLO CAPELLI 34/B
970,EP,,Somministrazione,somministrazione,14,1392503.722,4992582.855,VIA CARLO CAPELLI 36/D
971,EP,,Somministrazione,somministrazione,1,1396149.883,4991096.731,VIA BRUNO BUOZZI 5
972,EP,,Somministrazione,somministrazione,16,1395445.203,4994900.852,VIA BREGLIO 144/B
973,EP,,Somministrazione,somministrazione,11,1393163.479,4988307.863,VIA BOSTON 30
974,EP,,DIA di somministrazione,somministrazione,11,1393038.24,4988272.96,VIA BOSTON 31/A
975,EP,,Somministrazione,somministrazione,7,1396430.332,4992577.149,VIA BORGO DORA 6 scala B
976,EP,,Somministrazione,somministrazione,7,1396398.114,4992632.19,VIA BORGO DORA 14/E
977,EP,,Somministrazione,somministrazione,7,1396394.75674496,4992577.43519927,VIA BORGO DORA 23/F
978,EP,,Somministrazione,somministrazione,17,1396039.726,4994197.559,VIA GIOVANNI MICHELE BOCCARDO 13/D
979,EP,,Somministrazione,somministrazione,17,1395864.281,4994869.641,VIA BREGLIO 96
980,EP,,DIA di somministrazione,somministrazione,10,1393922.394,4986966.037,VIA CARLO BOSSOLI 83
981,EP,,Somministrazione,somministrazione,7,1396413.382,4992688.897,VIA BORGO DORA 33/B
982,EP,,Somministrazione,somministrazione,7,1396438.798,4992731.493,VIA BORGO DORA 37/B
983,EP,,DIA di somministrazione,somministrazione,21,1399362.47,4991385.147,VIA GIOVANNI BOCCACCIO 18
984,EP,,Somministrazione,somministrazione,17,1396202.768,4994820.778,VIA BREGLIO 50/C
985,EP,,Somministrazione,somministrazione,17,1396107.25,4994800.236,VIA BREGLIO 55/A
986,EP,,Somministrazione,somministrazione,17,1396049.343,4994834.485,VIA BREGLIO 70/E
987,EP,,Somministrazione,somministrazione,11,1393261.005,4988258.997,VIA BOSTON 14/D
988,EP,,Somministrazione,somministrazione,16,1394820.04574644,4994768.66228675,VIA BORGARO 65
989,EP,,Somministrazione,somministrazione,16,1394847.356,4994694.629,VIA BORGARO 66
990,EP,,Somministrazione,somministrazione,6,1394694.582,4993266.024,VIA S. GIOVANNI BOSCO 69/F
991,EP,,DIA di somministrazione,somministrazione,16,1394879.902,4995067.472,VIA BORGARO 88 int. 3
992,EP,,Somministrazione,somministrazione,18,1397896.493,4993820.25,VIA BRANDIZZO 86/B
993,EP,,Somministrazione,somministrazione,6,1395146.885,4993065.614,VIA S. GIOVANNI BOSCO 31
994,EP,,Somministrazione,somministrazione,18,1397389.509,4994015.944,VIA BRANDIZZO 15
995,EP,,Somministrazione,somministrazione,18,1397415.603,4994006.612,VIA BRANDIZZO 17/D
996,EP,,Somministrazione,somministrazione,18,1397624.466,4993932.709,VIA BRANDIZZO 41/B
997,EP,,Somministrazione,somministrazione,13,1392323.657,4990418.822,VIALE LEONARDO BISTOLFI 22/A
998,EP,,DIA di somministrazione,somministrazione,5,1394293.29583333,4991466.43958333,VIA NINO BIXIO 44
999,EP,,Somministrazione,somministrazione,1,1395795.303,4992064.095,VIA BLIGNY 0/C
1000,EP,,DIA di somministrazione,somministrazione,9,1395258.412,4988580.345,CORSO BRAMANTE 68
1001,EP,,Somministrazione,somministrazione,2,1395632.198,4988524.44,CORSO BRAMANTE 81/D
1002,EP,,Somministrazione,somministrazione,1,1396218.97106555,4992245.65066958,VIA FRANCO BONELLI 6/B
1003,EP,,Somministrazione,somministrazione,1,1396174.89,4992263.92,VIA FRANCO BONELLI 11
1004,EP,,Somministrazione,somministrazione,1,1396165.009,4992288.093,VIA FRANCO BONELLI 16/C
1005,EP,,Somministrazione,somministrazione,13,1391732.545,4991369.864,CORSO FILIPPO BRUNELLESCHI 90/D
1006,EP,,Somministrazione,somministrazione,13,1391809.317,4991318.816,CORSO FILIPPO BRUNELLESCHI 97
1007,EP,,DIA di somministrazione,somministrazione,9,1395117.131,4988557.572,CORSO BRAMANTE 58 int. 7
1008,EP,,Somministrazione,somministrazione,9,1395157.604,4988514.725,CORSO BRAMANTE 58 int. 18
1009,EP,,Somministrazione,somministrazione,2,1395349.569,4988621.191,CORSO BRAMANTE 59
1010,EP,,Somministrazione,somministrazione,15,1393889.982,4994355.467,VIA GIOSUE' BORSI 39
1011,EP,,DIA di somministrazione,somministrazione,1,1395162.797,4991877.165,CORSO BOLZANO 44
1012,EP,,Somministrazione,somministrazione,1,1397284.377,4990885.799,VIA ALFONSO BONAFOUS 2/N
1013,EP,,Somministrazione,somministrazione,1,1397278.921,4990880.003,VIA ALFONSO BONAFOUS 2/Q
1014,EP,,Somministrazione,somministrazione,13,1391672.457,4992144.628,CORSO FILIPPO BRUNELLESCHI 2/F
1015,EP,,Somministrazione,somministrazione,13,1391695.638,4992036.356,CORSO FILIPPO BRUNELLESCHI 13/B
1016,EP,,Somministrazione,somministrazione,10,1394718.78,4988948.463,CORSO BRAMANTE 6/G
1017,EP,,Somministrazione,somministrazione,18,1398155.461,4993464.946,VIA BORRIANA 2/A
1018,EP,,DIA di somministrazione,somministrazione,18,1398329.221,4993533.745,VIA BOLOGNA 188/C
1019,EP,,Somministrazione,somministrazione,20,1398844.265,4994035.794,VIA BOLOGNA 254 bis/C
1020,EP,,Somministrazione,somministrazione,20,1398899.258,4994107.474,VIA BOLOGNA 262/D
1021,EP,,Somministrazione,somministrazione,13,1391619.567,4991924.15,CORSO FILIPPO BRUNELLESCHI 28/B
1022,EP,,DIA di somministrazione,somministrazione,9,1395146.593,4987906.193,VIA BRONI 3/B
1023,EP,,Somministrazione,somministrazione,16,1394676.699,4995929.172,VIA BROSSO 2/D
1024,EP,,Somministrazione,somministrazione,4,1393968.367,4990480.572,VIA PAOLO BRACCINI 33/D
1025,EP,,Somministrazione,somministrazione,4,1393817.715,4990515.652,VIA PAOLO BRACCINI 51/A
1026,EP,,Somministrazione,somministrazione,21,1398560.912,4991274.876,PIAZZA FRANCESCO BORROMINI 86/F
1027,EP,,DIA di somministrazione,somministrazione,18,1397627.529,4993106.477,VIA BOLOGNA 96
1028,EP,,Somministrazione,somministrazione,18,1397986.443,4993356.962,VIA BOLOGNA 125/B
1029,EP,,Somministrazione,somministrazione,7,1396748.599,4993351.376,VIA BRA 12/B
1030,EP,,DIA di somministrazione,somministrazione,13,1392724.67604167,4991806.28229167,VIA BORGONE 41
1031,EP,,Somministrazione,somministrazione,7,1397181.194,4992861.146,VIA BOLOGNA 27/D
1032,EP,,Somministrazione,somministrazione,7,1397206.609,4992876.751,VIA BOLOGNA 31
1033,EP,,Somministrazione,somministrazione,7,1397404.37743271,4992966.89422585,VIA BOLOGNA 74/L
1034,EP,,DIA di somministrazione,somministrazione,17,1395518.821,4994232.569,CORSO BENEDETTO BRIN 26
1035,EP,,Somministrazione,somministrazione,17,1395493.85,4994197.84,CORSO BENEDETTO BRIN 29/A
1036,EP,,DIA di somministrazione,somministrazione,20,1398426.71,4994865.075,VIA SANDRO BOTTICELLI 139
1037,EP,,Somministrazione,somministrazione,13,1392716.298,4992040.888,VIA BORGONE 13/B
1038,EP,,Somministrazione,somministrazione,7,1397051.06,4992781.133,VIA BOLOGNA 19/B
1039,EP,,Somministrazione,somministrazione,19,1397660.528,4995217.86,VIA SANDRO BOTTICELLI 31/B
1040,EP,,Somministrazione,somministrazione,8,1399162.695,4991916.256,CORSO BRIANZA 20/A
1041,EP,,DIA di somministrazione,somministrazione,1,1396754.54,4991489.213,VIA CONTE GIAMBATTISTA BOGINO 1
1042,EP,,Somministrazione,somministrazione,1,1396749.878,4991480.125,VIA CONTE GIAMBATTISTA BOGINO 3/A
1043,EP,,DIA di somministrazione,somministrazione,1,1396722.606,4991428.453,VIA CONTE GIAMBATTISTA BOGINO 9
1044,EP,,DIA di somministrazione,somministrazione,1,1396655.758,4991293.581,VIA CONTE GIAMBATTISTA BOGINO 17
1045,EP,,DIA di somministrazione,somministrazione,7,1397322.68,4992757.104,CORSO BRESCIA 73
1046,EP,,DIA di somministrazione,somministrazione,7,1397364.941,4992736.597,CORSO BRESCIA 77
1047,EP,,Somministrazione,somministrazione,7,1397166.621,4992856.614,LARGO BRESCIA 49/C
1048,EP,,Somministrazione,somministrazione,19,1397536.346,4995260.783,VIA SANDRO BOTTICELLI 13/A
1049,EP,,Somministrazione,somministrazione,1,1396089.785,4991878.199,VIA GIOVANNI BOTERO 7/A
1050,EP,,Somministrazione,somministrazione,7,1396449.188,4992764.942,VIA BORGO DORA 39/E
1051,EP,,DIA di somministrazione,somministrazione,7,1396455.301,4992854.568,PIAZZA BORGO DORA 49
1052,EP,,Somministrazione,somministrazione,1,1396380.836,4990889.244,VIA GIAMBATTISTA BODONI 1/F
1053,EP,,Somministrazione,somministrazione,1,1396383.819,4990887.658,VIA GIAMBATTISTA BODONI 1/G
1054,EP,,Somministrazione,somministrazione,1,1396355.33,4990889.89,VIA GIAMBATTISTA BODONI 2/F
1055,EP,,Somministrazione,somministrazione,1,1396469.808,4990842.182,VIA GIAMBATTISTA BODONI 5/C
1056,EP,,Somministrazione,somministrazione,7,1396876.794,4992974.091,CORSO BRESCIA 13/A
1057,EP,,DIA di somministrazione,somministrazione,7,1396941.86,4992912.98,CORSO BRESCIA 28
1058,EP,,Somministrazione,somministrazione,1,1396033.401,4991760.976,VIA GIOVANNI BOTERO 11/F
1059,EP,,Somministrazione,somministrazione,12,1392542.935,4987890.59,PIAZZA DANTE LIVIO BIANCO 10/A
1060,EP,,DIA di somministrazione,somministrazione,6,1394140.998,4992528.749,VIA BIANZE' 7
1061,EP,,Somministrazione,somministrazione,14,1392502.104,4992980.121,VIA NICOMEDE BIANCHI 50/C
1062,EP,,Somministrazione,somministrazione,16,1394239.205,4997005.868,VIA MICHELE BERRINO 6/P
1063,EP,,Somministrazione,somministrazione,9,1394537.936,4986091.025,VIA BEINETTE 9
1064,EP,,Somministrazione,somministrazione,2,1396096.576,4990272.281,VIA BELFIORE 7/G
1065,EP,,DIA di somministrazione,somministrazione,2,1396345.134,4990138.593,VIA GIUSEPPE BARETTI 29
1066,EP,,Somministrazione,somministrazione,2,1396362.616,4990129.398,VIA GIUSEPPE BARETTI 31/C
1067,EP,,Somministrazione,somministrazione,11,1393129.367,4989133.516,VIA BENE VAGIENNA 36/C
1068,EP,,Somministrazione,somministrazione,2,1396057.258,4990272.158,VIA GIUSEPPE BARETTI 6/D
1069,EP,,Somministrazione,somministrazione,2,1396066.929,4990269.42,VIA GIUSEPPE BARETTI 8
1070,EP,,Somministrazione,somministrazione,2,1396109.873,4990249.809,VIA GIUSEPPE BARETTI 8 bis/E
1071,EP,,Somministrazione,somministrazione,2,1396153.035,4990240.053,VIA GIUSEPPE BARETTI 15/C
1072,EP,,Somministrazione,somministrazione,14,1392634.01,4992962.477,VIA NICOMEDE BIANCHI 34/A
1073,EP,,DIA di somministrazione,somministrazione,13,1391599.599,4992075.955,VIA BATTISTA BENA 10/A
1074,EP,,Somministrazione,somministrazione,5,1394902.522,4992020.505,VIA CLAUDIO BEAUMONT 31
1075,EP,,DIA di somministrazione,somministrazione,5,1394784.845,4991820.671,VIA CLAUDIO BEAUMONT 58
1076,EP,,Somministrazione,somministrazione,13,1392820.649,4991930.669,VIA BEAULARD 37/B
1077,EP,,DIA di somministrazione,somministrazione,17,1396428.678,4995557.588,VIA RODOLFO BETTAZZI 6
1078,EP,,DIA di somministrazione,somministrazione,20,1400410.749,4996320.052,STRADA DA BERTOLLA ALL'ABBADIA DI STURA 200
1079,EP,,Somministrazione,somministrazione,5,1393380.256,4991930.153,VIA BARDONECCHIA 19
1080,EP,,Somministrazione,somministrazione,1,1396156.518,4992014.109,VIA GIAN FRANCESCO BELLEZIA 9/C
1081,EP,,Somministrazione,somministrazione,1,1396248.804,4992184.178,VIA GIAN FRANCESCO BELLEZIA 20/A
1082,EP,,Somministrazione,somministrazione,1,1396271.195,4992226.636,VIA GIAN FRANCESCO BELLEZIA 22/E
1083,EP,,DIA di somministrazione,somministrazione,8,1397845.087,4991482.205,VIA EUSEBIO BAVA 39/B
1084,EP,,Somministrazione,somministrazione,1,1396187.178,4992064.974,VIA GIAN FRANCESCO BELLEZIA 8/G
1085,EP,,Somministrazione,somministrazione,8,1397899.916,4991540.821,VIA EUSEBIO BAVA 45/D
1086,EP,,Somministrazione,somministrazione,13,1391442.546,4990869.926,VIA BIONAZ 23/N
1087,EP,,Somministrazione,somministrazione,9,1395145.121,4987683.171,VIA GIULIO BIGLIERI 1 scala A
1088,EP,,Somministrazione,somministrazione,9,1395249.539,4987643.161,VIA GIULIO BIGLIERI 15
1089,EP,,Somministrazione,somministrazione,8,1397780.997,4991396.075,VIA EUSEBIO BAVA 30/G
1090,EP,,Somministrazione,somministrazione,1,1396518.564,4991548.141,VIA CESARE BATTISTI 5/C
1091,EP,,DIA di somministrazione,somministrazione,1,1396515.777,4991549.68,VIA CESARE BATTISTI 5
1092,EP,,Somministrazione,somministrazione,9,1395445.134,4987479.057,VIA GIULIO BIGLIERI 46 int. 9
1093,EP,,Somministrazione,somministrazione,20,1401207.318,4994850.647,STRADA BERTOLLA 47/F
1094,EP,,DIA di somministrazione,somministrazione,16,1394955.956,4997494.006,STRADA BELLACOMBA 219/A
1095,EP,,Somministrazione,somministrazione,14,1391574.95,4992214.442,VIA LUDOVICO BELLARDI 1/B
1096,EP,,DIA di somministrazione,somministrazione,14,1391584.669,4992255.228,VIA LUDOVICO BELLARDI 5/D
1097,EP,,Somministrazione,somministrazione,1,1397437.373,4991030.407,VIA EUSEBIO BAVA 2/R
1098,EP,,Somministrazione,somministrazione,2,1395869.719,4989690.319,VIA GIORGIO BIDONE 14 bis
1099,EP,,Somministrazione,somministrazione,8,1399604.97,4992045.634,CORSO BELGIO 162/C
1100,EP,,Somministrazione,somministrazione,8,1399629.415,4992063.337,CORSO BELGIO 164/D
1101,EP,,Somministrazione,somministrazione,1,1396499.231,4991558.812,VIA CESARE BATTISTI 3/C
1102,EP,,Somministrazione,somministrazione,11,1392653.472,4989815.112,VIA BASSANO 26/D
1103,EP,,Somministrazione,somministrazione,11,1392638.663,4989783.87,VIA BASSANO 28/A
1104,EP,,Somministrazione,somministrazione,2,1396131.942,4989588.472,VIA GIORGIO BIDONE 34/D
1105,EP,,Somministrazione,somministrazione,1,1396101.181,4991664.123,VIA ANTONIO GIUSEPPE BERTOLA 20/B
1106,EP,,Somministrazione,somministrazione,1,1396048.248,4991680.146,VIA ANTONIO GIUSEPPE BERTOLA 23/F
1107,EP,,Somministrazione,somministrazione,1,1396050.11,4991689.71,VIA ANTONIO GIUSEPPE BERTOLA 24/A
1108,EP,,Somministrazione,somministrazione,1,1395974.783,4991714.842,VIA ANTONIO GIUSEPPE BERTOLA 27/F
1109,EP,,Somministrazione,somministrazione,1,1395803.289,4991801.024,VIA ANTONIO GIUSEPPE BERTOLA 33/B
1110,EP,,DIA di somministrazione,somministrazione,10,1393849.068,4986467.26,STRADA BASSE DEL LINGOTTO 19
1111,EP,,Somministrazione,somministrazione,10,1393820.784,4986409.36,STRADA BASSE DEL LINGOTTO 28/A
1112,EP,,Somministrazione,somministrazione,1,1395633.81,4991888.967,VIA ANTONIO GIUSEPPE BERTOLA 41/E
1113,EP,,Somministrazione,somministrazione,2,1396416.678,4990265.413,VIA CLAUDIO LUIGI BERTHOLLET 33/C
1114,EP,,Somministrazione,somministrazione,1,1396316.016,4991555.852,VIA ANTONIO GIUSEPPE BERTOLA 6/F
1115,EP,,Somministrazione,somministrazione,8,1399068.843,4991938.613,CORSO BELGIO 88/D
1116,EP,,Somministrazione,somministrazione,8,1399138.01,4991945.261,CORSO BELGIO 96/I
1117,EP,,Somministrazione,somministrazione,1,1396344.791,4992113.456,VIA DELLA BASILICA 1/D
1118,EP,,DIA di somministrazione,somministrazione,1,1396179.199,4991607.144,VIA ANTONIO GIUSEPPE BERTOLA 15
1119,EP,,Somministrazione,somministrazione,2,1396147.856,4990407.342,VIA CLAUDIO LUIGI BERTHOLLET 13/C
1120,EP,,Somministrazione,somministrazione,2,1396153.348,4990404.438,VIA CLAUDIO LUIGI BERTHOLLET 13/D
1121,EP,,Somministrazione,somministrazione,2,1396240.214,4990345.313,VIA CLAUDIO LUIGI BERTHOLLET 18/A
1122,EP,,Somministrazione,somministrazione,2,1396227.31,4990365.341,VIA CLAUDIO LUIGI BERTHOLLET 19
1123,EP,,Somministrazione,somministrazione,8,1398448.24,4991831.018,CORSO BELGIO 53/B
1124,EP,,Somministrazione,somministrazione,11,1392872.353,4989344.969,VIA BARLETTA 110/C
1125,EP,,Somministrazione,somministrazione,11,1392701.823,4989409.021,VIA BARLETTA 119/B
1126,EP,,Somministrazione,somministrazione,17,1395832.629,4994527.519,VIA BIBIANA 9/A
1127,EP,,Somministrazione,somministrazione,2,1396322.217,4990301.69,VIA CLAUDIO LUIGI BERTHOLLET 24
1128,EP,,Somministrazione,somministrazione,2,1396303.762,4990325.001,VIA CLAUDIO LUIGI BERTHOLLET 25/F
1129,EP,,Somministrazione,somministrazione,2,1396019.579,4990461.602,VIA CLAUDIO LUIGI BERTHOLLET 4
1130,EP,,Somministrazione,somministrazione,8,1398437.124,4991797.802,CORSO BELGIO 34/E
1131,EP,,Somministrazione,somministrazione,8,1398447.066,4991800.015,CORSO BELGIO 36/B
1132,EP,,Somministrazione,somministrazione,8,1398546.853,4991822.269,CORSO BELGIO 42
1133,EP,,DIA di somministrazione,somministrazione,11,1392669.051,4989425.652,VIA BARLETTA 125/B
1134,EP,,Somministrazione,somministrazione,5,1394186.623,4992243.699,PIAZZA LORENZO BERNINI 11 scala A
1135,EP,,Somministrazione,somministrazione,11,1392921.036,4989320.349,VIA BARLETTA 104/D
1136,EP,,Somministrazione,somministrazione,11,1393309.814,4989100.811,VIA BARLETTA 37/D
1137,EP,,Somministrazione,somministrazione,12,1392601.085,4987864.126,PIAZZA DANTE LIVIO BIANCO 2/B
1138,EP,,Somministrazione,somministrazione,16,1394276.487,4997019.219,VIA MICHELE BERRINO 6/E
1139,EP,,Somministrazione,somministrazione,2,1396064.602,4990162.916,VIA BELFIORE 17/C
1140,EP,,Somministrazione,somministrazione,2,1396072.398,4990228.502,VIA BELFIORE 18/C
1141,EP,,DIA di somministrazione,somministrazione,2,1396010.141,4989974.426,VIA BELFIORE 23
1142,EP,,Somministrazione,somministrazione,11,1393219.476,4989169.068,VIA BARLETTA 66/G
1143,EP,,Somministrazione,somministrazione,5,1393868.585,4991387.444,VIA BARGE 4/C
1144,EP,,DIA di somministrazione,somministrazione,1,1396099.912,4991074.118,VIA GIOVANNI AMENDOLA 12
1145,EP,,Somministrazione,somministrazione,1,1396099.912,4991074.118,VIA GIOVANNI AMENDOLA 12
1146,EP,,DIA di somministrazione,somministrazione,2,1395564.053,4989482.781,VIA GIOVANNI ARGENTERO 4
1147,EP,,Somministrazione,somministrazione,15,1393705.48,4994984.742,STRADA DI ALTESSANO 10/B
1148,EP,,DIA di somministrazione,somministrazione,15,1393663.312,4995086.29,STRADA DI ALTESSANO 20
1149,EP,,DIA di somministrazione,somministrazione,15,1393606.43333333,4995419.50208333,STRADA DI ALTESSANO 52 int. 3
1150,EP,,Somministrazione,somministrazione,15,1393459.847,4995512.372,STRADA DI ALTESSANO 55/A
1151,EP,,Somministrazione,somministrazione,15,1393454.369,4995525.449,STRADA DI ALTESSANO 55/E
1152,EP,,Somministrazione,somministrazione,15,1393442.418,4995559.607,STRADA DI ALTESSANO 57/E
1153,EP,,Somministrazione,somministrazione,18,1396933.169,4993940.982,VIA BALTEA 3/A
1154,EP,,Somministrazione,somministrazione,1,1395668.01,4992011.299,VIA OTTAVIO ASSAROTTI 8/B
1155,EP,,DIA di somministrazione,somministrazione,1,1395659.093,4991994.151,VIA OTTAVIO ASSAROTTI 10
1156,EP,,Somministrazione,somministrazione,3,1395777.081,4990720.431,VIA ASSIETTA 4/G
1157,EP,,Somministrazione,somministrazione,14,1392052.32,4992704.737,VIA VITTORIO ASINARI DI BERNEZZO 101/A
1158,EP,,Somministrazione,somministrazione,10,1393948.663,4988076.118,VIA ARNALDO DA BRESCIA 5
1159,EP,,Somministrazione,somministrazione,5,1393967.02,4992100.019,VIA ALMESE 15/E
1160,EP,,Somministrazione,somministrazione,6,1393948.633,4992411.441,VIA ALPIGNANO 16/C
1161,EP,,Somministrazione,somministrazione,1,1396174.101,4991161.948,VIA DELL' ARCIVESCOVADO 2/E
1162,EP,,Somministrazione,somministrazione,1,1395908.483,4991312.937,VIA DELL' ARCIVESCOVADO 18
1163,EP,,Somministrazione,somministrazione,1,1395543.437,4992486.358,VIA CARLO ALLIONI 10/F
1164,EP,,DIA di somministrazione,somministrazione,14,1392267.336,4992699.55,VIA VITTORIO ASINARI DI BERNEZZO 72/C
1165,EP,,Somministrazione,somministrazione,1,1395820.771,4992042.056,PIAZZA VINCENZO ARBARELLO 4/C
1166,EP,,DIA di somministrazione,somministrazione,1,1396132.54,4991340.858,VIA VITTORIO ALFIERI 9
1167,EP,,Somministrazione,somministrazione,1,1395959.127,4991432.122,VIA VITTORIO ALFIERI 17/O
1168,EP,,Somministrazione,somministrazione,1,1396017.31391883,4991414.54073718,VIA VITTORIO ALFIERI 20/A
1169,EP,,Somministrazione,somministrazione,14,1392673.663,4992679.004,VIA VITTORIO ASINARI DI BERNEZZO 39/A
1170,EP,,Somministrazione,somministrazione,14,1392556.24,4992703.526,VIA VITTORIO ASINARI DI BERNEZZO 48/B
1171,EP,,Somministrazione,somministrazione,12,1392160.227,4989902.924,VIA ARBE 28/B
1172,EP,,DIA di somministrazione,somministrazione,8,1397609.052,4991667.78,VIA CESARE BALBO 9/B
1173,EP,,Somministrazione,somministrazione,8,1397737.522,4991546.725,VIA CESARE BALBO 15/H
1174,EP,,DIA di somministrazione,somministrazione,6,1395045.39962915,4993304.10399287,VIA AQUILA 21
1175,EP,,Somministrazione,somministrazione,6,1394187.076,4993132.601,CORSO APPIO CLAUDIO 1
1176,EP,,Somministrazione,somministrazione,14,1393249.292,4993301.626,CORSO APPIO CLAUDIO 110
1177,EP,,DIA di somministrazione,somministrazione,6,1394373.027,4993827.786,VIA BALANGERO 17
1178,EP,,Somministrazione,somministrazione,6,1395110.182,4992487.359,VIA GIAMBATTISTA BALBIS 1/A
1179,EP,,Somministrazione,somministrazione,13,1390791.783,4991684.403,VIA ASIAGO 52/A
1180,EP,,DIA di somministrazione,somministrazione,6,1395179.80234809,4993328.35358393,VIA GRAZIADIO ASCOLI 30
1181,EP,,Somministrazione,somministrazione,23,1392742.954,4985876.512,VIA GASPERO BARBERA 65/A
1182,EP,,Somministrazione,somministrazione,18,1397212.229,4994715.811,VIA BAIRO 8
1183,EP,,Somministrazione,somministrazione,6,1394404.999,4993680.293,VIA BALANGERO 2/C
1184,EP,,Somministrazione,somministrazione,7,1396952.712,4993070.587,VIA AOSTA 23/C
1185,EP,,DIA di somministrazione,somministrazione,1,1396058.633,4991857.371,VIA GIUSEPPE BARBAROUX 25
1186,EP,,DIA di somministrazione,somministrazione,8,1397259.023,4991678.368,VIA ARTISTI 1
1187,EP,,Somministrazione,somministrazione,1,1396399.538,4991700.145,VIA GIUSEPPE BARBAROUX 4
1188,EP,,Somministrazione,somministrazione,1,1396304.446,4991731.171,VIA GIUSEPPE BARBAROUX 5/N
1189,EP,,Somministrazione,somministrazione,8,1399499.626,4991723.791,LUNGO PO ALESSANDRO ANTONELLI 119/C
1190,EP,,DIA di somministrazione,somministrazione,13,1392556.393,4992147.422,VIA ANGROGNA 16/A
1191,EP,,Somministrazione,somministrazione,1,1395297.26,4991222.1,VIA AMEDEO AVOGADRO 2/G
1192,EP,,Somministrazione,somministrazione,5,1394689.103,4991820.201,VIA AVIGLIANA 15/E
1193,EP,,Somministrazione,somministrazione,1,1395916.592,4991044.922,VIA ARSENALE 35/G
1194,EP,,DIA di somministrazione,somministrazione,7,1396370.21593441,4992662.52750724,VIA VITTORIO ANDREIS 11
1195,EP,,Somministrazione,somministrazione,20,1398697.764,4994768.905,STRADA DELL' ARRIVORE 9/A
1196,EP,,DIA di somministrazione,somministrazione,1,1396108.553,4991427.414,VIA ARSENALE 8
1197,EP,,Somministrazione,somministrazione,18,1396726.584,4994091.077,VIA ANTONIO BANFO 45/A
1198,EP,,DIA di somministrazione,somministrazione,6,1395271.184,4992561.725,VIA GIACINTO AVET 3/B
1199,EP,,Somministrazione,somministrazione,6,1395231.139,4992596.27,VIA GIACINTO AVET 10/A
1200,EP,,Somministrazione,somministrazione,5,1394850.754,4991749.444,VIA AVIGLIANA 2 bis
1201,EP,,Somministrazione,somministrazione,20,1398672.025,4994376.356,VIA GIOVENALE ANCINA 43
1202,EP,,DIA di somministrazione,somministrazione,7,1396947.972,4992578.367,VIA ANCONA 3
1203,EP,,Somministrazione,somministrazione,10,1393883.145,4987547.34,VIA ASUNCION 40
1204,EP,,Somministrazione,somministrazione,6,1394732.954,4993194.124,VIA AVELLINO 1
1205,EP,,DIA di somministrazione,somministrazione,6,1394738.209,4993204.505,VIA AVELLINO 3/C
1206,EP,,Somministrazione,somministrazione,10,1393893.627,4987966.971,VIA ARNALDO DA BRESCIA 23
1207,EP,,Somministrazione,somministrazione,10,1393855.532,4987891.408,VIA ARNALDO DA BRESCIA 35
1208,EP,,Somministrazione,somministrazione,1,1396131.291,4991133.106,VIA GIOVANNI AMENDOLA 6/D
1209,EP,,Somministrazione,somministrazione,1,1396112.269,4991097.311,VIA GIOVANNI AMENDOLA 10/A
1210,EP,,Somministrazione,somministrazione,11,1392599.196,4989077.734,VIA BALTIMORA 129/A
1211,EP,,Somministrazione,somministrazione,11,1392585.384,4989084.85,VIA BALTIMORA 129/F
1212,EP,,Somministrazione,somministrazione,12,1392454.827,4989175.192,VIA BALTIMORA 146/B
1213,EP,,DIA di somministrazione,somministrazione,22,1398170.469,4990788.951,VIA ASTI 23/E
1214,EP,,Somministrazione,somministrazione,3,1395601.525,4990799.364,VIA ASSIETTA 15/H
1215,EP,,Somministrazione,somministrazione,8,1397276.926,4991941.737,CORSO REGINA MARGHERITA 76/C
1216,EP,,Somministrazione,somministrazione,8,1397267.283,4991946.414,CORSO REGINA MARGHERITA 78/B
1217,EP,,Somministrazione,somministrazione,7,1397190.915,4991983.761,CORSO REGINA MARGHERITA 86/C
1218,EP,,Somministrazione,somministrazione,7,1397144.071,4992006.482,CORSO REGINA MARGHERITA 88 bis/D
1219,EP,,Somministrazione,somministrazione,13,1392381.059,4992196.562,CORSO FRANCIA 235/B
1220,EP,,Somministrazione,somministrazione,14,1392319.235,4992240.098,CORSO FRANCIA 236/C
1221,EP,,Somministrazione,somministrazione,13,1392323.583,4992194.213,CORSO FRANCIA 241/A
1222,EP,,Somministrazione,somministrazione,13,1392247.901,4992191.297,CORSO FRANCIA 249/F
1223,EP,,Somministrazione,somministrazione,6,1395411.573,4992783.03,CORSO REGINA MARGHERITA 161/B
1224,EP,,Somministrazione,somministrazione,7,1396300.7,4992417.503,CORSO REGINA MARGHERITA 132
1225,EP,,Somministrazione,somministrazione,7,1397091.024,4992032.332,CORSO REGINA MARGHERITA 92/A
1226,EP,,Somministrazione,somministrazione,8,1397577.409,4991795.509,CORSO REGINA MARGHERITA 56
1227,EP,,Somministrazione,somministrazione,11,1393569.11,4988598.57,CORSO GIOVANNI AGNELLI 14/D
1228,EP,,Somministrazione,somministrazione,14,1391889.785,4992222.569,CORSO FRANCIA 278/B
1229,EP,,Somministrazione,somministrazione,13,1391586.577,4992164.237,CORSO FRANCIA 305/B
1230,EP,,Somministrazione,somministrazione,13,1391559.101,4992162.9,CORSO FRANCIA 305 bis/A
1231,EP,,Somministrazione,somministrazione,13,1391547.999,4992162.395,CORSO FRANCIA 307/A
1232,EP,,Somministrazione,somministrazione,7,1395502.258,4992815.993,CORSO REGINA MARGHERITA 194
1233,EP,,Somministrazione,somministrazione,1,1395475.167,4992757.887,CORSO REGINA MARGHERITA 157/F
1234,EP,,Somministrazione,somministrazione,7,1395979.229,4992573.979,CORSO REGINA MARGHERITA 158/D
1235,EP,,DIA di somministrazione,somministrazione,8,1398127.691,4991527.495,CORSO REGINA MARGHERITA 10/A
1236,EP,,DIA di somministrazione,somministrazione,8,1398037.342,4991585.714,CORSO REGINA MARGHERITA 16
1237,EP,,Somministrazione,somministrazione,4,1393911.213,4989677.243,CORSO ADRIATICO 18/C
1238,EP,,Somministrazione,somministrazione,14,1391051.928,4992188.44,CORSO FRANCIA 358/A
1239,EP,,Somministrazione,somministrazione,14,1390995.788,4992186.161,CORSO FRANCIA 364/D
1240,EP,,DIA di somministrazione,somministrazione,13,1390573.456,4992119.101,CORSO FRANCIA 377
1241,EP,,Somministrazione,somministrazione,14,1391923.374,4992223.933,CORSO FRANCIA 274/A
1242,EP,,Somministrazione,somministrazione,6,1395165.868,4992916.871,CORSO REGINA MARGHERITA 181/E
1243,EP,,Somministrazione,somministrazione,7,1395630.184,4992744.012,CORSO REGINA MARGHERITA 186/D
1244,EP,,Somministrazione,somministrazione,8,1397897.932,4991639.34,CORSO REGINA MARGHERITA 24
1245,EP,,Somministrazione,somministrazione,13,1390861.613,4992134.61,CORSO FRANCIA 345
1246,EP,,Somministrazione,somministrazione,14,1390408.916,4992162.132,CORSO FRANCIA 448/C
1247,EP,,Somministrazione,somministrazione,15,1393361.197,4995298.299,VIA PIRANO 31/B
1248,EP,,Somministrazione,somministrazione,1,1396522.862,4990571.405,VIA ACCADEMIA ALBERTINA 37 scala B
1249,EP,,Somministrazione,somministrazione,1,1396557.255,4991580.955,VIA ACCADEMIA DELLE SCIENZE 2/D
1250,EP,,Somministrazione,somministrazione,6,1394926.61,4993033.572,CORSO REGINA MARGHERITA 205/E
1251,EP,,Somministrazione,somministrazione,6,1395288.278,4992911.022,CORSO REGINA MARGHERITA 206/D
1252,EP,,Somministrazione,somministrazione,6,1394640.068,4993173.161,CORSO REGINA MARGHERITA 225/F
1253,EP,,Somministrazione,somministrazione,6,1394608.56534523,4993188.5167206,CORSO REGINA MARGHERITA 227/F
1254,EP,,Somministrazione,somministrazione,1,1396545.843,4991536.26,VIA ACCADEMIA DELLE SCIENZE 3/L
1255,EP,,Somministrazione,somministrazione,1,1396542.715,4991553.683,VIA ACCADEMIA DELLE SCIENZE 4/C
1256,EP,,Somministrazione,somministrazione,13,1390443.823,4992117.565,CORSO FRANCIA 391/A
1257,EP,,Somministrazione,somministrazione,5,1394042.593,4992264.332,CORSO FRANCIA 79/C
1258,EP,,Somministrazione,somministrazione,6,1393980.742,4992307.595,CORSO FRANCIA 86
1259,EP,,Somministrazione,somministrazione,6,1394287.344,4993343.759,CORSO REGINA MARGHERITA 257/C
1260,EP,,Somministrazione,somministrazione,6,1394550.444,4993270.537,CORSO REGINA MARGHERITA 264/B
1261,EP,,Somministrazione,somministrazione,23,1393871.796,4985392.394,VIA CARLO PISACANE 47/C
1262,EP,,Somministrazione,somministrazione,7,1397238.479,4992227.902,VIA PISA 39
1263,EP,,DIA di somministrazione,somministrazione,19,1398613.899,4998343.091,VIA DEGLI ABETI 15
1264,EP,,Somministrazione,somministrazione,6,1393887.736,4992303.956,CORSO FRANCIA 94/B
1265,EP,,Somministrazione,somministrazione,6,1395044.091,4993029.879,CORSO REGINA MARGHERITA 222/E
1266,EP,,Somministrazione,somministrazione,15,1392542.12342613,4994281.35056969,CORSO REGINA MARGHERITA 440
1267,EP,,Somministrazione,somministrazione,6,1394430.429,4993275.25,CORSO REGINA MARGHERITA 243/B
1268,EP,,Somministrazione,somministrazione,7,1396912.834,4992727.05,VIA ALESSANDRIA 5/A
1269,EP,,Somministrazione,somministrazione,8,1397316.69,4991922.452,CORSO REGINA MARGHERITA 74/B
1270,EP,,DIA di somministrazione,somministrazione,20,1398859.959,4993905.999,PIAZZA GIUSEPPE CESARE ABBA 13
1271,EP,,Somministrazione,somministrazione,14,1391839.87,4992220.534,CORSO FRANCIA 282/E
1272,EP,,Somministrazione,somministrazione,5,1394527.116,4992283.817,CORSO FRANCIA 33/F
1273,EP,,Somministrazione,somministrazione,5,1394510.378,4992283.105,CORSO FRANCIA 35/D
1274,EP,,Somministrazione,somministrazione,13,1390736.597,4992129.516,CORSO FRANCIA 361
1275,EP,,DIA di somministrazione,somministrazione,14,1390566.073,4992206.254,CORSO FRANCIA 426
1276,EP,,Somministrazione,somministrazione,6,1394334.386,4993322.213,CORSO REGINA MARGHERITA 251/C
1277,EP,,Somministrazione,somministrazione,6,1394688.137,4993203.521,CORSO REGINA MARGHERITA 252/B
1278,EP,,Somministrazione,somministrazione,6,1394161.06852307,4993460.29539524,CORSO REGINA MARGHERITA 288/A
1279,EP,,Somministrazione,somministrazione,5,1394698.041,4992290.55,CORSO FRANCIA 21/N
1280,EP,,DIA di somministrazione,somministrazione,8,1398237.032,4991420.26,CORSO REGINA MARGHERITA 1/A
1281,EP,,Somministrazione,somministrazione,8,1397880.185,4991647.987,CORSO REGINA MARGHERITA 24/L
1282,EP,,Somministrazione,somministrazione,8,1397876.221,4991596.257,CORSO REGINA MARGHERITA 27
1283,EP,,DIA di somministrazione,somministrazione,14,1393784.204,4993649.325,CORSO REGINA MARGHERITA 330
1284,EP,,Somministrazione,somministrazione,15,1392923.518,4993817.781,CORSO REGINA MARGHERITA 371 int. 10
1285,EP,,Somministrazione,somministrazione,15,1392776.78,4993956.281,CORSO REGINA MARGHERITA 371 int. 14
1286,EP,,DIA di somministrazione,somministrazione,15,1392909.069,4994072.395,CORSO REGINA MARGHERITA 400
1287,EP,,Somministrazione,somministrazione,5,1395147.209,4992307.964,CORSO FRANCIA 1/E
1288,EP,,DIA di somministrazione,somministrazione,8,1398182.132,4991500.874,CORSO REGINA MARGHERITA 8
1289,EP,,Somministrazione,somministrazione,8,1398037.395,4991513.429,CORSO REGINA MARGHERITA 15/H
1290,EP,,DIA di somministrazione,somministrazione,6,1394013.587,4993536.719,CORSO REGINA MARGHERITA 304
1291,EP,,Somministrazione,somministrazione,6,1394456.892,4993262.442,CORSO REGINA MARGHERITA 241
1292,EP,,Somministrazione,somministrazione,6,1394694.68485866,4993200.31311802,CORSO REGINA MARGHERITA 250/C
1293,EP,,Somministrazione,somministrazione,5,1394035.472,4992264.213,CORSO FRANCIA 81/A
1294,EP,,Somministrazione,somministrazione,8,1397986.272,4991542.589,CORSO REGINA MARGHERITA 19
1295,EP,,Somministrazione,somministrazione,8,1397958.405,4991609.878,CORSO REGINA MARGHERITA 22/C
1296,EP,,Somministrazione,somministrazione,8,1397917.873,4991629.625,CORSO REGINA MARGHERITA 22/S
1297,EP,,Somministrazione,somministrazione,8,1397413.866,4991821.228,CORSO REGINA MARGHERITA 63/C
1298,EP,,Somministrazione,somministrazione,8,1397407.368,4991878.372,CORSO REGINA MARGHERITA 66/C
1299,EP,,Somministrazione,somministrazione,8,1397367.155,4991844.031,CORSO REGINA MARGHERITA 69/E
1300,EP,,DIA di somministrazione,somministrazione,6,1395017.757,4993042.787,CORSO REGINA MARGHERITA 226/A
1301,EP,,Somministrazione,somministrazione,17,1396559.95,4995621.753,VIA ALA DI STURA 61/A
1302,EP,,DIA di somministrazione,somministrazione,17,1396453.47,4995793.405,VIA ALA DI STURA 71 int. 18
1303,EP,,Somministrazione,somministrazione,8,1398157.199,4991459.212,CORSO REGINA MARGHERITA 5/A
1304,EP,,Somministrazione,somministrazione,7,1397023.762,4992065.272,CORSO REGINA MARGHERITA 96 bis/B
1305,EP,,Somministrazione,somministrazione,7,1397016.178,4992068.986,CORSO REGINA MARGHERITA 96 bis/E
1306,EP,,Somministrazione,somministrazione,8,1397046.906,4991999.994,CORSO REGINA MARGHERITA 97/B
1307,EP,,Somministrazione,somministrazione,8,1397771.125,4991647.362,CORSO REGINA MARGHERITA 37/E
1308,EP,,DIA di somministrazione,somministrazione,8,1397671.198,4991695.596,CORSO REGINA MARGHERITA 43
1309,EP,,Somministrazione,somministrazione,6,1394930.367,4993085.354,CORSO REGINA MARGHERITA 234/A
1310,EP,,DIA di somministrazione,somministrazione,4,1393695.294,4990166.062,VIA AIRASCA 2
1311,EP,,Somministrazione,somministrazione,6,1394535.034,4992329.75,CORSO FRANCIA 54/C
1312,EP,,Somministrazione,somministrazione,8,1397247.65,4991955.936,CORSO REGINA MARGHERITA 80/B
1313,EP,,Somministrazione,somministrazione,8,1397237.814,4991960.706,CORSO REGINA MARGHERITA 80/E
1314,EP,,Somministrazione,somministrazione,7,1397215.334,4991971.918,CORSO REGINA MARGHERITA 82/A
1315,EP,,Somministrazione,somministrazione,6,1395223.572,4992942.505,CORSO REGINA MARGHERITA 210 bis/C
1316,EP,,Somministrazione,somministrazione,6,1395212.652,4992947.826,CORSO REGINA MARGHERITA 212/B
1317,EP,,Somministrazione,somministrazione,6,1395267.917,4992867.191,CORSO REGINA MARGHERITA 171/D
1318,EP,,DIA di somministrazione,somministrazione,23,1392782.348,4987104.762,CORSO GIOVANNI AGNELLI 180
1319,EP,,DIA di somministrazione,somministrazione,7,1396509.589,4992927.993,LUNGO DORA AGRIGENTO 16
1320,EP,,Somministrazione,somministrazione,11,1393176.557,4987733.336,CORSO GIOVANNI AGNELLI 119/D
1321,EP,,Somministrazione,somministrazione,5,1393549.578,4992244.13,CORSO FRANCIA 131
1322,EP,,DIA di somministrazione,somministrazione,5,1393477.728,4992237.355,CORSO FRANCIA 139
1323,EP,,Somministrazione,somministrazione,13,1392671.38,4992208.429,CORSO FRANCIA 207
1324,EP,,DIA di somministrazione,somministrazione,13,1392671.38,4992208.429,CORSO FRANCIA 207
1325,EP,,DIA di somministrazione,somministrazione,7,1396691.806,4992227.158,CORSO REGINA MARGHERITA 120
1326,EP,,Somministrazione,somministrazione,7,1396686.189,4992229.977,CORSO REGINA MARGHERITA 122/A
1327,EP,,Somministrazione,somministrazione,1,1396201.368,4992412.12,CORSO REGINA MARGHERITA 127
1328,EP,,Somministrazione,somministrazione,7,1396574.55236888,4992283.95067601,CORSO REGINA MARGHERITA 128
1329,EP,,Somministrazione,somministrazione,1,1395658.968,4992676.576,CORSO REGINA MARGHERITA 151/A
1330,EP,,Somministrazione,somministrazione,7,1396032.662,4992548.12,CORSO REGINA MARGHERITA 152
1331,EP,,Somministrazione,somministrazione,7,1395981.645,4992572.801,CORSO REGINA MARGHERITA 158
1332,EP,,Somministrazione,somministrazione,5,1393782.14,4992253.591,CORSO FRANCIA 103/H
1333,EP,,DIA di somministrazione,somministrazione,14,1392780.211,4992258.892,CORSO FRANCIA 192
1334,EP,,Somministrazione,somministrazione,7,1396097.038,4992516.455,CORSO REGINA MARGHERITA 146/A
1335,EP,,Somministrazione,somministrazione,7,1396799.38,4992174.377,CORSO REGINA MARGHERITA 108/B
1336,EP,,Somministrazione,somministrazione,6,1395310.732,4992846.255,CORSO REGINA MARGHERITA 167/C
1337,EP,,Somministrazione,somministrazione,11,1393173.775,4987848.179,CORSO GIOVANNI AGNELLI 110/D
1338,EP,,Somministrazione,somministrazione,13,1392721.805,4992210.627,CORSO FRANCIA 203
1339,EP,,Somministrazione,somministrazione,13,1392220.838,4992190.308,CORSO FRANCIA 251/C
1340,EP,,Somministrazione,somministrazione,14,1392072.316,4992229.994,CORSO FRANCIA 262/H
1341,EP,,Somministrazione,somministrazione,13,1392086.983,4992183.449,CORSO FRANCIA 265/A
1342,EP,,Somministrazione,somministrazione,7,1396745.746,4992200.089,CORSO REGINA MARGHERITA 114/C
1343,EP,,Somministrazione,somministrazione,7,1396198.537,4992467.121,CORSO REGINA MARGHERITA 140/A
1344,EP,,Somministrazione,somministrazione,7,1396170.75,4992480.602,CORSO REGINA MARGHERITA 140 bis/D
1345,EP,,Somministrazione,somministrazione,7,1396130.954,4992499.902,CORSO REGINA MARGHERITA 144/B
1346,EP,,Somministrazione,somministrazione,1,1395721.309,4992646.144,CORSO REGINA MARGHERITA 145/A
1347,EP,,Somministrazione,somministrazione,1,1396511.665,4992260.756,CORSO REGINA MARGHERITA 115/A
1348,EP,,Somministrazione,somministrazione,6,1394867.685,4993008.421,VIA PRINCIPESSA CLOTILDE 52/B
1349,EP,,Somministrazione,somministrazione,13,1390524.768,4992120.881,CORSO FRANCIA 383/B
1350,EP,,Somministrazione,somministrazione,4,1393591.995,4991020.316,VIA POLLENZO 6/E
1351,EP,,Somministrazione,somministrazione,13,1391266.567,4991449.337,VIA POSTUMIA 45/D
1352,EP,,Somministrazione,somministrazione,13,1391169.67379849,4991324.92301794,VIA POSTUMIA 57 int. 73
1353,EP,,Somministrazione,somministrazione,16,1394328.044,4994340.259,CORSO POTENZA 80/D
1354,EP,,Somministrazione,somministrazione,14,1391454.077,4992204.819,CORSO FRANCIA 318/G
1355,EP,,Somministrazione,somministrazione,14,1391444.541,4992204.489,CORSO FRANCIA 320/C
1356,EP,,Somministrazione,somministrazione,4,1393561.039,4991005.498,VIA POLLENZO 10/G
1357,EP,,DIA di somministrazione,somministrazione,4,1393487.822,4990970.483,VIA POLLENZO 20/B
1358,EP,,Somministrazione,somministrazione,4,1393288.169,4990858.997,VIA POLLENZO 39
1359,EP,,Somministrazione,somministrazione,16,1394337.371,4994359.146,CORSO POTENZA 84
1360,EP,,Somministrazione,somministrazione,16,1394398.688,4994482.833,CORSO POTENZA 100/B
1361,EP,,Somministrazione,somministrazione,5,1394884.834,4992253.049,VIA PRINCIPI D'ACAJA 19
1362,EP,,Somministrazione,somministrazione,5,1394880.149,4992243.925,VIA PRINCIPI D'ACAJA 23/B
1363,EP,,Somministrazione,somministrazione,5,1394872.287,4992228.683,VIA PRINCIPI D'ACAJA 25/B
1364,EP,,Somministrazione,somministrazione,5,1394868.453,4992221.244,VIA PRINCIPI D'ACAJA 27/A
1365,EP,,Somministrazione,somministrazione,5,1394817.48,4992123.753,VIA PRINCIPI D'ACAJA 33/F
1366,EP,,Somministrazione,somministrazione,5,1394720.406,4991981.95,VIA PRINCIPI D'ACAJA 34/B
1367,EP,,DIA di somministrazione,somministrazione,13,1392003.243,4992181.166,CORSO FRANCIA 275/B
1368,EP,,Somministrazione,somministrazione,14,1391545.65,4992208.356,CORSO FRANCIA 310/A
1369,EP,,Somministrazione,somministrazione,13,1391473.749,4992159.425,CORSO FRANCIA 313/A
1370,EP,,Somministrazione,somministrazione,15,1394626.353,4995066.199,CORSO POTENZA 155/A
1371,EP,,DIA di somministrazione,somministrazione,15,1394668.023,4995164.061,CORSO POTENZA 167
1372,EP,,Somministrazione,somministrazione,15,1394668.023,4995164.061,CORSO POTENZA 167
1373,EP,,Somministrazione,somministrazione,5,1394747.677,4991989.573,VIA PRINCIPI D'ACAJA 41 bis/B
1374,EP,,Somministrazione,somministrazione,5,1394678.917,4991856.375,VIA PRINCIPI D'ACAJA 57/B
1375,EP,,Somministrazione,somministrazione,13,1392906.73,4992218.341,CORSO FRANCIA 177/A
1376,EP,,Somministrazione,somministrazione,3,1394479.869,4990513.212,VIA MARCO POLO 36/B
1377,EP,,Somministrazione,somministrazione,3,1394396.2679721,4990543.85589409,VIA MARCO POLO 41/E
1378,EP,,DIA di somministrazione,somministrazione,15,1393435.465,4994303.651,VIA ANDREA POZZO 8
1379,EP,,DIA di somministrazione,somministrazione,13,1392040.267,4992097.792,VIA POZZO STRADA 12 int. 3
1380,EP,,DIA di somministrazione,somministrazione,5,1393296.863,4991628.5,VIA PRAGELATO 5
1381,EP,,Somministrazione,somministrazione,13,1392480.665,4992200.698,CORSO FRANCIA 227/C
1382,EP,,Somministrazione,somministrazione,13,1392412.243,4992198.206,CORSO FRANCIA 233/B
1383,EP,,Somministrazione,somministrazione,5,1393809.061,4992254.664,CORSO FRANCIA 103/A
1384,EP,,Somministrazione,somministrazione,5,1393425.692,4991553.467,VIA PRALI 22/C
1385,EP,,Somministrazione,somministrazione,13,1390601.485,4991129.726,STRADA DELLA PRONDA 127 int. 2
1386,EP,,Somministrazione,somministrazione,23,1391532.205,4986277.509,VIA POMARETTO 6 scala A
1387,EP,,DIA di somministrazione,somministrazione,1,1396021.75248402,4991475.01352019,VIA GIOVANNI PRATI 5
1388,EP,,Somministrazione,somministrazione,7,1396546.73744935,4992349.04871726,VIA CLEMENTE DAMIANO PRIOCCA 0/A
1389,EP,,Somministrazione,somministrazione,7,1396742.804,4992598.115,VIA CLEMENTE DAMIANO PRIOCCA 30/A
1390,EP,,Somministrazione,somministrazione,13,1391345.927,4991329.924,STRADA DELLA PRONDA 15/B
1391,EP,,DIA di somministrazione,somministrazione,5,1394124.461,4992267.052,CORSO FRANCIA 73
1392,EP,,Somministrazione,somministrazione,5,1393953.456,4992260.695,CORSO FRANCIA 87/E
1393,EP,,Somministrazione,somministrazione,5,1395117.653,4992306.821,CORSO FRANCIA 3/A
1394,EP,,Somministrazione,somministrazione,6,1395056.767,4992353.532,CORSO FRANCIA 6/D
1395,EP,,DIA di somministrazione,somministrazione,15,1392266.937,4995148.754,VIA DELLE PRIMULE 7
1396,EP,,Somministrazione,somministrazione,10,1393084.98,4986341.229,VIA PIOBESI 3/B
1397,EP,,DIA di somministrazione,somministrazione,19,1398620.955,4997799.366,VIA DEI PIOPPI 19/A
1398,EP,,DIA di somministrazione,somministrazione,7,1396654.641,4992466.875,VIA ANDREA PISANO 6
1399,EP,,DIA di somministrazione,somministrazione,1,1396432.29346536,4991480.65990599,VIA PRINCIPE AMEDEO 2/E
1400,EP,,Somministrazione,somministrazione,10,1393594.792,4986073.285,VIA PIO VII 140
1401,EP,,Somministrazione,somministrazione,12,1392361.951,4988336.819,PIAZZA PITAGORA 17/B
1402,EP,,DIA di somministrazione,somministrazione,22,1397228.698,4988333.701,STRADA DEL PONTE ISABELLA A S. VITO 116 int. 14
1403,EP,,Somministrazione,somministrazione,1,1396634.254,4991367.67,VIA PRINCIPE AMEDEO 14/D
1404,EP,,Somministrazione,somministrazione,1,1396985.744,4991172.204,VIA PRINCIPE AMEDEO 38/A
1405,EP,,Somministrazione,somministrazione,1,1397002.062,4991163.005,VIA PRINCIPE AMEDEO 38
1406,EP,,Somministrazione,somministrazione,1,1397030.603,4991160.131,VIA PRINCIPE AMEDEO 41/A
1407,EP,,Somministrazione,somministrazione,10,1393792.511,4986529.826,VIA PIO VII 84/A
1408,EP,,DIA di somministrazione,somministrazione,1,1397159.652,4991018.774,VIA GIOVANNI PLANA 2
1409,EP,,Somministrazione,somministrazione,1,1397083.013,4990919.911,VIA GIOVANNI PLANA 7/G
1410,EP,,DIA di somministrazione,somministrazione,1,1395698.187,4991263.815,VIA MICHELE PONZA 4
1411,EP,,Somministrazione,somministrazione,19,1397388.905,4995070.986,VIA NICOLA PORPORA 6
1412,EP,,DIA di somministrazione,somministrazione,1,1397078.81,4991120.234,VIA PRINCIPE AMEDEO 48
1413,EP,,Somministrazione,somministrazione,1,1395769.161,4992621.144,CORSO PRINCIPE EUGENIO 2/A
1414,EP,,Somministrazione,somministrazione,1,1395759.31614583,4992566.1671875,CORSO PRINCIPE EUGENIO 3/A
1415,EP,,Somministrazione,somministrazione,10,1393666.284,4986245.502,VIA PIO VII 114/B
1416,EP,,DIA di somministrazione,somministrazione,19,1398614.839,4997663.38,VIA DEI PLATANI 11
1417,EP,,Somministrazione,somministrazione,19,1397555.948,4994797.521,VIA NICOLA PORPORA 30/E
1418,EP,,Somministrazione,somministrazione,1,1395431.472,4992516.042,CORSO PRINCIPE EUGENIO 34/C
1419,EP,,Somministrazione,somministrazione,6,1395271.747,4992504.645,CORSO PRINCIPE ODDONE 1/A
1420,EP,,Somministrazione,somministrazione,1,1395372.644,4992586.643,CORSO PRINCIPE ODDONE 14/F
1421,EP,,DIA di somministrazione,somministrazione,6,1395385.811,4992720.424,CORSO PRINCIPE ODDONE 19
1422,EP,,DIA di somministrazione,somministrazione,23,1390328.027,4986491.846,VIA PLAVA 177
1423,EP,,Somministrazione,somministrazione,1,1396702.589,4991599.732,VIA PO 3/A
1424,EP,,Somministrazione,somministrazione,1,1396718.317,4991584.9,VIA PO 5/A
1425,EP,,Somministrazione,somministrazione,1,1396747.77,4991515.993,VIA PO 8
1426,EP,,Somministrazione,somministrazione,20,1397679.07,4994590.731,VIA NICOLA PORPORA 44 bis/D
1427,EP,,Somministrazione,somministrazione,7,1396667.996,4992520.802,VIA CARLO ANTONIO PORPORATI 8
1428,EP,,DIA di somministrazione,somministrazione,1,1395435.897,4992708.559,CORSO PRINCIPE ODDONE 24
1429,EP,,Somministrazione,somministrazione,7,1395599.885,4993026.303,CORSO PRINCIPE ODDONE 42/D
1430,EP,,Somministrazione,somministrazione,7,1395752.532,4993321.749,CORSO PRINCIPE ODDONE 66/B
1431,EP,,Somministrazione,somministrazione,1,1396825.579,4991442.247,VIA PO 14/G
1432,EP,,Somministrazione,somministrazione,1,1396837.557,4991430.337,VIA PO 14 bis/A
1433,EP,,Somministrazione,somministrazione,1,1396950.811,4991322.947,VIA PO 22/A
1434,EP,,Somministrazione,somministrazione,1,1396894.625,4991418.266,VIA PO 25/I
1435,EP,,Somministrazione,somministrazione,1,1396911.233,4991402.564,VIA PO 27/C
1436,EP,,DIA di somministrazione,somministrazione,19,1397809.683,4995367.848,VIA CARLO PORTA 6
1437,EP,,Somministrazione,somministrazione,1,1396341.022,4991852.592,VIA PORTA PALATINA 4/A
1438,EP,,Somministrazione,somministrazione,1,1396403.523,4991994.158,VIA PORTA PALATINA 13/D
1439,EP,,Somministrazione,somministrazione,7,1395838.207,4993487.028,CORSO PRINCIPE ODDONE 80/D
1440,EP,,Somministrazione,somministrazione,7,1395848.415,4993503.587,CORSO PRINCIPE ODDONE 82/E
1441,EP,,Somministrazione,somministrazione,2,1396363.064,4990525.227,VIA PRINCIPE TOMMASO 2 bis/B
1442,EP,,Somministrazione,somministrazione,2,1396308.373,4990417.559,VIA PRINCIPE TOMMASO 8
1443,EP,,Somministrazione,somministrazione,1,1397007.045,4991269.837,VIA PO 28/D
1444,EP,,Somministrazione,somministrazione,1,1397027.284,4991251.359,VIA PO 30/C
1445,EP,,Somministrazione,somministrazione,1,1396979.657,4991337.863,VIA PO 35/B
1446,EP,,Somministrazione,somministrazione,1,1397018.749,4991300.992,VIA PO 37/B
1447,EP,,Somministrazione,somministrazione,1,1397069.699,4991211.903,VIA PO 40/A
1448,EP,,Somministrazione,somministrazione,1,1397069.963,4991251.831,VIA PO 43/B
1449,EP,,DIA di somministrazione,somministrazione,1,1397073.584,4991248.411,VIA PO 43
1450,EP,,Somministrazione,somministrazione,1,1397121.642,4991162.593,VIA PO 46/E
1451,EP,,Somministrazione,somministrazione,1,1397154.328,4991131.739,VIA PO 52/B
1452,EP,,Somministrazione,somministrazione,1,1397164.09,4991122.525,VIA PO 52/E
1453,EP,,DIA di somministrazione,somministrazione,12,1390712.463,4987634.106,STRADA DEL PORTONE 24
1454,EP,,Somministrazione,somministrazione,2,1396294.26,4990389.94,VIA PRINCIPE TOMMASO 12/D
1455,EP,,Somministrazione,somministrazione,2,1396268.702,4990313.318,VIA PRINCIPE TOMMASO 17
1456,EP,,Somministrazione,somministrazione,2,1396220.089,4990243.629,VIA PRINCIPE TOMMASO 18 bis
1457,EP,,DIA di somministrazione,somministrazione,2,1396220.089,4990243.629,VIA PRINCIPE TOMMASO 18 bis
1458,EP,,Somministrazione,somministrazione,2,1396174.06,4990152.023,VIA PRINCIPE TOMMASO 26
1459,EP,,Somministrazione,somministrazione,13,1392787.648,4992213.393,CORSO FRANCIA 195/D
1460,EP,,Somministrazione,somministrazione,13,1392123.056,4992186.023,CORSO FRANCIA 263/C
1461,EP,,Somministrazione,somministrazione,13,1391560.238,4991461.763,VIA POSTUMIA 19
1462,EP,,DIA di somministrazione,somministrazione,10,1393635.744,4987595.639,VIA POIRINO 9
1463,EP,,Somministrazione,somministrazione,1,1396885.172,4990481.619,VIA DELLA ROCCA 34/A
1464,EP,,Somministrazione,somministrazione,4,1393513.49,4990225.422,CORSO RACCONIGI 196/B
1465,EP,,Somministrazione,somministrazione,1,1396910.051,4990507.396,VIA DELLA ROCCA 39/G
1466,EP,,Somministrazione,somministrazione,1,1396904.604,4990497.114,VIA DELLA ROCCA 39/L
1467,EP,,Somministrazione,somministrazione,4,1393528.231,4990329.165,LARGO RACCONIGI 189/B
1468,EP,,Somministrazione,somministrazione,4,1393478.252,4990254.923,LARGO RACCONIGI 192/A
1469,EP,,Somministrazione,somministrazione,2,1395771.741,4989619.377,CORSO RAFFAELLO 6/A
1470,EP,,Somministrazione,somministrazione,20,1398921.271,4993967.85,CORSO REGIO PARCO 150
1471,EP,,Somministrazione,somministrazione,17,1395789.325,4994638.915,VIA ROCCAVIONE CONTE DI 21/B
1472,EP,,Somministrazione,somministrazione,2,1395928.501,4989541.005,CORSO RAFFAELLO 18/A
1473,EP,,DIA di somministrazione,somministrazione,7,1397126.8679438,4992279.02586762,LARGO REGIO PARCO 11
1474,EP,,Somministrazione,somministrazione,19,1397440.767,4995618.748,VIA GUGLIELMO REISS ROMOLI 6/B
1475,EP,,DIA di somministrazione,somministrazione,12,1392154.439,4988614.748,VIA RAGUSA 27/A
1476,EP,,DIA di somministrazione,somministrazione,17,1396823.565,4995897.366,VIA GUGLIELMO REISS ROMOLI 88/E
1477,EP,,Somministrazione,somministrazione,17,1396683.87,4995958.918,VIA GUGLIELMO REISS ROMOLI 108/C
1478,EP,,DIA di somministrazione,somministrazione,8,1398187.824,4991610.939,VIA BETTINO RICASOLI 15
1479,EP,,Somministrazione,somministrazione,1,1395940.425,4991698.245,VIA RODI 4/B
1480,EP,,Somministrazione,somministrazione,1,1397339.877,4991356.779,VIA ERCOLE TOMMASO ROERO DI CORTANZE 4
1481,EP,,Somministrazione,somministrazione,1,1396246.197,4990868.316,VIA URBANO RATTAZZI 1/F
1482,EP,,Somministrazione,somministrazione,1,1396243.143,4990882.499,VIA URBANO RATTAZZI 2/H
1483,EP,,Somministrazione,somministrazione,7,1395629.18,4993030.582,VIA RAVENNA 1/H
1484,EP,,DIA di somministrazione,somministrazione,17,1396824.59838089,4996180.92010843,VIA GUGLIELMO REISS ROMOLI 122 int. 10 int. D
1485,EP,,DIA di somministrazione,somministrazione,17,1396365.28,4995996.618,VIA GUGLIELMO REISS ROMOLI 149
1486,EP,,Somministrazione,somministrazione,1,1396379.845,4991484.657,VIA ROMA 86
1487,EP,,DIA di somministrazione,somministrazione,8,1398790.332,4992399.097,VIA AMEDEO RAVINA 28/D
1488,EP,,Somministrazione,somministrazione,17,1396006.952,4994133.227,VIA DEL RIDOTTO 12/B
1489,EP,,Somministrazione,somministrazione,17,1395892.307,4994177.27,VIA DEL RIDOTTO 22/E
1490,EP,,Somministrazione,somministrazione,6,1394093.682,4992933.116,VIA ROCCIAMELONE 12/A
1491,EP,,DIA di somministrazione,somministrazione,12,1392110.542,4989643.798,VIA GUIDO RENI 62
1492,EP,,Somministrazione,somministrazione,13,1390548.371,4992086.078,VIA RIETI 4
1493,EP,,Somministrazione,somministrazione,1,1396786.717,4990746.821,VIA ANDREA PROVANA 3/B
1494,EP,,Somministrazione,somministrazione,1,1395700.919,4991062.039,CORSO RE UMBERTO 11/G
1495,EP,,Somministrazione,somministrazione,3,1395633.197,4990933.089,CORSO RE UMBERTO 19/G
1496,EP,,Somministrazione,somministrazione,3,1395501.031,4990682.21,CORSO RE UMBERTO 33/B
1497,EP,,Somministrazione,somministrazione,3,1395399.861,4990599.126,CORSO RE UMBERTO 34/B
1498,EP,,Somministrazione,somministrazione,1,1395703.643,4992205.725,VIA DEI QUARTIERI 2/D
1499,EP,,Somministrazione,somministrazione,1,1395744.688,4992283.494,VIA DEI QUARTIERI 6/L
1500,EP,,Somministrazione,somministrazione,3,1395306.402,4990421.128,CORSO RE UMBERTO 46
1501,EP,,Somministrazione,somministrazione,23,1394135.029,4985209.917,VIA FRANCESCO RISMONDO 10/D
1502,EP,,Somministrazione,somministrazione,3,1394801.468,4989694.492,LARGO RE UMBERTO 114/E
1503,EP,,Somministrazione,somministrazione,5,1393629.258,4992115.018,CORSO RACCONIGI 13/C
1504,EP,,Somministrazione,somministrazione,5,1393554.57604167,4991986.471875,CORSO RACCONIGI 18
1505,EP,,Somministrazione,somministrazione,5,1393597.501,4992005.656,CORSO RACCONIGI 21/C
1506,EP,,DIA di somministrazione,somministrazione,19,1397271.253,4995171.286,PIAZZA REBAUDENGO CONTI 5/B
1507,EP,,DIA di somministrazione,somministrazione,19,1397288.839,4995203.648,PIAZZA REBAUDENGO CONTI 7
1508,EP,,Somministrazione,somministrazione,19,1397288.839,4995203.648,PIAZZA REBAUDENGO CONTI 7
1509,EP,,Somministrazione,somministrazione,5,1393501.153,4991801.995,CORSO RACCONIGI 30/B
1510,EP,,DIA di somministrazione,somministrazione,5,1393537.353,4991795.505,CORSO RACCONIGI 31
1511,EP,,Somministrazione,somministrazione,5,1393520.38,4991739.374,CORSO RACCONIGI 39/C
1512,EP,,Somministrazione,somministrazione,4,1393450.208,4990282.75,VIA RODOLFO RENIER 1/D
1513,EP,,Somministrazione,somministrazione,5,1393404.022,4991337.762,CORSO RACCONIGI 83/A
1514,EP,,Somministrazione,somministrazione,5,1393400.681,4991325.79,CORSO RACCONIGI 85/B
1515,EP,,Somministrazione,somministrazione,5,1393381.43,4991258.364,CORSO RACCONIGI 91/E
1516,EP,,Somministrazione,somministrazione,4,1393374.381,4991008.079,CORSO RACCONIGI 117/D
1517,EP,,DIA di somministrazione,somministrazione,18,1397695.117,4992934.326,VIA GIUSEPPE REGALDI 7 int. 10
1518,EP,,DIA di somministrazione,somministrazione,4,1393039.113,4990473.207,VIA RODOLFO RENIER 58 int. 5
1519,EP,,Somministrazione,somministrazione,1,1396319.92,4992222.79,PIAZZA DELLA REPUBBLICA 1 bis/C
1520,EP,,Somministrazione,somministrazione,1,1396291.443,4992295.202,PIAZZA DELLA REPUBBLICA 5/D
1521,EP,,Somministrazione,somministrazione,1,1396454.22,4992215.335,PIAZZA DELLA REPUBBLICA 6
1522,EP,,Somministrazione,somministrazione,1,1396493.757,4992243.081,PIAZZA DELLA REPUBBLICA 10/A
1523,EP,,Somministrazione,somministrazione,7,1397300.048,4992098.199,VIA REGGIO 4/Q
1524,EP,,Somministrazione,somministrazione,7,1397294.282,4992111.388,VIA REGGIO 5/H
1525,EP,,Somministrazione,somministrazione,7,1397322.354,4992131.249,VIA REGGIO 6 bis/A
1526,EP,,Somministrazione,somministrazione,7,1396535.881,4992374.713,PIAZZA DELLA REPUBBLICA 14/B
1527,EP,,Somministrazione,somministrazione,7,1396395.716,4992466.843,PIAZZA DELLA REPUBBLICA 15/C
1528,EP,,Somministrazione,somministrazione,7,1396526.548,4992401.763,PIAZZA DELLA REPUBBLICA 16/B
1529,EP,,Somministrazione,somministrazione,7,1396400.558,4992374.804,PIAZZA DELLA REPUBBLICA 25
1530,EP,,Somministrazione,somministrazione,1,1396473.232,4992251.872,PIAZZA DELLA REPUBBLICA 26 int. 5
1531,EP,,Somministrazione,somministrazione,1,1396440.727,4992233.646,PIAZZA DELLA REPUBBLICA 26 int. 15
1532,EP,,Somministrazione,somministrazione,14,1393216.748,4992326.106,PIAZZA RIVOLI 12/B
1533,EP,,DIA di somministrazione,somministrazione,4,1393377.876,4990695.093,CORSO RACCONIGI 143
1534,EP,,Somministrazione,somministrazione,4,1393378.222,4990665.722,CORSO RACCONIGI 147/B
1535,EP,,Somministrazione,somministrazione,4,1393420.235,4990524.723,CORSO RACCONIGI 157/B
1536,EP,,Somministrazione,somministrazione,4,1393374.357,4990539.293,CORSO RACCONIGI 160/A
1537,EP,,Somministrazione,somministrazione,4,1393451.908,4990453.277,CORSO RACCONIGI 169/D
1538,EP,,Somministrazione,somministrazione,7,1397162.293,4992255.181,CORSO REGIO PARCO 20
1539,EP,,Somministrazione,somministrazione,7,1397241.354,4992303.158,CORSO REGIO PARCO 24/M
1540,EP,,Somministrazione,somministrazione,7,1397281.486,4992327.531,CORSO REGIO PARCO 28/A
1541,EP,,Somministrazione,somministrazione,1,1397420.768,4991270.294,CORSO S. MAURIZIO 40/A
1542,EP,,Somministrazione,somministrazione,1,1397493.082,4991163.847,CORSO S. MAURIZIO 46/C
1543,EP,,Somministrazione,somministrazione,8,1397296.442,4991541.032,CORSO S. MAURIZIO 47/A
1544,EP,,Somministrazione,somministrazione,8,1397339.119,4991477.903,CORSO S. MAURIZIO 51/G
1545,EP,,Somministrazione,somministrazione,2,1396127.985,4990223.547,VIA S. ANSELMO 30
1546,EP,,Somministrazione,somministrazione,1,1396511.25,4990792.272,VIA S. FRANCESCO DA PAOLA 27
1547,EP,,Somministrazione,somministrazione,1,1396449.889,4990671.545,VIA S. FRANCESCO DA PAOLA 37
1548,EP,,DIA di somministrazione,somministrazione,8,1397519.393,4991210.834,CORSO S. MAURIZIO 71
1549,EP,,Somministrazione,somministrazione,20,1399730.127,4994847.681,STRADA S. MAURO 17/C
1550,EP,,DIA di somministrazione,somministrazione,20,1399862.16,4994841.77,STRADA S. MAURO 32
1551,EP,,Somministrazione,somministrazione,4,1393737.164,4989885.98,CORSO CARLO E NELLO ROSSELLI 133
1552,EP,,Somministrazione,somministrazione,4,1393409.632,4989941.441,CORSO CARLO E NELLO ROSSELLI 155 int. 3
1553,EP,,Somministrazione,somministrazione,1,1394932.529,4991504.879,VIA S. ANTONIO DA PADOVA 14/H
1554,EP,,Somministrazione,somministrazione,20,1400224.994,4994894.911,STRADA S. MAURO 74/A
1555,EP,,Somministrazione,somministrazione,1,1396476.827,4991993.587,PIAZZA S. GIOVANNI 5
1556,EP,,Somministrazione,somministrazione,20,1401153.888,4995056.09,STRADA S. MAURO 171/A
1557,EP,,Somministrazione,somministrazione,18,1397318.377,4994293.984,VIA LAURO ROSSI 3
1558,EP,,Somministrazione,somministrazione,1,1396297.891,4991402.036,PIAZZA S. CARLO 156
1559,EP,,Somministrazione,somministrazione,1,1396359.788,4991321.178,PIAZZA S. CARLO 177
1560,EP,,Somministrazione,somministrazione,1,1396253.531,4991318.226,PIAZZA S. CARLO 204
1561,EP,,DIA di somministrazione,somministrazione,1,1396280.228,4992140.051,VIA S. CHIARA 1
1562,EP,,DIA di somministrazione,somministrazione,8,1397352.153,4991763.769,VIA S. GIULIA 21/A
1563,EP,,Somministrazione,somministrazione,8,1397352.153,4991763.769,VIA S. GIULIA 21/A
1564,EP,,Somministrazione,somministrazione,8,1397379.154,4991738.443,VIA S. GIULIA 21 bis/F
1565,EP,,Somministrazione,somministrazione,8,1397432.122,4991672.331,VIA S. GIULIA 32/F
1566,EP,,Somministrazione,somministrazione,8,1397480.492,4991643.409,VIA S. GIULIA 33/G
1567,EP,,DIA di somministrazione,somministrazione,8,1397472.896,4991634.016,VIA S. GIULIA 34/D
1568,EP,,Somministrazione,somministrazione,18,1397049.742,4994427.354,VIA LAURO ROSSI 28/A
1569,EP,,Somministrazione,somministrazione,18,1397013.094,4994443.356,VIA LAURO ROSSI 32/E
1570,EP,,Somministrazione,somministrazione,1,1395966.163,4992290.587,VIA S. CHIARA 13/F
1571,EP,,Somministrazione,somministrazione,1,1397129.692,4991223.259,VIA S. OTTAVIO 2/D
1572,EP,,Somministrazione,somministrazione,1,1397174.1850595,4991272.68233338,VIA S. OTTAVIO 12
1573,EP,,Somministrazione,somministrazione,1,1397277.402,4991476.85,VIA S. OTTAVIO 27
1574,EP,,Somministrazione,somministrazione,1,1397023.833,4991566.436,VIA GIOACHINO ROSSINI 14/I
1575,EP,,DIA di somministrazione,somministrazione,1,1396758.41,4991129.967,VIA S. CROCE 4
1576,EP,,Somministrazione,somministrazione,8,1397695.878,4991538.322,PIAZZA S. GIULIA 4/F
1577,EP,,Somministrazione,somministrazione,8,1397681.037,4991604.11,PIAZZA S. GIULIA 9/A
1578,EP,,Somministrazione,somministrazione,1,1395936.075,4991942.164,VIA S. DALMAZZO 7
1579,EP,,Somministrazione,somministrazione,1,1396258.078,4992075.214,VIA S. DOMENICO 2/A
1580,EP,,Somministrazione,somministrazione,1,1396227.705,4992084.277,VIA S. DOMENICO 4/E
1581,EP,,DIA di somministrazione,somministrazione,22,1398175.461,4990114.645,STRADA S. MARGHERITA 136
1582,EP,,DIA di somministrazione,somministrazione,23,1390387.479,4986227.656,VIA GIOVANNI ROVEDA 18/C
1583,EP,,DIA di somministrazione,somministrazione,1,1396115.5,4992138.08,VIA S. DOMENICO 14/E
1584,EP,,Somministrazione,somministrazione,1,1396115.5,4992138.08,VIA S. DOMENICO 14/E
1585,EP,,DIA di somministrazione,somministrazione,12,1391905.961,4989155.213,VIA GIUSEPPE ROMITA 19
1586,EP,,Somministrazione,somministrazione,11,1392800.166,4989200.672,VIA ROVERETO 79
1587,EP,,Somministrazione,somministrazione,6,1395174.217,4992547.326,VIA S. DONATO 8/A
1588,EP,,DIA di somministrazione,somministrazione,13,1392010.844,4990325.934,VIA S. MARIA MAZZARELLO 98
1589,EP,,DIA di somministrazione,somministrazione,11,1393429.608,4987951.925,VIA S. MARINO 31
1590,EP,,Somministrazione,somministrazione,22,1396682.37750399,4987054.19704616,STRADA DEI RONCHI 4
1591,EP,,Somministrazione,somministrazione,6,1395135.96,4992589.431,VIA S. DONATO 10/D
1592,EP,,Somministrazione,somministrazione,6,1395140.686,4992584.229,VIA S. DONATO 10
1593,EP,,Somministrazione,somministrazione,6,1395036.529,4992671.949,VIA S. DONATO 21 bis/G
1594,EP,,DIA di somministrazione,somministrazione,11,1393190.006,4988132.865,VIA S. MARINO 58/B
1595,EP,,Somministrazione,somministrazione,6,1394964.455,4992739.288,VIA S. DONATO 38/G
1596,EP,,Somministrazione,somministrazione,6,1394942.741,4992753.054,VIA S. DONATO 40/F
1597,EP,,Somministrazione,somministrazione,6,1394880.08,4992792.699,VIA S. DONATO 46/A
1598,EP,,Somministrazione,somministrazione,6,1394853.176,4992809.863,VIA S. DONATO 48/A
1599,EP,,Somministrazione,somministrazione,6,1394783.80989583,4992854.15260417,VIA S. DONATO 54/E
1600,EP,,Somministrazione,somministrazione,11,1392903.559,4988253.969,VIA S. MARINO 95/D
1601,EP,,DIA di somministrazione,somministrazione,11,1392805.748,4988304.302,VIA S. MARINO 107
1602,EP,,Somministrazione,somministrazione,11,1392750.566,4988354.424,VIA S. MARINO 108/C
1603,EP,,Somministrazione,somministrazione,11,1392731.568,4988364.052,VIA S. MARINO 112/A
1604,EP,,Somministrazione,somministrazione,1,1395283.084,4992271.844,CORSO S. MARTINO 0/B
1605,EP,,DIA di somministrazione,somministrazione,18,1397206.703,4994576.878,VIA RONDISSONE 6
1606,EP,,Somministrazione,somministrazione,6,1394706.083,4992886.108,VIA S. DONATO 55/E
1607,EP,,Somministrazione,somministrazione,6,1394735.559,4992885.027,VIA S. DONATO 62/A
1608,EP,,Somministrazione,somministrazione,6,1394439.805,4993073.743,VIA S. DONATO 82 bis/C
1609,EP,,Somministrazione,somministrazione,1,1395231.111,4992171.51,CORSO S. MARTINO 8
1610,EP,,Somministrazione,somministrazione,10,1393865.403,4987697.821,VIA ROSARIO SANTA FE' 23
1611,EP,,DIA di somministrazione,somministrazione,8,1398861.611,4991787.202,VIA ROSAZZA 2/B
1612,EP,,Somministrazione,somministrazione,1,1396066.63,4992010.842,VIA S. AGOSTINO 4/D
1613,EP,,Somministrazione,somministrazione,1,1396145.811,4992171.78,VIA S. AGOSTINO 17/C
1614,EP,,Somministrazione,somministrazione,1,1396944.404,4991122.74,VIA S. MASSIMO 13/A
1615,EP,,Somministrazione,somministrazione,1,1396922.873,4991082.959,VIA S. MASSIMO 17/D
1616,EP,,Somministrazione,somministrazione,1,1396702.867,4990698.37,VIA S. MASSIMO 30/A
1617,EP,,Somministrazione,somministrazione,1,1396832.271,4990914.613,VIA S. MASSIMO 31 bis/C
1618,EP,,Somministrazione,somministrazione,1,1396647.797,4990595.683,VIA S. MASSIMO 38/F
1619,EP,,Somministrazione,somministrazione,1,1397077.296,4991150.253,VIA DELLE ROSINE 1 bis/F
1620,EP,,Somministrazione,somministrazione,1,1397040.487,4991105.145,VIA DELLE ROSINE 6/F
1621,EP,,DIA di somministrazione,somministrazione,1,1396971.169,4990975.275,VIA DELLE ROSINE 16/A
1622,EP,,Somministrazione,somministrazione,1,1396136.026,4992140.726,VIA S. AGOSTINO 18
1623,EP,,Somministrazione,somministrazione,1,1396167.811,4992214.098,VIA S. AGOSTINO 23/C
1624,EP,,Somministrazione,somministrazione,1,1396182.065,4992246.506,VIA S. AGOSTINO 23/Q
1625,EP,,Somministrazione,somministrazione,1,1396188.41,4992235.533,VIA S. AGOSTINO 28/E
1626,EP,,Somministrazione,somministrazione,1,1396197.494,4992250.974,VIA S. AGOSTINO 30/A
1627,EP,,Somministrazione,somministrazione,13,1392399.01261521,4992177.08016734,VIA S. AMBROGIO 3/B
1628,EP,,Somministrazione,somministrazione,1,1396167.477,4991849.935,VIA S. FRANCESCO D'ASSISI 2 bis/A
1629,EP,,Somministrazione,somministrazione,1,1396161.592,4991839.358,VIA S. FRANCESCO D'ASSISI 2 bis/D
1630,EP,,Somministrazione,somministrazione,1,1396174.255,4991836.282,VIA S. FRANCESCO D'ASSISI 3/C
1631,EP,,Somministrazione,somministrazione,1,1396101.911,4991706.297,VIA S. FRANCESCO D'ASSISI 17/B
1632,EP,,Somministrazione,somministrazione,1,1396085.585,4991703.378,VIA S. FRANCESCO D'ASSISI 18/A
1633,EP,,DIA di somministrazione,somministrazione,1,1396022.5,4991566.3,VIA S. FRANCESCO D'ASSISI 23/C
1634,EP,,Somministrazione,somministrazione,1,1396022.5,4991566.3,VIA S. FRANCESCO D'ASSISI 23/C
1635,EP,,Somministrazione,somministrazione,1,1396004.834,4991530.103,VIA S. FRANCESCO D'ASSISI 27/B
1636,EP,,Somministrazione,somministrazione,1,1396661.173,4990578.809,VIA S. MASSIMO 47 scala A
1637,EP,,Somministrazione,somministrazione,3,1394580.972,4989629.877,CORSO CARLO E NELLO ROSSELLI 54/A
1638,EP,,Somministrazione,somministrazione,2,1396279.356,4990588.969,VIA S. ANSELMO 2/G
1639,EP,,Somministrazione,somministrazione,1,1396772.27,4991330.181,VIA S. FRANCESCO DA PAOLA 8/D
1640,EP,,Somministrazione,somministrazione,1,1396735.218,4991232.127,VIA S. FRANCESCO DA PAOLA 9/B
1641,EP,,DIA di somministrazione,somministrazione,1,1396667.727,4991100.189,VIA S. FRANCESCO DA PAOLA 17
1642,EP,,DIA di somministrazione,somministrazione,8,1397093.467,4991841.619,CORSO S. MAURIZIO 19/C
1643,EP,,Somministrazione,somministrazione,3,1394270.212,4989704.908,CORSO CARLO E NELLO ROSSELLI 83/B
1644,EP,,Somministrazione,somministrazione,3,1394288.655,4989730.33,CORSO CARLO E NELLO ROSSELLI 86/D
1645,EP,,Somministrazione,somministrazione,3,1394225.537,4989720.392,CORSO CARLO E NELLO ROSSELLI 89/H
1646,EP,,Somministrazione,somministrazione,2,1396157.235,4990282.509,VIA S. ANSELMO 19 bis/B
1647,EP,,Somministrazione,somministrazione,2,1396159.322,4990289.748,VIA S. ANSELMO 19 bis
1648,EP,,Somministrazione,somministrazione,2,1396129.349,4990186.857,VIA S. ANSELMO 27/A
1649,EP,,Somministrazione,somministrazione,22,1396028.165,4988297.79,PIAZZA MUZIO SCEVOLA 2
1650,EP,,Somministrazione,somministrazione,3,1395762.204,4990757.917,VIA S. SECONDO 7/E
1651,EP,,Somministrazione,somministrazione,3,1395737.314,4990711.098,VIA S. SECONDO 9
1652,EP,,Somministrazione,somministrazione,3,1395723.795,4990709.601,VIA S. SECONDO 10/G
1653,EP,,DIA di somministrazione,somministrazione,18,1397422.614,4994504.781,VIA SALASSA 1/D
1654,EP,,Somministrazione,somministrazione,14,1392624.161,4992278.824,VIA SALBERTRAND 3/B
1655,EP,,DIA di somministrazione,somministrazione,19,1397848.454,4995645.947,VIA ROCCO SCOTELLARO 19
1656,EP,,Somministrazione,somministrazione,3,1395668.451,4990581.0,VIA S. SECONDO 17
1657,EP,,Somministrazione,somministrazione,14,1392634.66,4992343.237,VIA SALBERTRAND 11/C
1658,EP,,Somministrazione,somministrazione,14,1392660.659,4992502.887,VIA SALBERTRAND 23/E
1659,EP,,Somministrazione,somministrazione,14,1392666.749,4992541.17,VIA SALBERTRAND 29/A
1660,EP,,Somministrazione,somministrazione,14,1392709.351,4992738.986,VIA SALBERTRAND 50/D
1661,EP,,Somministrazione,somministrazione,16,1394103.592,4996041.771,VIA ANDREA SANSOVINO 247/B
1662,EP,,Somministrazione,somministrazione,16,1394159.872,4996106.716,VIA ANDREA SANSOVINO 255/C
1663,EP,,Somministrazione,somministrazione,10,1394419.858,4988350.792,CORSO SEBASTOPOLI 46
1664,EP,,Somministrazione,somministrazione,3,1395604.82,4990487.668,VIA S. SECONDO 34/A
1665,EP,,Somministrazione,somministrazione,3,1395513.418,4990290.898,VIA S. SECONDO 35/D
1666,EP,,Somministrazione,somministrazione,3,1395578.457,4990438.776,VIA S. SECONDO 36/B
1667,EP,,Somministrazione,somministrazione,3,1395564.657,4990413.124,VIA S. SECONDO 40/B
1668,EP,,Somministrazione,somministrazione,3,1395413.289,4990102.972,VIA S. SECONDO 49 bis/B
1669,EP,,Somministrazione,somministrazione,14,1392707.783,4992927.358,VIA SALBERTRAND 69/E
1670,EP,,Somministrazione,somministrazione,10,1394220.381,4988407.038,CORSO SEBASTOPOLI 73
1671,EP,,Somministrazione,somministrazione,11,1393599.738,4988721.619,CORSO SEBASTOPOLI 145/B
1672,EP,,Somministrazione,somministrazione,11,1393594.883,4988768.94,CORSO SEBASTOPOLI 156/D
1673,EP,,Somministrazione,somministrazione,3,1395495.593,4990283.303,VIA S. SECONDO 54/C
1674,EP,,Somministrazione,somministrazione,3,1395447.251,4990192.424,VIA S. SECONDO 62/C
1675,EP,,Somministrazione,somministrazione,3,1395431.063,4990162.321,VIA S. SECONDO 66/B
1676,EP,,DIA di somministrazione,somministrazione,14,1392729.404,4993222.971,VIA SALBERTRAND 99/G
1677,EP,,Somministrazione,somministrazione,1,1395242.495,4992284.764,VIA PIETRO SANTAROSA 3/B
1678,EP,,Somministrazione,somministrazione,22,1397735.363,4990789.369,VIA SANTORRE SANTAROSA 7/B
1679,EP,,DIA di somministrazione,somministrazione,9,1395547.34,4987926.357,VIA SANTENA 1
1680,EP,,Somministrazione,somministrazione,3,1395202.451,4989783.366,VIA S. SECONDO 83/B
1681,EP,,DIA di somministrazione,somministrazione,7,1395947.3,4993306.246,VIA SALERNO 55
1682,EP,,Somministrazione,somministrazione,18,1397467.315,4993854.846,VIA SANTHIA' 20/A
1683,EP,,DIA di somministrazione,somministrazione,18,1397471.708,4993905.753,VIA SANTHIA' 25
1684,EP,,Somministrazione,somministrazione,18,1397517.15,4993972.38,VIA SANTHIA' 30/A
1685,EP,,DIA di somministrazione,somministrazione,11,1392670.674,4989237.678,CORSO SEBASTOPOLI 260
1686,EP,,Somministrazione,somministrazione,11,1392569.275,4989289.01,CORSO SEBASTOPOLI 274/C
1687,EP,,Somministrazione,somministrazione,12,1392330.101,4989327.848,CORSO SEBASTOPOLI 287/F
1688,EP,,Somministrazione,somministrazione,1,1396144.838,4991523.684,VIA S. TERESA 16/C
1689,EP,,Somministrazione,somministrazione,1,1396041.982,4991576.996,VIA S. TERESA 24/E
1690,EP,,Somministrazione,somministrazione,17,1396386.771,4994492.762,VIA SAORGIO 1/C
1691,EP,,Somministrazione,somministrazione,11,1393467.877,4988833.385,CORSO SEBASTOPOLI 172/C
1692,EP,,Somministrazione,somministrazione,11,1393436.345,4988849.19,CORSO SEBASTOPOLI 174/C
1693,EP,,Somministrazione,somministrazione,11,1392950.578,4989050.838,CORSO SEBASTOPOLI 197/F
1694,EP,,Somministrazione,somministrazione,1,1396169.031,4991548.973,VIA S. TOMMASO 22/D
1695,EP,,Somministrazione,somministrazione,2,1396131.807,4990642.108,VIA SALUZZO 3
1696,EP,,Somministrazione,somministrazione,2,1396060.134,4990482.499,VIA SALUZZO 13/D
1697,EP,,DIA di somministrazione,somministrazione,22,1398900.715,4989042.988,STRADA S. VINCENZO 49
1698,EP,,Somministrazione,somministrazione,2,1395963.203,4990160.96,VIA SALUZZO 35/B
1699,EP,,Somministrazione,somministrazione,5,1393943.603,4990973.895,VIA S. PAOLO 20
1700,EP,,Somministrazione,somministrazione,2,1395972.314,4990230.361,VIA SALUZZO 40/D
1701,EP,,Somministrazione,somministrazione,2,1395970.757,4990225.011,VIA SALUZZO 40/E
1702,EP,,Somministrazione,somministrazione,2,1395961.841,4990194.384,VIA SALUZZO 42/F
1703,EP,,DIA di somministrazione,somministrazione,4,1393719.352,4990808.136,VIA S. PAOLO 42 bis
1704,EP,,Somministrazione,somministrazione,2,1395785.969,4989547.052,VIA SALUZZO 71/G
1705,EP,,DIA di somministrazione,somministrazione,4,1392613.467,4990205.989,VIA S. PAOLO 160
1706,EP,,Somministrazione,somministrazione,2,1396386.733,4990488.708,VIA S. PIO V 15 bis
1707,EP,,DIA di somministrazione,somministrazione,3,1395835.998,4990645.563,VIA PAOLO SACCHI 7
1708,EP,,DIA di somministrazione,somministrazione,1,1395857.479,4991006.741,VIA S. QUINTINO 3 bis/G
1709,EP,,Somministrazione,somministrazione,1,1395895.097,4991000.245,VIA S. QUINTINO 4 bis/F
1710,EP,,Somministrazione,somministrazione,1,1395842.032,4991028.083,VIA S. QUINTINO 6/N
1711,EP,,Somministrazione,somministrazione,1,1395748.477,4991064.323,VIA S. QUINTINO 9 bis
1712,EP,,Somministrazione,somministrazione,3,1395644.457,4990338.108,VIA PAOLO SACCHI 36/A
1713,EP,,Somministrazione,somministrazione,3,1395639.517,4990329.823,VIA PAOLO SACCHI 36
1714,EP,,DIA di somministrazione,somministrazione,19,1398284.644,4996426.474,VIA SAMONE 9
1715,EP,,Somministrazione,somministrazione,15,1394268.85,4995080.337,PIAZZA NAZARIO SAURO 12/D
1716,EP,,DIA di somministrazione,somministrazione,6,1395435.004,4993019.582,VIA SAVIGLIANO 7
1717,EP,,Somministrazione,somministrazione,1,1395525.798,4991194.208,VIA S. QUINTINO 22/D
1718,EP,,Somministrazione,somministrazione,1,1395348.816,4991273.113,VIA S. QUINTINO 33/C
1719,EP,,DIA di somministrazione,somministrazione,3,1395455.825,4989970.111,VIA PAOLO SACCHI 65
1720,EP,,DIA di somministrazione,somministrazione,12,1392654.599,4987639.606,VIA SANREMO 46
1721,EP,,Somministrazione,somministrazione,15,1393263.881,4995295.686,VIA ANDREA SANSOVINO 106/C
1722,EP,,Somministrazione,somministrazione,15,1393421.681,4995472.458,VIA ANDREA SANSOVINO 137/B
1723,EP,,DIA di somministrazione,somministrazione,15,1393458.431,4995503.003,VIA ANDREA SANSOVINO 143/D
1724,EP,,Somministrazione,somministrazione,16,1393523.168,4995553.648,VIA ANDREA SANSOVINO 149/A
1725,EP,,Somministrazione,somministrazione,16,1393566.585,4995587.587,VIA ANDREA SANSOVINO 151/L
1726,EP,,DIA di somministrazione,somministrazione,16,1393696.217,4995688.015,VIA ANDREA SANSOVINO 177
1727,EP,,Somministrazione,somministrazione,9,1395335.575,4988101.797,VIA STELLONE 6
1728,EP,,DIA di somministrazione,somministrazione,14,1392115.12,4993202.834,VIA GIOVANNI SERVAIS 80
1729,EP,,Somministrazione,somministrazione,14,1392045.01,4993185.829,VIA GIOVANNI SERVAIS 95
1730,EP,,DIA di somministrazione,somministrazione,14,1391921.37,4993193.861,VIA GIOVANNI SERVAIS 125
1731,EP,,Somministrazione,somministrazione,11,1392506.614,4989065.815,CORSO SIRACUSA 89
1732,EP,,DIA di somministrazione,somministrazione,18,1396101.968,4993905.763,VIA STRADELLA 8
1733,EP,,DIA di somministrazione,somministrazione,18,1396111.939,4993920.065,VIA STRADELLA 10/D
1734,EP,,DIA di somministrazione,somministrazione,18,1396115.953,4993929.392,VIA STRADELLA 10
1735,EP,,Somministrazione,somministrazione,11,1392490.133,4988777.3100000005,CORSO SIRACUSA 127/A
1736,EP,,Somministrazione,somministrazione,11,1392487.85,4988737.709,CORSO SIRACUSA 131/C
1737,EP,,Somministrazione,somministrazione,11,1392490.919,4988658.376,CORSO SIRACUSA 139/E
1738,EP,,Somministrazione,somministrazione,12,1392418.462,4988501.142,CORSO SIRACUSA 148/E
1739,EP,,DIA di somministrazione,somministrazione,11,1392476.013,4988535.868,CORSO SIRACUSA 155
1740,EP,,DIA di somministrazione,somministrazione,17,1395731.198,4994320.152,VIA STRADELLA 74
1741,EP,,Somministrazione,somministrazione,12,1392403.775,4988200.019,CORSO SIRACUSA 160/B
1742,EP,,Somministrazione,somministrazione,16,1395352.456,4994803.078,VIA STRADELLA 150/E
1743,EP,,Somministrazione,somministrazione,16,1395156.264,4995096.508,VIA STRADELLA 193
1744,EP,,Somministrazione,somministrazione,16,1395138.257,4995157.228,VIA STRADELLA 198/D
1745,EP,,DIA di somministrazione,somministrazione,12,1392447.191,4987854.034,CORSO SIRACUSA 209/B
1746,EP,,Somministrazione,somministrazione,4,1393788.818,4990189.482,VIA SPALATO 76/B
1747,EP,,DIA di somministrazione,somministrazione,10,1394194.027,4988249.567,VIA GIOVANNI SPANO 16
1748,EP,,Somministrazione,somministrazione,10,1394194.027,4988249.567,VIA GIOVANNI SPANO 16
1749,EP,,Somministrazione,somministrazione,1,1396623.149,4991525.774,GALLERIA SUBALPINA 16
1750,EP,,Somministrazione,somministrazione,6,1395059.494,4992921.816,VIA ASCANIO SOBRERO 28/B
1751,EP,,DIA di somministrazione,somministrazione,5,1393309.034,4991831.048,VIA MARTINO SPANZOTTI 3/F
1752,EP,,Somministrazione,somministrazione,16,1395101.532,4995218.309,VIA STRADELLA 208/C
1753,EP,,Somministrazione,somministrazione,16,1395092.188,4995233.85,VIA STRADELLA 208/H
1754,EP,,Somministrazione,somministrazione,16,1395058.11,4995262.675,VIA STRADELLA 211/F
1755,EP,,Somministrazione,somministrazione,16,1394993.97,4995363.906,VIA STRADELLA 227/A
1756,EP,,DIA di somministrazione,somministrazione,10,1394057.046,4986172.307,VIA SETTE COMUNI 29
1757,EP,,DIA di somministrazione,somministrazione,23,1392164.77,4986633.083,CORSO LUIGI SETTEMBRINI 40
1758,EP,,Somministrazione,somministrazione,20,1399135.881,4994337.983,PIAZZA SOFIA 30/A
1759,EP,,Somministrazione,somministrazione,1,1395975.52,4991552.814,PIAZZA SOLFERINO 3/B
1760,EP,,DIA di somministrazione,somministrazione,1,1395894.424,4991575.361,PIAZZA SOLFERINO 4
1761,EP,,Somministrazione,somministrazione,10,1394395.096,4988433.129,VIA BERTRANDO SPAVENTA 4/B
1762,EP,,DIA di somministrazione,somministrazione,23,1391049.752,4987197.624,CORSO LUIGI SETTEMBRINI 191
1763,EP,,Somministrazione,somministrazione,20,1399130.211,4994359.803,STRADA DI SETTIMO 2/A
1764,EP,,Somministrazione,somministrazione,1,1395864.176,4991517.604,PIAZZA SOLFERINO 10
1765,EP,,Somministrazione,somministrazione,1,1395824.345,4991441.513,PIAZZA SOLFERINO 16/H
1766,EP,,Somministrazione,somministrazione,1,1395813.013,4991419.904,PIAZZA SOLFERINO 20/B
1767,EP,,Somministrazione,somministrazione,9,1395286.306,4987992.572,CORSO SPEZIA 29/C
1768,EP,,Somministrazione,somministrazione,9,1395267.696,4987956.24,CORSO SPEZIA 30/B
1769,EP,,DIA di somministrazione,somministrazione,9,1395468.005,4987894.65,CORSO SPEZIA 44
1770,EP,,Somministrazione,somministrazione,9,1395624.762,4987888.046,CORSO SPEZIA 53 bis/E
1771,EP,,Somministrazione,somministrazione,20,1399640.735,4994908.449,STRADA DI SETTIMO 65
1772,EP,,DIA di somministrazione,somministrazione,9,1395587.315,4987834.179,CORSO SPEZIA 60
1773,EP,,Somministrazione,somministrazione,6,1394127.972,4993602.248,VIA SPOLETO 9/A
1774,EP,,Somministrazione,somministrazione,18,1397428.949,4994245.863,VIA GASPARE SPONTINI 4/A
1775,EP,,Somministrazione,somministrazione,18,1397639.964,4994170.048,VIA GASPARE SPONTINI 33/C
1776,EP,,Somministrazione,somministrazione,9,1394792.554,4986470.578,VIA SOMMARIVA 1 scala B
1777,EP,,Somministrazione,somministrazione,20,1399954.717,4995574.97,STRADA DI SETTIMO 154/D
1778,EP,,Somministrazione,somministrazione,3,1395409.945,4989981.924,CORSO GERMANO SOMMEILLER 18/D
1779,EP,,DIA di somministrazione,somministrazione,3,1395381.191,4990014.579,CORSO GERMANO SOMMEILLER 22
1780,EP,,Somministrazione,somministrazione,3,1395332.719,4990071.428,CORSO GERMANO SOMMEILLER 26/G
1781,EP,,Somministrazione,somministrazione,3,1395330.311,4990031.842,CORSO GERMANO SOMMEILLER 27/C
1782,EP,,Somministrazione,somministrazione,3,1395320.118,4990043.403,CORSO GERMANO SOMMEILLER 27/G
1783,EP,,Somministrazione,somministrazione,16,1394505.545,4996253.596,PIAZZA STAMPALIA 15
1784,EP,,DIA di somministrazione,somministrazione,20,1401180.429,4997198.835,STRADA DI SETTIMO 368
1785,EP,,Somministrazione,somministrazione,20,1401352.684,4997334.849,STRADA DI SETTIMO 388 int. 2
1786,EP,,DIA di somministrazione,somministrazione,20,1401477.42,4997447.033,STRADA DI SETTIMO 410
1787,EP,,DIA di somministrazione,somministrazione,22,1397251.296,4989394.893,VIALE SETTIMIO SEVERO 65
1788,EP,,Somministrazione,somministrazione,1,1395719.677,4991810.298,CORSO GIUSEPPE SICCARDI 4/E
1789,EP,,DIA di somministrazione,somministrazione,21,1403047.214,4992660.905,STRADA DELLA BASILICA DI SOPERGA 73
1790,EP,,Somministrazione,somministrazione,1,1396019.633,4991928.966,VIA STAMPATORI 4
1791,EP,,Somministrazione,somministrazione,1,1396012.832,4991914.103,VIA STAMPATORI 6/B
1792,EP,,Somministrazione,somministrazione,1,1395976.025,4991821.362,VIA STAMPATORI 9/I
1793,EP,,Somministrazione,somministrazione,1,1395965.915,4991827.397,VIA STAMPATORI 16/C
1794,EP,,Somministrazione,somministrazione,1,1395909.644,4991698.106,VIA STAMPATORI 21/A
1795,EP,,Somministrazione,somministrazione,18,1397675.246,4994440.162,LARGO SEMPIONE 166/C
1796,EP,,Somministrazione,somministrazione,22,1396368.135,4988630.763,CORSO SICILIA 6
1797,EP,,DIA di somministrazione,somministrazione,22,1396296.883,4988549.818,CORSO SICILIA 12
1798,EP,,DIA di somministrazione,somministrazione,22,1396180.909,4988279.134,CORSO SICILIA 40
1799,EP,,Somministrazione,somministrazione,21,1403309.456,4992362.855,STRADA DI SOPERGA 322
1800,EP,,Somministrazione,somministrazione,3,1395747.288,4990621.418,CORSO STATI UNITI 4/A
1801,EP,,Somministrazione,somministrazione,3,1395649.532,4990646.557,CORSO STATI UNITI 7 bis/C
1802,EP,,Somministrazione,somministrazione,3,1395645.41,4990648.715,CORSO STATI UNITI 7 bis
1803,EP,,Somministrazione,somministrazione,7,1397078.959,4992106.299,LUNGO DORA SIENA 12/B
1804,EP,,DIA di somministrazione,somministrazione,8,1397832.125,4992082.974,LUNGO DORA SIENA 104
1805,EP,,DIA di somministrazione,somministrazione,3,1394707.739,4991216.705,CORSO STATI UNITI 62/B
1806,EP,,DIA di somministrazione,somministrazione,12,1392501.577,4989939.837,CORSO SIRACUSA 10/A
1807,EP,,Somministrazione,somministrazione,17,1396202.63,4995207.583,VIA SOSPELLO 168/A
1808,EP,,Somministrazione,somministrazione,1,1395515.764,4992286.63,PIAZZA STATUTO 4/M
1809,EP,,Somministrazione,somministrazione,1,1395483.679,4992303.452,PIAZZA STATUTO 10/E
1810,EP,,Somministrazione,somministrazione,1,1395375.709,4992265.445,PIAZZA STATUTO 13/C
1811,EP,,Somministrazione,somministrazione,1,1395409.03,4992342.767,PIAZZA STATUTO 14/E
1812,EP,,Somministrazione,somministrazione,1,1395399.322,4992347.822,PIAZZA STATUTO 16/A
1813,EP,,Somministrazione,somministrazione,6,1395198.379,4992368.328,PIAZZA STATUTO 30/A
1814,EP,,DIA di somministrazione,somministrazione,12,1392486.145,4989675.755,CORSO SIRACUSA 38
1815,EP,,Somministrazione,somministrazione,11,1392525.813,4989399.275,CORSO SIRACUSA 57/B
1816,EP,,Somministrazione,somministrazione,22,1397422.375,4989904.778,VIALE ENRICO THOVEZ 6/A
1817,EP,,Somministrazione,somministrazione,22,1397430.258,4989901.002,VIALE ENRICO THOVEZ 6
1818,EP,,DIA di somministrazione,somministrazione,22,1397823.39478041,4989779.19710784,VIALE ENRICO THOVEZ 37
1819,EP,,Somministrazione,somministrazione,11,1393736.206,4989623.937,VIA TRIPOLI 1/A
1820,EP,,Somministrazione,somministrazione,11,1393701.718,4989598.53,VIA TRIPOLI 6/B
1821,EP,,Somministrazione,somministrazione,11,1393696.428,4989540.98,VIA TRIPOLI 11/F
1822,EP,,DIA di somministrazione,somministrazione,11,1393669.482,4989484.754,VIA TRIPOLI 19
1823,EP,,Somministrazione,somministrazione,8,1397268.139,4991597.648,VIA LUIGI TARINO 2/B
1824,EP,,Somministrazione,somministrazione,8,1397307.989,4991657.961,VIA LUIGI TARINO 3/G
1825,EP,,Somministrazione,somministrazione,8,1397365.579,4991719.335,VIA LUIGI TARINO 11/E
1826,EP,,DIA di somministrazione,somministrazione,22,1398214.63664132,4989830.1768777,VIALE ENRICO THOVEZ 57 int. 3
1827,EP,,DIA di somministrazione,somministrazione,22,1398097.645,4989681.866,VIALE ENRICO THOVEZ 60 bis
1828,EP,,DIA di somministrazione,somministrazione,9,1395198.383,4987088.393,VIA DOMENICO TIBONE 2/D
1829,EP,,Somministrazione,somministrazione,15,1393850.082,4994820.267,CORSO TOSCANA 95/E
1830,EP,,Somministrazione,somministrazione,20,1398230.339,4994609.273,VIA GIUSEPPE TARTINI 40/H
1831,EP,,DIA di somministrazione,somministrazione,15,1393566.669,4994976.033,CORSO TOSCANA 160/A
1832,EP,,Somministrazione,somministrazione,11,1393396.262,4988903.621,VIA TRIPOLI 67/B
1833,EP,,Somministrazione,somministrazione,1,1396340.662,4992012.711,VIA TORQUATO TASSO 7/A
1834,EP,,Somministrazione,somministrazione,6,1394248.755,4992381.358,CORSO ALESSANDRO TASSONI 3/R
1835,EP,,Somministrazione,somministrazione,2,1396273.891,4988911.446,VIA G. BATTISTA TIEPOLO 6/C
1836,EP,,DIA di somministrazione,somministrazione,2,1396251.131,4988856.746,VIA G. BATTISTA TIEPOLO 8/D
1837,EP,,Somministrazione,somministrazione,15,1393032.682,4995205.901,CORSO TOSCANA 192/A
1838,EP,,Somministrazione,somministrazione,16,1394444.363,4994537.112,LARGO TOSCANA 29/A
1839,EP,,Somministrazione,somministrazione,15,1394403.59270833,4994669.24791667,LARGO TOSCANA 50
1840,EP,,Somministrazione,somministrazione,11,1392988.345,4987892.932,VIA TRIPOLI 185/C
1841,EP,,Somministrazione,somministrazione,6,1394202.173,4993056.357,CORSO ALESSANDRO TASSONI 55/C
1842,EP,,DIA di somministrazione,somministrazione,14,1393034.656,4993193.356,VIA TRIVERO 16
1843,EP,,DIA di somministrazione,somministrazione,19,1397317.397,4994890.828,VIA TRONZANO 4
1844,EP,,DIA di somministrazione,somministrazione,19,1397435.268,4994851.242,VIA TRONZANO 20
1845,EP,,Somministrazione,somministrazione,12,1392447.866,4987545.52,CORSO ENRICO TAZZOLI 74
1846,EP,,Somministrazione ai soci,somministrazione,21,1400806.743,4992393.341,STRADA AL TRAFORO DI PINO 67
1847,EP,,Somministrazione,somministrazione,10,1392828.274,4986711.898,CORSO TRAIANO 2
1848,EP,,Somministrazione,somministrazione,11,1393169.15,4988342.046,VIA TRIPOLI 125/A
1849,EP,,DIA di somministrazione,somministrazione,12,1391416.097,4987967.104,CORSO ENRICO TAZZOLI 188
1850,EP,,DIA di somministrazione,somministrazione,12,1391316.551,4987941.066,CORSO ENRICO TAZZOLI 209
1851,EP,,DIA di somministrazione,somministrazione,12,1391119.824,4987876.142,CORSO ENRICO TAZZOLI 215 int. 12 int. A
1852,EP,,Somministrazione,somministrazione,10,1392968.301,4986639.133,CORSO TRAIANO 22/B
1853,EP,,Somministrazione,somministrazione,2,1395493.245,4988896.647,VIA TIZIANO VECELLIO 19
1854,EP,,Somministrazione,somministrazione,2,1395838.514,4988787.82,VIA TIZIANO VECELLIO 40
1855,EP,,Somministrazione,somministrazione,2,1395991.756,4988745.145,VIA TIZIANO VECELLIO 48
1856,EP,,Somministrazione,somministrazione,10,1393202.433,4986515.209,CORSO TRAIANO 52/D
1857,EP,,DIA di somministrazione,somministrazione,10,1393246.699,4986556.963,CORSO TRAIANO 57/A
1858,EP,,Somministrazione,somministrazione,6,1393803.338,4992715.763,CORSO SVIZZERA 38/E
1859,EP,,Somministrazione,somministrazione,6,1393837.466,4992834.884,CORSO SVIZZERA 54/E
1860,EP,,DIA di somministrazione,somministrazione,6,1393844.914,4992860.611,CORSO SVIZZERA 56
1861,EP,,DIA di somministrazione,somministrazione,6,1393875.787,4992967.518,CORSO SVIZZERA 68/B
1862,EP,,Somministrazione,somministrazione,13,1392129.928,4991362.61,VIA TOFANE 62/A
1863,EP,,DIA di somministrazione,somministrazione,6,1394034.1,4993284.545,CORSO SVIZZERA 95
1864,EP,,Somministrazione,somministrazione,6,1394205.85,4993466.841,CORSO SVIZZERA 119/G
1865,EP,,DIA di somministrazione,somministrazione,14,1392190.108,4993259.572,CORSO BERNARDINO TELESIO 123/A
1866,EP,,Somministrazione,somministrazione,6,1394334.766,4993599.356,CORSO SVIZZERA 135/B
1867,EP,,Somministrazione,somministrazione,6,1394471.555,4993730.894,CORSO SVIZZERA 153/C
1868,EP,,DIA di somministrazione,somministrazione,6,1394540.838,4993719.395,CORSO SVIZZERA 164
1869,EP,,DIA di somministrazione,somministrazione,6,1394647.93958333,4993914.76145833,CORSO SVIZZERA 185/C
1870,EP,,Somministrazione,somministrazione,6,1394638.76770833,4993905.734375,CORSO SVIZZERA 185
1871,EP,,Somministrazione,somministrazione,6,1394685.11011201,4993964.26708293,CORSO SVIZZERA 185 bis
1872,EP,,Somministrazione,somministrazione,10,1393187.199,4986109.768,VIA FRATEL TEODORETO 1/N
1873,EP,,Somministrazione,somministrazione,13,1393091.253,4992035.564,CORSO TRAPANI 22/A
1874,EP,,DIA di somministrazione,somministrazione,18,1397543.118,4993244.427,VIA TERNENGO 16/A
1875,EP,,Somministrazione,somministrazione,18,1397492.29,4993298.53,VIA TERNENGO 23/D
1876,EP,,Somministrazione,somministrazione,10,1394150.175,4987641.911,VIA TAGGIA 61
1877,EP,,Somministrazione,somministrazione,10,1394139.392,4987617.677,VIA TAGGIA 63/D
1878,EP,,Somministrazione,somministrazione,16,1394754.212,4995167.055,VIA TERNI 25/D
1879,EP,,DIA di somministrazione,somministrazione,6,1394586.579,4992479.102,VIA GIUSEPPE TALUCCHI 19
1880,EP,,DIA di somministrazione,somministrazione,17,1395769.36,4993969.879,VIA TESSO 6
1881,EP,,Somministrazione,somministrazione,13,1392572.224,4990781.954,CORSO TRAPANI 190/B
1882,EP,,Somministrazione,somministrazione,19,1398583.213,4997548.515,VIA TANARO 30/D
1883,EP,,DIA di somministrazione,somministrazione,20,1397820.504,4995047.049,CORSO TARANTO 3
1884,EP,,Somministrazione,somministrazione,20,1397874.414,4995012.427,CORSO TARANTO 11/C
1885,EP,,Somministrazione,somministrazione,9,1394692.486,4986045.495,VIA TESTONA 6
1886,EP,,DIA di somministrazione,somministrazione,3,1394199.276,4990067.987,VIA TORRICELLI EVANGELISTA 59/D
1887,EP,,Somministrazione,somministrazione,3,1394199.276,4990067.987,VIA TORRICELLI EVANGELISTA 59/D
1888,EP,,Somministrazione,somministrazione,3,1394266.715,4990049.509,VIA TORRICELLI EVANGELISTA 60/C
1889,EP,,Somministrazione,somministrazione,8,1398367.585,4991472.456,CORSO TORTONA 2/C
1890,EP,,Somministrazione,somministrazione,4,1392582.68,4990343.398,CORSO TRAPANI 229/A
1891,EP,,Somministrazione,somministrazione,19,1397578.929,4995141.788,CORSO TARANTO 22/D
1892,EP,,DIA di somministrazione,somministrazione,20,1398418.676,4994662.195,CORSO TARANTO 101
1893,EP,,Somministrazione,somministrazione,8,1398266.172,4991693.059,CORSO TORTONA 27/A
1894,EP,,Somministrazione,somministrazione,6,1395221.02733819,4993498.67882421,VIA TREVISO 24
1895,EP,,Somministrazione,somministrazione,6,1395175.11197917,4993543.421875,VIA TREVISO 26/G
1896,EP,,Somministrazione,somministrazione,6,1395164.97510244,4993508.2351034,VIA TREVISO 42/F
1897,EP,,Somministrazione,somministrazione,9,1395466.957,4987686.348,VIA VENTIMIGLIA 26/C
1898,EP,,DIA di somministrazione,somministrazione,9,1395319.379,4987180.585,VIA VENTIMIGLIA 61/A
1899,EP,,Somministrazione,somministrazione,10,1393828.873,4987961.417,CORSO UNIONE SOVIETICA 209/I
1900,EP,,Somministrazione,somministrazione,10,1393596.977,4987674.755,CORSO UNIONE SOVIETICA 233/A
1901,EP,,Somministrazione,somministrazione,8,1397641.943,4991418.168,VIA VANCHIGLIA 23/D
1902,EP,,Somministrazione,somministrazione,8,1397729.741,4991493.757,VIA VANCHIGLIA 32/A
1903,EP,,Somministrazione,somministrazione,9,1395223.641,4986851.981,VIA VENTIMIGLIA 107/A
1904,EP,,DIA di somministrazione,somministrazione,9,1395169.76,4986784.598,VIA VENTIMIGLIA 112
1905,EP,,DIA di somministrazione,somministrazione,9,1394994.651,4986157.361,VIA VENTIMIGLIA 195/A
1906,EP,,Somministrazione,somministrazione,10,1393461.381,4987504.548,CORSO UNIONE SOVIETICA 249/G
1907,EP,,Somministrazione,somministrazione,8,1397788.971,4991574.516,VIA VANCHIGLIA 41/E
1908,EP,,Somministrazione,somministrazione,15,1392320.268,4995483.578,VIA DELLE VERBENE 11
1909,EP,,Somministrazione,somministrazione,10,1393051.426,4987010.506,CORSO UNIONE SOVIETICA 349
1910,EP,,Somministrazione,somministrazione,10,1393017.858,4986970.028,CORSO UNIONE SOVIETICA 355
1911,EP,,Somministrazione,somministrazione,22,1398181.59995352,4989651.88643875,STRADA VAL SALICE 5/A
1912,EP,,Somministrazione,somministrazione,13,1391046.911,4991870.038,VIA VANDALINO 74/H
1913,EP,,Somministrazione,somministrazione,7,1396703.294,4993375.328,CORSO VERCELLI 24/A
1914,EP,,Somministrazione,somministrazione,10,1392710.175,4986595.251,CORSO UNIONE SOVIETICA 395/A
1915,EP,,Somministrazione,somministrazione,23,1392609.668,4986562.598,CORSO UNIONE SOVIETICA 410/A
1916,EP,,Somministrazione,somministrazione,10,1392614.99,4986472.314,CORSO UNIONE SOVIETICA 413/B
1917,EP,,DIA di somministrazione,somministrazione,22,1398640.572,4988836.087,STRADA VAL SALICE 152
1918,EP,,Somministrazione,somministrazione,13,1390961.955,4991859.628,VIA VANDALINO 84/C
1919,EP,,Somministrazione,somministrazione,18,1396919.544,4993983.904,CORSO VERCELLI 82/A
1920,EP,,Somministrazione,somministrazione,18,1396923.465,4994048.493,CORSO VERCELLI 87/B
1921,EP,,Somministrazione,somministrazione,18,1396944.832,4994052.835,CORSO VERCELLI 90/A
1922,EP,,Somministrazione,somministrazione,18,1396975.173,4994215.6,CORSO VERCELLI 99/F
1923,EP,,DIA di somministrazione,somministrazione,17,1395689.78716112,4995872.92385496,VIA GIUSEPPE VANINETTI 50
1924,EP,,Somministrazione,somministrazione,9,1395346.914,4987861.896,VIA VARAITA 13/D
1925,EP,,Somministrazione,somministrazione,18,1397029.295,4994283.179,CORSO VERCELLI 108/D
1926,EP,,Somministrazione,somministrazione,18,1397075.505,4994463.874,CORSO VERCELLI 121/C
1927,EP,,Somministrazione,somministrazione,18,1397092.94,4994457.0600000005,CORSO VERCELLI 124
1928,EP,,Somministrazione,somministrazione,23,1392126.192,4985884.507,CORSO UNIONE SOVIETICA 511/B
1929,EP,,Somministrazione,somministrazione,23,1392061.206,4985805.412,CORSO UNIONE SOVIETICA 529/E
1930,EP,,Somministrazione,somministrazione,23,1392032.14540963,4985770.05246841,CORSO UNIONE SOVIETICA 533/B
1931,EP,,Somministrazione,somministrazione,5,1394046.685,4991643.032,VIA VALDIERI 10/A
1932,EP,,Somministrazione,somministrazione,18,1396913.778,4993968.0,CORSO VERCELLI 78/E
1933,EP,,Somministrazione,somministrazione,23,1391629.99,4985391.12,CORSO UNIONE SOVIETICA 596/C
1934,EP,,Somministrazione,somministrazione,23,1391357.841,4985205.983,CORSO UNIONE SOVIETICA 612 int. 3 int. C
1935,EP,,DIA di somministrazione,somministrazione,5,1394671.163,4992197.215,VIA ABATE ANTONIO VASSALLI-EANDI 26 bis
1936,EP,,Somministrazione,somministrazione,12,1392080.864,4989876.52,VIA VEGLIA 6/B
1937,EP,,Somministrazione,somministrazione,7,1396086.589,4993195.956,VIA URBINO 35/D
1938,EP,,Somministrazione,somministrazione,7,1396120.854,4993166.327,VIA URBINO 38/E
1939,EP,,Somministrazione,somministrazione,1,1395588.099,4991588.035,VIA BEATO SEBASTIANO VALFRE' 18
1940,EP,,DIA di somministrazione,somministrazione,14,1392018.373,4992427.284,VIA VALGIOIE 72
1941,EP,,Somministrazione,somministrazione,12,1391739.717,4989749.527,VIA VEGLIA 51/B
1942,EP,,Somministrazione,somministrazione,10,1394054.812,4987809.766,VIA TUNISI 106/E
1943,EP,,Somministrazione,somministrazione,10,1394020.317,4987689.714,VIA TUNISI 137
1944,EP,,Somministrazione,somministrazione,6,1394917.944,4992848.608,VIA VAGNONE 25/A
1945,EP,,Somministrazione,somministrazione,6,1394978.111,4992925.199,VIA VAGNONE 32/B
1946,EP,,DIA di somministrazione,somministrazione,3,1395173.327,4989616.046,CORSO FILIPPO TURATI 29/D
1947,EP,,Somministrazione,somministrazione,16,1394734.759,4995771.397,VIA VENARIA 33/A
1948,EP,,Somministrazione,somministrazione,16,1394721.794,4995791.775,VIA VENARIA 33/G
1949,EP,,Somministrazione,somministrazione,16,1394656.702,4995894.297,VIA VENARIA 49/A
1950,EP,,DIA di somministrazione,somministrazione,3,1395136.92,4989571.511,CORSO FILIPPO TURATI 33/B
1951,EP,,Somministrazione,somministrazione,3,1395136.92,4989571.511,CORSO FILIPPO TURATI 33/B
1952,EP,,Somministrazione,somministrazione,3,1395109.38,4989537.906,CORSO FILIPPO TURATI 39/B
1953,EP,,Somministrazione,somministrazione,3,1394930.563,4989319.716,CORSO FILIPPO TURATI 53/B
1954,EP,,Somministrazione,somministrazione,11,1394789.799,4989214.934,CORSO FILIPPO TURATI 70
1955,EP,,Somministrazione,somministrazione,11,1394733.628,4989146.562,CORSO FILIPPO TURATI 76/E
1956,EP,,Somministrazione,somministrazione,2,1395826.837,4989781.787,VIA CALUSO VALPERGA 8
1957,EP,,DIA di somministrazione,somministrazione,2,1395889.306,4989751.849,VIA CALUSO VALPERGA 12
1958,EP,,Somministrazione,somministrazione,2,1396084.91,4989707.84,VIA CALUSO VALPERGA 22
1959,EP,,Somministrazione,somministrazione,16,1394539.27,4996069.595,VIA VENARIA 75/A
1960,EP,,DIA di somministrazione,somministrazione,3,1394954.921,4989444.61,LARGO FILIPPO TURATI 62
1961,EP,,DIA di somministrazione,somministrazione,18,1396858.79,4994077.592,VIA VALPRATO 7/B
1962,EP,,DIA di somministrazione,somministrazione,6,1395288.022,4993121.117,CORSO UMBRIA 24
1963,EP,,Somministrazione,somministrazione,18,1396346.562,4994179.935,VIA VALPRATO 68
1964,EP,,DIA di somministrazione,somministrazione,18,1396346.562,4994179.935,VIA VALPRATO 68
1965,EP,,DIA di somministrazione,somministrazione,15,1393744.115,4995121.719,STRADA ANTICA DELLA VENARIA 20/A
1966,EP,,DIA di somministrazione,somministrazione,16,1394098.86630816,4996755.21657299,STRADA VENARIA 160/E
1967,EP,,Somministrazione,somministrazione,6,1395149.997,4993298.38,CORSO UMBRIA 31/A
1968,EP,,Somministrazione,somministrazione,6,1395104.28,4993375.281,CORSO UMBRIA 37/C
1969,EP,,DIA di somministrazione,somministrazione,22,1397539.799,4987755.727,STRADA VAL PATTONERA 174
1970,EP,,Somministrazione,somministrazione,1,1397386.015,4991128.633,VIA VANCHIGLIA 2 bis/C
1971,EP,,Somministrazione,somministrazione,8,1397497.643,4991247.331,VIA VANCHIGLIA 10/A
1972,EP,,Somministrazione,somministrazione,8,1397550.011,4991320.786,VIA VANCHIGLIA 13/B
1973,EP,,DIA di somministrazione,somministrazione,11,1394569.292,4988945.789,CORSO UNIONE SOVIETICA 100
1974,EP,,DIA di somministrazione,somministrazione,11,1394386.788,4988723.854,CORSO UNIONE SOVIETICA 130
1975,EP,,Somministrazione,somministrazione,10,1394106.19,4988313.928,CORSO UNIONE SOVIETICA 161/I
1976,EP,,Somministrazione,somministrazione,22,1398677.726,4990874.805,STRADA VAL S. MARTINO 2/C
1977,EP,,Somministrazione,somministrazione,22,1398696.935,4990874.249,STRADA VAL S. MARTINO 4/D
1978,EP,,DIA di somministrazione,somministrazione,21,1398696.602,4990900.949,STRADA VAL S. MARTINO 5/B
1979,EP,,Somministrazione,somministrazione,5,1394477.309,4991566.381,CORSO VITTORIO EMANUELE II 129 bis/A
1980,EP,,Somministrazione,somministrazione,5,1394241.094,4991671.785,CORSO VITTORIO EMANUELE II 135/A
1981,EP,,Somministrazione,somministrazione,5,1393936.417,4991912.62,CORSO VITTORIO EMANUELE II 166/D
1982,EP,,DIA di somministrazione,somministrazione,5,1393899.983,4991931.379,CORSO VITTORIO EMANUELE II 168/A
1983,EP,,Somministrazione,somministrazione,5,1393806.389,4991980.69,CORSO VITTORIO EMANUELE II 180/C
1984,EP,,Somministrazione,somministrazione,17,1395522.817,4994393.802,VIA VEROLENGO 9/D
1985,EP,,DIA di somministrazione,somministrazione,16,1395245.733,4994428.744,VIA VEROLENGO 42
1986,EP,,Somministrazione,somministrazione,18,1396557.568,4993762.72,CORSO VIGEVANO 20/A
1987,EP,,DIA di somministrazione,somministrazione,7,1396361.558,4993745.711,CORSO VIGEVANO 33/U
1988,EP,,Somministrazione,somministrazione,18,1396222.596,4993823.289,CORSO VIGEVANO 52/E
1989,EP,,Somministrazione,somministrazione,7,1396164.713,4993781.742,CORSO VIGEVANO 55/B
1990,EP,,Somministrazione,somministrazione,9,1394766.5,4986259.817,VIA VINOVO 8/B
1991,EP,,Somministrazione,somministrazione,5,1393632.829,4992072.771,CORSO VITTORIO EMANUELE II 198/B
1992,EP,,Somministrazione,somministrazione,5,1393443.399,4992119.106,CORSO VITTORIO EMANUELE II 217/D
1993,EP,,DIA di somministrazione,somministrazione,16,1394948.797,4994436.965,VIA VEROLENGO 84
1994,EP,,Somministrazione,somministrazione,23,1392650.714,4986305.066,VIA ONORATO VIGLIANI 14/B
1995,EP,,Somministrazione,somministrazione,1,1395303.62,4991759.036,CORSO VINZAGLIO 9/E
1996,EP,,DIA di somministrazione,somministrazione,1,1395176.232,4991652.169,CORSO VINZAGLIO 10
1997,EP,,Somministrazione,somministrazione,1,1395181.475,4991527.644,CORSO VINZAGLIO 25/A
1998,EP,,Somministrazione,somministrazione,1,1395024.68,4991362.367,CORSO VINZAGLIO 28/B
1999,EP,,Somministrazione,somministrazione,1,1397210.484,4991142.009,PIAZZA VITTORIO VENETO 1/E
2000,EP,,Somministrazione,somministrazione,10,1392908.322,4986335.162,VIA ONORATO VIGLIANI 35 int. 13
2001,EP,,DIA di somministrazione,somministrazione,1,1395140.508,4991448.212,CORSO VINZAGLIO 29/A
2002,EP,,Somministrazione,somministrazione,1,1395140.508,4991448.212,CORSO VINZAGLIO 29/A
2003,EP,,Somministrazione,somministrazione,13,1390500.657,4992060.666,VIA VIPACCO 7/C
2004,EP,,Somministrazione,somministrazione,1,1397331.388,4991066.165,PIAZZA VITTORIO VENETO 13/A
2005,EP,,Somministrazione,somministrazione,1,1397334.837,4991062.98,PIAZZA VITTORIO VENETO 13/B
2006,EP,,Somministrazione,somministrazione,1,1397381.838,4991018.763,PIAZZA VITTORIO VENETO 17/F
2007,EP,,Somministrazione,somministrazione,1,1397337.859,4990898.93,PIAZZA VITTORIO VENETO 20/D
2008,EP,,Somministrazione,somministrazione,1,1397421.693,4990980.79,PIAZZA VITTORIO VENETO 21 bis/A
2009,EP,,Somministrazione,somministrazione,15,1393793.705,4994410.393,VIA VEROLENGO 204/C
2010,EP,,Somministrazione,somministrazione,23,1393765.46,4985730.279,VIA ONORATO VIGLIANI 156 int. 49
2011,EP,,DIA di somministrazione,somministrazione,2,1396699.141,4989894.51,VIALE VIRGILIO 45
2012,EP,,DIA di somministrazione,somministrazione,2,1396615.584,4989703.746,VIALE VIRGILIO 61
2013,EP,,DIA di somministrazione,somministrazione,7,1397461.482,4992515.622,CORSO VERONA 25/A
2014,EP,,DIA di somministrazione,somministrazione,7,1397637.538,4992226.008,CORSO VERONA 55
2015,EP,,Somministrazione,somministrazione,23,1394035.357,4985757.117,VIA ONORATO VIGLIANI 184
2016,EP,,DIA di somministrazione,somministrazione,5,1394014.782,4991260.245,VIA VIRLE 11/B
2017,EP,,Somministrazione,somministrazione,9,1394421.777,4985783.994,VIA ONORATO VIGLIANI 218/A
2018,EP,,Somministrazione,somministrazione,1,1396005.063,4991843.252,PIAZZETTA ANDREA VIGLONGO 2/E
2019,EP,,DIA di somministrazione,somministrazione,21,1398730.655,4991072.662,VIA VIGNALE 7/E
2020,EP,,Somministrazione,somministrazione,1,1397368.419,4990869.754,PIAZZA VITTORIO VENETO 24/D
2021,EP,,Somministrazione,somministrazione,17,1395516.10373979,4996010.31585387,VIA PAOLO VERONESE 250/C
2022,EP,,Somministrazione,somministrazione,18,1397159.276,4994638.84,CORSO VERCELLI 140/D
2023,EP,,Somministrazione,somministrazione,18,1397167.796,4994662.207,CORSO VERCELLI 144/A
2024,EP,,Somministrazione,somministrazione,18,1397185.481,4994241.122,VIA VERRES 3/A
2025,EP,,DIA di somministrazione,somministrazione,18,1397186.144,4994257.553,VIA VERRES 4/C
2026,EP,,Somministrazione,somministrazione,5,1393884.35,4991274.647,VIA VIGONE 30/H
2027,EP,,Somministrazione,somministrazione,5,1393770.516,4991319.972,VIA VIGONE 45
2028,EP,,Somministrazione,somministrazione,5,1393696.177,4991360.466,VIA VIGONE 49/E
2029,EP,,Somministrazione,somministrazione,16,1394671.551,4994599.012,VIA VITERBO 102
2030,EP,,Somministrazione,somministrazione,3,1394984.074,4989927.178,VIA AMERIGO VESPUCCI 12/A
2031,EP,,DIA di somministrazione,somministrazione,5,1393563.108,4991450.485,VIA VIGONE 70
2032,EP,,Somministrazione,somministrazione,22,1397786.635,4990634.273,VIA VILLA DELLA REGINA 7 bis
2033,EP,,DIA di somministrazione,somministrazione,22,1397951.653,4990513.94,VIA VILLA DELLA REGINA 19
2034,EP,,Somministrazione,somministrazione,19,1397522.465,4995611.579,CORSO VERCELLI 212/B
2035,EP,,Somministrazione,somministrazione,19,1397435.562,4995481.332,CORSO VERCELLI 237/B
2036,EP,,Somministrazione,somministrazione,19,1397560.399,4995802.485,CORSO VERCELLI 238/A
2037,EP,,Somministrazione,somministrazione,19,1397581.934,4995910.577,CORSO VERCELLI 248/D
2038,EP,,Somministrazione,somministrazione,19,1397495.551,4995681.112,CORSO VERCELLI 251
2039,EP,,Somministrazione,somministrazione,19,1398124.603,4996774.274,CORSO VERCELLI 382/A
2040,EP,,Somministrazione,somministrazione,19,1398197.872,4996770.104,CORSO VERCELLI 388
2041,EP,,Somministrazione,somministrazione,13,1392724.3654579,4991524.37621175,VIA CANDIDO VIBERTI 1 bis/A
2042,EP,,Somministrazione,somministrazione,1,1396653.508,4990478.365,CORSO VITTORIO EMANUELE II 24/A
2043,EP,,Somministrazione,somministrazione,2,1396328.701,4990596.336,CORSO VITTORIO EMANUELE II 29/A
2044,EP,,Somministrazione,somministrazione,1,1396469.281,4990575.647,CORSO VITTORIO EMANUELE II 34/I
2045,EP,,Somministrazione,somministrazione,1,1396926.178,4991487.385,VIA GIUSEPPE VERDI 10 ter/B
2046,EP,,Somministrazione,somministrazione,13,1392626.857,4991240.356,VIA CANDIDO VIBERTI 31/C
2047,EP,,Somministrazione,somministrazione,17,1396046.205,4994425.546,VIA VILLAR 24/A
2048,EP,,Somministrazione,somministrazione,2,1396284.077,4990619.888,CORSO VITTORIO EMANUELE II 35/C
2049,EP,,Somministrazione,somministrazione,1,1396371.027,4990627.664,CORSO VITTORIO EMANUELE II 40/A
2050,EP,,Somministrazione,somministrazione,2,1396240.394,4990642.853,CORSO VITTORIO EMANUELE II 41/B
2051,EP,,DIA di somministrazione,somministrazione,3,1396008.184,4990758.573,CORSO VITTORIO EMANUELE II 53
2052,EP,,Somministrazione,somministrazione,3,1395876.291,4990828.076,CORSO VITTORIO EMANUELE II 55/F
2053,EP,,Somministrazione,somministrazione,1,1397112.615,4991377.776,VIA GIUSEPPE VERDI 20/B
2054,EP,,Somministrazione,somministrazione,1,1397148.13136413,4991373.36537088,VIA GIUSEPPE VERDI 33/C
2055,EP,,Somministrazione,somministrazione,1,1397353.929,4991256.62,VIA GIUSEPPE VERDI 49/A
2056,EP,,Somministrazione,somministrazione,17,1395907.051,4994367.223,VIA VIBO' 37/B
2057,EP,,Somministrazione,somministrazione,17,1395889.919,4994375.313,VIA VIBO' 39/B
2058,EP,,Somministrazione,somministrazione,17,1395823.906,4994407.054,VIA VIBO' 45/D
2059,EP,,Somministrazione,somministrazione,17,1395803.676,4994416.775,VIA VIBO' 49/B
2060,EP,,Somministrazione,somministrazione,17,1395770.452,4994432.767,VIA VIBO' 55/A
2061,EP,,Somministrazione,somministrazione,17,1395764.622,4994463.579,VIA VIBO' 56/A
2062,EP,,Somministrazione,somministrazione,4,1393779.772,4990950.881,VIA VILLARBASSE 20/F
2063,EP,,Somministrazione,somministrazione,4,1393730.022,4990914.603,VIA VILLARBASSE 26/E
2064,EP,,Somministrazione,somministrazione,3,1395770.665,4990884.102,CORSO VITTORIO EMANUELE II 63/C
2065,EP,,DIA di somministrazione,somministrazione,6,1394895.225,4993257.741,VIA VICENZA 16
2066,EP,,Somministrazione,somministrazione,3,1395647.526,4990949.1,CORSO VITTORIO EMANUELE II 73/G
2067,EP,,Somministrazione,somministrazione,1,1395577.397,4991053.561,CORSO VITTORIO EMANUELE II 76/A
2068,EP,,Somministrazione,somministrazione,1,1395536.941,4991074.68,CORSO VITTORIO EMANUELE II 76/M
2069,EP,,Somministrazione,somministrazione,1,1395304.397,4991206.558,CORSO VITTORIO EMANUELE II 88 scala B
2070,EP,,DIA di somministrazione,somministrazione,6,1394635.486,4992843.226,VIA CARLO VIDUA 1
2071,EP,,Somministrazione,somministrazione,18,1396701.094,4993736.293,CORSO VIGEVANO 8/D
2072,EP,,Somministrazione,somministrazione,18,1396691.024,4993738.124,CORSO VIGEVANO 8
2073,EP,,Somministrazione,somministrazione,16,1394815.44314202,4994970.90635875,PIAZZA PASQUALE VILLARI 11/B
2074,EP,,Somministrazione,somministrazione,1,1395200.457,4991252.775,CORSO VITTORIO EMANUELE II 94/C
2075,EP,,DIA di somministrazione,somministrazione,1,1395144.615,4991286.273,CORSO VITTORIO EMANUELE II 96 scala A
2076,EP,,Somministrazione,somministrazione,1,1395144.615,4991286.273,CORSO VITTORIO EMANUELE II 96 scala A
2077,EP,,Somministrazione,somministrazione,3,1394861.459,4991370.803,CORSO VITTORIO EMANUELE II 119/F
2078,EP,,Somministrazione,somministrazione,16,1393481.314,4996126.883,STRADA DI ALTESSANO 146/A
2079,EP,,DIA di somministrazione,somministrazione,20,1400195.2544815,4995356.3615523,VIA MARTINO ANGLESIO 17
2080,EP,,DIA di somministrazione,somministrazione,11,1393029.191,4988344.416,VIA BOSTON 33
2081,EP,,DIA di somministrazione,somministrazione,11,1393216.69,4988258.663,VIA BOSTON 19
2082,EP,,DIA di somministrazione,somministrazione,11,1393466.073,4988280.873,CORSO GIOVANNI AGNELLI 45
2083,EP,,DIA di somministrazione,somministrazione,11,1393538.359,4988540.074,CORSO GIOVANNI AGNELLI 22
2084,EP,,Somministrazione,somministrazione,11,1393624.665,4988704.105,CORSO GIOVANNI AGNELLI 2/A
2085,EP,,Somministrazione,somministrazione,14,1393293.959,4992731.313,VIA ZUMAGLIA 46/A
2086,EP,,DIA di somministrazione,somministrazione,18,1397146.348,4993604.141,VIA AGLIE' 9
2087,EP,,Somministrazione,somministrazione,16,1394865.355,4996304.812,STRADA DELL' AEROPORTO 9
2088,EP,,Somministrazione,somministrazione,16,1394863.275,4996317.014,STRADA DELL' AEROPORTO 9/B
2089,EP,,Somministrazione,somministrazione,4,1393969.986,4989659.955,CORSO ADRIATICO 8/E
2090,EP,,Somministrazione,somministrazione,4,1393839.95221675,4989698.65734092,CORSO ADRIATICO 24/B
2091,EP,,Somministrazione,somministrazione,4,1394011.472,4989647.723,CORSO ADRIATICO 6/A
2092,EP,,Somministrazione,somministrazione,8,1399756.728,4992073.319,LUNGO PO ALESSANDRO ANTONELLI 181/C
2093,EP,,DIA di somministrazione,somministrazione,23,1390934.9818171,4985911.98920115,VIA GIOACHINO QUARELLO 19
2094,EP,,DIA di somministrazione,somministrazione,23,1390753.853,4986010.065,VIA GIOACHINO QUARELLO 43/A
2095,EP,,Somministrazione,somministrazione,23,1390690.431,4986028.242,VIA GIOACHINO QUARELLO 45/A
2096,EP,,Somministrazione,somministrazione,12,1391835.727,4989536.062,CORSO CANONICO GIUSEPPE ALLAMANO 38/C
2097,EP,,Somministrazione,somministrazione,1,1396021.22851486,4991412.43461881,VIA VITTORIO ALFIERI 18/D
2098,EP,,Somministrazione,somministrazione,15,1394540.879,4995382.699,VIA ISERNIA 3/E
2099,EP,,Somministrazione,somministrazione,11,1393232.847,4987960.294,CORSO GIOVANNI AGNELLI 100/B
2100,EP,,Somministrazione,somministrazione,11,1393326.659,4988138.346,CORSO GIOVANNI AGNELLI 74/F
2101,EP,,Somministrazione,somministrazione,11,1393309.604,4988105.945,CORSO GIOVANNI AGNELLI 80/B
2102,EP,,DIA di somministrazione,somministrazione,1,1396122.17138179,4991359.48408495,VIA VITTORIO ALFIERI 10
2103,EP,,Somministrazione,somministrazione,11,1393380.758,4988241.061,CORSO GIOVANNI AGNELLI 60/H
2104,EP,,Somministrazione,somministrazione,11,1393442.006,4988357.442,CORSO GIOVANNI AGNELLI 48/A
2105,EP,,Somministrazione,somministrazione,11,1393426.629,4988329.353,CORSO GIOVANNI AGNELLI 50/C
2106,EP,,Somministrazione,somministrazione,11,1393406.436,4988290.098,CORSO GIOVANNI AGNELLI 56/C
2107,EP,,Somministrazione,somministrazione,7,1396963.86,4992800.795,VIA ALESSANDRIA 10/F
2108,EP,,Somministrazione,somministrazione,7,1396910.048,4992982.232,VIA AOSTA 9/G
2109,EP,,DIA di somministrazione,somministrazione,19,1399254.603,4997845.99,CORSO ROMANIA 501 int. 24
2110,EP,,DIA di somministrazione,somministrazione,23,1392661.014,4986874.469,CORSO GIOVANNI AGNELLI 200
2111,EP,,Somministrazione,somministrazione,17,1396551.038,4995470.71,VIA ALA DI STURA 43/A
2112,EP,,DIA di somministrazione,somministrazione,17,1396553.323,4995509.777,VIA ALA DI STURA 49/B
2113,EP,,DIA di somministrazione,somministrazione,19,1398411.772,4996959.949,VIA GINO MARINUZZI 1
2114,EP,,Somministrazione,somministrazione,21,1400038.839,4992534.915,VIA TOMMASO AGUDIO 46/A
2115,EP,,Somministrazione,somministrazione,15,1393667.017,4995077.367,STRADA DI ALTESSANO 18/B
2116,EP,,Somministrazione,somministrazione,20,1398949.6,4994101.887,VIA RENATO WUILLERMIN 1
2117,EP,,Somministrazione,somministrazione,7,1396689.242,4992292.159,CORSO UNDICI FEBBRAIO 6
2118,EP,,Somministrazione,somministrazione,5,1394045.698,4991747.535,PIAZZA ADRIANO 7/C
2119,EP,,DIA di somministrazione,somministrazione,20,1398550.115,4994194.157,VIA GIOVENALE ANCINA 15
2120,EP,,Somministrazione,somministrazione,15,1393655.735,4995104.538,STRADA DI ALTESSANO 24/A
2121,EP,,Somministrazione,somministrazione,15,1393597.91770833,4995284.95416667,STRADA DI ALTESSANO 40/B
2122,EP,,DIA di somministrazione,somministrazione,1,1395151.732,4992037.976,PIAZZA DICIOTTO DICEMBRE 8
2123,EP,,Somministrazione,somministrazione,1,1395967.251,4990894.051,VIA VENTI SETTEMBRE 2/M
2124,EP,,Somministrazione,somministrazione,1,1395981.25,4990920.894,VIA VENTI SETTEMBRE 6
2125,EP,,Somministrazione,somministrazione,11,1393409.971,4988296.791,CORSO GIOVANNI AGNELLI 56/B
2126,EP,,Somministrazione,somministrazione,15,1393438.195,4995575.229,STRADA DI ALTESSANO 59/A
2127,EP,,Somministrazione,somministrazione,15,1393429.787,4995585.432,STRADA DI ALTESSANO 61/A
2128,EP,,DIA di somministrazione,somministrazione,8,1398521.111,4991787.55,VIA ANDORNO 34
2129,EP,,Somministrazione,somministrazione,8,1398519.76,4991793.498,VIA ANDORNO 34/D
2130,EP,,Somministrazione,somministrazione,1,1396166.783,4991258.707,VIA VENTI SETTEMBRE 36/B
2131,EP,,Somministrazione,somministrazione,1,1396260.046,4991510.822,VIA VENTI SETTEMBRE 51/A
2132,EP,,Somministrazione,somministrazione,6,1395029.696,4993117.58,VIA S. GIOVANNI BOSCO 41/D
2133,EP,,DIA di somministrazione,somministrazione,6,1395164.3529624,4993057.87219789,VIA S. GIOVANNI BOSCO 29
2134,EP,,DIA di somministrazione,somministrazione,9,1395207.17,4988195.856,VIA ALASSIO 22
2135,EP,,Somministrazione,somministrazione,1,1396305.608,4991565.911,VIA VENTI SETTEMBRE 60/A
2136,EP,,Somministrazione,somministrazione,1,1396320.948,4991597.275,VIA VENTI SETTEMBRE 62/D
2137,EP,,Somministrazione,somministrazione,1,1396363.973,4991714.359,VIA VENTI SETTEMBRE 67/C
2138,EP,,Somministrazione,somministrazione,1,1396379.571,4991747.09,VIA VENTI SETTEMBRE 69/D
2139,EP,,DIA di somministrazione,somministrazione,17,1396629.179,4995867.619,VIA ALA DI STURA 84
2140,EP,,DIA di somministrazione,somministrazione,20,1398603.806,4994274.522,VIA GIOVENALE ANCINA 29
2141,EP,,Somministrazione,somministrazione,1,1396129.057,4991128.851,VIA GIOVANNI AMENDOLA 8/A
2142,EP,,Somministrazione,somministrazione,1,1396112.695,4991065.699,VIA GIOVANNI AMENDOLA 9
2143,EP,,Somministrazione,somministrazione,1,1396107.323,4991055.494,VIA GIOVANNI AMENDOLA 9/H
2144,EP,,Somministrazione,somministrazione,1,1396106.872,4991087.181,VIA GIOVANNI AMENDOLA 10/C
2145,EP,,Somministrazione,somministrazione,1,1396439.477,4991869.67,VIA VENTI SETTEMBRE 79/E
2146,EP,,DIA di somministrazione,somministrazione,1,1396571.58854167,4992114.79895833,VIA VENTI SETTEMBRE 88
2147,EP,,Somministrazione,somministrazione,6,1394622.962,4993311.181,VIA S. GIOVANNI BOSCO 80/E
2148,EP,,Somministrazione,somministrazione,4,1393820.68,4990814.414,VIA BOSSOLASCO 6/A
2149,EP,,Somministrazione,somministrazione,11,1393243.033,4988245.384,VIA BOSTON 13/C
2150,EP,,Somministrazione,somministrazione,11,1393344.174,4988217.324,VIA BOSTON 2/H
2151,EP,,Somministrazione,somministrazione,1,1396326.94,4991736.8100000005,VIA GIUSEPPE BARBAROUX 10 scala A
2152,EP,,Somministrazione,somministrazione,14,1392022.608,4992725.271,VIA VITTORIO ASINARI DI BERNEZZO 106/H
2153,EP,,Somministrazione,somministrazione,14,1391995.806,4992713.938,VIA VITTORIO ASINARI DI BERNEZZO 107/F
2154,EP,,Somministrazione,somministrazione,14,1392247.399,4992701.204,VIA VITTORIO ASINARI DI BERNEZZO 74/D
2155,EP,,DIA di somministrazione,somministrazione,6,1395239.196,4992601.776,VIA GIAMBATTISTA BALBIS 11
2156,EP,,Somministrazione,somministrazione,8,1397481.771,4991771.411,VIA CESARE BALBO 4/B
2157,EP,,Somministrazione,somministrazione,8,1397548.054,4991708.927,VIA CESARE BALBO 10
2158,EP,,DIA di somministrazione,somministrazione,8,1397544.101,4991712.653,VIA CESARE BALBO 10/A
2159,EP,,Somministrazione,somministrazione,8,1397552.761,4991704.49,VIA CESARE BALBO 10/D
2160,EP,,Somministrazione,somministrazione,8,1397727.228,4991556.571,VIA CESARE BALBO 15/C
2161,EP,,DIA di somministrazione,somministrazione,18,1397174.308,4993601.006,VIA BARBANIA 6
2162,EP,,Somministrazione,somministrazione,7,1396056.48273085,4993789.3111069,PIAZZA ANTONIO GENERALE BALDISSERA 1/E
2163,EP,,Somministrazione,somministrazione,8,1397891.26,4991385.718,VIA CESARE BALBO 38/C
2164,EP,,Somministrazione,somministrazione,8,1397712.484,4991553.932,VIA CESARE BALBO 22/A
2165,EP,,Somministrazione,somministrazione,1,1395858.876,4990937.838,VIA ARSENALE 41/C
2166,EP,,Somministrazione,somministrazione,1,1395847.315,4990939.87,VIA ARSENALE 44/B
2167,EP,,Somministrazione,somministrazione,6,1394104.494,4992753.538,VIA BALME 9/F
2168,EP,,DIA di somministrazione,somministrazione,12,1391723.358,4989158.721,VIA GIACOMO BALLA 27
2169,EP,,Somministrazione,somministrazione,1,1396233.071,4991773.395,VIA GIUSEPPE BARBAROUX 16
2170,EP,,DIA di somministrazione,somministrazione,1,1395998.301,4991235.945,VIA ARSENALE 22
2171,EP,,DIA di somministrazione,somministrazione,1,1396025.503,4991243.956,VIA ARSENALE 23
2172,EP,,Somministrazione,somministrazione,1,1396022.862,4991228.547,VIA ARSENALE 25/A
2173,EP,,Somministrazione,somministrazione,8,1397578.802,4991361.593,VIA ARTISTI 26/G
2174,EP,,DIA di somministrazione,somministrazione,3,1395467.794,4990902.279,VIA ASSIETTA 23
2175,EP,,DIA di somministrazione,somministrazione,23,1392281.119,4986027.876,VIA GASPERO BARBERA 4
2176,EP,,Somministrazione,somministrazione,23,1392296.712,4986047.6,VIA GASPERO BARBERA 5/A
2177,EP,,DIA di somministrazione,somministrazione,23,1392487.23589989,4985974.41831928,VIA GASPERO BARBERA 29/B
2178,EP,,Somministrazione,somministrazione,8,1397408.503,4991521.346,VIA ARTISTI 14/I
2179,EP,,DIA di somministrazione,somministrazione,8,1397715.318,4991250.8100000005,VIA ARTISTI 35 bis/A
2180,EP,,Somministrazione,somministrazione,8,1397620.057,4991322.696,VIA ARTISTI 28
2181,EP,,Somministrazione,somministrazione,1,1395592.70428334,4991866.4437116,VIA OTTAVIO ASSAROTTI 14 bis/C
2182,EP,,DIA di somministrazione,somministrazione,18,1397269.226,4993810.958,VIA BALTEA 30 bis
2183,EP,,DIA di somministrazione,somministrazione,6,1393736.68,4992884.663,VIA BALME 46
2184,EP,,DIA di somministrazione,somministrazione,23,1393524.44448623,4985521.84068845,VIA EMANUELE ARTOM 30/A
2185,EP,,DIA di somministrazione,somministrazione,1,1395675.359,4992025.444,VIA OTTAVIO ASSAROTTI 6
2186,EP,,Somministrazione,somministrazione,14,1391808.619,4992806.938,VIA VITTORIO ASINARI DI BERNEZZO 134/A
2187,EP,,DIA di somministrazione,somministrazione,20,1398487.29311857,4994766.94716722,VIA SANDRO BOTTICELLI 104
2188,EP,,DIA di somministrazione,somministrazione,12,1392806.205,4987642.097,VIA CARLO DEL PRETE 64/B
2189,EP,,Somministrazione,somministrazione,14,1392626.64,4993380.313,CORSO APPIO CLAUDIO 176 int. 4
2190,EP,,DIA di somministrazione,somministrazione,6,1394750.954,4993229.686,VIA AVELLINO 7/A
2191,EP,,Somministrazione,somministrazione,14,1393052.679,4993282.241,CORSO APPIO CLAUDIO 116
2192,EP,,DIA di somministrazione,somministrazione,10,1393945.391,4988069.63,VIA ARNALDO DA BRESCIA 5/D
2193,EP,,Somministrazione,somministrazione,10,1393940.689,4988060.304,VIA ARNALDO DA BRESCIA 7/B
2194,EP,,DIA di somministrazione,somministrazione,8,1397268.735,4991652.39,VIA ARTISTI 4
2195,EP,,Somministrazione,somministrazione,20,1401320.41,4994901.001,VIA MATTEO BANDELLO 3/A
2196,EP,,Somministrazione,somministrazione,13,1390653.253,4991663.864,VIA ASIAGO 65/B
2197,EP,,Somministrazione,somministrazione,14,1392152.97671291,4992694.04036165,VIA VITTORIO ASINARI DI BERNEZZO 87/A
2198,EP,,Somministrazione,somministrazione,5,1394696.66,4991790.634,VIA AVIGLIANA 13 int. 4
2199,EP,,Somministrazione,somministrazione,1,1395309.126,4991245.217,VIA AMEDEO AVOGADRO 6/B
2200,EP,,Somministrazione,somministrazione,5,1394291.165,4992027.385,VIA AVIGLIANA 47/A
2201,EP,,Somministrazione,somministrazione,5,1394411.881,4991978.505,VIA AVIGLIANA 36/B
2202,EP,,Somministrazione,somministrazione,1,1395438.129,4991496.831,VIA AMEDEO AVOGADRO 18/E
2203,EP,,DIA di somministrazione,somministrazione,16,1395246.051,4994792.105,VIA ASSISI 13
2204,EP,,DIA di somministrazione,somministrazione,13,1390906.474,4991689.404,VIA ASIAGO 40/G
2205,EP,,Somministrazione,somministrazione,13,1391056.353,4991695.894,VIA ASIAGO 24/D
2206,EP,,Somministrazione,somministrazione,1,1395342.112,4991309.864,VIA AMEDEO AVOGADRO 10/C
2207,EP,,Somministrazione,somministrazione,1,1395426.44,4991474.137,VIA AMEDEO AVOGADRO 18/A
2208,EP,,Somministrazione,somministrazione,1,1396039.637,4991220.858,VIA DELL' ARCIVESCOVADO 9
2209,EP,,Somministrazione,somministrazione,13,1391163.298,4991700.631,VIA ASIAGO 10/D
2210,EP,,Somministrazione,somministrazione,13,1391089.421,4991682.026,VIA ASIAGO 15/B
2211,EP,,DIA di somministrazione,somministrazione,20,1399318.071875,4994423.5828125,VIA VITTORIO AVONDO 26/A
2212,EP,,Somministrazione,somministrazione,8,1397731.274,4991552.701,VIA CESARE BALBO 15/E
2213,EP,,DIA di somministrazione,somministrazione,3,1394803.189,4990541.13,CORSO GIUSEPPE ARIMONDI 6/A
2214,EP,,DIA di somministrazione,somministrazione,6,1395094.638,4993176.924,VIA GRAZIADIO ASCOLI 15
2215,EP,,DIA di somministrazione,somministrazione,13,1392324.623,4991689.915,VIA ARVIER 14
2216,EP,,Somministrazione,somministrazione,5,1394732.292,4992283.582,VIA PIETRO BAGETTI 18
2217,EP,,Somministrazione,somministrazione,5,1394732.62,4992276.065,VIA PIETRO BAGETTI 18/D
2218,EP,,DIA di somministrazione,somministrazione,11,1393340.463,4988694.961,VIA BALTIMORA 31
2219,EP,,DIA di somministrazione,somministrazione,18,1396692.60559642,4993890.60292873,VIA ANTONIO BANFO 17
2220,EP,,DIA di somministrazione,somministrazione,11,1393067.036,4988856.386,VIA BALTIMORA 64
2221,EP,,Somministrazione,somministrazione,10,1393871.3,4987919.115,VIA ARNALDO DA BRESCIA 33/A
2222,EP,,Somministrazione,somministrazione,10,1393856.989,4987894.288,VIA ARNALDO DA BRESCIA 35/B
2223,EP,,Somministrazione,somministrazione,10,1393904.498,4987988.529,VIA ARNALDO DA BRESCIA 21/B
2224,EP,,Somministrazione,somministrazione,13,1390674.787,4991679.776,VIA ASIAGO 66/F
2225,EP,,DIA di somministrazione,somministrazione,8,1399650.193,4992197.67,VIA ASIGLIANO VERCELLESE 10
2226,EP,,DIA di somministrazione,somministrazione,12,1392225.879,4989268.631,VIA BALTIMORA 171
2227,EP,,DIA di somministrazione,somministrazione,14,1392554.189,4992703.674,VIA VITTORIO ASINARI DI BERNEZZO 48
2228,EP,,Somministrazione,somministrazione,6,1395142.423,4992500.699,VIA GIAMBATTISTA BALBIS 4/B
2229,EP,,Somministrazione,somministrazione,6,1394371.203,4993852.107,VIA BALANGERO 21/C
2230,EP,,Somministrazione,somministrazione,2,1396190.169,4990385.081,VIA CLAUDIO LUIGI BERTHOLLET 17/A
2231,EP,,Somministrazione,somministrazione,2,1396213.068,4990372.911,VIA CLAUDIO LUIGI BERTHOLLET 17/I
2232,EP,,Somministrazione,somministrazione,2,1396123.651,4990420.137,VIA CLAUDIO LUIGI BERTHOLLET 9/F
2233,EP,,DIA di somministrazione,somministrazione,5,1393834.3,4991406.275,VIA BARGE 8
2234,EP,,Somministrazione,somministrazione,6,1395284.759,4993154.026,VIA BARI 20
2235,EP,,DIA di somministrazione,somministrazione,14,1391762.283,4992672.965,VIA LUDOVICO BELLARDI 56
2236,EP,,Somministrazione,somministrazione,14,1391635.043,4992394.998,VIA LUDOVICO BELLARDI 22 bis/B
2237,EP,,Somministrazione,somministrazione,2,1396133.416,4990414.975,VIA CLAUDIO LUIGI BERTHOLLET 11/B
2238,EP,,DIA di somministrazione,somministrazione,2,1396145.668,4990408.372,VIA CLAUDIO LUIGI BERTHOLLET 13
2239,EP,,Somministrazione,somministrazione,2,1396084.60456895,4990424.51155586,VIA CLAUDIO LUIGI BERTHOLLET 6
2240,EP,,Somministrazione,somministrazione,2,1396080.0231687,4990429.62554975,VIA CLAUDIO LUIGI BERTHOLLET 6/C
2241,EP,,Somministrazione,somministrazione,2,1395987.766,4990478.393,VIA CLAUDIO LUIGI BERTHOLLET 2/A
2242,EP,,DIA di somministrazione,somministrazione,4,1394003.038,4990392.3100000005,VIA AUGUSTO BERTA 15
2243,EP,,DIA di somministrazione,somministrazione,12,1391256.008,4989418.296,STRADA DEL BAROCCHIO 57
2244,EP,,DIA di somministrazione,somministrazione,2,1396128.27,4990382.395,VIA BELFIORE 1
2245,EP,,Somministrazione,somministrazione,2,1396128.27,4990382.395,VIA BELFIORE 1
2246,EP,,Somministrazione,somministrazione,2,1396407.806,4990256.774,VIA CLAUDIO LUIGI BERTHOLLET 30/G
2247,EP,,Somministrazione,somministrazione,2,1396447.011,4990249.509,VIA CLAUDIO LUIGI BERTHOLLET 37
2248,EP,,DIA di somministrazione,somministrazione,2,1396447.011,4990249.509,VIA CLAUDIO LUIGI BERTHOLLET 37
2249,EP,,Somministrazione,somministrazione,2,1396290.157,4990318.636,VIA CLAUDIO LUIGI BERTHOLLET 20/D
2250,EP,,Somministrazione,somministrazione,2,1396261.003,4990347.433,VIA CLAUDIO LUIGI BERTHOLLET 23/F
2251,EP,,Somministrazione,somministrazione,11,1392789.415,4989389.062,VIA BARLETTA 122/D
2252,EP,,Somministrazione,somministrazione,11,1392679.052,4989420.577,VIA BARLETTA 123/B
2253,EP,,Somministrazione,somministrazione,11,1392892.887,4989344.589,VIA BARLETTA 108 scala B
2254,EP,,DIA di somministrazione,somministrazione,11,1392854.131,4989331.775,VIA BARLETTA 99
2255,EP,,Somministrazione,somministrazione,1,1396224.85172715,4992138.40850968,VIA GIAN FRANCESCO BELLEZIA 16/B
2256,EP,,Somministrazione,somministrazione,14,1393367.283,4992843.581,VIA PIETRINO BELLI 37/B
2257,EP,,Somministrazione,somministrazione,2,1396316.686,4990304.614,VIA CLAUDIO LUIGI BERTHOLLET 24/B
2258,EP,,DIA di somministrazione,somministrazione,1,1396234.069,4991602.685,VIA ANTONIO GIUSEPPE BERTOLA 10
2259,EP,,Somministrazione,somministrazione,1,1396162.867,4991615.482,VIA ANTONIO GIUSEPPE BERTOLA 17/B
2260,EP,,Somministrazione,somministrazione,1,1396159.024,4991617.445,VIA ANTONIO GIUSEPPE BERTOLA 17/C
2261,EP,,Somministrazione,somministrazione,1,1396270.072,4991551.587,VIA ANTONIO GIUSEPPE BERTOLA 5
2262,EP,,Somministrazione,somministrazione,11,1392917.964,4989297.626,VIA BARLETTA 87/H
2263,EP,,Somministrazione,somministrazione,13,1392805.82,4991924.843,VIA BEAULARD 36/G
2264,EP,,DIA di somministrazione,somministrazione,7,1395990.473,4993576.781,VIA BEINASCO 34
2265,EP,,Somministrazione,somministrazione,1,1396276.153,4992249.473,VIA GIAN FRANCESCO BELLEZIA 37/D
2266,EP,,Somministrazione,somministrazione,1,1396257.523,4992200.688,VIA GIAN FRANCESCO BELLEZIA 20/E
2267,EP,,Somministrazione,somministrazione,11,1393279.519,4989138.633,VIA BARLETTA 58/B
2268,EP,,Somministrazione,somministrazione,14,1393390.14,4992973.766,VIA PIETRINO BELLI 48/A
2269,EP,,DIA di somministrazione,somministrazione,20,1401200.769,4994833.311,STRADA BERTOLLA 50
2270,EP,,Somministrazione,somministrazione,1,1395393.511,4992386.107,CORSO GIAMBATTISTA BECCARIA 2/B
2271,EP,,Somministrazione,somministrazione,1,1396021.246,4991704.415,VIA ANTONIO GIUSEPPE BERTOLA 26/D
2272,EP,,Somministrazione,somministrazione,1,1395991.956,4991704.707,VIA ANTONIO GIUSEPPE BERTOLA 27/A
2273,EP,,Somministrazione,somministrazione,1,1395969.334,4991717.562,VIA ANTONIO GIUSEPPE BERTOLA 27/H
2274,EP,,Somministrazione,somministrazione,1,1396041.958,4991693.87,VIA ANTONIO GIUSEPPE BERTOLA 24/C
2275,EP,,Somministrazione,somministrazione,12,1392218.858,4989049.725,PIAZZA BASILICATA 4/B
2276,EP,,Somministrazione,somministrazione,2,1396116.228,4990378.968,VIA BELFIORE 4
2277,EP,,DIA di somministrazione,somministrazione,2,1396116.228,4990378.968,VIA BELFIORE 4
2278,EP,,Somministrazione,somministrazione,2,1396118.775,4990387.711,VIA BELFIORE 4/B
2279,EP,,Somministrazione,somministrazione,2,1396041.063,4990188.019,VIA BELFIORE 22 scala B
2280,EP,,Somministrazione,somministrazione,2,1396015.019,4989990.89,VIA BELFIORE 23/C
2281,EP,,Somministrazione,somministrazione,2,1396052.248,4990159.331,VIA BELFIORE 24/E
2282,EP,,Somministrazione,somministrazione,2,1396089.725,4990287.985,VIA BELFIORE 16/C
2283,EP,,DIA di somministrazione,somministrazione,23,1392641.207,4985915.37,VIA GASPERO BARBERA 49/B
2284,EP,,Somministrazione,somministrazione,8,1397898.161,4991538.237,VIA EUSEBIO BAVA 45
2285,EP,,Somministrazione,somministrazione,2,1396101.824,4990329.519,VIA BELFIORE 10/D
2286,EP,,Somministrazione,somministrazione,2,1396081.639,4990221.622,VIA BELFIORE 11
2287,EP,,Somministrazione,somministrazione,2,1396108.634,4990314.297,VIA BELFIORE 5
2288,EP,,Somministrazione,somministrazione,2,1396118.337,4990314.261,VIA BELFIORE 5 scala A
2289,EP,,Somministrazione,somministrazione,11,1393220.012,4989087.408,VIA BENE VAGIENNA 22/A
2290,EP,,Somministrazione,somministrazione,1,1397431.811,4991024.552,VIA EUSEBIO BAVA 2/O
2291,EP,,Somministrazione,somministrazione,2,1395999.694,4989980.861,VIA BELFIORE 34/F
2292,EP,,Somministrazione,somministrazione,2,1395995.281,4989965.574,VIA BELFIORE 36
2293,EP,,Somministrazione,somministrazione,2,1395959.607,4989800.754,VIA BELFIORE 37/D
2294,EP,,Somministrazione,somministrazione,21,1398557.539,4991242.806,VIA BARDASSANO 2
2295,EP,,Somministrazione,somministrazione,1,1397417.938,4991009.947,VIA EUSEBIO BAVA 2/G
2296,EP,,Somministrazione,somministrazione,1,1396582.39,4991512.854,VIA CESARE BATTISTI 7/N
2297,EP,,Somministrazione,somministrazione,1,1396596.496,4991505.054,VIA CESARE BATTISTI 9
2298,EP,,Somministrazione,somministrazione,1,1396506.274,4991554.925,VIA CESARE BATTISTI 3/E
2299,EP,,Somministrazione,somministrazione,1,1396513.62,4991550.87,VIA CESARE BATTISTI 5/B
2300,EP,,Somministrazione,somministrazione,1,1396564.414,4991522.792,VIA CESARE BATTISTI 7/F
2301,EP,,DIA di somministrazione,somministrazione,2,1395857.488,4989449.535,VIA BELFIORE 65
2302,EP,,Somministrazione,somministrazione,8,1399253.257,4991979.669,CORSO BELGIO 114/B
2303,EP,,Somministrazione,somministrazione,8,1399122.241,4991950.506,CORSO BELGIO 96/C
2304,EP,,Somministrazione,somministrazione,1,1396290.09,4992013.918,VIA GIOVANNI BERCHET 3/C
2305,EP,,Somministrazione,somministrazione,9,1394621.586,4985703.922,PIAZZA BENGASI 13/D
2306,EP,,DIA di somministrazione,somministrazione,9,1394464.883,4985700.826,PIAZZA BENGASI 20/A
2307,EP,,DIA di somministrazione,somministrazione,5,1393344.413,4991947.118,VIA BARDONECCHIA 36
2308,EP,,DIA di somministrazione,somministrazione,5,1393431.71,4991946.198,VIA BARDONECCHIA 18/A
2309,EP,,Somministrazione,somministrazione,19,1397836.678,4995498.718,STRADA BASSE DI STURA 101/F
2310,EP,,Somministrazione,somministrazione,8,1399147.341,4991939.358,CORSO BELGIO 98
2311,EP,,Somministrazione,somministrazione,9,1394626.21,4985719.676,PIAZZA BENGASI 11/D
2312,EP,,DIA di somministrazione,somministrazione,13,1392461.944,4991910.285,VIA BARDONECCHIA 124
2313,EP,,Somministrazione,somministrazione,13,1392583.074,4991914.0600000005,VIA BARDONECCHIA 114/B
2314,EP,,Somministrazione,somministrazione,8,1398671.487,4991850.104,CORSO BELGIO 52/A
2315,EP,,Somministrazione,somministrazione,8,1398376.339,4991814.966,CORSO BELGIO 47/D
2316,EP,,Somministrazione,somministrazione,8,1398397.028,4991819.5600000005,CORSO BELGIO 49/F
2317,EP,,Somministrazione,somministrazione,8,1398344.411,4991807.875,CORSO BELGIO 43/D
2318,EP,,Somministrazione,somministrazione,8,1398595.37,4991833.106,CORSO BELGIO 46/A
2319,EP,,Somministrazione,somministrazione,8,1398304.821,4991768.358,CORSO BELGIO 26/A
2320,EP,,Somministrazione,somministrazione,8,1398324.465,4991773.116,CORSO BELGIO 26/F
2321,EP,,Somministrazione,somministrazione,8,1398727.859,4991862.662,CORSO BELGIO 58/B
2322,EP,,Somministrazione,somministrazione,14,1392387.423,4992384.763,VIA BAVENO 21 bis/A
2323,EP,,Somministrazione,somministrazione,8,1398458.513,4991802.563,CORSO BELGIO 36
2324,EP,,Somministrazione,somministrazione,8,1398469.409,4991804.989,CORSO BELGIO 36/G
2325,EP,,Somministrazione,somministrazione,8,1398303.215,4991798.727,CORSO BELGIO 39/B
2326,EP,,Somministrazione,somministrazione,8,1399463.092,4992057.115,CORSO BELGIO 143/A
2327,EP,,Somministrazione,somministrazione,1,1396183.472,4992070.047,VIA GIAN FRANCESCO BELLEZIA 15/F
2328,EP,,Somministrazione,somministrazione,1,1396180.443,4992050.353,VIA GIAN FRANCESCO BELLEZIA 8/C
2329,EP,,Somministrazione,somministrazione,2,1396042.195,4990309.736,VIA GIUSEPPE BARETTI 5 scala B
2330,EP,,Somministrazione,somministrazione,2,1396050.509,4990274.068,VIA GIUSEPPE BARETTI 6
2331,EP,,Somministrazione,somministrazione,11,1393360.731,4989015.943,VIA BENE VAGIENNA 2/C
2332,EP,,Somministrazione,somministrazione,2,1395956.187,4990301.309,VIA GIUSEPPE BARETTI 2
2333,EP,,Somministrazione,somministrazione,2,1395935.062,4990307.471,VIA GIUSEPPE BARETTI 2/H
2334,EP,,DIA di somministrazione,somministrazione,2,1395957.714,4990312.237,VIA GIUSEPPE BARETTI 3
2335,EP,,Somministrazione,somministrazione,2,1396234.054,4990183.493,VIA GIUSEPPE BARETTI 20/B
2336,EP,,Somministrazione,somministrazione,2,1396075.294,4990277.829,VIA GIUSEPPE BARETTI 9/D
2337,EP,,Somministrazione,somministrazione,2,1396118.336,4990245.245,VIA GIUSEPPE BARETTI 10/B
2338,EP,,Somministrazione,somministrazione,2,1396155.991,4990225.055,VIA GIUSEPPE BARETTI 12/E
2339,EP,,Somministrazione,somministrazione,2,1396259.658,4990183.681,VIA GIUSEPPE BARETTI 25/B
2340,EP,,Somministrazione,somministrazione,8,1399567.209,4992105.123,CORSO BELGIO 155/B
2341,EP,,Somministrazione,somministrazione,8,1399615.589,4992091.14,CORSO BELGIO 159/G
2342,EP,,Somministrazione,somministrazione,23,1390111.954,4987607.653,VIA AGOSTINO BERTANI 55
2343,EP,,DIA di somministrazione,somministrazione,1,1396376.318,4991522.835,VIA ANTONIO GIUSEPPE BERTOLA 2/D
2344,EP,,Somministrazione,somministrazione,1,1396376.318,4991522.835,VIA ANTONIO GIUSEPPE BERTOLA 2/D
2345,EP,,Somministrazione,somministrazione,2,1396347.812,4990123.417,VIA GIUSEPPE BARETTI 32
2346,EP,,DIA di somministrazione,somministrazione,2,1396347.812,4990123.417,VIA GIUSEPPE BARETTI 32
2347,EP,,Somministrazione,somministrazione,5,1393870.601,4991373.096,VIA BARGE 1 bis/A
2348,EP,,Somministrazione,somministrazione,2,1396360.344,4990116.777,VIA GIUSEPPE BARETTI 34/B
2349,EP,,Somministrazione,somministrazione,10,1393267.372,4986347.357,VIA MATTEO BARTOLI 6
2350,EP,,Somministrazione,somministrazione,1,1396367.683,4992100.102,VIA DELLA BASILICA 3/B
2351,EP,,Somministrazione,somministrazione,8,1397560.739,4991161.752,VIA EUSEBIO BAVA 12/B
2352,EP,,Somministrazione,somministrazione,1,1397411.81,4991021.38,VIA EUSEBIO BAVA 1/G
2353,EP,,DIA di somministrazione,somministrazione,7,1396497.339,4992890.064,PIAZZA BORGO DORA 61
2354,EP,,Somministrazione,somministrazione,7,1396451.971,4992701.904,VIA BORGO DORA 26/C
2355,EP,,DIA di somministrazione,somministrazione,1,1395811.346,4991429.801,VIA DAVIDE BERTOLOTTI 1/C
2356,EP,,Somministrazione,somministrazione,13,1391498.703,4991699.495,VIA QUINTO BEVILACQUA 1/A
2357,EP,,Somministrazione,somministrazione,13,1391436.497,4990898.652,VIA BIONAZ 24/B
2358,EP,,Somministrazione,somministrazione,13,1391478.887,4991023.048,VIA BIONAZ 4/B
2359,EP,,Somministrazione,somministrazione,1,1396739.884,4991460.642,VIA CONTE GIAMBATTISTA BOGINO 5
2360,EP,,Somministrazione,somministrazione,7,1396453.29,4992743.481,VIA BORGO DORA 30/B
2361,EP,,Somministrazione,somministrazione,7,1396472.903,4992555.07,VIA BORGO DORA 2/F
2362,EP,,Somministrazione,somministrazione,7,1396439.837,4992546.307,VIA BORGO DORA 3/O
2363,EP,,Somministrazione,somministrazione,1,1395815.621,4991212.288,VIA UMBERTO BIANCAMANO 3/A
2364,EP,,DIA di somministrazione,somministrazione,11,1392899.259,4989282.992,VIA BISTAGNO 28
2365,EP,,Somministrazione,somministrazione,16,1394861.726,4994441.959,LARGO BORGARO 42/A
2366,EP,,Somministrazione,somministrazione,7,1396496.05962495,4992531.66521581,VIA BORGO DORA 1/A
2367,EP,,DIA di somministrazione,somministrazione,20,1401548.069,4994809.801,STRADA BERTOLLA 141 int. 14
2368,EP,,Somministrazione,somministrazione,7,1397202.254,4992874.077,VIA BOLOGNA 31/A
2369,EP,,Somministrazione,somministrazione,7,1397272.335,4992917.105,VIA BOLOGNA 39/F
2370,EP,,Somministrazione,somministrazione,14,1392773.037,4992943.718,VIA NICOMEDE BIANCHI 14/B
2371,EP,,Somministrazione,somministrazione,14,1392358.767,4992999.385,VIA NICOMEDE BIANCHI 62/G
2372,EP,,Somministrazione,somministrazione,14,1392523.669,4992962.059,VIA NICOMEDE BIANCHI 39/E
2373,EP,,DIA di somministrazione,somministrazione,1,1395113.354,4991782.566,CORSO BOLZANO 30
2374,EP,,Somministrazione,somministrazione,16,1395387.564,4995033.508,PIAZZA RUGGERO BONGHI 2/A
2375,EP,,Somministrazione,somministrazione,12,1392566.074,4987880.0600000005,PIAZZA DANTE LIVIO BIANCO 8/A
2376,EP,,Somministrazione,somministrazione,17,1395804.977,4994455.397,VIA BIBIANA 14/D
2377,EP,,Somministrazione,somministrazione,2,1395832.986,4989701.127,VIA GIORGIO BIDONE 12/G
2378,EP,,Somministrazione,somministrazione,18,1397755.297,4993214.449,VIA BOLOGNA 99/B
2379,EP,,Somministrazione,somministrazione,18,1397983.134,4993354.925,VIA BOLOGNA 125/A
2380,EP,,Somministrazione,somministrazione,18,1397641.973,4993115.372,VIA BOLOGNA 96/F
2381,EP,,DIA di somministrazione,somministrazione,18,1397545.099,4993085.143,VIA BOLOGNA 77
2382,EP,,Somministrazione,somministrazione,16,1394858.64166667,4994999.33645833,VIA BORGARO 82/A
2383,EP,,Somministrazione,somministrazione,16,1394860.471,4995044.292,VIA BORGARO 86
2384,EP,,Somministrazione,somministrazione,18,1397646.296,4993147.394,VIA BOLOGNA 89/B
2385,EP,,DIA di somministrazione,somministrazione,7,1397426.33645833,4992982.72708334,VIA BOLOGNA 74
2386,EP,,Somministrazione,somministrazione,9,1395119.487,4988072.231,VIA GIULIO BIZZOZERO 15/A
2387,EP,,Somministrazione,somministrazione,1,1396738.73,4991458.394,VIA CONTE GIAMBATTISTA BOGINO 5/D
2388,EP,,Somministrazione,somministrazione,20,1398870.518,4994066.494,VIA BOLOGNA 256/B
2389,EP,,Somministrazione,somministrazione,20,1398781.156,4993993.652,VIA BOLOGNA 257/C
2390,EP,,Somministrazione,somministrazione,1,1397235.355,4990789.118,VIA ALFONSO BONAFOUS 7/M
2391,EP,,Somministrazione,somministrazione,1,1395817.143,4991793.949,VIA ANTONIO GIUSEPPE BERTOLA 31/I
2392,EP,,Somministrazione,somministrazione,1,1394921.182,4991490.279,CORSO BOLZANO 8/E
2393,EP,,Somministrazione,somministrazione,1,1394939.084,4991524.866,CORSO BOLZANO 10/G
2394,EP,,Somministrazione,somministrazione,1,1395078.544,4991755.559,CORSO BOLZANO 26/A
2395,EP,,DIA di somministrazione,somministrazione,20,1398252.734,4994940.918,VIA SANDRO BOTTICELLI 62/A
2396,EP,,Somministrazione,somministrazione,17,1395921.289,4994668.451,VIA BIBIANA 31/A
2397,EP,,DIA di somministrazione,somministrazione,17,1395765.602,4994392.586,VIA BIBIANA 8
2398,EP,,Somministrazione,somministrazione,17,1395950.13,4994686.248,VIA BIBIANA 50
2399,EP,,DIA di somministrazione,somministrazione,1,1395957.77083333,4992377.803125,VIA BLIGNY 18
2400,EP,,DIA di somministrazione,somministrazione,11,1392665.728,4989341.768,VIA BARLETTA 109 int. 20
2401,EP,,DIA di somministrazione,somministrazione,11,1392849.338,4989334.194,VIA BARLETTA 99/E
2402,EP,,Somministrazione,somministrazione,17,1396072.266,4995115.234,VIA BIBIANA 98/C
2403,EP,,Somministrazione,somministrazione,2,1395775.324,4989730.105,VIA GIORGIO BIDONE 3/M
2404,EP,,DIA di somministrazione,somministrazione,2,1395775.324,4989730.105,VIA GIORGIO BIDONE 3/M
2405,EP,,Somministrazione,somministrazione,16,1394810.835,4994520.713,VIA BORGARO 33/A
2406,EP,,DIA di somministrazione,somministrazione,2,1395868.065,4989703.268,VIA GIORGIO BIDONE 11
2407,EP,,DIA di somministrazione,somministrazione,2,1396104.248,4989617.527,VIA GIORGIO BIDONE 31
2408,EP,,Somministrazione,somministrazione,2,1396006.007,4989663.497,VIA GIORGIO BIDONE 21/E
2409,EP,,Somministrazione,somministrazione,16,1394852.587,4994836.214,VIA BORGARO 80/A
2410,EP,,Somministrazione,somministrazione,16,1394853.176,4994852.102,VIA BORGARO 80/D
2411,EP,,Somministrazione,somministrazione,1,1395663.659,4991873.692,VIA ANTONIO GIUSEPPE BERTOLA 39
2412,EP,,DIA di somministrazione,somministrazione,19,1397455.586,4994908.683,VIA LUIGI BOCCHERINI 9
2413,EP,,Somministrazione,somministrazione,16,1394839.528,4995290.26,VIA BORGARO 121
2414,EP,,Somministrazione,somministrazione,9,1395142.946,4987650.988,VIA GIULIO BIGLIERI 2/E
2415,EP,,Somministrazione,somministrazione,7,1395715.001,4993092.13,VIA BIELLA 25/F
2416,EP,,DIA di somministrazione,somministrazione,9,1395505.948,4987531.226,VIA GIULIO BIGLIERI 50 bis/A
2417,EP,,DIA di somministrazione,somministrazione,19,1397137.12,4995103.001,VIA LUIGI BOCCHERINI 43
2418,EP,,Somministrazione,somministrazione,6,1394674.199,4993079.186,VIA GABRIELE BOGETTO 13
2419,EP,,DIA di somministrazione,somministrazione,23,1391382.208,4986531.328,VIA ROBERTO BISCARETTI DI RUFFIA 90/A
2420,EP,,DIA di somministrazione,somministrazione,2,1396313.426,4989259.315,VIALE MATTEO MARIA BOIARDO 22
2421,EP,,Somministrazione,somministrazione,1,1396662.974,4991307.912,VIA CONTE GIAMBATTISTA BOGINO 17/E
2422,EP,,Somministrazione,somministrazione,1,1396637.28,4991283.109,VIA CONTE GIAMBATTISTA BOGINO 10/F
2423,EP,,Somministrazione,somministrazione,14,1393089.769,4992902.979,VIA BORGOMANERO 44/A
2424,EP,,Somministrazione,somministrazione,14,1393091.592,4992986.661,VIA BORGOMANERO 52/B
2425,EP,,Somministrazione,somministrazione,1,1396552.251,4991548.383,VIA ACCADEMIA DELLE SCIENZE 3/F
2426,EP,,Somministrazione,somministrazione,1,1396549.299,4991542.799,VIA ACCADEMIA DELLE SCIENZE 3/H
2427,EP,,Somministrazione,somministrazione,1,1396546.126,4991560.082,VIA ACCADEMIA DELLE SCIENZE 4/A
2428,EP,,DIA di somministrazione,somministrazione,1,1396465.028,4991409.321,VIA ACCADEMIA DELLE SCIENZE 6
2429,EP,,DIA di somministrazione,somministrazione,1,1396812.042,4991617.993,PIAZZETTA ACCADEMIA MILITARE 3
2430,EP,,Somministrazione,somministrazione,1,1396548.634,4991564.785,VIA ACCADEMIA DELLE SCIENZE 2/I
2431,EP,,Somministrazione,somministrazione,9,1395343.262,4987910.474,PIAZZA CAMILLO BOZZOLO 8/B
2432,EP,,Somministrazione,somministrazione,7,1396823.934,4993302.235,VIA BRA 3
2433,EP,,DIA di somministrazione,somministrazione,7,1396823.934,4993302.235,VIA BRA 3
2434,EP,,Somministrazione,somministrazione,11,1392985.156,4988008.097,VIA BUENOS AIRES 73
2435,EP,,Somministrazione,somministrazione,1,1396596.443,4990740.215,VIA ACCADEMIA ALBERTINA 21/E
2436,EP,,Somministrazione,somministrazione,1,1396886.093,4991273.02,VIA ACCADEMIA ALBERTINA 3 bis/M
2437,EP,,Somministrazione,somministrazione,4,1393614.467,4990569.994,VIA PAOLO BRACCINI 64/B
2438,EP,,DIA di somministrazione,somministrazione,4,1393521.615,4990586.562,VIA PAOLO BRACCINI 70
2439,EP,,DIA di somministrazione,somministrazione,4,1393623.463,4990550.133,VIA PAOLO BRACCINI 75
2440,EP,,Somministrazione,somministrazione,4,1393506.814,4990570.407,VIA PAOLO BRACCINI 89/D
2441,EP,,DIA di somministrazione,somministrazione,7,1395660.102,4992920.896,VIA BRINDISI 10/B
2442,EP,,Somministrazione,somministrazione,11,1393198.458,4987913.048,VIA BUENOS AIRES 38/B
2443,EP,,Somministrazione,somministrazione,1,1396914.259,4991355.0,VIA ACCADEMIA ALBERTINA 1/A
2444,EP,,Somministrazione,somministrazione,10,1394887.504,4988872.529,CORSO BRAMANTE 25/A
2445,EP,,DIA di somministrazione,somministrazione,13,1391231.519,4990918.948,VIA BRISSOGNE 32
2446,EP,,DIA di somministrazione,somministrazione,11,1393315.675,4987829.038,VIA BUENOS AIRES 31
2447,EP,,Somministrazione,somministrazione,11,1392615.514,4988228.482,VIA BUENOS AIRES 112/G
2448,EP,,Somministrazione,somministrazione,13,1390923.807,4991756.423,VIA ADAMELLO 43/A
2449,EP,,DIA di somministrazione,somministrazione,12,1392361.637,4988728.811,VIA BOSTON 122 int. 4
2450,EP,,DIA di somministrazione,somministrazione,16,1394672.111,4996900.43,STRADA DEL BRAMAFAME 41 int. 4
2451,EP,,Somministrazione,somministrazione,2,1395418.369,4988604.964,CORSO BRAMANTE 63/F
2452,EP,,Somministrazione,somministrazione,2,1395479.132,4988572.735,CORSO BRAMANTE 71/A
2453,EP,,DIA di somministrazione,somministrazione,2,1395529.256,4988553.788,CORSO BRAMANTE 75
2454,EP,,DIA di somministrazione,somministrazione,13,1391208.225,4990909.096,VIA BRISSOGNE 41
2455,EP,,DIA di somministrazione,somministrazione,1,1395732.774,4991328.945,VIA ANGELO BROFFERIO 3
2456,EP,,Somministrazione,somministrazione,10,1394645.624,4988455.601,VIA BRUNO GIORDANO 82
2457,EP,,Somministrazione,somministrazione,11,1392812.411,4988484.299,VIA BOSTON 76
2458,EP,,Somministrazione,somministrazione,12,1392136.261,4988803.421,VIA BOSTON 135
2459,EP,,Somministrazione,somministrazione,18,1397674.329,4993914.563,VIA BRANDIZZO 51/A
2460,EP,,DIA di somministrazione,somministrazione,13,1392388.465,4990235.555,VIALE BURDIN 10
2461,EP,,Somministrazione,somministrazione,1,1396104.864,4991103.813,VIA BRUNO BUOZZI 4/B
2462,EP,,Somministrazione,somministrazione,1,1396107.269,4991102.568,VIA BRUNO BUOZZI 4/C
2463,EP,,DIA di somministrazione,somministrazione,1,1396064.405,4991841.2,VIA GIOVANNI BOTERO 4/F
2464,EP,,Somministrazione,somministrazione,1,1395987.963,4991695.67,VIA GIOVANNI BOTERO 16
2465,EP,,Somministrazione,somministrazione,1,1395977.487,4991679.486,VIA GIOVANNI BOTERO 16/G
2466,EP,,DIA di somministrazione,somministrazione,1,1396087.525,4991874.625,VIA GIOVANNI BOTERO 7
2467,EP,,Somministrazione,somministrazione,1,1396085.38,4991871.233,VIA GIOVANNI BOTERO 7/B
2468,EP,,DIA di somministrazione,somministrazione,1,1396046.73,4991802.075,VIA GIOVANNI BOTERO 8
2469,EP,,Somministrazione,somministrazione,18,1397477.739,4993984.783,VIA BRANDIZZO 21
2470,EP,,Somministrazione,somministrazione,13,1391712.78338616,4991426.05670493,CORSO FILIPPO BRUNELLESCHI 84/A
2471,EP,,Somministrazione,somministrazione,13,1391728.231,4991548.265,CORSO FILIPPO BRUNELLESCHI 69/B
2472,EP,,Somministrazione,somministrazione,20,1397836.393,4995111.532,VIA SANDRO BOTTICELLI 4/C
2473,EP,,DIA di somministrazione,somministrazione,18,1397459.676,4993613.185,PIAZZA GIOVANNI BOTTESINI 10/C
2474,EP,,DIA di somministrazione,somministrazione,19,1397548.946,4995347.669,VIA SANDRO BOTTICELLI 11 int. 15
2475,EP,,Somministrazione,somministrazione,20,1397914.744,4995082.617,VIA SANDRO BOTTICELLI 14/D
2476,EP,,Somministrazione,somministrazione,18,1397323.81,4994023.258,VIA BRANDIZZO 8/B
2477,EP,,Somministrazione,somministrazione,9,1395609.589,4988492.093,CORSO BRAMANTE 84/C
2478,EP,,DIA di somministrazione,somministrazione,9,1395633.789,4988446.773,CORSO BRAMANTE 88
2479,EP,,Somministrazione,somministrazione,2,1395621.514,4988527.422,CORSO BRAMANTE 81/B
2480,EP,,Somministrazione,somministrazione,13,1391634.286,4992018.368,CORSO FILIPPO BRUNELLESCHI 20/A
2481,EP,,Somministrazione,somministrazione,7,1396449.788,4992725.563,VIA BORGO DORA 28/C
2482,EP,,Somministrazione,somministrazione,7,1396393.103,4992612.385,VIA BORGO DORA 12/B
2483,EP,,Somministrazione,somministrazione,16,1394855.013,4994451.453,LARGO BORGARO 42/D
2484,EP,,Somministrazione,somministrazione,17,1396425.216,4994781.159,VIA BREGLIO 18
2485,EP,,DIA di somministrazione,somministrazione,5,1394139.289,4992029.657,VIA BRUINO 30
2486,EP,,DIA di somministrazione,somministrazione,5,1394161.181,4992180.633,VIA BRUINO 14
2487,EP,,Somministrazione,somministrazione,15,1394033.285,4994664.801,VIA GIOSUE' BORSI 83/A
2488,EP,,DIA di somministrazione,somministrazione,20,1398555.145,4994755.982,VIA SANDRO BOTTICELLI 151
2489,EP,,DIA di somministrazione,somministrazione,20,1398261.069,4994976.387,VIA SANDRO BOTTICELLI 95
2490,EP,,Somministrazione,somministrazione,7,1397101.11859283,4992835.46651755,CORSO BRESCIA 48/D
2491,EP,,Somministrazione,somministrazione,7,1396989.88,4992889.578,CORSO BRESCIA 32/D
2492,EP,,DIA di somministrazione,somministrazione,10,1394361.13,4987846.549,VIA BRUNO GIORDANO 141
2493,EP,,Somministrazione,somministrazione,11,1393483.403,4987738.188,VIA BUENOS AIRES 7/F
2494,EP,,DIA di somministrazione,somministrazione,20,1398854.593,4993845.379,PIAZZA GIUSEPPE CESARE ABBA 9
2495,EP,,Somministrazione,somministrazione,7,1396917.789,4992924.711,CORSO BRESCIA 22
2496,EP,,Somministrazione,somministrazione,7,1396792.108,4992986.044,CORSO BRESCIA 4/D
2497,EP,,Somministrazione,somministrazione,16,1395353.36,4994838.813,VIA BREGLIO 156/A
2498,EP,,DIA di somministrazione,somministrazione,16,1395337.634,4994826.897,VIA BREGLIO 158/D
2499,EP,,Somministrazione,somministrazione,18,1397638.602,4993927.686,VIA BRANDIZZO 45/B
2500,EP,,Somministrazione,somministrazione,14,1393003.575,4992982.768,VIA BORGOSESIA 86/D
2501,EP,,Somministrazione,somministrazione,14,1393003.676,4993017.252,VIA BORGOSESIA 88/D
2502,EP,,Somministrazione,somministrazione,9,1395377.611,4988301.041,VIA AUGUSTO ABEGG 6/E
2503,EP,,Somministrazione,somministrazione,12,1392318.685,4989199.366,VIA BALTIMORA 161/C
2504,EP,,Somministrazione,somministrazione,11,1393206.045,4989151.992,VIA BARLETTA 51/C
2505,EP,,Somministrazione,somministrazione,17,1395753.694,4994874.787,VIA BREGLIO 114
2506,EP,,Somministrazione,somministrazione,17,1395624.588,4994867.541,VIA BREGLIO 121/B
2507,EP,,Somministrazione,somministrazione,7,1396957.722,4992934.904,CORSO BRESCIA 23/C
2508,EP,,Somministrazione,somministrazione,17,1395989.925,4994816.591,VIA BREGLIO 69/F
2509,EP,,Somministrazione,somministrazione,21,1398445.417,4991226.156,PIAZZA FRANCESCO BORROMINI 72/F
2510,EP,,Somministrazione,somministrazione,17,1395983.622,4994842.655,VIA BREGLIO 82/D
2511,EP,,DIA di somministrazione,somministrazione,17,1395912.514,4994827.377,VIA BREGLIO 83
2512,EP,,Somministrazione,somministrazione,17,1395545.935,4994215.944,CORSO BENEDETTO BRIN 20/G
2513,EP,,DIA di somministrazione,somministrazione,13,1391266.199,4990894.984,VIA BRISSOGNE 39
2514,EP,,Somministrazione,somministrazione,21,1398510.392,4991242.333,PIAZZA FRANCESCO BORROMINI 78
2515,EP,,Somministrazione,somministrazione,15,1393883.606,4994341.715,VIA GIOSUE' BORSI 37/A
2516,EP,,Somministrazione,somministrazione,15,1394081.659,4994769.253,VIA GIOSUE' BORSI 93
2517,EP,,Somministrazione,somministrazione,15,1394125.982,4994822.075,VIA GIOSUE' BORSI 104/A
2518,EP,,Somministrazione,somministrazione,19,1397546.079,4995257.193,VIA SANDRO BOTTICELLI 13/C
2519,EP,,Somministrazione,somministrazione,17,1396227.364,4994780.604,VIA BREGLIO 41/E
2520,EP,,Somministrazione,somministrazione,17,1396228.521,4994815.927,VIA BREGLIO 44/C
2521,EP,,DIA di somministrazione,somministrazione,17,1396179.956,4994790.026,VIA BREGLIO 47
2522,EP,,Somministrazione,somministrazione,13,1391816.075,4991299.9,CORSO FILIPPO BRUNELLESCHI 99/D
2523,EP,,DIA di somministrazione,somministrazione,2,1395532.604,4989350.709,VIA CARLO GIOVANNI BRUGNONE 1
2524,EP,,Somministrazione,somministrazione,15,1393918.953,4994417.921,VIA GIOSUE' BORSI 47/E
2525,EP,,Somministrazione,somministrazione,9,1395347.07,4987904.419,PIAZZA CAMILLO BOZZOLO 10/A
2526,EP,,Somministrazione,somministrazione,7,1397133.953,4992866.923,LARGO BRESCIA 47/E
2527,EP,,Somministrazione,somministrazione,1,1395236.803,4992264.748,VIA CARLO BOUCHERON 18/I
2528,EP,,DIA di somministrazione,somministrazione,22,1398220.965,4991005.206,VIA MARIA BRICCA 9
2529,EP,,Somministrazione,somministrazione,15,1393991.219,4994860.471,VIA EMILIO BRUSA 43/A
2530,EP,,Somministrazione,somministrazione,10,1394134.326,4987362.43,VIA BRUNO GIORDANO 194/B
2531,EP,,DIA di somministrazione,somministrazione,10,1394095.738,4987267.783,VIA BRUNO GIORDANO 206/D
2532,EP,,Somministrazione,somministrazione,10,1394083.39,4987256.145,VIA BRUNO GIORDANO 210
2533,EP,,Somministrazione,somministrazione,19,1398653.73,4998248.46,VIA DEGLI ABETI 10/N
2534,EP,,Somministrazione,somministrazione,13,1391206.015,4991768.694,VIA ADAMELLO 7
2535,EP,,Somministrazione,somministrazione,9,1395365.731,4987989.489,PIAZZA CAMILLO BOZZOLO 3/D
2536,EP,,DIA di somministrazione,somministrazione,4,1394113.533,4990459.61,VIA PAOLO BRACCINI 11
2537,EP,,Somministrazione,somministrazione,7,1397464.91,4992149.657,VIA CAGLIARI 18/D
2538,EP,,Somministrazione,somministrazione,2,1396937.256,4990188.832,VIALE UMBERTO CAGNI 7
2539,EP,,Somministrazione,somministrazione,1,1395792.943,4992222.85,VIA DEL CARMINE 4 bis/E
2540,EP,,Somministrazione,somministrazione,1,1395748.992,4992233.63,VIA DEL CARMINE 9/L
2541,EP,,Somministrazione,somministrazione,1,1395876.042,4992166.964,VIA DEL CARMINE 1/C
2542,EP,,Somministrazione,somministrazione,10,1394203.76,4985871.228,CORSO CAIO PLINIO 86/A
2543,EP,,Somministrazione,somministrazione,16,1395121.663,4994764.819,VIA CANTOIRA 27
2544,EP,,Somministrazione,somministrazione,1,1396047.391,4990952.485,PIAZZA CARLO FELICE 36
2545,EP,,Somministrazione,somministrazione,1,1397080.447,4990585.272,CORSO CAIROLI 14/B
2546,EP,,Somministrazione,somministrazione,17,1395740.21815176,4995197.64364695,VIA CAMPIGLIA 47/A
2547,EP,,Somministrazione,somministrazione,23,1393981.028,4985505.575,VIA CANDIOLO 42/B
2548,EP,,Somministrazione,somministrazione,14,1392539.204,4992848.381,VIA CARLO CAPELLI 68/A
2549,EP,,Somministrazione,somministrazione,1,1396065.792,4990967.312,PIAZZA CARLO FELICE 22
2550,EP,,Somministrazione,somministrazione,1,1396773.054,4991227.404,PIAZZA CARLO EMANUELE II 21/B
2551,EP,,DIA di somministrazione,somministrazione,1,1396740.50158511,4990477.59122376,VIA CALANDRA FRATELLI 20
2552,EP,,Somministrazione,somministrazione,1,1396740.50158511,4990477.59122376,VIA CALANDRA FRATELLI 20
2553,EP,,Somministrazione,somministrazione,11,1393640.647,4989355.464,VIA CAPRERA 25/B
2554,EP,,DIA di somministrazione,somministrazione,1,1396355.021,4990946.342,VIA CARLO ALBERTO 32
2555,EP,,Somministrazione,somministrazione,1,1396375.608,4990985.907,VIA CARLO ALBERTO 28/A
2556,EP,,Somministrazione,somministrazione,1,1396481.57,4991205.898,VIA CARLO ALBERTO 18 scala B
2557,EP,,Somministrazione,somministrazione,1,1396480.604,4991190.946,VIA CARLO ALBERTO 18 bis/B
2558,EP,,DIA di somministrazione,somministrazione,18,1397543.245,4993569.549,PIAZZA GIOVANNI BOTTESINI 20/A
2559,EP,,DIA di somministrazione,somministrazione,4,1393691.885,4990537.954,VIA PAOLO BRACCINI 63
2560,EP,,Somministrazione,somministrazione,14,1392378.843,4992998.632,PIAZZA TOMMASO CAMPANELLA 7/A
2561,EP,,DIA di somministrazione,somministrazione,6,1394905.749,4993006.302,VIA DOMENICO CAPELLINA 10/D
2562,EP,,Somministrazione,somministrazione,7,1397080.916,4992799.551,VIA BOLOGNA 23/B
2563,EP,,DIA di somministrazione,somministrazione,18,1397928.839,4993263.704,VIA BOLOGNA 134/A
2564,EP,,Somministrazione,somministrazione,20,1398897.379,4994105.034,VIA BOLOGNA 262
2565,EP,,Somministrazione,somministrazione,1,1396236.345,4990716.022,VIA CARLO ALBERTO 44/I
2566,EP,,Somministrazione,somministrazione,1,1396324.922,4990865.523,VIA CARLO ALBERTO 47/L
2567,EP,,Somministrazione,somministrazione,1,1396424.763,4991058.713,VIA CARLO ALBERTO 35
2568,EP,,DIA di somministrazione,somministrazione,19,1397636.71,4995845.35,VIA CAMPOBASSO 11
2569,EP,,DIA di somministrazione,somministrazione,11,1393403.157,4989488.125,VIA CAPRERA 50
2570,EP,,DIA di somministrazione,somministrazione,11,1393476.953,4989432.861,VIA CAPRERA 41
2571,EP,,DIA di somministrazione,somministrazione,11,1393447.337,4989467.159,VIA CAPRERA 46
2572,EP,,DIA di somministrazione,somministrazione,8,1397611.646,4991606.701,VIA MICHELE BUNIVA 19
2573,EP,,DIA di somministrazione,somministrazione,23,1392666.40258297,4985967.98806582,STRADA DELLE CACCE 38 int. 22
2574,EP,,Somministrazione,somministrazione,1,1397474.371,4990974.267,LUNGO PO LUIGI CADORNA 1/H
2575,EP,,Somministrazione,somministrazione,10,1394121.147,4986541.629,CORSO CAIO PLINIO 32/A
2576,EP,,DIA di somministrazione,somministrazione,10,1394074.428,4986850.795,CORSO CAIO PLINIO 2
2577,EP,,DIA di somministrazione,somministrazione,16,1395052.141,4995596.296,VIA CALUSO 22
2578,EP,,DIA di somministrazione,somministrazione,5,1393795.18210828,4992086.15007823,VIA CAPRIE 18
2579,EP,,Somministrazione,somministrazione,23,1393946.705,4985494.681,VIA CANDIOLO 43
2580,EP,,Somministrazione,somministrazione,18,1397472.576,4993753.308,VIA CANDIA 9/C
2581,EP,,Somministrazione,somministrazione,6,1395236.936,4993131.362,VIA CAPUA 3/A
2582,EP,,Somministrazione,somministrazione,1,1396313.029,4991233.348,PIAZZA (COMITATO LIBERAZIONE NAZIONALE) C.L.N. 221
2583,EP,,Somministrazione,somministrazione,23,1392787.2,4985906.371,STRADA DELLE CACCE 40/A
2584,EP,,DIA di somministrazione,somministrazione,23,1392827.222,4986053.492,STRADA DELLE CACCE 20
2585,EP,,DIA di somministrazione,somministrazione,23,1392800.228,4985954.185,STRADA DELLE CACCE 36
2586,EP,,Somministrazione,somministrazione,23,1392837.414,4986091.021,STRADA DELLE CACCE 16
2587,EP,,Somministrazione,somministrazione,3,1394329.596,4990144.314,VIA SEBASTIANO CABOTO 49/A
2588,EP,,Somministrazione,somministrazione,4,1393117.23489583,4991084.78020833,VIA CARAGLIO 32/A
2589,EP,,Somministrazione,somministrazione,3,1394709.858,4989945.979,VIA SEBASTIANO CABOTO 18
2590,EP,,Somministrazione,somministrazione,3,1394636.521,4989987.583,VIA SEBASTIANO CABOTO 24
2591,EP,,Somministrazione,somministrazione,3,1394620.636,4989996.621,VIA SEBASTIANO CABOTO 26
2592,EP,,Somministrazione,somministrazione,2,1395732.335,4989604.426,VIA EDOARDO CALVO 3/B
2593,EP,,Somministrazione,somministrazione,16,1395498.514,4994767.677,VIA GUGLIELMO CARDINALE MASSAIA 41/C
2594,EP,,DIA di somministrazione,somministrazione,23,1392743.206,4985468.889,STRADA DELLE CACCE 91
2595,EP,,Somministrazione,somministrazione,7,1397311.582,4992071.215,VIA CAGLIARI 3/A
2596,EP,,Somministrazione,somministrazione,11,1393450.973,4988665.965,VIA RAFFAELE CADORNA 47/C
2597,EP,,DIA di somministrazione,somministrazione,5,1393370.694,4991847.014,VIA BUSSOLENO 19
2598,EP,,Somministrazione,somministrazione,11,1393554.496,4988869.52,VIA RAFFAELE CADORNA 17/A
2599,EP,,Somministrazione,somministrazione,1,1397469.687,4990969.351,LUNGO PO LUIGI CADORNA 1/F
2600,EP,,Somministrazione,somministrazione,7,1397530.455,4992203.494,VIA CAGLIARI 23/E
2601,EP,,Somministrazione,somministrazione,1,1396777.589,4990546.359,VIA CALANDRA FRATELLI 10/D
2602,EP,,Somministrazione,somministrazione,17,1395556.17,4994713.53,LARGO GUGLIELMO CARDINALE MASSAIA 44/C
2603,EP,,Somministrazione,somministrazione,16,1395236.593,4995269.681,VIA GUGLIELMO CARDINALE MASSAIA 117/A
2604,EP,,DIA di somministrazione,somministrazione,15,1394003.548,4994122.988,VIA CASELETTE 15/A
2605,EP,,DIA di somministrazione,somministrazione,1,1396577.056,4991354.203,VIA CARLO ALBERTO 11
2606,EP,,Somministrazione,somministrazione,1,1396589.306,4991378.246,VIA CARLO ALBERTO 11/F
2607,EP,,Somministrazione,somministrazione,3,1394186.796,4989957.394,VIA GIUSEPPE E ANTONIO CARLE 50/B
2608,EP,,Somministrazione,somministrazione,14,1392507.438,4992611.798,VIA CARLO CAPELLI 42/A
2609,EP,,Somministrazione,somministrazione,4,1393124.574,4991326.173,VIA CARAGLIO 2/C
2610,EP,,Somministrazione,somministrazione,11,1393471.486,4988909.814,VIA CASTAGNEVIZZA 2
2611,EP,,Somministrazione,somministrazione,11,1393463.62,4988890.235,VIA CASTAGNEVIZZA 4/C
2612,EP,,Somministrazione,somministrazione,11,1393470.647,4988867.691,VIA CASTAGNEVIZZA 7/A
2613,EP,,Somministrazione,somministrazione,3,1394247.737,4989925.22,VIA GIUSEPPE E ANTONIO CARLE 46/A
2614,EP,,Somministrazione,somministrazione,3,1394390.12,4989850.036,VIA GIUSEPPE E ANTONIO CARLE 38/D
2615,EP,,DIA di somministrazione,somministrazione,3,1394407.969,4989823.769,VIA GIUSEPPE E ANTONIO CARLE 41
2616,EP,,Somministrazione,somministrazione,3,1394710.739,4989664.121,VIA GIUSEPPE E ANTONIO CARLE 7/D
2617,EP,,DIA di somministrazione,somministrazione,1,1395507.171,4992374.723,VIA DEL CARMINE 24/F
2618,EP,,DIA di somministrazione,somministrazione,22,1398512.209,4988004.354,STRADA S. VITO REVIGLIASCO 366
2619,EP,,DIA di somministrazione,somministrazione,13,1392817.778,4992136.614,VIA BEAULARD 11
2620,EP,,DIA di somministrazione,somministrazione,1,1396486.832,4991506.646,PIAZZA CARIGNANO 6
2621,EP,,Somministrazione,somministrazione,21,1398429.691,4991268.688,CORSO CASALE 73/C
2622,EP,,Somministrazione,somministrazione,6,1395243.63285188,4992535.09568565,VIA GIACINTO CARENA 2/D
2623,EP,,Somministrazione,somministrazione,9,1395402.811,4988479.115,PIAZZA GIOSUE' CARDUCCI 165/D
2624,EP,,Somministrazione,somministrazione,21,1398843.829,4991363.344,CORSO CASALE 117/D
2625,EP,,Somministrazione,somministrazione,21,1399744.496,4991560.232,CORSO CASALE 209/A
2626,EP,,Somministrazione,somministrazione,9,1395434.676,4988128.401,VIA ALASSIO 48/A
2627,EP,,Somministrazione,somministrazione,9,1395305.851,4988484.013,PIAZZA GIOSUE' CARDUCCI 130
2628,EP,,Somministrazione,somministrazione,9,1395408.384,4988498.206,PIAZZA GIOSUE' CARDUCCI 163/A
2629,EP,,DIA di somministrazione,somministrazione,21,1399718.133,4991538.947,CORSO CASALE 204/L
2630,EP,,Somministrazione,somministrazione,21,1399656.795,4991533.96,CORSO CASALE 198
2631,EP,,Somministrazione,somministrazione,21,1399535.031,4991503.125,CORSO CASALE 188/C
2632,EP,,Somministrazione,somministrazione,21,1399383.161,4991470.553,CORSO CASALE 180/A
2633,EP,,Somministrazione,somministrazione,20,1400443.997,4994913.098,VIA CARO ANNIBAL 12/D
2634,EP,,Somministrazione,somministrazione,14,1392394.813,4992772.989,VIA VALENTINO CARRERA 48
2635,EP,,Somministrazione,somministrazione,21,1399068.113,4991389.246,CORSO CASALE 144/B
2636,EP,,Somministrazione,somministrazione,21,1398843.555,4991346.587,CORSO CASALE 118/C
2637,EP,,Somministrazione,somministrazione,21,1398871.892,4991352.995,CORSO CASALE 122
2638,EP,,Somministrazione,somministrazione,21,1398866.03125,4991368.66458333,CORSO CASALE 123
2639,EP,,Somministrazione,somministrazione,14,1391895.639,4992782.435,VIA VALENTINO CARRERA 99/D
2640,EP,,Somministrazione,somministrazione,17,1395548.768,4994762.948,VIA CASTELDELFINO 8
2641,EP,,Somministrazione,somministrazione,12,1392278.073,4988756.94,VIA CASTELGOMBERTO 101/B
2642,EP,,DIA di somministrazione,somministrazione,12,1392255.807,4988717.929,VIA CASTELGOMBERTO 116
2643,EP,,Somministrazione,somministrazione,14,1392774.309,4992753.594,VIA VALENTINO CARRERA 2
2644,EP,,Somministrazione,somministrazione,21,1400226.862,4992550.432,CORSO CASALE 312/D
2645,EP,,Somministrazione,somministrazione,21,1400185.113,4992284.392,CORSO CASALE 287
2646,EP,,Somministrazione,somministrazione,21,1400225.827,4992330.3,CORSO CASALE 296/B
2647,EP,,Somministrazione,somministrazione,21,1400107.16,4992087.588,CORSO CASALE 278/D
2648,EP,,Somministrazione,somministrazione,22,1397910.005,4990976.265,CORSO CASALE 40
2649,EP,,Somministrazione,somministrazione,22,1397704.729,4990875.225,CORSO CASALE 16/G
2650,EP,,Somministrazione,somministrazione,7,1396439.156,4992666.554,VIA BORGO DORA 22/G
2651,EP,,Somministrazione,somministrazione,14,1391880.872,4992799.344,VIA VALENTINO CARRERA 100/A
2652,EP,,DIA di somministrazione,somministrazione,21,1400158.314,4992709.282,CORSO CASALE 324
2653,EP,,DIA di somministrazione,somministrazione,21,1399576.546,4991516.127,CORSO CASALE 192/G
2654,EP,,Somministrazione,somministrazione,21,1399576.546,4991516.127,CORSO CASALE 192/G
2655,EP,,Somministrazione,somministrazione,2,1396001.37,4989986.69,VIA BELFIORE 34
2656,EP,,Somministrazione,somministrazione,9,1394476.364,4985740.578,PIAZZA BENGASI 16/A
2657,EP,,Somministrazione,somministrazione,21,1400455.946,4993402.231,CORSO CASALE 399/C
2658,EP,,DIA di somministrazione,somministrazione,20,1401218.67455226,4995715.28314181,STRADA DEL CASCINOTTO 139 int. 58
2659,EP,,Somministrazione,somministrazione,2,1395990.84,4989655.055,VIA GIORGIO BIDONE 26
2660,EP,,DIA di somministrazione,somministrazione,4,1393951.786,4990351.134,VIA BOBBIO 23/C
2661,EP,,Somministrazione,somministrazione,4,1393907.664,4990364.29,VIA BOBBIO 27/D
2662,EP,,Somministrazione,somministrazione,6,1395409.237,4992974.769,VIA CASERTA 8
2663,EP,,Somministrazione,somministrazione,21,1400586.671,4993473.863,CORSO CASALE 446/A
2664,EP,,Somministrazione,somministrazione,21,1400495.272,4993402.592,CORSO CASALE 428/F
2665,EP,,Somministrazione,somministrazione,11,1393665.587,4989343.663,VIA CAPRERA 21/A
2666,EP,,DIA di somministrazione,somministrazione,5,1394432.345,4992189.937,VIA GOFFREDO CASALIS 54
2667,EP,,DIA di somministrazione,somministrazione,6,1394454.397,4992719.318,VIA GOFFREDO CASALIS 6/E
2668,EP,,DIA di somministrazione,somministrazione,20,1400358.548,4995505.924,STRADA DEL CASCINOTTO 59
2669,EP,,Somministrazione,somministrazione,20,1400003.337,4995532.927,STRADA DEL CASCINOTTO 15/C
2670,EP,,Somministrazione,somministrazione,22,1397668.714,4990856.571,CORSO CASALE 14/A
2671,EP,,Somministrazione,somministrazione,10,1393092.581,4986691.27,VIA SEVERINO CASANA 46
2672,EP,,Somministrazione,somministrazione,1,1396749.143,4991180.831,PIAZZA CARLO EMANUELE II 17/H
2673,EP,,Somministrazione,somministrazione,1,1396305.303,4990827.143,VIA CARLO ALBERTO 51/A
2674,EP,,Somministrazione,somministrazione,1,1396494.383,4991193.614,VIA CARLO ALBERTO 27/A
2675,EP,,DIA di somministrazione,somministrazione,22,1398204.151,4991128.284,CORSO CASALE 56
2676,EP,,Somministrazione,somministrazione,22,1398367.187,4991212.795,CORSO CASALE 66/F
2677,EP,,Somministrazione,somministrazione,21,1398689.14375,4991328.30291667,CORSO CASALE 101/C
2678,EP,,DIA di somministrazione,somministrazione,11,1392646.29250849,4989334.72541419,VIA BARLETTA 109 int. 19/A
2679,EP,,Somministrazione,somministrazione,5,1394234.973,4992229.512,PIAZZA LORENZO BERNINI 9/A
2680,EP,,Somministrazione,somministrazione,6,1395367.107,4992897.514,VIA CASERTA 3/A
2681,EP,,Somministrazione,somministrazione,9,1395319.879,4988454.756,PIAZZA GIOSUE' CARDUCCI 132 bis/B
2682,EP,,Somministrazione,somministrazione,1,1396430.107,4991091.886,VIA CARLO ALBERTO 24/D
2683,EP,,Somministrazione,somministrazione,1,1396527.756,4991282.043,VIA CARLO ALBERTO 12/H
2684,EP,,Somministrazione,somministrazione,1,1396497.5,4991223.745,VIA CARLO ALBERTO 16 bis/A
2685,EP,,Somministrazione,somministrazione,1,1396660.004,4991516.252,VIA CARLO ALBERTO 5
2686,EP,,Somministrazione,somministrazione,21,1398672.353,4991307.467,CORSO CASALE 96/B
2687,EP,,Somministrazione,somministrazione,21,1398690.835,4991311.667,CORSO CASALE 100/A
2688,EP,,Somministrazione,somministrazione,21,1398570.625,4991284.102,CORSO CASALE 86
2689,EP,,Somministrazione,somministrazione,17,1395974.283,4994077.935,VIA CHIESA DELLA SALUTE 4/E
2690,EP,,Somministrazione,somministrazione,20,1399533.378,4994799.775,LARGO DAMIANO CHIESA 45/B
2691,EP,,DIA di somministrazione,somministrazione,19,1398342.508,4996671.69,VIA CAVAGNOLO 35
2692,EP,,Somministrazione,somministrazione,5,1393197.749,4991750.986,VIA CENISCHIA 9/A
2693,EP,,Somministrazione,somministrazione,6,1395037.927,4993363.652,VIA CEVA 41/A
2694,EP,,Somministrazione,somministrazione,17,1396098.338,4994449.076,VIA CHIESA DELLA SALUTE 38/D
2695,EP,,Somministrazione,somministrazione,3,1394757.565,4991320.098,CORSO CASTELFIDARDO 7/D
2696,EP,,Somministrazione,somministrazione,2,1396445.859,4989495.404,VIALE CARLO CEPPI 15/A
2697,EP,,DIA di somministrazione,somministrazione,13,1391179.622,4990725.587,VIA CHALLANT 36
2698,EP,,DIA di somministrazione,somministrazione,23,1392013.826,4985213.017,STRADA CASTELLO DI MIRAFIORI 56/A
2699,EP,,Somministrazione,somministrazione,12,1391646.707,4987896.595,PIAZZA RICCARDO CATTANEO 16/A
2700,EP,,Somministrazione,somministrazione,5,1394643.471395,4991714.10047179,VIA GIOVANNI CARLO CAVALLI 25/A
2701,EP,,DIA di somministrazione,somministrazione,1,1396884.08,4990885.785,PIAZZA CAVOUR 14
2702,EP,,DIA di somministrazione,somministrazione,20,1399572.842,4995357.022,VIA CENTALLO 62 int. 45
2703,EP,,DIA di somministrazione,somministrazione,3,1394457.772,4990742.356,CORSO CASTELFIDARDO 51
2704,EP,,Somministrazione,somministrazione,19,1397925.763,4995885.128,VIA GIOVANNI CENA 37/D
2705,EP,,DIA di somministrazione,somministrazione,5,1393202.006,4991638.445,VIA CENISCHIA 26/B
2706,EP,,DIA di somministrazione,somministrazione,5,1393992.512,4991713.537,VIA CAVALLERMAGGIORE 5
2707,EP,,DIA di somministrazione,somministrazione,1,1396896.633,4990746.434,PIAZZA CAVOUR 5
2708,EP,,Somministrazione,somministrazione,7,1396202.687,4993511.749,VIA ANTONIO CECCHI 37
2709,EP,,Somministrazione,somministrazione,7,1396242.584,4993449.913,VIA ANTONIO CECCHI 29/B
2710,EP,,Somministrazione,somministrazione,11,1393246.044,4987865.167,CORSO GIOVANNI AGNELLI 101/A
2711,EP,,Somministrazione,somministrazione,4,1393662.627,4990077.119,VIA AIRASCA 11/B
2712,EP,,Somministrazione,somministrazione,17,1396094.993,4994484.858,VIA CHIESA DELLA SALUTE 29
2713,EP,,Somministrazione,somministrazione,17,1396093.621,4994480.956,VIA CHIESA DELLA SALUTE 29/A
2714,EP,,Somministrazione,somministrazione,1,1396584.129,4990929.547,VIA CAVOUR 26/A
2715,EP,,Somministrazione,somministrazione,1,1396454.917,4990999.374,VIA CAVOUR 14/A
2716,EP,,Somministrazione,somministrazione,1,1396471.578,4990990.572,VIA CAVOUR 16/D
2717,EP,,Somministrazione,somministrazione,1,1396513.993,4990967.709,VIA CAVOUR 18/F
2718,EP,,Somministrazione,somministrazione,18,1397327.006,4994106.037,VIA LUIGI SALVATORE CHERUBINI 3/H
2719,EP,,DIA di somministrazione,somministrazione,18,1397013.956,4994563.765,VIA CHATILLON 41
2720,EP,,Somministrazione,somministrazione,7,1396287.28541667,4993413.85364583,VIA ANTONIO CECCHI 32/L
2721,EP,,DIA di somministrazione,somministrazione,15,1392259.211,4995386.052,PIAZZA EUGENIO MONTALE 18
2722,EP,,Somministrazione,somministrazione,7,1396321.966,4993327.536,VIA ANTONIO CECCHI 17
2723,EP,,Somministrazione,somministrazione,7,1396170.566,4993594.529,VIA ANTONIO CECCHI 54
2724,EP,,Somministrazione,somministrazione,1,1396638.029,4990680.954,VIA GIUSEPPE MAZZINI 34/E
2725,EP,,Somministrazione,somministrazione,16,1395572.494,4995108.626,VIA CASTELDELFINO 41/D
2726,EP,,Somministrazione,somministrazione,1,1396626.008,4991559.232,PIAZZA CASTELLO 27
2727,EP,,Somministrazione,somministrazione,18,1397925.918,4994091.293,VIA LUIGI SALVATORE CHERUBINI 68/D
2728,EP,,Somministrazione,somministrazione,18,1397673.088,4994085.499,VIA LUIGI SALVATORE CHERUBINI 46/A
2729,EP,,Somministrazione,somministrazione,12,1392237.043,4988391.493,VIA CASTELGOMBERTO 158
2730,EP,,DIA di somministrazione,somministrazione,1,1396549.475,4991705.715,PIAZZA CASTELLO 0
2731,EP,,DIA di somministrazione,somministrazione,23,1393958.874,4985625.451,VIA LUIGI CHIALA 9
2732,EP,,Somministrazione,somministrazione,1,1396493.793,4991636.103,PIAZZA CASTELLO 86
2733,EP,,DIA di somministrazione,somministrazione,23,1392369.699,4985128.223,STRADA CASTELLO DI MIRAFIORI 107
2734,EP,,Somministrazione,somministrazione,1,1395495.454,4991875.513,VIA CERNAIA 30/E
2735,EP,,DIA di somministrazione,somministrazione,1,1395498.98443574,4991830.16859126,VIA CERNAIA 23
2736,EP,,Somministrazione,somministrazione,1,1395752.58,4991741.588,VIA CERNAIA 16/E
2737,EP,,Somministrazione,somministrazione,23,1392348.092,4985134.059,STRADA CASTELLO DI MIRAFIORI 103/B
2738,EP,,DIA di somministrazione,somministrazione,23,1391984.618,4985235.995,STRADA CASTELLO DI MIRAFIORI 45
2739,EP,,DIA di somministrazione,somministrazione,1,1396708.234,4991661.826,PIAZZA CASTELLO 215
2740,EP,,DIA di somministrazione,somministrazione,23,1393998.395,4984746.131,STRADA CASTELLO DI MIRAFIORI 346
2741,EP,,Somministrazione,somministrazione,2,1395717.088,4988500.748,CORSO BRAMANTE 91
2742,EP,,DIA di somministrazione,somministrazione,22,1395936.081,4986168.842,STRADA DEL CAMPAGNINO 8
2743,EP,,Somministrazione,somministrazione,1,1395620.226,4991810.74,VIA CERNAIA 22/E
2744,EP,,DIA di somministrazione,somministrazione,18,1396339.109,4994012.014,VIA CERVINO 52
2745,EP,,Somministrazione,somministrazione,20,1399681.382,4994917.3100000005,VIA DAMIANO CHIESA 3/B
2746,EP,,Somministrazione,somministrazione,11,1393554.233,4988710.796,VIA CARLO CASTELNUOVO DELLE LANZE 5/A
2747,EP,,DIA di somministrazione,somministrazione,11,1393554.233,4988710.796,VIA CARLO CASTELNUOVO DELLE LANZE 5/A
2748,EP,,Somministrazione,somministrazione,7,1397311.628,4992164.517,VIA CATANIA 11/A
2749,EP,,Somministrazione,somministrazione,18,1396862.073,4993928.113,VIA CERVINO 1
2750,EP,,Somministrazione,somministrazione,21,1401080.363,4990312.615,CORSO CHIERI 149/D
2751,EP,,DIA di somministrazione,somministrazione,19,1398107.74,4996707.777,VIA CAVAGNOLO 9
2752,EP,,Somministrazione,somministrazione,7,1396159.51,4993611.672,VIA ANTONIO CECCHI 54 bis/D
2753,EP,,Somministrazione,somministrazione,7,1396102.507,4993699.473,VIA ANTONIO CECCHI 66/A
2754,EP,,DIA di somministrazione,somministrazione,2,1395308.37,4988762.422,VIA BENVENUTO CELLINI 5
2755,EP,,Somministrazione,somministrazione,1,1395319.006,4991968.012,VIA CERNAIA 40/I
2756,EP,,Somministrazione,somministrazione,1,1395261.413,4991998.486,VIA CERNAIA 44/D
2757,EP,,Somministrazione,somministrazione,1,1395357.997,4991947.492,VIA CERNAIA 38/F
2758,EP,,Somministrazione,somministrazione,16,1395071.361,4995140.855,VIA ANDREA CESALPINO 46/D
2759,EP,,DIA di somministrazione,somministrazione,16,1394942.522,4995279.878,VIA ANDREA CESALPINO 69
2760,EP,,Somministrazione,somministrazione,21,1400250.375,4991058.954,CORSO CHIERI 65/C
2761,EP,,DIA di somministrazione,somministrazione,21,1400184.378,4991114.549,CORSO CHIERI 48
2762,EP,,Somministrazione,somministrazione,20,1399775.176,4994900.858,VIA DAMIANO CHIESA 12/H
2763,EP,,Somministrazione,somministrazione,5,1393761.952,4991348.564,VIA CESANA 51/D
2764,EP,,Somministrazione,somministrazione,5,1393764.881,4991465.837,VIA CESANA 44/C
2765,EP,,Somministrazione,somministrazione,7,1397469.577,4992267.832,VIA CATANIA 25
2766,EP,,Somministrazione,somministrazione,7,1397463.608,4992231.307,VIA CATANIA 20
2767,EP,,Somministrazione,somministrazione,7,1397426.212,4992241.492,VIA CATANIA 21/A
2768,EP,,Somministrazione,somministrazione,5,1393711.315,4991136.388,VIA CESANA 75/D
2769,EP,,DIA di somministrazione,somministrazione,20,1400304.055,4994933.767,VIA DAMIANO CHIESA 75/C
2770,EP,,Somministrazione,somministrazione,20,1400304.055,4994933.767,VIA DAMIANO CHIESA 75/C
2771,EP,,Somministrazione,somministrazione,20,1400210.548,4994939.888,VIA DAMIANO CHIESA 61/D
2772,EP,,DIA di somministrazione,somministrazione,7,1396805.903,4992979.309,CORSO BRESCIA 4 bis
2773,EP,,Somministrazione,somministrazione,7,1397112.11,4992822.822,LARGO BRESCIA 48/B
2774,EP,,Somministrazione,somministrazione,6,1394000.95452246,4992773.76490763,VIA CORIO 28
2775,EP,,DIA di somministrazione,somministrazione,1,1395733.448,4991387.023,VIA CONFIENZA 16
2776,EP,,Somministrazione,somministrazione,1,1396347.484,4991056.795,VIA CAVOUR 10
2777,EP,,Somministrazione,somministrazione,1,1396224.638,4991992.984,VIA CORTE D'APPELLO 2
2778,EP,,Somministrazione,somministrazione,7,1395941.341,4993051.999,CORSO CIRIE' 26/F
2779,EP,,Somministrazione,somministrazione,10,1393824.705,4987357.715,CORSO CORSICA 30
2780,EP,,Somministrazione,somministrazione,1,1396100.099,4992048.075,VIA CORTE D'APPELLO 9/A
2781,EP,,Somministrazione,somministrazione,11,1393256.23,4987665.862,CORSO COSENZA 22/B
2782,EP,,Somministrazione,somministrazione,9,1395179.848,4987108.349,VIA CORTEMILIA 22
2783,EP,,Somministrazione,somministrazione,13,1390891.689,4991984.229,VIA PIETRO ABATE CHANOUX 21
2784,EP,,Somministrazione,somministrazione,1,1395977.196,4992113.08,VIA CORTE D'APPELLO 13/N
2785,EP,,Somministrazione,somministrazione,22,1397733.795,4990736.182,VIA UMBERTO COSMO 4
2786,EP,,Somministrazione,somministrazione,21,1400186.622,4991110.932,CORSO CHIERI 48/A
2787,EP,,Somministrazione,somministrazione,14,1391643.091,4992780.304,VIA PIETRO COSSA 68/B
2788,EP,,Somministrazione,somministrazione,14,1391484.219,4992581.066,VIA PIETRO COSSA 49/D
2789,EP,,DIA di somministrazione,somministrazione,14,1391515.0421875,4993097.28229167,VIA PIETRO COSSA 115 int. 31
2790,EP,,DIA di somministrazione,somministrazione,3,1395433.779,4989802.658,VIA CHISONE 7
2791,EP,,DIA di somministrazione,somministrazione,19,1398548.233,4998319.764,VIA DEGLI ABETI 13
2792,EP,,Somministrazione,somministrazione,1,1396543.049,4990637.172,VIA ACCADEMIA ALBERTINA 29/E
2793,EP,,Somministrazione,somministrazione,1,1396565.25,4990680.326,VIA ACCADEMIA ALBERTINA 25
2794,EP,,DIA di somministrazione,somministrazione,5,1394017.73,4992131.934,VIA COAZZE 18
2795,EP,,Somministrazione,somministrazione,17,1396194.872,4994769.226,VIA CHIESA DELLA SALUTE 63/B
2796,EP,,Somministrazione,somministrazione,17,1396271.534,4995193.02,VIA CHIESA DELLA SALUTE 126/C
2797,EP,,Somministrazione,somministrazione,17,1396252.497,4995169.169,VIA CHIESA DELLA SALUTE 109/D
2798,EP,,DIA di somministrazione,somministrazione,6,1394554.281,4992748.996,VIA LUIGI CIBRARIO 48
2799,EP,,Somministrazione,somministrazione,6,1394124.573,4992970.915,VIA LUIGI CIBRARIO 82/A
2800,EP,,Somministrazione,somministrazione,3,1394404.425,4990364.193,VIA CRISTOFORO COLOMBO 57/B
2801,EP,,Somministrazione,somministrazione,3,1394614.285,4990245.028,VIA CRISTOFORO COLOMBO 39/E
2802,EP,,Somministrazione,somministrazione,3,1394460.673,4990349.456,VIA CRISTOFORO COLOMBO 40/A
2803,EP,,DIA di somministrazione,somministrazione,17,1396250.137,4995031.608,VIA CHIESA DELLA SALUTE 106/B
2804,EP,,Somministrazione,somministrazione,17,1396236.089,4994915.151,VIA CHIESA DELLA SALUTE 94/A
2805,EP,,Somministrazione,somministrazione,17,1396237.156,4995048.157,VIA CHIESA DELLA SALUTE 95/A
2806,EP,,DIA di somministrazione,somministrazione,17,1396239.482,4995066.508,VIA CHIESA DELLA SALUTE 97/B
2807,EP,,Somministrazione,somministrazione,6,1394330.059,4992864.641,VIA LUIGI CIBRARIO 68/E
2808,EP,,Somministrazione,somministrazione,6,1394302.267,4992856.488,VIA LUIGI CIBRARIO 71/B
2809,EP,,Somministrazione,somministrazione,6,1394186.403,4992938.992,VIA LUIGI CIBRARIO 74/A
2810,EP,,Somministrazione,somministrazione,6,1395118.991,4992429.918,LARGO LUIGI CIBRARIO 9/F
2811,EP,,Somministrazione,somministrazione,3,1394753.579,4990166.11,VIA CRISTOFORO COLOMBO 25/C
2812,EP,,Somministrazione,somministrazione,7,1396046.4,4992844.386,VIA FRANCESCO CIGNA 18
2813,EP,,DIA di somministrazione,somministrazione,14,1391152.213,4993035.302,STRADA ANTICA DI COLLEGNO 211
2814,EP,,DIA di somministrazione,somministrazione,14,1390754.104,4993017.089,STRADA ANTICA DI COLLEGNO 253
2815,EP,,Somministrazione,somministrazione,14,1393102.146,4992694.835,PIAZZA GIAMPIETRO CHIRONI 11/A
2816,EP,,Somministrazione,somministrazione,18,1396712.851,4994253.25,VIA FRANCESCO CIGNA 138
2817,EP,,Somministrazione,somministrazione,18,1396809.958,4994437.234,VIA FRANCESCO CIGNA 156
2818,EP,,Somministrazione,somministrazione,17,1395686.229,4995064.342,VIA MICHELE COPPINO 131/A
2819,EP,,Somministrazione,somministrazione,4,1393508.932,4990770.809,VIA CHIOMONTE 5/A
2820,EP,,Somministrazione,somministrazione,8,1398817.456,4991866.809,CORSO CHIETI 2/F
2821,EP,,Somministrazione,somministrazione,7,1396217.775,4993313.354,VIA FRANCESCO CIGNA 56/D
2822,EP,,Somministrazione,somministrazione,7,1396121.16,4993162.127,VIA FRANCESCO CIGNA 45/D
2823,EP,,Somministrazione,somministrazione,10,1393899.983,4987399.863,CORSO CORSICA 11/F
2824,EP,,Somministrazione,somministrazione,7,1395990.152,4992913.345,VIA FRANCESCO CIGNA 23/F
2825,EP,,Somministrazione,somministrazione,7,1396059.159,4993044.082,VIA FRANCESCO CIGNA 33/C
2826,EP,,DIA di somministrazione,somministrazione,2,1396008.62,4988850.517,VIA CORREGGIO 8
2827,EP,,Somministrazione,somministrazione,1,1396054.609,4992287.751,PIAZZA DELLA CONSOLATA 5
2828,EP,,Somministrazione,somministrazione,1,1396051.67,4992279.749,PIAZZA DELLA CONSOLATA 5 scala A
2829,EP,,Somministrazione,somministrazione,1,1396028.171,4992312.065,PIAZZA DELLA CONSOLATA 9/C
2830,EP,,DIA di somministrazione,somministrazione,1,1396063.554,4992271.234,VICOLO DELLA CONSOLATA 4
2831,EP,,Somministrazione,somministrazione,1,1396001.69,4992298.58,VIA DELLA CONSOLATA 12/D
2832,EP,,DIA di somministrazione,somministrazione,5,1393676.18947805,4991718.40336224,VIA FREJUS 27
2833,EP,,Somministrazione,somministrazione,15,1393473.192,4995036.367,CORSO L. QUINZIO CINCINNATO 176/A
2834,EP,,Somministrazione,somministrazione,15,1394184.494,4995515.393,CORSO L. QUINZIO CINCINNATO 258/B
2835,EP,,Somministrazione,somministrazione,12,1392728.669,4987678.927,VIA CARLO DEL PRETE 72/E
2836,EP,,Somministrazione,somministrazione,7,1396931.407,4993344.111,VIA CREMONA 2
2837,EP,,DIA di somministrazione,somministrazione,7,1396931.407,4993344.111,VIA CREMONA 2
2838,EP,,DIA di somministrazione,somministrazione,2,1395887.969,4988979.645,CORSO DANTE 80
2839,EP,,DIA di somministrazione,somministrazione,19,1398061.50815364,4997506.24379534,STRADA CUORGNE' 81
2840,EP,,Somministrazione,somministrazione,2,1396261.584,4988897.373,CORSO DANTE 125/D
2841,EP,,Somministrazione,somministrazione,2,1396315.524,4988881.725,CORSO DANTE 131/A
2842,EP,,DIA di somministrazione,somministrazione,13,1392546.291,4991385.277,VIA LORENZO DELLEANI 25
2843,EP,,Somministrazione,somministrazione,14,1392760.076,4992869.775,VIA CREVACUORE 13/A
2844,EP,,Somministrazione,somministrazione,2,1395549.729,4989064.304,PIAZZA EDMONDO DE AMICIS 121 bis
2845,EP,,Somministrazione,somministrazione,7,1396127.833,4993142.624,VIA FRANCESCO CIGNA 48/C
2846,EP,,Somministrazione,somministrazione,3,1394724.878,4990272.219,CORSO ALCIDE DE GASPERI 9/F
2847,EP,,Somministrazione,somministrazione,13,1392866.417,4991627.967,VIA FREJUS 123/A
2848,EP,,Somministrazione,somministrazione,2,1396198.523,4990484.392,VIA BERNARDINO GALLIARI 10 bis/A
2849,EP,,DIA di somministrazione,somministrazione,9,1395269.529,4987242.201,VIA GARESSIO 24 int. 5
2850,EP,,Somministrazione,somministrazione,1,1395580.835,4992194.095,VIA GIUSEPPE GARIBALDI 57 bis/B
2851,EP,,Somministrazione,somministrazione,2,1395942.011,4988999.975,CORSO MASSIMO D'AZEGLIO 82
2852,EP,,Somministrazione,somministrazione,3,1394726.929,4990308.396,CORSO ALCIDE DE GASPERI 8/D
2853,EP,,Somministrazione,somministrazione,5,1394013.859,4991555.661,VIA DANTE DI NANNI 14/D
2854,EP,,Somministrazione,somministrazione,5,1393829.708,4991267.555,VIA DANTE DI NANNI 66/H
2855,EP,,Somministrazione,somministrazione,17,1395754.025,4994115.411,VIA ERRICO GIACHINO 46/A
2856,EP,,Somministrazione,somministrazione,2,1396203.178,4989309.76,CORSO MASSIMO D'AZEGLIO 15
2857,EP,,DIA di somministrazione,somministrazione,2,1396069.077,4989116.625,CORSO MASSIMO D'AZEGLIO 21
2858,EP,,Somministrazione,somministrazione,3,1394559.183,4990088.07,CORSO ALCIDE DE GASPERI 31/C
2859,EP,,Somministrazione,somministrazione,3,1394433.329,4989982.693,CORSO ALCIDE DE GASPERI 40/D
2860,EP,,Somministrazione,somministrazione,1,1396766.019,4991249.308,VIA LUIGI DES AMBROIS 2
2861,EP,,Somministrazione,somministrazione,19,1397838.131,4995175.924,PIAZZA DERNA 248
2862,EP,,DIA di somministrazione,somministrazione,22,1397378.764,4990034.87,PIAZZA CRIMEA 7
2863,EP,,DIA di somministrazione,somministrazione,14,1392436.223,4992908.906,VIA CREVACUORE 50
2864,EP,,DIA di somministrazione,somministrazione,3,1394425.711,4990561.436,VIA GIOVANNI DA VERAZZANO 4
2865,EP,,Somministrazione,somministrazione,3,1394307.925,4989811.997,CORSO ALCIDE DE GASPERI 63
2866,EP,,Somministrazione,somministrazione,3,1394287.598,4989792.444,CORSO ALCIDE DE GASPERI 67/A
2867,EP,,Somministrazione,somministrazione,14,1391372.911,4992295.017,VIA PIETRO COSSA 11/A
2868,EP,,Somministrazione,somministrazione,14,1391375.201,4992305.15,VIA PIETRO COSSA 13/A
2869,EP,,DIA di somministrazione,somministrazione,14,1392365.659,4992909.125,VIA CREVACUORE 60
2870,EP,,Somministrazione,somministrazione,13,1392976.128,4992175.314,VIA CRISTALLIERA 6/B
2871,EP,,Somministrazione,somministrazione,3,1394374.036,4990435.716,VIA GIOVANNI DA VERAZZANO 15/B
2872,EP,,Somministrazione,somministrazione,13,1391318.452,4991874.377,VIA FRANCESCO DE SANCTIS 37/C
2873,EP,,Somministrazione,somministrazione,14,1391731.392,4992914.298,VIA PIETRO COSSA 84/B
2874,EP,,Somministrazione,somministrazione,14,1391730.139,4993036.326,VIA PIETRO COSSA 111/C
2875,EP,,Somministrazione,somministrazione,13,1391298.577,4991790.912,VIA FRANCESCO DE SANCTIS 47
2876,EP,,Somministrazione,somministrazione,13,1391351.143,4992014.287,VIA FRANCESCO DE SANCTIS 17/A
2877,EP,,Somministrazione,somministrazione,14,1391738.303,4993066.175,VIA PIETRO COSSA 113 bis/F
2878,EP,,Somministrazione,somministrazione,18,1396771.627,4993745.192,PIAZZA FRANCESCO CRISPI 51/G
2879,EP,,Somministrazione,somministrazione,10,1393383.892,4986306.827,CORSO BENEDETTO CROCE 7/G
2880,EP,,DIA di somministrazione,somministrazione,2,1395168.891,4988710.858,VIA LEONARDO DA VINCI 8
2881,EP,,DIA di somministrazione,somministrazione,3,1395100.964,4989253.629,CORSO DANTE 14
2882,EP,,DIA di somministrazione,somministrazione,17,1395873.38632108,4995545.8354482,VIA EMILIO DE MARCHI 11/A
2883,EP,,DIA di somministrazione,somministrazione,10,1393304.107,4986255.811,CORSO BENEDETTO CROCE 20
2884,EP,,DIA di somministrazione,somministrazione,10,1393248.117,4986137.194,CORSO BENEDETTO CROCE 26
2885,EP,,Somministrazione,somministrazione,7,1396470.255,4993505.931,VIA CUNEO 27
2886,EP,,DIA di somministrazione,somministrazione,3,1395143.234,4989272.547,CORSO DANTE 17/A
2887,EP,,DIA di somministrazione,somministrazione,23,1393878.286,4985427.754,VIA DE MAISTRE FRATELLI 41/D
2888,EP,,DIA di somministrazione,somministrazione,7,1396315.954,4992496.518,VIA S. GIUSEPPE BENEDETTO COTTOLENGO 6/D
2889,EP,,Somministrazione,somministrazione,7,1396294.951,4992499.192,VIA S. GIUSEPPE BENEDETTO COTTOLENGO 3/I
2890,EP,,Somministrazione,somministrazione,2,1395478.086,4989135.946,CORSO DANTE 49/B
2891,EP,,Somministrazione,somministrazione,13,1391350.363,4991603.707,VIA FRANCESCO DE SANCTIS 71/B
2892,EP,,Somministrazione,somministrazione,13,1391361.475,4991512.496,VIA FRANCESCO DE SANCTIS 74
2893,EP,,Somministrazione,somministrazione,1,1396555.991,4991040.189,VIA NINO COSTA 4
2894,EP,,Somministrazione,somministrazione,11,1394449.324,4989320.027,PIAZZALE COSTANTINO IL GRANDE 168/A
2895,EP,,Somministrazione,somministrazione,4,1393189.621,4990959.056,VIA CUMIANA 41/B
2896,EP,,DIA di somministrazione,somministrazione,4,1393200.175,4991063.587,VIA CUMIANA 31/A
2897,EP,,DIA di somministrazione,somministrazione,4,1393236.08,4991215.234,VIA CUMIANA 14
2898,EP,,Somministrazione,somministrazione,2,1395468.917,4989101.266,CORSO DANTE 50/L
2899,EP,,Somministrazione,somministrazione,2,1396228.447,4988881.05,CORSO DANTE 118/B
2900,EP,,Somministrazione,somministrazione,2,1395840.56,4988993.392,CORSO DANTE 78/A
2901,EP,,Somministrazione,somministrazione,2,1395799.757,4989031.279,CORSO DANTE 77/E
2902,EP,,DIA di somministrazione,somministrazione,22,1398175.002,4990558.687,VIA LUISA DEL CARRETTO 6
2903,EP,,DIA di somministrazione,somministrazione,10,1393162.668,4986020.68,CORSO BENEDETTO CROCE 38 int. 4
2904,EP,,Somministrazione,somministrazione,13,1391611.836,4991061.134,VIA FRANCESCO DE SANCTIS 140/I
2905,EP,,Somministrazione,somministrazione,13,1391427.474,4991395.151,VIA FRANCESCO DE SANCTIS 88/F
2906,EP,,Somministrazione,somministrazione,20,1398761.818,4994188.07,VIA GIOVANNI CRAVERO 48/C
2907,EP,,Somministrazione,somministrazione,20,1398816.346,4994188.378,VIA GIOVANNI CRAVERO 54/C
2908,EP,,DIA di somministrazione,somministrazione,20,1398717.375,4994184.468,VIA GIOVANNI CRAVERO 40/B
2909,EP,,Somministrazione,somministrazione,19,1398080.408,4997559.378,STRADA CUORGNE' 74/B
2910,EP,,Somministrazione,somministrazione,12,1392749.977,4987668.833,VIA CARLO DEL PRETE 70/C
2911,EP,,Somministrazione,somministrazione,1,1396236.942,4992271.836,PIAZZA EMANUELE FILIBERTO 5/B
2912,EP,,Somministrazione,somministrazione,3,1394595.461,4990426.631,CORSO DUCA DEGLI ABRUZZI 39/A
2913,EP,,Somministrazione,somministrazione,3,1394825.857,4990957.243,CORSO DUCA DEGLI ABRUZZI 18/A
2914,EP,,DIA di somministrazione,somministrazione,3,1394781.004,4990912.531,CORSO DUCA DEGLI ABRUZZI 20
2915,EP,,Somministrazione,somministrazione,3,1394917.044,4991157.804,CORSO DUCA DEGLI ABRUZZI 10/A
2916,EP,,Somministrazione,somministrazione,7,1396658.45,4993080.75,CORSO EMILIA 6
2917,EP,,Somministrazione,somministrazione,7,1396650.038,4993055.209,CORSO EMILIA 7/D
2918,EP,,Somministrazione,somministrazione,14,1392375.131,4992734.781,VIA EXILLES 54/B
2919,EP,,Somministrazione,somministrazione,8,1397072.322,4991886.379,VIA CARLO DENINA 0/B
2920,EP,,Somministrazione,somministrazione,1,1396777.087,4991243.601,VIA LUIGI DES AMBROIS 2/H
2921,EP,,Somministrazione,somministrazione,19,1397710.05369157,4995086.61360117,PIAZZA DERNA 221/B
2922,EP,,Somministrazione,somministrazione,16,1393550.25968391,4996288.08439763,VIA DRUENTO 135/B
2923,EP,,DIA di somministrazione,somministrazione,15,1392580.8523259,4996321.25532472,VIA DRUENTO 175
2924,EP,,Somministrazione,somministrazione,14,1392367.312,4992675.182,VIA EXILLES 48/C
2925,EP,,Somministrazione,somministrazione,5,1394050.564,4991575.581,VIA DANTE DI NANNI 15/C
2926,EP,,Somministrazione,somministrazione,4,1393675.528,4990989.771,VIA DANTE DI NANNI 95/F
2927,EP,,Somministrazione,somministrazione,3,1394384.698,4990147.846,CORSO DUCA DEGLI ABRUZZI 68/B
2928,EP,,Somministrazione,somministrazione,3,1394517.375,4990279.04,CORSO DUCA DEGLI ABRUZZI 49/D
2929,EP,,Somministrazione,somministrazione,3,1394367.55,4990115.367,CORSO DUCA DEGLI ABRUZZI 70/B
2930,EP,,Somministrazione,somministrazione,3,1394362.694,4990106.057,CORSO DUCA DEGLI ABRUZZI 70/D
2931,EP,,DIA di somministrazione,somministrazione,12,1393062.423,4987352.861,VIA GIACOMO DINA 19
2932,EP,,Somministrazione,somministrazione,1,1396254.902,4990959.164,VIA ANDREA DORIA 3/C
2933,EP,,Somministrazione,somministrazione,14,1392401.016,4992915.859,VIA EXILLES 82/A
2934,EP,,Somministrazione,somministrazione,14,1392403.679,4992932.084,VIA EXILLES 84/B
2935,EP,,Somministrazione,somministrazione,1,1395179.35,4991299.546,VIA VITALIANO DONATI 1/H
2936,EP,,Somministrazione,somministrazione,6,1394151.052,4992675.511,VIA NICOLA FABRIZI 8/A
2937,EP,,DIA di somministrazione,somministrazione,16,1394234.309,4996404.089,VIA DRUENTO 40
2938,EP,,Somministrazione,somministrazione,2,1395947.747,4989010.62,CORSO MASSIMO D'AZEGLIO 80/D
2939,EP,,Somministrazione,somministrazione,5,1394502.736,4992162.626,VIA DUCHESSA JOLANDA 23 bis/B
2940,EP,,Somministrazione,somministrazione,5,1394588.174,4992135.742,VIA DUCHESSA JOLANDA 32/B
2941,EP,,Somministrazione,somministrazione,5,1394796.165,4992027.821,VIA DUCHESSA JOLANDA 16/A
2942,EP,,Somministrazione,somministrazione,5,1394831.153,4992009.613,VIA DUCHESSA JOLANDA 12/F
2943,EP,,Somministrazione,somministrazione,5,1394790.549,4992012.958,VIA DUCHESSA JOLANDA 13 bis/B
2944,EP,,Somministrazione,somministrazione,6,1393940.018,4992718.876,VIA NICOLA FABRIZI 30/A
2945,EP,,Somministrazione,somministrazione,17,1395981.083,4995628.526,VIA LEONARDO FEA 22/A
2946,EP,,Somministrazione,somministrazione,3,1395080.14,4989266.33,CORSO DANTE 12/H
2947,EP,,Somministrazione,somministrazione,2,1395512.766,4989125.881,CORSO DANTE 53
2948,EP,,Somministrazione,somministrazione,3,1394440.681,4989990.962,CORSO ALCIDE DE GASPERI 40/B
2949,EP,,Somministrazione,somministrazione,3,1394341.922,4989880.497,CORSO ALCIDE DE GASPERI 52/D
2950,EP,,Somministrazione,somministrazione,5,1394896.951,4991975.384,VIA DUCHESSA JOLANDA 8/B
2951,EP,,Somministrazione,somministrazione,3,1394267.473,4989924.477,CORSO DUCA DEGLI ABRUZZI 90
2952,EP,,Somministrazione,somministrazione,3,1394265.303,4989890.163,CORSO DUCA DEGLI ABRUZZI 92/G
2953,EP,,Somministrazione,somministrazione,3,1394224.569,4989843.074,CORSO DUCA DEGLI ABRUZZI 102/A
2954,EP,,Somministrazione,somministrazione,5,1393880.448,4991310.044,VIA DANTE DI NANNI 63/B
2955,EP,,Somministrazione,somministrazione,5,1393886.685,4991356.752,VIA DANTE DI NANNI 52/B
2956,EP,,Somministrazione,somministrazione,1,1396755.999,4991266.88,VIA LUIGI DES AMBROIS 1/A
2957,EP,,DIA di somministrazione,somministrazione,10,1394150.377,4985907.359,VIA DUINO 193/B
2958,EP,,DIA di somministrazione,somministrazione,23,1391079.002,4985715.447,VIA ARISTIDE FACCIOLI 72/A
2959,EP,,Somministrazione,somministrazione,1,1397351.098,4990843.847,LUNGO PO ARMANDO DIAZ 4/A
2960,EP,,Somministrazione,somministrazione,4,1393544.782,4990822.033,VIA DANTE DI NANNI 116/D
2961,EP,,Somministrazione,somministrazione,4,1393643.506,4990938.824,VIA DANTE DI NANNI 99/D
2962,EP,,Somministrazione,somministrazione,5,1393848.303,4991259.935,VIA DANTE DI NANNI 67/F
2963,EP,,Somministrazione,somministrazione,4,1393577.176,4990873.097,VIA DANTE DI NANNI 112/A
2964,EP,,Somministrazione,somministrazione,5,1393726.617,4991106.321,VIA DANTE DI NANNI 92/B
2965,EP,,Somministrazione,somministrazione,14,1392922.148,4992923.75,VIA NICOLA FABRIZI 142/A
2966,EP,,Somministrazione,somministrazione,14,1393013.434,4992896.625,VIA NICOLA FABRIZI 109
2967,EP,,Somministrazione,somministrazione,4,1393614.567,4990892.729,VIA DANTE DI NANNI 101/G
2968,EP,,Somministrazione,somministrazione,4,1393685.166,4991005.044,VIA DANTE DI NANNI 95/A
2969,EP,,Somministrazione,somministrazione,4,1393658.353,4990962.475,VIA DANTE DI NANNI 97/F
2970,EP,,Somministrazione,somministrazione,7,1396350.556,4993228.127,CORSO EMILIA 22/D
2971,EP,,Somministrazione,somministrazione,3,1394833.94,4990376.352,CORSO LUIGI EINAUDI 27/C
2972,EP,,Somministrazione,somministrazione,3,1394793.87,4990399.051,CORSO LUIGI EINAUDI 31/I
2973,EP,,Somministrazione,somministrazione,6,1393623.599,4992832.971,VIA NICOLA FABRIZI 66/A
2974,EP,,Somministrazione,somministrazione,12,1392909.288,4987445.411,VIA GIACOMO DINA 28/F
2975,EP,,DIA di somministrazione,somministrazione,6,1395410.697,4993147.451,VIA DRONERO 6
2976,EP,,Somministrazione,somministrazione,1,1396433.49270833,4990924.96979167,VIA ANDREA DORIA 15
2977,EP,,Somministrazione,somministrazione,1,1396487.86,4990916.161,VIA ANDREA DORIA 17/F
2978,EP,,Somministrazione,somministrazione,3,1394455.291,4990589.248,CORSO LUIGI EINAUDI 57/E
2979,EP,,Somministrazione,somministrazione,19,1398492.67,4997857.935,VIALE FALCHERA 70/E
2980,EP,,DIA di somministrazione,somministrazione,3,1395193.924,4991009.293,VIA MANFREDO FANTI 17
2981,EP,,Somministrazione,somministrazione,12,1392924.683,4987417.913,VIA GIACOMO DINA 33/B
2982,EP,,Somministrazione,somministrazione,6,1393883.648,4992529.925,VIA DIGIONE 17/C
2983,EP,,Somministrazione,somministrazione,1,1396518.098,4990913.132,VIA ANDREA DORIA 21/B
2984,EP,,Somministrazione,somministrazione,1,1396551.166,4990908.891,VIA ANDREA DORIA 23/A
2985,EP,,DIA di somministrazione,somministrazione,1,1396313.636,4990937.611,VIA ANDREA DORIA 9
2986,EP,,Somministrazione,somministrazione,1,1396385.356,4990924.16,VIA ANDREA DORIA 11/I
2987,EP,,Somministrazione,somministrazione,1,1396499.231,4990903.288,VIA ANDREA DORIA 12/C
2988,EP,,Somministrazione,somministrazione,1,1396511.796,4990901.866,VIA ANDREA DORIA 12/G
2989,EP,,DIA di somministrazione,somministrazione,13,1392196.771,4991708.541,VIA GIOVANNI FATTORI 75
2990,EP,,DIA di somministrazione,somministrazione,13,1392379.117,4991624.205,VIA GIOVANNI FATTORI 50/B
2991,EP,,Somministrazione,somministrazione,23,1390843.359,4985618.091,STRADA DEL DROSSO 101/A
2992,EP,,DIA di somministrazione,somministrazione,1,1396184.747,4992298.693,PIAZZA EMANUELE FILIBERTO 11/I
2993,EP,,Somministrazione,somministrazione,1,1396184.747,4992298.693,PIAZZA EMANUELE FILIBERTO 11/I
2994,EP,,Somministrazione,somministrazione,1,1396224.028,4992316.964,PIAZZA EMANUELE FILIBERTO 8/D
2995,EP,,Somministrazione,somministrazione,1,1396217.449,4992281.632,PIAZZA EMANUELE FILIBERTO 9/B
2996,EP,,Somministrazione,somministrazione,23,1392267.0728265,4985478.18822253,VIA ARTURO FARINELLI 36 int. 9
2997,EP,,DIA di somministrazione,somministrazione,23,1392267.0728265,4985478.18822253,VIA ARTURO FARINELLI 36 int. 9
2998,EP,,Somministrazione,somministrazione,5,1395037.026,4992182.648,VIA BERNARDINO DROVETTI 8/D
2999,EP,,Somministrazione,somministrazione,1,1396203.923,4992288.687,PIAZZA EMANUELE FILIBERTO 11/A
3000,EP,,Somministrazione,somministrazione,1,1396270.223,4992286.428,PIAZZA EMANUELE FILIBERTO 2/D
3001,EP,,Somministrazione,somministrazione,1,1396248.913,4992273.642,PIAZZA EMANUELE FILIBERTO 3/B
3002,EP,,Somministrazione,somministrazione,1,1396239.443,4992305.562,PIAZZA EMANUELE FILIBERTO 6/A
3003,EP,,Somministrazione,somministrazione,1,1396229.675,4992275.488,PIAZZA EMANUELE FILIBERTO 7/B
3004,EP,,Somministrazione,somministrazione,1,1396224.265,4992278.206,PIAZZA EMANUELE FILIBERTO 7/C
3005,EP,,Somministrazione,somministrazione,14,1393214.077,4992613.486,VIA DOMODOSSOLA 36/A
3006,EP,,DIA di somministrazione,somministrazione,23,1390072.67220599,4985902.81159676,STRADA DEL DROSSO 205/L
3007,EP,,Somministrazione,somministrazione,7,1396609.327,4993075.064,CORSO EMILIA 11/B
3008,EP,,Somministrazione,somministrazione,7,1396568.11,4993081.891,CORSO EMILIA 13/A
3009,EP,,Somministrazione,somministrazione,7,1396681.015,4993040.101,CORSO EMILIA 5/C
3010,EP,,Somministrazione,somministrazione,13,1391699.291,4992004.994,VIA GIOVANNI FATTORI 126/D
3011,EP,,DIA di somministrazione,somministrazione,2,1395705.578,4989428.387,VIA GAETANO DONIZETTI 6
3012,EP,,DIA di somministrazione,somministrazione,20,1397799.62463915,4994541.09340829,PIAZZA DEL DONATORE DI SANGUE 3
3013,EP,,Somministrazione,somministrazione,20,1397799.62463915,4994541.09340829,PIAZZA DEL DONATORE DI SANGUE 3
3014,EP,,Somministrazione,somministrazione,2,1395663.738,4989441.78,VIA GAETANO DONIZETTI 2
3015,EP,,DIA di somministrazione,somministrazione,7,1397165.801,4992148.423,LUNGO DORA FIRENZE 87
3016,EP,,Somministrazione,somministrazione,5,1394149.799,4991079.645,CORSO FRANCESCO FERRUCCI 78/B
3017,EP,,Somministrazione,somministrazione,13,1391526.251,4991914.929,VIA FIDIA 23/A
3018,EP,,Somministrazione,somministrazione,22,1397149.634,4990162.968,CORSO FIUME 2/E
3019,EP,,DIA di somministrazione,somministrazione,22,1397271.923,4990152.174,CORSO FIUME 11
3020,EP,,Somministrazione,somministrazione,10,1394074.608,4986485.16,VIA GIOVANNI FLECCHIA 2
3021,EP,,DIA di somministrazione,somministrazione,10,1394047.717,4986421.167,VIA GIOVANNI FLECCHIA 8/A
3022,EP,,DIA di somministrazione,somministrazione,20,1398388.253,4993922.349,VIA LUIGI PIETRACQUA 9
3023,EP,,DIA di somministrazione,somministrazione,16,1394756.489,4994917.574,VIA FOLIGNO 73
3024,EP,,Somministrazione,somministrazione,16,1394782.622,4994905.005,VIA FOLIGNO 71/A
3025,EP,,Somministrazione,somministrazione,2,1395700.323,4989335.901,VIA FRANCESCO PETRARCA 8
3026,EP,,Somministrazione,somministrazione,11,1393743.5265625,4988329.66927083,VIA FILADELFIA 88
3027,EP,,DIA di somministrazione,somministrazione,11,1393743.5265625,4988329.66927083,VIA FILADELFIA 88
3028,EP,,Somministrazione,somministrazione,10,1394110.86,4988107.49,VIA FILADELFIA 55/A
3029,EP,,Somministrazione,somministrazione,10,1394073.047,4988126.978,VIA FILADELFIA 57/G
3030,EP,,DIA di somministrazione,somministrazione,10,1394286.943,4988066.008,VIA FILADELFIA 36
3031,EP,,Somministrazione,somministrazione,13,1392082.065,4991936.748,CORSO PESCHIERA 311/B
3032,EP,,DIA di somministrazione,somministrazione,13,1391939.716,4992017.528,CORSO PESCHIERA 331/A
3033,EP,,DIA di somministrazione,somministrazione,13,1391934.313,4992020.592,CORSO PESCHIERA 331
3034,EP,,Somministrazione,somministrazione,10,1394295.357,4988012.3100000005,VIA FILADELFIA 29/A
3035,EP,,Somministrazione,somministrazione,11,1393455.564,4988445.777,VIA FILADELFIA 109/H
3036,EP,,DIA di somministrazione,somministrazione,3,1394388.969,4989612.984,VIA GIUSEPPE PIAZZI 57
3037,EP,,Somministrazione,somministrazione,13,1391886.075,4992047.947,CORSO PESCHIERA 337/F
3038,EP,,Somministrazione,somministrazione,11,1393428.798,4988459.596,VIA FILADELFIA 113/B
3039,EP,,Somministrazione,somministrazione,11,1393421.255,4988463.491,VIA FILADELFIA 113/C
3040,EP,,Somministrazione,somministrazione,11,1393410.171,4988469.214,VIA FILADELFIA 115/B
3041,EP,,Somministrazione,somministrazione,15,1393756.868,4994518.459,VIA FOGLIZZO 8/B
3042,EP,,Somministrazione,somministrazione,1,1395804.079,4992248.255,VIA PIAVE 8/H
3043,EP,,Somministrazione,somministrazione,12,1392130.459,4989126.548,VIA FILADELFIA 271/C
3044,EP,,Somministrazione,somministrazione,12,1392207.831,4989090.136,VIA FILADELFIA 263/A
3045,EP,,DIA di somministrazione,somministrazione,15,1393637.012,4994427.515,VIA PIANEZZA 110
3046,EP,,Somministrazione,somministrazione,18,1397069.654,4994051.057,VIA FELETTO 9/D
3047,EP,,DIA di somministrazione,somministrazione,9,1394549.348,4986261.823,VIA FELIZZANO 20
3048,EP,,Somministrazione,somministrazione,11,1392569.76,4988903.117,VIA FILADELFIA 223/A
3049,EP,,DIA di somministrazione,somministrazione,15,1393696.172,4994367.922,VIA PIANEZZA 123
3050,EP,,Somministrazione,somministrazione,15,1393696.172,4994367.922,VIA PIANEZZA 123
3051,EP,,Somministrazione,somministrazione,15,1393226.65729167,4994533.91666667,VIA PIANEZZA 185 scala A
3052,EP,,DIA di somministrazione,somministrazione,16,1395686.461,4996471.406,VIA ENRICO FERMI 11
3053,EP,,Somministrazione,somministrazione,15,1394094.14,4994077.675,VIA PIANEZZA 61/B
3054,EP,,Somministrazione,somministrazione,9,1395144.317,4987451.53,VIA FINALMARINA 8 bis
3055,EP,,Somministrazione,somministrazione,15,1393946.632,4994221.351,VIA PIANEZZA 83/C
3056,EP,,Somministrazione,somministrazione,15,1392056.299,4995884.505,CORSO FERRARA 46
3057,EP,,Somministrazione,somministrazione,1,1397065.118,4991547.501,VIA GAUDENZIO FERRARI 2/H
3058,EP,,DIA di somministrazione,somministrazione,3,1395308.235,4991001.885,CORSO GALILEO FERRARIS 30
3059,EP,,DIA di somministrazione,somministrazione,6,1394314.634,4993690.389,VIA PIANEZZA 14
3060,EP,,Somministrazione,somministrazione,10,1393378.058,4986014.821,VIA PIACENZA 26
3061,EP,,DIA di somministrazione,somministrazione,7,1396820.105,4992226.328,VIA GIANFRANCESCO FIOCHETTO 24
3062,EP,,DIA di somministrazione,somministrazione,7,1396830.62,4992239.966,VIA GIANFRANCESCO FIOCHETTO 29
3063,EP,,Somministrazione,somministrazione,14,1393223.65895805,4992510.45470265,VIA ROSOLINO PILO 45/A
3064,EP,,Somministrazione,somministrazione,14,1392366.534,4993063.382,VIA PIANCERI 3/A
3065,EP,,DIA di somministrazione,somministrazione,15,1392095.898,4994818.343,STRADA PIANEZZA 272/A
3066,EP,,Somministrazione,somministrazione,15,1392148.898,4994775.309,STRADA PIANEZZA 289
3067,EP,,Somministrazione,somministrazione,3,1394217.859,4989994.403,VIA ANTONIO PIGAFETTA 56/D
3068,EP,,Somministrazione,somministrazione,6,1394669.082,4992528.504,PIAZZA AMEDEO PEYRON 13/A
3069,EP,,Somministrazione,somministrazione,6,1394640.25,4992571.207,PIAZZA AMEDEO PEYRON 15
3070,EP,,Somministrazione,somministrazione,14,1393164.357,4992876.6,VIA NICOLA FABRIZI 93/B
3071,EP,,DIA di somministrazione,somministrazione,3,1394142.303,4989824.141,VIA ANTONIO PIGAFETTA 73/D
3072,EP,,DIA di somministrazione,somministrazione,6,1393604.092,4992477.609,VIA ROSOLINO PILO 26/G
3073,EP,,Somministrazione,somministrazione,3,1394442.959,4990425.148,VIA ANTONIO PIGAFETTA 14/A
3074,EP,,DIA di somministrazione,somministrazione,10,1393420.042,4986105.243,VIA PIACENZA 16
3075,EP,,Somministrazione,somministrazione,5,1394131.878,4991201.403,CORSO FRANCESCO FERRUCCI 72/D
3076,EP,,Somministrazione,somministrazione,1,1397182.479,4991498.861,VIA GAUDENZIO FERRARI 5/I
3077,EP,,DIA di somministrazione,somministrazione,6,1394527.59,4992678.941,VIA AMEDEO PEYRON 42
3078,EP,,Somministrazione,somministrazione,5,1394128.343,4991429.212,CORSO FRANCESCO FERRUCCI 52
3079,EP,,Somministrazione,somministrazione,5,1394151.543,4991600.451,CORSO FRANCESCO FERRUCCI 38
3080,EP,,Somministrazione,somministrazione,5,1394146.397,4991561.77,CORSO FRANCESCO FERRUCCI 42/B
3081,EP,,Somministrazione,somministrazione,13,1391554.067,4992128.218,VIA FIDIA 4/A
3082,EP,,DIA di somministrazione,somministrazione,7,1395846.471,4993213.347,VIA PESARO 11
3083,EP,,DIA di somministrazione,somministrazione,7,1397528.04,4992932.774,VIA CARLO PEDROTTI 37
3084,EP,,DIA di somministrazione,somministrazione,8,1397969.38,4991928.831,VIA GIORGIO PALLAVICINO 35
3085,EP,,Somministrazione,somministrazione,21,1399949.688,4988827.192,STRADA DI PECETTO 123
3086,EP,,Somministrazione,somministrazione,1,1395572.648,4992075.259,CORSO PALESTRO 3 bis/B
3087,EP,,DIA di somministrazione,somministrazione,1,1395571.178,4992072.431,CORSO PALESTRO 3 bis
3088,EP,,Somministrazione,somministrazione,1,1395557.376,4992104.416,CORSO PALESTRO 6/D
3089,EP,,Somministrazione,somministrazione,1,1395478.593,4991896.3,CORSO PALESTRO 15/F
3090,EP,,Somministrazione,somministrazione,1,1395456.909,4991914.47,CORSO PALESTRO 22/F
3091,EP,,DIA di somministrazione,somministrazione,7,1397334.168,4992813.469,VIA CARLO PEDROTTI 5
3092,EP,,DIA di somministrazione,somministrazione,20,1399769.717,4994660.86,STRADA DEL PASCOLO 33
3093,EP,,Somministrazione,somministrazione,18,1397017.377,4994196.714,VIA PIER LUIGI PALESTRINA 29/C
3094,EP,,Somministrazione,somministrazione,22,1396625.741,4987043.031,VIA ALLA PARROCCHIA 2
3095,EP,,Somministrazione,somministrazione,22,1396623.715,4987027.892,VIA ALLA PARROCCHIA 7
3096,EP,,DIA di somministrazione,somministrazione,7,1397154.196,4992523.7,VIA PARMA 29/B
3097,EP,,Somministrazione,somministrazione,18,1397203.993,4993888.196,CORSO PALERMO 125/D
3098,EP,,Somministrazione,somministrazione,18,1397221.699,4993851.954,CORSO PALERMO 126/C
3099,EP,,DIA di somministrazione,somministrazione,18,1397223.597,4993879.694,CORSO PALERMO 128
3100,EP,,DIA di somministrazione,somministrazione,18,1397179.475,4994133.891,VIA PIER LUIGI PALESTRINA 4
3101,EP,,Somministrazione,somministrazione,7,1397184.282,4992593.935,VIA PERUGIA 19/D
3102,EP,,DIA di somministrazione,somministrazione,7,1397266.01788399,4992645.26894323,VIA PERUGIA 29
3103,EP,,Somministrazione,somministrazione,7,1397266.01788399,4992645.26894323,VIA PERUGIA 29
3104,EP,,Somministrazione,somministrazione,23,1392178.485,4985851.694,VIA CESARE PAVESE 5/C
3105,EP,,Somministrazione,somministrazione,7,1397162.646,4992488.453,VIA PARMA 30/C
3106,EP,,Somministrazione,somministrazione,7,1397374.772,4992152.157,VIA PARMA 60/E
3107,EP,,DIA di somministrazione,somministrazione,18,1397202.59041963,4993550.17865415,CORSO PALERMO 100/C
3108,EP,,DIA di somministrazione,somministrazione,1,1395574.235,4991985.137,VIA ETTORE PERRONE 8
3109,EP,,Somministrazione,somministrazione,1,1395806.645,4991097.992,VIA GIUSEPPE PARINI 14/B
3110,EP,,Somministrazione,somministrazione,18,1396928.879,4994240.482,VIA PIER LUIGI PALESTRINA 37/C
3111,EP,,Somministrazione,somministrazione,12,1392323.405,4988082.793,VIA PUBLIO ELVIO PERTINACE 19/B
3112,EP,,Somministrazione,somministrazione,3,1395281.213,4990487.344,VIA PASTRENGO 19/A
3113,EP,,Somministrazione,somministrazione,19,1397723.959,4995325.201,VIA FEDERICO PATETTA 24/C
3114,EP,,Somministrazione,somministrazione,13,1392238.147,4991848.349,CORSO PESCHIERA 295/D
3115,EP,,Somministrazione,somministrazione,13,1392341.469,4991840.266,CORSO PESCHIERA 308/B
3116,EP,,Somministrazione,somministrazione,5,1393424.063,4991285.698,VIA PERRERO 22/B
3117,EP,,Somministrazione,somministrazione,14,1392787.18958333,4992822.51875,VIA PASSO DEL BRENNERO 2/E
3118,EP,,DIA di somministrazione,somministrazione,14,1391291.854,4993123.904,VIA MARIO E PIER LUIGI PASSONI 9
3119,EP,,DIA di somministrazione,somministrazione,15,1393370.472,4995220.173,VIA PARENZO 95 int. 60
3120,EP,,Somministrazione,somministrazione,13,1392832.866,4991561.692,CORSO PESCHIERA 252 bis/A
3121,EP,,DIA di somministrazione,somministrazione,1,1395623.187,4992052.927,VIA ETTORE PERRONE 3 bis
3122,EP,,Somministrazione,somministrazione,13,1392661.862,4991658.842,CORSO PESCHIERA 270/C
3123,EP,,Somministrazione,somministrazione,5,1393447.21,4991212.985,CORSO PESCHIERA 198/B
3124,EP,,Somministrazione,somministrazione,5,1393627.449,4991111.969,VIA PEROSA 74/I
3125,EP,,Somministrazione,somministrazione,10,1393917.49,4987866.388,VIA PASQUALE PAOLI 38/B
3126,EP,,Somministrazione,somministrazione,5,1393404.205,4991237.647,CORSO PESCHIERA 204/B
3127,EP,,Somministrazione,somministrazione,4,1393123.509,4991339.711,CORSO PESCHIERA 205/A
3128,EP,,Somministrazione,somministrazione,4,1393006.724,4991411.183,CORSO PESCHIERA 217/G
3129,EP,,Somministrazione,somministrazione,20,1398701.142,4994164.585,VIA GIAMBATTISTA PERGOLESI 145/D
3130,EP,,DIA di somministrazione,somministrazione,9,1394537.493,4986324.484,VIA PASSO BUOLE 17 int. 2
3131,EP,,DIA di somministrazione,somministrazione,9,1394440.105,4986349.172,VIA PASSO BUOLE 29
3132,EP,,DIA di somministrazione,somministrazione,10,1394218.028,4986411.024,VIA PASSO BUOLE 45
3133,EP,,Somministrazione,somministrazione,10,1393891.104,4987810.497,VIA PASQUALE PAOLI 46/D
3134,EP,,DIA di somministrazione,somministrazione,10,1393788.619,4987558.283,VIA PASQUALE PAOLI 75
3135,EP,,Somministrazione,somministrazione,5,1393907.02,4990953.034,CORSO PESCHIERA 156
3136,EP,,Somministrazione,somministrazione,4,1393813.006,4990955.084,CORSO PESCHIERA 161/B
3137,EP,,Somministrazione,somministrazione,4,1393765.933,4990981.975,CORSO PESCHIERA 165/B
3138,EP,,Somministrazione,somministrazione,5,1393797.712,4991014.557,CORSO PESCHIERA 166
3139,EP,,Somministrazione,somministrazione,5,1394099.902,4991923.468,VIA FEDERICO PAOLINI 8/F
3140,EP,,DIA di somministrazione,somministrazione,5,1394511.446,4991818.449,VIA PIETRO PALMIERI 58
3141,EP,,Somministrazione,somministrazione,5,1394533.108,4991833.859,VIA PIETRO PALMIERI 61
3142,EP,,Somministrazione,somministrazione,4,1393547.152,4991106.128,CORSO PESCHIERA 177/C
3143,EP,,Somministrazione,somministrazione,20,1398132.82,4994488.075,VIA GIAMBATTISTA PERGOLESI 74/E
3144,EP,,Somministrazione,somministrazione,1,1395394.344,4992220.482,VIA GIUSEPPE LUIGI PASSALACQUA 2/A
3145,EP,,Somministrazione,somministrazione,1,1395381.054,4992194.802,VIA GIUSEPPE LUIGI PASSALACQUA 2/F
3146,EP,,Somministrazione,somministrazione,1,1395372.142,4992177.409,VIA GIUSEPPE LUIGI PASSALACQUA 4/A
3147,EP,,Somministrazione,somministrazione,2,1396371.849,4990193.188,VIA SILVIO PELLICO 18/F
3148,EP,,Somministrazione,somministrazione,1,1397405.19,4991093.866,VIA MATTEO PESCATORE 9/D
3149,EP,,Somministrazione,somministrazione,20,1397676.673,4994807.807,VIA GIAMBATTISTA PERGOLESI 5/D
3150,EP,,Somministrazione,somministrazione,5,1393366.311,4991570.654,VIA PELLICE 12/A
3151,EP,,Somministrazione,somministrazione,5,1394576.167,4991943.221,VIA PIETRO PALMIERI 52/A
3152,EP,,Somministrazione,somministrazione,2,1396146.87409034,4990325.567581,VIA SILVIO PELLICO 1
3153,EP,,Somministrazione,somministrazione,2,1396150.388,4990310.867,VIA SILVIO PELLICO 2/F
3154,EP,,Somministrazione,somministrazione,2,1396164.876,4990302.675,VIA SILVIO PELLICO 2 bis/A
3155,EP,,Somministrazione,somministrazione,2,1396174.337,4990297.67,VIA SILVIO PELLICO 2 bis
3156,EP,,DIA di somministrazione,somministrazione,2,1396186.727,4990291.115,VIA SILVIO PELLICO 4/A
3157,EP,,Somministrazione,somministrazione,1,1395980.852,4992023.388,VIA DELLE ORFANE 2
3158,EP,,Somministrazione,somministrazione,1,1395997.76,4992068.978,VIA DELLE ORFANE 5/C
3159,EP,,Somministrazione,somministrazione,1,1396088.697,4992246.062,VIA DELLE ORFANE 17
3160,EP,,Somministrazione ai soci,somministrazione,1,1396088.697,4992246.062,VIA DELLE ORFANE 17
3161,EP,,DIA di somministrazione,somministrazione,7,1397384.645,4992881.259,VIA PADOVA 40
3162,EP,,Somministrazione,somministrazione,1,1396103.782,4992274.232,VIA DELLE ORFANE 19/G
3163,EP,,DIA di somministrazione,somministrazione,10,1393585.02,4987250.826,VIA PIER DOMENICO OLIVERO 32/A
3164,EP,,Somministrazione,somministrazione,10,1393666.51657097,4987212.21422913,VIA PIER DOMENICO OLIVERO 40
3165,EP,,DIA di somministrazione,somministrazione,8,1399050.721,4991803.662,VIA OROPA 68/A
3166,EP,,Somministrazione,somministrazione,4,1394096.175,4989675.499,LARGO ORBASSANO 66
3167,EP,,Somministrazione,somministrazione,8,1399063.192,4991806.169,VIA OROPA 68/E
3168,EP,,DIA di somministrazione,somministrazione,8,1398668.779,4991726.842,VIA OROPA 40
3169,EP,,DIA di somministrazione,somministrazione,18,1397466.378,4993168.505,CORSO NOVARA 59
3170,EP,,DIA di somministrazione,somministrazione,18,1397491.998,4993126.829,CORSO NOVARA 65
3171,EP,,Somministrazione,somministrazione,18,1397589.132,4992969.115,CORSO NOVARA 79/D
3172,EP,,Somministrazione,somministrazione,18,1397595.383,4992958.975,CORSO NOVARA 81/C
3173,EP,,Somministrazione,somministrazione,18,1397638.831,4992888.489,CORSO NOVARA 93/B
3174,EP,,DIA di somministrazione,somministrazione,7,1397502.84919799,4993011.16863569,CORSO NOVARA 96
3175,EP,,Somministrazione,somministrazione,7,1397525.0,4992975.269,CORSO NOVARA 98/C
3176,EP,,Somministrazione,somministrazione,4,1394099.44,4989745.195,LARGO ORBASSANO 60/G
3177,EP,,Somministrazione,somministrazione,12,1392146.001,4988102.903,CORSO ORBASSANO 299/B
3178,EP,,Somministrazione,somministrazione,12,1391608.325,4987813.138,CORSO ORBASSANO 336
3179,EP,,DIA di somministrazione,somministrazione,20,1400320.377,4995616.994,VIA OCCIMIANO 17/A
3180,EP,,Somministrazione,somministrazione,7,1397609.82851781,4992776.42753384,CORSO NOVARA 116/C
3181,EP,,DIA di somministrazione,somministrazione,14,1392024.651,4992570.906,VIA GIACINTO PACCHIOTTI 80
3182,EP,,Somministrazione,somministrazione,8,1398424.696,4991693.156,VIA OROPA 9/D
3183,EP,,Somministrazione,somministrazione,12,1391535.994,4987766.641,CORSO ORBASSANO 350/B
3184,EP,,Somministrazione,somministrazione,12,1391533.349,4987765.041,CORSO ORBASSANO 350
3185,EP,,DIA di somministrazione,somministrazione,23,1391371.283,4987608.589,CORSO ORBASSANO 367
3186,EP,,Somministrazione,somministrazione,12,1391407.015625,4987729.63229167,CORSO ORBASSANO 370/A
3187,EP,,Somministrazione,somministrazione,12,1391360.95,4987701.72291667,CORSO ORBASSANO 376/B
3188,EP,,Somministrazione,somministrazione,2,1395715.368,4988625.975,VIA ORMEA 147/C
3189,EP,,Somministrazione,somministrazione,12,1391962.845,4988039.858,CORSO ORBASSANO 280/C
3190,EP,,Somministrazione,somministrazione,12,1391950.52,4988031.555,CORSO ORBASSANO 282/C
3191,EP,,Somministrazione,somministrazione,12,1391911.073,4988009.697,CORSO ORBASSANO 288/B
3192,EP,,DIA di somministrazione,somministrazione,22,1397896.361,4990945.299,VIA LUIGI ORNATO 4
3193,EP,,Somministrazione,somministrazione,2,1395917.58,4989215.177,VIA ORMEA 101
3194,EP,,DIA di somministrazione,somministrazione,2,1395889.38,4989161.92,VIA ORMEA 105/A
3195,EP,,Somministrazione,somministrazione,11,1392585.773,4988444.267,CORSO ORBASSANO 230/D
3196,EP,,Somministrazione,somministrazione,7,1397190.177,4993355.709,CORSO PALERMO 86/D
3197,EP,,Somministrazione,somministrazione,19,1397631.918,4995544.388,VIA NINO OXILIA 38
3198,EP,,Somministrazione,somministrazione,11,1392497.278,4988386.286,CORSO ORBASSANO 244/D
3199,EP,,Somministrazione,somministrazione,11,1393052.883,4988723.955,CORSO ORBASSANO 199/A
3200,EP,,Somministrazione,somministrazione,11,1393026.245,4988703.934,CORSO ORBASSANO 199/G
3201,EP,,Somministrazione,somministrazione,2,1396095.843,4989546.296,VIA ORMEA 71/A
3202,EP,,Somministrazione,somministrazione,2,1396081.179,4989519.277,VIA ORMEA 73
3203,EP,,Somministrazione,somministrazione,11,1392869.574,4988590.509,CORSO ORBASSANO 215/H
3204,EP,,Somministrazione,somministrazione,11,1392878.395,4988596.576,CORSO ORBASSANO 215
3205,EP,,Somministrazione,somministrazione,11,1392689.331,4988522.735,CORSO ORBASSANO 216/A
3206,EP,,Somministrazione,somministrazione,11,1392647.343,4988490.849,CORSO ORBASSANO 222
3207,EP,,DIA di somministrazione,somministrazione,1,1396204.666,4991937.601,PIAZZA PALAZZO DI CITTA' 1
3208,EP,,Somministrazione,somministrazione,1,1396265.527,4991936.743,PIAZZA PALAZZO DI CITTA' 7/C
3209,EP,,Somministrazione,somministrazione,1,1396022.624,4990959.58,PIAZZA PIETRO PALEOCAPA 2/D
3210,EP,,Somministrazione,somministrazione,1,1396025.051,4990958.277,PIAZZA PIETRO PALEOCAPA 2
3211,EP,,DIA di somministrazione,somministrazione,11,1392500.064,4988555.567,CORSO ORBASSANO 224 int. 26
3212,EP,,Somministrazione,somministrazione,11,1393181.437,4988820.513,CORSO ORBASSANO 169/E
3213,EP,,Somministrazione,somministrazione,11,1393132.836,4988784.047,CORSO ORBASSANO 179/E
3214,EP,,Somministrazione,somministrazione,7,1397134.634,4992483.946,CORSO PALERMO 12/B
3215,EP,,Somministrazione,somministrazione,7,1397136.191,4992508.33,CORSO PALERMO 14/C
3216,EP,,DIA di somministrazione,somministrazione,11,1392981.084,4989840.976,VIA OSOPPO 3
3217,EP,,Somministrazione,somministrazione,2,1396343.648,4990006.923,VIA ORMEA 29 bis/C
3218,EP,,Somministrazione,somministrazione,2,1396343.754,4990031.793,VIA ORMEA 36/A
3219,EP,,Somministrazione,somministrazione,11,1393772.17,4989357.194,CORSO ORBASSANO 98/F
3220,EP,,Somministrazione,somministrazione,11,1393679.578,4989273.252,CORSO ORBASSANO 114/B
3221,EP,,Somministrazione,somministrazione,1,1396461.691,4991824.698,VIA PALAZZO DI CITTA' 6/C
3222,EP,,Somministrazione,somministrazione,1,1396458.448,4991819.069,VIA PALAZZO DI CITTA' 7
3223,EP,,Somministrazione,somministrazione,2,1396582.145,4990449.587,VIA ORMEA 1/B
3224,EP,,DIA di somministrazione,somministrazione,2,1396553.939,4990422.37,VIA ORMEA 4
3225,EP,,Somministrazione,somministrazione,11,1393677.033,4989270.944,CORSO ORBASSANO 114
3226,EP,,Somministrazione,somministrazione,11,1393379.042,4989016.486,CORSO ORBASSANO 124 bis/A
3227,EP,,Somministrazione,somministrazione,11,1393256.63,4988947.198,CORSO ORBASSANO 136 bis/A
3228,EP,,DIA di somministrazione,somministrazione,11,1393256.63,4988947.198,CORSO ORBASSANO 136 bis/A
3229,EP,,DIA di somministrazione,somministrazione,11,1393330.3,4988936.554,CORSO ORBASSANO 155/A
3230,EP,,Somministrazione,somministrazione,11,1393277.023,4988872.01,CORSO ORBASSANO 159
3231,EP,,Somministrazione,somministrazione,18,1397712.338,4993817.934,VIA GIOVANNI PAISIELLO 17/E
3232,EP,,DIA di somministrazione,somministrazione,18,1397842.292,4993951.445,VIA GIOVANNI PAISIELLO 37
3233,EP,,Somministrazione,somministrazione,4,1393920.408,4990888.393,VIA OSASCO 1/B
3234,EP,,Somministrazione,somministrazione,4,1393872.95798536,4990736.87318749,VIA OSASCO 21/A
3235,EP,,Somministrazione,somministrazione,1,1396103.678,4992254.584,VIA DELLE ORFANE 24
3236,EP,,Somministrazione,somministrazione,1,1396110.613,4992271.267,VIA DELLE ORFANE 26/C
3237,EP,,DIA di somministrazione,somministrazione,11,1393975.606,4989541.445,CORSO ORBASSANO 74
3238,EP,,DIA di somministrazione,somministrazione,18,1397874.341,4993955.912,VIA GIOVANNI PAISIELLO 54/A
3239,EP,,Somministrazione,somministrazione,4,1393840.724,4990679.173,VIA OSASCO 30/A
3240,EP,,Somministrazione,somministrazione,4,1393804.983,4990515.249,VIA OSASCO 55/A
3241,EP,,Somministrazione,somministrazione,11,1393845.343,4989423.232,CORSO ORBASSANO 92/F
3242,EP,,Somministrazione,somministrazione,11,1393820.444,4989402.099,CORSO ORBASSANO 94/I
3243,EP,,DIA di somministrazione,somministrazione,2,1395729.592,4989233.102,VIA VINCENZO MONTI 12/I
3244,EP,,Somministrazione,somministrazione,9,1394705.574,4986222.588,VIA NIZZA 365/B
3245,EP,,Somministrazione,somministrazione,9,1394681.799,4986141.081,VIA NIZZA 373
3246,EP,,DIA di somministrazione,somministrazione,11,1392987.281,4989665.538,VIA ADA NEGRI 23
3247,EP,,Somministrazione,somministrazione,11,1392944.863,4989705.444,VIA ADA NEGRI 28/A
3248,EP,,Somministrazione,somministrazione,9,1394607.783,4985962.584,VIA NIZZA 378
3249,EP,,Somministrazione,somministrazione,9,1394654.595,4986047.73,VIA NIZZA 381
3250,EP,,Somministrazione,somministrazione,9,1394769.161,4986440.817,VIA NIZZA 343/C
3251,EP,,DIA di somministrazione,somministrazione,23,1390641.3734375,4986228.159375,VIA CELESTE NEGARVILLE 8 int. 28
3252,EP,,Somministrazione,somministrazione,23,1390617.41885043,4986233.86387595,VIA CELESTE NEGARVILLE 8 int. 38
3253,EP,,DIA di somministrazione,somministrazione,23,1390609.66938608,4986238.29264563,VIA CELESTE NEGARVILLE 8 int. 42
3254,EP,,DIA di somministrazione,somministrazione,23,1390676.65,4986156.021,VIA CELESTE NEGARVILLE 14
3255,EP,,DIA di somministrazione,somministrazione,23,1390618.737,4985965.775,VIA CELESTE NEGARVILLE 25/A
3256,EP,,Somministrazione,somministrazione,23,1390559.266,4985848.212,VIA CELESTE NEGARVILLE 37/I
3257,EP,,DIA di somministrazione,somministrazione,10,1394294.03,4987741.865,VIA MONTEVIDEO 45
3258,EP,,Somministrazione,somministrazione,9,1394693.634,4986256.72,VIA NIZZA 352 bis
3259,EP,,Somministrazione,somministrazione,9,1394719.663,4986270.931,VIA NIZZA 359/B
3260,EP,,Somministrazione,somministrazione,9,1394713.042,4986248.203,VIA NIZZA 361/D
3261,EP,,DIA di somministrazione,somministrazione,9,1395034.243,4987437.641,VIA NIZZA 250
3262,EP,,Somministrazione,somministrazione,9,1395111.446,4987614.291,VIA NIZZA 253/F
3263,EP,,Somministrazione,somministrazione,2,1396085.999,4990652.714,VIA NIZZA 3/H
3264,EP,,Somministrazione,somministrazione,2,1396069.849,4990623.071,VIA NIZZA 5
3265,EP,,DIA di somministrazione,somministrazione,10,1393960.908,4987899.033,VIA MONTEVIDEO 11
3266,EP,,Somministrazione,somministrazione,10,1393971.16,4987871.68,VIA MONTEVIDEO 12/A
3267,EP,,Somministrazione,somministrazione,9,1395008.492,4987350.671,VIA NIZZA 262
3268,EP,,DIA di somministrazione,somministrazione,9,1395008.492,4987350.671,VIA NIZZA 262
3269,EP,,Somministrazione,somministrazione,9,1394816.754,4986549.756,VIA NIZZA 331
3270,EP,,Somministrazione,somministrazione,9,1394751.106,4986453.8100000005,VIA NIZZA 340/A
3271,EP,,DIA di somministrazione,somministrazione,17,1396175.736,4995187.397,VIA COSTANTINO NIGRA 48
3272,EP,,Somministrazione,somministrazione,15,1392783.607,4995264.753,VIALE DEI MUGHETTI 1/E
3273,EP,,Somministrazione,somministrazione,3,1395608.495,4990556.267,VIA RODOLFO MONTEVECCHIO 10/B
3274,EP,,Somministrazione,somministrazione,9,1395233.041,4988030.946,VIA NIZZA 211/E
3275,EP,,Somministrazione,somministrazione,9,1395152.805,4987830.408,VIA NIZZA 216
3276,EP,,Somministrazione,somministrazione,9,1395132.267,4987760.345,VIA NIZZA 220/I
3277,EP,,Somministrazione,somministrazione,9,1395200.326,4987919.412,VIA NIZZA 223
3278,EP,,DIA di somministrazione,somministrazione,14,1391267.696,4993027.577,VIA G.B. NICCOLINI 22
3279,EP,,Somministrazione,somministrazione,15,1392629.509,4995322.722,VIALE DEI MUGHETTI 5 bis/E
3280,EP,,Somministrazione,somministrazione,9,1395146.273,4987733.632,VIA NIZZA 239/E
3281,EP,,Somministrazione,somministrazione,9,1395350.942,4988381.382,VIA NIZZA 179/B
3282,EP,,DIA di somministrazione,somministrazione,23,1390385.641,4986032.891,VIA CELESTE NEGARVILLE 30 int. 6
3283,EP,,Somministrazione,somministrazione,17,1396002.132,4995116.57,VIA GAETANO MOSCA 10/C
3284,EP,,DIA di somministrazione,somministrazione,18,1397636.89,4992983.802,VIA MOTTALCIATA 7/B
3285,EP,,Somministrazione,somministrazione,10,1394010.983,4987852.631,VIA MONTEVIDEO 16
3286,EP,,Somministrazione,somministrazione,10,1394038.88,4987839.287,VIA MONTEVIDEO 20/A
3287,EP,,Somministrazione,somministrazione,10,1394058.882,4987825.066,VIA MONTEVIDEO 20
3288,EP,,Somministrazione,somministrazione,3,1395604.23,4990544.99,VIA RODOLFO MONTEVECCHIO 9/A
3289,EP,,Somministrazione,somministrazione,9,1395341.935,4988350.214,VIA NIZZA 183/A
3290,EP,,Somministrazione,somministrazione,9,1395326.403,4988297.443,VIA NIZZA 187/B
3291,EP,,Somministrazione,somministrazione,9,1395322.373,4988283.598,VIA NIZZA 187/E
3292,EP,,Somministrazione,somministrazione,9,1395274.29479167,4988174.29375,VIA NIZZA 197/A
3293,EP,,Somministrazione,somministrazione,18,1396996.667,4993593.659,CORSO NOVARA 13/G
3294,EP,,DIA di somministrazione,somministrazione,18,1397042.816,4993559.713,CORSO NOVARA 17
3295,EP,,Somministrazione,somministrazione,7,1397023.792,4993508.904,CORSO NOVARA 20/D
3296,EP,,Somministrazione,somministrazione,18,1397151.419,4993472.534,CORSO NOVARA 25/C
3297,EP,,Somministrazione,somministrazione,2,1395551.662,4989122.818,VIA NIZZA 119
3298,EP,,Somministrazione,somministrazione,2,1395550.514,4989118.89,VIA NIZZA 121/A
3299,EP,,Somministrazione,somministrazione,7,1396481.854,4993045.166,LUNGO DORA NAPOLI 20/B
3300,EP,,DIA di somministrazione,somministrazione,7,1396445.705,4993079.19,LUNGO DORA NAPOLI 24
3301,EP,,DIA di somministrazione,somministrazione,22,1398023.456,4989427.57,STRADA DEL MOROZZO 14 int. 57
3302,EP,,DIA di somministrazione,somministrazione,17,1395865.959375,4993829.80104167,CORSO MORTARA 4
3303,EP,,DIA di somministrazione,somministrazione,7,1397073.413,4993469.382,CORSO NOVARA 26
3304,EP,,Somministrazione,somministrazione,9,1395307.909,4988361.944,VIA NIZZA 142/C
3305,EP,,DIA di somministrazione,somministrazione,9,1395273.341,4988264.095,VIA NIZZA 150
3306,EP,,Somministrazione,somministrazione,2,1395640.467,4989424.7,VIA NIZZA 87/A
3307,EP,,Somministrazione,somministrazione,2,1395638.775,4989419.004,VIA NIZZA 87
3308,EP,,Somministrazione,somministrazione,2,1395626.848,4989378.845,VIA NIZZA 91
3309,EP,,Somministrazione,somministrazione,7,1396188.398,4993321.689,LUNGO DORA NAPOLI 50
3310,EP,,Somministrazione,somministrazione,8,1397936.56669408,4991444.94676926,VIA GIOVANNI FRANCESCO NAPIONE 34/E
3311,EP,,Somministrazione,somministrazione,8,1397945.723,4991454.601,VIA GIOVANNI FRANCESCO NAPIONE 36
3312,EP,,Somministrazione,somministrazione,3,1394832.896,4991320.314,VIA FRANCESCO MOROSINI 7
3313,EP,,Somministrazione,somministrazione,3,1394797.813,4991278.535,VIA FRANCESCO MOROSINI 12/B
3314,EP,,DIA di somministrazione,somministrazione,7,1396801.149,4993626.744,CORSO NOVARA 2
3315,EP,,Somministrazione,somministrazione,2,1395421.284,4988750.505,VIA NIZZA 104/A
3316,EP,,Somministrazione,somministrazione,2,1395593.903,4989267.809,VIA NIZZA 105/B
3317,EP,,Somministrazione,somministrazione,2,1395589.452,4989252.501,VIA NIZZA 105/G
3318,EP,,DIA di somministrazione,somministrazione,2,1395583.936,4989233.643,VIA NIZZA 107
3319,EP,,Somministrazione,somministrazione,8,1397959.238,4991486.39,VIA GIOVANNI FRANCESCO NAPIONE 45/F
3320,EP,,Somministrazione,somministrazione,2,1395559.675,4989224.921,VIA NIZZA 60/D
3321,EP,,Somministrazione,somministrazione,2,1395543.853,4989170.755,VIA NIZZA 62/F
3322,EP,,Somministrazione,somministrazione,2,1395728.043,4989715.887,VIA NIZZA 65/D
3323,EP,,Somministrazione,somministrazione,2,1395725.62,4989707.576,VIA NIZZA 67/B
3324,EP,,Somministrazione,somministrazione,8,1397862.395,4991366.592,VIA GIOVANNI FRANCESCO NAPIONE 26/B
3325,EP,,Somministrazione,somministrazione,2,1395703.439,4989631.82,VIA NIZZA 71
3326,EP,,Somministrazione,somministrazione,2,1395889.598,4990231.118,VIA NIZZA 33
3327,EP,,Somministrazione,somministrazione,2,1395829.514,4990061.74,VIA NIZZA 37/C
3328,EP,,Somministrazione,somministrazione,8,1397875.16628587,4991380.11824389,VIA GIOVANNI FRANCESCO NAPIONE 28
3329,EP,,Somministrazione,somministrazione,6,1394056.543,4992849.585,VIA MUSINE' 5
3330,EP,,Somministrazione,somministrazione,5,1393550.792,4991677.014,VIA MORETTA 74
3331,EP,,Somministrazione,somministrazione,2,1395954.312,4989829.623,VIA ODDINO MORGARI 14
3332,EP,,Somministrazione,somministrazione,2,1395977.404,4989849.577,VIA ODDINO MORGARI 16/A
3333,EP,,Somministrazione,somministrazione,6,1394331.076,4994006.761,VIA NOLE 61/B
3334,EP,,Somministrazione,somministrazione,2,1395822.407,4990038.494,VIA NIZZA 39
3335,EP,,DIA di somministrazione,somministrazione,2,1395830.621,4990164.292,VIA NIZZA 20
3336,EP,,Somministrazione,somministrazione,2,1395941.947,4990396.035,VIA NIZZA 23
3337,EP,,Somministrazione,somministrazione,2,1395932.662,4990376.382,VIA NIZZA 25/B
3338,EP,,Somministrazione,somministrazione,2,1395910.346,4990301.107,VIA NIZZA 29/D
3339,EP,,DIA di somministrazione,somministrazione,14,1393262.656,4992970.614,STRADA MURRONI 11
3340,EP,,DIA di somministrazione,somministrazione,9,1394623.809,4985856.471,VIA NIZZA 395
3341,EP,,Somministrazione,somministrazione,2,1395905.035,4990283.192,VIA NIZZA 29/I
3342,EP,,Somministrazione,somministrazione,2,1395908.568,4990295.108,VIA NIZZA 29
3343,EP,,Somministrazione,somministrazione,4,1393763.659,4990843.774,VIA MURIAGLIO 1/A
3344,EP,,Somministrazione,somministrazione,2,1395699.783,4989525.022,PIAZZA NIZZA 79/A
3345,EP,,Somministrazione,somministrazione,2,1395688.731,4989487.154,PIAZZA NIZZA 83/A
3346,EP,,DIA di somministrazione,somministrazione,12,1391562.542,4988806.243,VIA FRANCESCO SAVERIO NITTI 8/A
3347,EP,,Somministrazione,somministrazione,22,1397687.056,4990796.919,VIA MONFERRATO 6
3348,EP,,Somministrazione,somministrazione,22,1397720.067,4990826.694,VIA MONFERRATO 14/A
3349,EP,,Somministrazione,somministrazione,22,1397734.33,4990839.578,VIA MONFERRATO 14/E
3350,EP,,Somministrazione,somministrazione,21,1400310.773,4992502.386,STRADA MONGRENO 4/C
3351,EP,,Somministrazione,somministrazione,22,1397757.503,4990860.511,VIA MONFERRATO 18/D
3352,EP,,Somministrazione,somministrazione,11,1392679.818,4989655.941,VIA MONFALCONE 118/D
3353,EP,,DIA di somministrazione,somministrazione,18,1397643.259,4994470.317,VIA MONTE ROSA 133 bis
3354,EP,,Somministrazione,somministrazione,18,1397657.038,4994498.681,VIA MONTE ROSA 139
3355,EP,,DIA di somministrazione,somministrazione,20,1397836.925,4994873.456,VIA MONTE ROSA 165
3356,EP,,Somministrazione,somministrazione,13,1392547.129,4992030.784,CORSO MONTE CUCCO 22/B
3357,EP,,Somministrazione,somministrazione,13,1392531.681,4991983.106,CORSO MONTE CUCCO 26/A
3358,EP,,Somministrazione,somministrazione,21,1400370.839,4992583.781,STRADA MONGRENO 16/B
3359,EP,,Somministrazione,somministrazione,18,1397446.705,4994069.759,VIA MONTE ROSA 81/E
3360,EP,,DIA di somministrazione,somministrazione,10,1393999.562,4986666.414,VIA MONTE CORNO 21
3361,EP,,DIA di somministrazione,somministrazione,11,1393232.064,4989377.101,VIA MONFALCONE 51
3362,EP,,Somministrazione,somministrazione,11,1393117.279,4989450.387,VIA MONFALCONE 60 bis/C
3363,EP,,Somministrazione,somministrazione,13,1392320.646,4990706.602,VIA MONTE CRISTALLO 2/B
3364,EP,,Somministrazione,somministrazione,13,1392630.951,4992157.735,CORSO MONTE CUCCO 3/C
3365,EP,,DIA di somministrazione,somministrazione,13,1391096.907,4991217.624,VIA MONGINEVRO 293
3366,EP,,Somministrazione,somministrazione,11,1393440.416,4989279.913,VIA MONFALCONE 21/B
3367,EP,,Somministrazione,somministrazione,18,1397319.478,4993745.909,VIA MONTE ROSA 44/B
3368,EP,,DIA di somministrazione,somministrazione,13,1391454.319,4991166.533,VIA MONGINEVRO 242 int. 15
3369,EP,,Somministrazione,somministrazione,7,1396416.741,4993154.291,VIA MONDOVI' 5
3370,EP,,Somministrazione,somministrazione,18,1397338.146,4993838.701,VIA MONTE ROSA 59/B
3371,EP,,Somministrazione,somministrazione,13,1391350.784,4991085.214,VIA MONGINEVRO 250 bis/A
3372,EP,,Somministrazione,somministrazione,13,1391330.559,4991088.263,VIA MONGINEVRO 252/C
3373,EP,,DIA di somministrazione,somministrazione,13,1391335.904,4991087.452,VIA MONGINEVRO 252
3374,EP,,Somministrazione,somministrazione,13,1391929.464,4991034.482,VIA MONGINEVRO 194/E
3375,EP,,Somministrazione,somministrazione,13,1391964.091,4991012.382,VIA MONGINEVRO 201/C
3376,EP,,Somministrazione,somministrazione,13,1391570.25,4991060.994,VIA MONGINEVRO 224/C
3377,EP,,Somministrazione,somministrazione,13,1392466.662,4991064.179,VIA MONGINEVRO 140/C
3378,EP,,DIA di somministrazione,somministrazione,13,1392014.445,4991489.352,VIA MONTE ORTIGARA 78
3379,EP,,Somministrazione,somministrazione,13,1392306.834,4991026.855,VIA MONGINEVRO 169 bis/C
3380,EP,,Somministrazione,somministrazione,23,1391409.991,4985650.607,VIA MONTEPONI 46/A
3381,EP,,Somministrazione,somministrazione,12,1392292.17,4988361.299,VIA MONTE NOVEGNO 11/A
3382,EP,,DIA di somministrazione,somministrazione,12,1392130.417,4988370.4,VIA MONTE NOVEGNO 31
3383,EP,,Somministrazione,somministrazione,4,1393136.206,4991024.558,VIA MONGINEVRO 93/F
3384,EP,,Somministrazione,somministrazione,18,1397384.604,4994218.188,VIA MONTANARO 66/C
3385,EP,,Somministrazione,somministrazione,4,1392842.657,4991035.015,VIA MONGINEVRO 115/D
3386,EP,,Somministrazione,somministrazione,13,1392534.723,4991055.943,VIA MONGINEVRO 132/A
3387,EP,,Somministrazione,somministrazione,4,1393376.192,4991022.01,VIA MONGINEVRO 71/D
3388,EP,,DIA di somministrazione,somministrazione,23,1391638.39332775,4985547.85575168,VIA MONTEPONI 16
3389,EP,,Somministrazione,somministrazione,14,1392869.095,4993009.741,CORSO MONTE GRAPPA 77/D
3390,EP,,Somministrazione,somministrazione,14,1392885.383,4992931.396,CORSO MONTE GRAPPA 88/A
3391,EP,,Somministrazione,somministrazione,14,1392908.459,4993001.502,CORSO MONTE GRAPPA 98/C
3392,EP,,Somministrazione,somministrazione,14,1392923.16,4993045.419,CORSO MONTE GRAPPA 102/B
3393,EP,,Somministrazione,somministrazione,14,1392925.751,4993053.525,CORSO MONTE GRAPPA 102/D
3394,EP,,Somministrazione,somministrazione,14,1392947.62,4993120.832,CORSO MONTE GRAPPA 110/D
3395,EP,,Somministrazione,somministrazione,11,1393160.408,4988187.127,PIAZZA CARLO MONTANARI 141/B
3396,EP,,Somministrazione,somministrazione,4,1393305.293,4991018.467,VIA MONGINEVRO 75/B
3397,EP,,Somministrazione,somministrazione,4,1393294.437,4991018.852,VIA MONGINEVRO 77/C
3398,EP,,Somministrazione,somministrazione,4,1393134.801,4991040.192,VIA MONGINEVRO 82/B
3399,EP,,Somministrazione,somministrazione,4,1393217.073,4991021.607,VIA MONGINEVRO 85/B
3400,EP,,Somministrazione,somministrazione,11,1394066.109,4989348.785,CORSO MONTE LUNGO 57/A
3401,EP,,Somministrazione,somministrazione,14,1392745.252,4992631.336,CORSO MONTE GRAPPA 33
3402,EP,,DIA di somministrazione,somministrazione,14,1392795.629,4992787.147,CORSO MONTE GRAPPA 53
3403,EP,,Somministrazione,somministrazione,4,1392948.935,4991046.261,VIA MONGINEVRO 92/C
3404,EP,,Somministrazione,somministrazione,4,1393549.667,4991058.356,VIA MONGINEVRO 46 bis/B
3405,EP,,Somministrazione,somministrazione,4,1393543.424,4991041.841,VIA MONGINEVRO 49/C
3406,EP,,Somministrazione,somministrazione,1,1397170.822,4991541.273,VIA MONTEBELLO 24
3407,EP,,Somministrazione,somministrazione,1,1397178.476,4991555.502,VIA MONTEBELLO 26/A
3408,EP,,Somministrazione,somministrazione,8,1397278.984375,4991779.36822916,LARGO MONTEBELLO 31/B
3409,EP,,DIA di somministrazione,somministrazione,14,1392835.8,4992780.872,CORSO MONTE GRAPPA 68
3410,EP,,Somministrazione,somministrazione,1,1396154.514,4991714.673,VIA MONTE DI PIETA' 17/C
3411,EP,,DIA di somministrazione,somministrazione,21,1400664.246,4992459.244,STRADA MONGRENO 53
3412,EP,,Somministrazione,somministrazione,4,1393414.913,4991041.779,VIA MONGINEVRO 58/A
3413,EP,,Somministrazione,somministrazione,4,1393322.169,4991032.995,VIA MONGINEVRO 64/E
3414,EP,,Somministrazione,somministrazione,4,1393398.055,4991024.498,VIA MONGINEVRO 69/C
3415,EP,,Somministrazione,somministrazione,5,1393955.445,4991092.999,VIA MONGINEVRO 15
3416,EP,,Somministrazione,somministrazione,8,1397332.938,4991784.946,LARGO MONTEBELLO 40/A
3417,EP,,Somministrazione,somministrazione,8,1397336.874,4991796.074,LARGO MONTEBELLO 40/E
3418,EP,,DIA di somministrazione,somministrazione,1,1395555.586,4991542.631,VIA RAIMONDO MONTECUCCOLI 1/F
3419,EP,,DIA di somministrazione,somministrazione,1,1395399.508,4991640.375,VIA RAIMONDO MONTECUCCOLI 12
3420,EP,,Somministrazione,somministrazione,1,1396080.076,4991756.242,VIA MONTE DI PIETA' 23/B
3421,EP,,Somministrazione,somministrazione,14,1392661.883,4992379.743,CORSO MONTE GRAPPA 7/B
3422,EP,,DIA di somministrazione,somministrazione,5,1393907.649,4991102.157,VIA MONGINEVRO 20/D
3423,EP,,Somministrazione,somministrazione,5,1393841.64,4991079.045,VIA MONGINEVRO 27/D
3424,EP,,Somministrazione,somministrazione,5,1393858.716,4991096.145,VIA MONGINEVRO 28/A
3425,EP,,Somministrazione,somministrazione,1,1397050.411,4991319.754,VIA MONTEBELLO 2/O
3426,EP,,Somministrazione,somministrazione,1,1397114.67,4991462.633,VIA MONTEBELLO 9/E
3427,EP,,Somministrazione,somministrazione,1,1397129.907,4991490.798,VIA MONTEBELLO 13/D
3428,EP,,Somministrazione,somministrazione,14,1392732.11,4992592.332,CORSO MONTE GRAPPA 29/E
3429,EP,,Somministrazione,somministrazione,5,1393788.327,4991087.496,VIA MONGINEVRO 38/A
3430,EP,,Somministrazione,somministrazione,22,1397765.326,4990881.906,VIA MONFERRATO 23/A
3431,EP,,Somministrazione,somministrazione,22,1397781.843,4990896.896,VIA MONFERRATO 23/F
3432,EP,,Somministrazione,somministrazione,1,1397191.486,4991604.958,VIA MONTEBELLO 21 bis/D
3433,EP,,Somministrazione,somministrazione,1,1397157.067,4991515.849,VIA MONTEBELLO 22/A
3434,EP,,Somministrazione,somministrazione,1,1397166.806,4991533.808,VIA MONTEBELLO 22/G
3435,EP,,Somministrazione,somministrazione,1,1396353.805,4991611.247,VIA MONTE DI PIETA' 5/D
3436,EP,,Somministrazione,somministrazione,1,1396210.889,4991686.153,VIA MONTE DI PIETA' 13/H
3437,EP,,Somministrazione,somministrazione,1,1396199.617,4991692.416,VIA MONTE DI PIETA' 15/B
3438,EP,,Somministrazione,somministrazione,21,1400616.797,4992460.913,STRADA MONGRENO 50
3439,EP,,DIA di somministrazione,somministrazione,8,1398260.879,4991991.331,VIA MONGRANDO 44/C
3440,EP,,Somministrazione,somministrazione,5,1394100.525,4991125.872,VIA MONGINEVRO 2/D
3441,EP,,Somministrazione,somministrazione,5,1394061.193,4991105.688,VIA MONGINEVRO 3/A
3442,EP,,Somministrazione,somministrazione,5,1394051.405,4991104.475,VIA MONGINEVRO 3/C
3443,EP,,Somministrazione,somministrazione,5,1394064.733,4991121.255,VIA MONGINEVRO 4/A
3444,EP,,Somministrazione,somministrazione,5,1394042.543,4991103.376,VIA MONGINEVRO 5/A
3445,EP,,Somministrazione,somministrazione,5,1394008.64131463,4991114.42215193,VIA MONGINEVRO 8/D
3446,EP,,Somministrazione,somministrazione,22,1396195.505,4988076.796,CORSO MONCALIERI 238
3447,EP,,Somministrazione,somministrazione,14,1392638.51,4992673.452,VIA MOGADISCIO 16/F
3448,EP,,DIA di somministrazione,somministrazione,19,1397156.292,4997571.638,STRADA DEL MOLINO DEL VILLARETTO 45
3449,EP,,Somministrazione,somministrazione,1,1396795.604,4990693.955,VIA DEI MILLE 32
3450,EP,,DIA di somministrazione,somministrazione,1,1396314.879,4992113.981,VIA MILANO 18
3451,EP,,Somministrazione,somministrazione,1,1396474.676,4990862.678,VIA DEI MILLE 10/A
3452,EP,,Somministrazione,somministrazione,22,1396436.869,4988609.399,CORSO MONCALIERI 190
3453,EP,,Somministrazione,somministrazione,1,1396257.08820886,4992027.68929129,VIA MILANO 7
3454,EP,,Somministrazione,somministrazione,1,1396299.007,4992117.855,VIA MILANO 11/B
3455,EP,,Somministrazione,somministrazione,22,1396357.904,4988458.602,CORSO MONCALIERI 204/C
3456,EP,,Somministrazione,somministrazione,22,1396370.414,4988439.399,CORSO MONCALIERI 205 bis/A
3457,EP,,DIA di somministrazione,somministrazione,22,1396358.208,4988416.13,CORSO MONCALIERI 207
3458,EP,,Somministrazione,somministrazione,22,1396322.16206491,4988390.33757234,CORSO MONCALIERI 212
3459,EP,,Somministrazione,somministrazione,22,1396295.065,4988338.844,CORSO MONCALIERI 216/C
3460,EP,,Somministrazione,somministrazione,7,1397450.105,4992198.69,VIA MODENA 47/F
3461,EP,,Somministrazione,somministrazione,7,1397499.182,4992120.895,VIA MODENA 55/A
3462,EP,,DIA di somministrazione,somministrazione,21,1400198.19,4992699.237,PIAZZA GUSTAVO MODENA 6/B
3463,EP,,Somministrazione,somministrazione,22,1398065.532,4991124.113,PARCO IGNAZIO MICHELOTTI 11/A
3464,EP,,DIA di somministrazione,somministrazione,22,1396752.639,4989555.909,CORSO MONCALIERI 88
3465,EP,,Somministrazione,somministrazione,1,1396073.30115492,4991621.46679698,VIA PIETRO MICCA 17/B
3466,EP,,Somministrazione,somministrazione,22,1396508.559,4988746.034,CORSO MONCALIERI 174
3467,EP,,DIA di somministrazione,somministrazione,22,1397282.442,4990380.861,CORSO MONCALIERI 17
3468,EP,,Somministrazione,somministrazione,22,1397255.045,4990342.873,CORSO MONCALIERI 19
3469,EP,,Somministrazione,somministrazione,22,1397165.033,4990262.441,CORSO MONCALIERI 22/A
3470,EP,,DIA di somministrazione,somministrazione,7,1397244.847,4992501.142,VIA MODENA 26
3471,EP,,DIA di somministrazione,somministrazione,6,1393615.349,4992629.47,VIA GIACOMO MEDICI 61
3472,EP,,Somministrazione,somministrazione,6,1393524.605,4992683.064,VIA GIACOMO MEDICI 71/A
3473,EP,,Somministrazione,somministrazione,14,1393330.868,4992727.322,VIA GIACOMO MEDICI 86
3474,EP,,Somministrazione,somministrazione,22,1397176.094,4990237.387,CORSO MONCALIERI 29
3475,EP,,DIA di somministrazione,somministrazione,22,1397029.465,4990005.105,CORSO MONCALIERI 52
3476,EP,,Somministrazione,somministrazione,1,1396367.722,4991680.736,VIA PIETRO MICCA 2/H
3477,EP,,Somministrazione,somministrazione,23,1393978.339,4985472.836,VIA MONASTIR 34
3478,EP,,Somministrazione,somministrazione,23,1391867.6183478,4985502.32214489,STRADA DI MIRAFIORI 8/D
3479,EP,,DIA di somministrazione,somministrazione,7,1397289.671,4992275.646,VIA MESSINA 14
3480,EP,,Somministrazione,somministrazione,22,1397529.951,4990712.744,CORSO MONCALIERI 1
3481,EP,,DIA di somministrazione,somministrazione,22,1397441.731,4990634.565,CORSO MONCALIERI 2
3482,EP,,Somministrazione,somministrazione,22,1397520.977,4990701.776,CORSO MONCALIERI 3/A
3483,EP,,DIA di somministrazione,somministrazione,1,1396157.136,4991696.876,VIA MERCANTI 16
3484,EP,,Somministrazione,somministrazione,6,1394005.633,4992957.346,PIAZZA MONCENISIO 7/D
3485,EP,,Somministrazione,somministrazione,22,1395783.408,4985766.333,CORSO MONCALIERI 506 int. 35
3486,EP,,Somministrazione,somministrazione,23,1394068.203,4985717.893,VIA MONASTIR 5/E
3487,EP,,Somministrazione,somministrazione,23,1394043.856,4985633.782,VIA MONASTIR 15/A
3488,EP,,DIA di somministrazione,somministrazione,23,1394082.51946939,4985599.2309383,VIA MONASTIR 17 int. 9
3489,EP,,Somministrazione,somministrazione,4,1393564.494,4990437.592,VIA FRANCESCO MILLIO 57/F
3490,EP,,Somministrazione,somministrazione,1,1395744.733,4991589.59,VIA LUIGI MERCANTINI 6/F
3491,EP,,DIA di somministrazione,somministrazione,7,1397187.865,4992228.204,VIA MESSINA 5/D
3492,EP,,Somministrazione,somministrazione,1,1396633.369,4990778.533,VIA DEI MILLE 20
3493,EP,,Somministrazione,somministrazione,1,1396842.719,4990682.363,VIA DEI MILLE 23/D
3494,EP,,Somministrazione,somministrazione,1,1396322.214,4992163.146,VIA MILANO 15/B
3495,EP,,Somministrazione,somministrazione,1,1396328.135,4992175.502,VIA MILANO 15/F
3496,EP,,Somministrazione,somministrazione,20,1397960.433,4994468.422,VIA SAVERIO MERCADANTE 98/A
3497,EP,,DIA di somministrazione,somministrazione,20,1397963.826,4994475.526,VIA SAVERIO MERCADANTE 98/C
3498,EP,,DIA di somministrazione,somministrazione,20,1398005.965,4994735.588,VIA SAVERIO MERCADANTE 133
3499,EP,,Somministrazione,somministrazione,1,1396240.361,4991836.912,VIA MERCANTI 1
3500,EP,,DIA di somministrazione,somministrazione,22,1395710.459,4986081.118,CORSO MONCALIERI 466 int. 16
3501,EP,,Somministrazione,somministrazione,22,1395863.063,4986148.339,CORSO MONCALIERI 466 bis/B
3502,EP,,Somministrazione,somministrazione,1,1396301.787,4992093.592,VIA MILANO 16/D
3503,EP,,Somministrazione,somministrazione,1,1396312.12,4992111.544,VIA MILANO 18/E
3504,EP,,Somministrazione,somministrazione,1,1396219.188,4991811.163,VIA MERCANTI 6/C
3505,EP,,Somministrazione,somministrazione,1,1396205.533,4991773.419,VIA MERCANTI 7/D
3506,EP,,Somministrazione,somministrazione,1,1396210.736,4991798.409,VIA MERCANTI 8/B
3507,EP,,Somministrazione,somministrazione,18,1397762.31,4994075.955,VIA SAVERIO MERCADANTE 50/C
3508,EP,,Somministrazione,somministrazione,18,1397773.081,4994121.907,VIA SAVERIO MERCADANTE 56/C
3509,EP,,Somministrazione,somministrazione,22,1395923.615,4985976.129,CORSO MONCALIERI 492
3510,EP,,Somministrazione,somministrazione,22,1395955.653,4985872.625,CORSO MONCALIERI 502/D
3511,EP,,DIA di somministrazione,somministrazione,22,1395684.698,4987031.555,CORSO MONCALIERI 346 int. 14
3512,EP,,Somministrazione,somministrazione,11,1393181.64,4989320.399,VIA MOMBASIGLIO 51/A
3513,EP,,Somministrazione,somministrazione,1,1396263.55337466,4992040.9222864,VIA MILANO 7/M
3514,EP,,Somministrazione,somministrazione,1,1396271.387,4992057.349,VIA MILANO 7/T
3515,EP,,Somministrazione,somministrazione,1,1396276.933,4992043.106,VIA MILANO 10/L
3516,EP,,DIA di somministrazione,somministrazione,21,1399689.621,4991587.866,VIALE SUOR GIOVANNA FRANCESCA MICHELOTTI 106/A
3517,EP,,DIA di somministrazione,somministrazione,18,1397838.856,4994184.365,VIA SAVERIO MERCADANTE 68 int. 8
3518,EP,,Somministrazione,somministrazione,18,1397882.412,4994352.185,VIA SAVERIO MERCADANTE 86/E
3519,EP,,Somministrazione,somministrazione,22,1395905.616,4986087.778,CORSO MONCALIERI 407/A
3520,EP,,Somministrazione,somministrazione,22,1395744.413,4986474.034,CORSO MONCALIERI 422/A
3521,EP,,DIA di somministrazione,somministrazione,6,1395298.094,4992629.17,VIA VINCENZO MARIA MIGLIETTI 3
3522,EP,,Somministrazione,somministrazione,22,1395964.888,4987386.269,CORSO MONCALIERI 306/A
3523,EP,,Somministrazione,somministrazione,9,1395041.829,4987058.656,VIA MILLEFONTI 9/B
3524,EP,,Somministrazione,somministrazione,22,1395902.191,4987204.079,CORSO MONCALIERI 322
3525,EP,,Somministrazione,somministrazione,22,1396152.27368184,4987884.72993349,CORSO MONCALIERI 261/B
3526,EP,,Somministrazione,somministrazione,13,1391515.832,4992153.827,VIA MOLLIERES 1
3527,EP,,Somministrazione,somministrazione,22,1396065.946,4987624.435,CORSO MONCALIERI 277/C
3528,EP,,Somministrazione,somministrazione,11,1393461.02,4989122.453,VIA MOMBARCARO 2/C
3529,EP,,Somministrazione,somministrazione,16,1395197.597,4995169.977,VIALE MADONNA DI CAMPAGNA 7/A
3530,EP,,Somministrazione,somministrazione,3,1395112.155,4989644.382,VIA FERDINANDO MAGELLANO 2/A
3531,EP,,Somministrazione,somministrazione,1,1396383.174,4991019.57,PIAZZETTA MADONNA DEGLI ANGELI 2
3532,EP,,DIA di somministrazione,somministrazione,1,1394998.759,4991576.816,CORSO GIACOMO MATTEOTTI 48
3533,EP,,Somministrazione,somministrazione,22,1397801.525,4990693.251,VIA MARTIRI DELLA LIBERTA' 4 bis
3534,EP,,Somministrazione,somministrazione,22,1398012.56,4990902.735,VIA MARTIRI DELLA LIBERTA' 25
3535,EP,,Somministrazione,somministrazione,2,1395903.688,4990181.155,CORSO GUGLIELMO MARCONI 3
3536,EP,,Somministrazione,somministrazione,7,1397450.008,4992357.641,VIA MANTOVA 7
3537,EP,,Somministrazione,somministrazione,7,1397559.301,4992184.896,VIA MANTOVA 27/B
3538,EP,,Somministrazione,somministrazione,10,1393994.751,4987738.22,VIA MADONNA DELLE ROSE 34/A
3539,EP,,Somministrazione,somministrazione,10,1394063.81,4987726.092,VIA MADONNA DELLE ROSE 39
3540,EP,,Somministrazione,somministrazione,1,1394993.524,4991528.103,CORSO GIACOMO MATTEOTTI 59/A
3541,EP,,Somministrazione,somministrazione,1,1395997.53,4991026.59,CORSO GIACOMO MATTEOTTI 1/G
3542,EP,,DIA di somministrazione,somministrazione,7,1397589.247,4992114.874,VIA MANTOVA 38
3543,EP,,Somministrazione,somministrazione,1,1395501.439,4992177.432,VIA ALESSANDRO MANZONI 0/F
3544,EP,,Somministrazione,somministrazione,20,1398782.772,4993833.12,VIA MADDALENE 41/G
3545,EP,,Somministrazione,somministrazione,20,1398778.368,4993825.457,VIA MADDALENE 42/F
3546,EP,,DIA di somministrazione,somministrazione,20,1398793.252,4993824.146,VIA MADDALENE 42 bis/A
3547,EP,,Somministrazione,somministrazione,1,1395964.2,4991044.071,CORSO GIACOMO MATTEOTTI 3
3548,EP,,Somministrazione,somministrazione,1,1395935.279,4991059.247,CORSO GIACOMO MATTEOTTI 3 bis
3549,EP,,DIA di somministrazione,somministrazione,1,1395919.304,4991095.262,CORSO GIACOMO MATTEOTTI 6
3550,EP,,Somministrazione,somministrazione,1,1395862.591,4991124.866,CORSO GIACOMO MATTEOTTI 8/A
3551,EP,,Somministrazione,somministrazione,3,1395144.44,4989864.936,VIA ANDREA MASSENA 82/D
3552,EP,,DIA di somministrazione,somministrazione,8,1397323.271,4991589.055,VIA LORENZO MARTINI 6/B
3553,EP,,DIA di somministrazione,somministrazione,4,1393555.743,4990897.241,VIA MARTINIANA 6/A
3554,EP,,DIA di somministrazione,somministrazione,8,1398071.62,4991809.205,VIA DANIELE MANIN 17
3555,EP,,DIA di somministrazione,somministrazione,8,1398172.085,4991857.463,VIA DANIELE MANIN 22/A
3556,EP,,Somministrazione,somministrazione,2,1396403.04,4990315.68,PIAZZA MADAMA CRISTINA 5
3557,EP,,DIA di somministrazione,somministrazione,7,1395602.001,4992785.032,VIA MASSERANO 4
3558,EP,,Somministrazione,somministrazione,13,1392064.388,4991905.19,VIA LUIGI FERDINANDO MARSIGLI 5/F
3559,EP,,Somministrazione,somministrazione,15,1394295.436,4995541.318,PIAZZA GIUSEPPE MANNO 26/B
3560,EP,,Somministrazione,somministrazione,2,1395649.481,4988905.401,VIA MADAMA CRISTINA 137
3561,EP,,Somministrazione,somministrazione,2,1395516.306,4988648.691,VIA MADAMA CRISTINA 163/A
3562,EP,,DIA di somministrazione,somministrazione,3,1395503.491,4990548.364,VIA ANDREA MASSENA 36
3563,EP,,Somministrazione,somministrazione,3,1395435.076,4990391.489,VIA ANDREA MASSENA 41/D
3564,EP,,Somministrazione,somministrazione,6,1394357.663,4993149.072,VIA MARTINETTO 4/B
3565,EP,,DIA di somministrazione,somministrazione,20,1398791.416,4993648.889,CORSO TERENZIO MAMIANI 1
3566,EP,,DIA di somministrazione,somministrazione,20,1398783.718,4993606.814,CORSO TERENZIO MAMIANI 5
3567,EP,,Somministrazione,somministrazione,2,1395882.251,4989354.797,VIA MADAMA CRISTINA 95
3568,EP,,DIA di somministrazione,somministrazione,2,1395676.658,4988996.578,VIA MADAMA CRISTINA 106
3569,EP,,Somministrazione,somministrazione,2,1395663.157,4988970.878,VIA MADAMA CRISTINA 110
3570,EP,,Somministrazione,somministrazione,2,1395797.828,4989191.916,VIA MADAMA CRISTINA 113/F
3571,EP,,Somministrazione,somministrazione,3,1395667.897,4990834.85,VIA ANDREA MASSENA 5
3572,EP,,Somministrazione,somministrazione,9,1394535.435,4985892.799,CORSO PIERO MARONCELLI 39
3573,EP,,Somministrazione,somministrazione,9,1394499.766,4985903.272,CORSO PIERO MARONCELLI 45
3574,EP,,Somministrazione,somministrazione,4,1393723.34,4989874.045,PIAZZA MARMOLADA 14/C
3575,EP,,DIA di somministrazione,somministrazione,4,1393544.104,4990402.219,VIA MALTA 33/A
3576,EP,,Somministrazione,somministrazione,4,1393472.798,4990217.514,VIA MALTA 34/C
3577,EP,,Somministrazione,somministrazione,2,1395754.329,4989092.486,VIA MADAMA CRISTINA 123/C
3578,EP,,DIA di somministrazione,somministrazione,2,1395748.38113894,4989071.92659819,VIA MADAMA CRISTINA 125
3579,EP,,Somministrazione,somministrazione,2,1395686.752,4988976.668,VIA MADAMA CRISTINA 129/F
3580,EP,,Somministrazione,somministrazione,3,1395627.439,4990782.68,VIA ANDREA MASSENA 14/A
3581,EP,,Somministrazione,somministrazione,3,1395561.03,4990657.286,VIA ANDREA MASSENA 24/H
3582,EP,,Somministrazione,somministrazione,2,1396005.348,4988877.881,VIA CARLO MAROCHETTI 7
3583,EP,,Somministrazione,somministrazione,6,1394506.263,4993221.182,VIA MEDAIL 42
3584,EP,,Somministrazione,somministrazione,13,1391441.066,4992151.683,PIAZZA MASSAUA 1
3585,EP,,Somministrazione,somministrazione,9,1394804.383,4985871.956,CORSO PIERO MARONCELLI 10
3586,EP,,Somministrazione,somministrazione,1,1396955.979,4991100.331,VIA MARIA VITTORIA 35/A
3587,EP,,Somministrazione,somministrazione,1,1397001.089,4991064.001,VIA MARIA VITTORIA 36/E
3588,EP,,Somministrazione,somministrazione,1,1397011.847,4991071.037,VIA MARIA VITTORIA 37/F
3589,EP,,DIA di somministrazione,somministrazione,13,1391405.551,4992112.214,PIAZZA MASSAUA 9
3590,EP,,DIA di somministrazione,somministrazione,13,1391300.374,4992135.036,PIAZZA MASSAUA 21
3591,EP,,Somministrazione,somministrazione,13,1391300.374,4992135.036,PIAZZA MASSAUA 21
3592,EP,,DIA di somministrazione,somministrazione,2,1396356.804,4988809.072,VIALE MARINAI D'ITALIA 1
3593,EP,,DIA di somministrazione,somministrazione,1,1396568.889,4991290.259,VIA MARIA VITTORIA 12
3594,EP,,Somministrazione,somministrazione,1,1396588.081,4991292.37,VIA MARIA VITTORIA 13/C
3595,EP,,Somministrazione,somministrazione,1,1396800.375,4990594.984,VIA GIUSEPPE MAZZINI 46/G
3596,EP,,Somministrazione,somministrazione,1,1396848.614,4990569.532,VIA GIUSEPPE MAZZINI 50
3597,EP,,DIA di somministrazione,somministrazione,1,1397016.847,4990501.075,VIA GIUSEPPE MAZZINI 53
3598,EP,,Somministrazione,somministrazione,1,1396897.644,4990543.663,VIA GIUSEPPE MAZZINI 54/D
3599,EP,,Somministrazione,somministrazione,1,1396904.343,4990540.129,VIA GIUSEPPE MAZZINI 54/G
3600,EP,,Somministrazione,somministrazione,1,1396925.587,4990528.92,VIA GIUSEPPE MAZZINI 56/A
3601,EP,,Somministrazione,somministrazione,1,1396973.74,4990503.514,VIA GIUSEPPE MAZZINI 58/E
3602,EP,,Somministrazione,somministrazione,1,1396643.694,4991263.193,VIA MARIA VITTORIA 21/A
3603,EP,,Somministrazione,somministrazione,1,1396653.292,4991258.215,VIA MARIA VITTORIA 21
3604,EP,,Somministrazione,somministrazione,1,1396740.612,4991199.958,VIA MARIA VITTORIA 26
3605,EP,,Somministrazione,somministrazione,18,1397180.261,4993709.091,VIA MALONE 24
3606,EP,,Somministrazione,somministrazione,1,1396610.878,4990695.167,VIA GIUSEPPE MAZZINI 32/A
3607,EP,,Somministrazione,somministrazione,1,1396789.742,4990613.194,VIA GIUSEPPE MAZZINI 33
3608,EP,,Somministrazione,somministrazione,1,1396835.677,4990588.999,VIA GIUSEPPE MAZZINI 37/B
3609,EP,,Somministrazione,somministrazione,1,1396749.306,4991208.08,VIA MARIA VITTORIA 29/B
3610,EP,,Somministrazione,somministrazione,1,1396941.458,4991095.274,VIA MARIA VITTORIA 30/B
3611,EP,,Somministrazione,somministrazione,1,1396896.39635417,4991131.353125,VIA MARIA VITTORIA 31/H
3612,EP,,Somministrazione,somministrazione,1,1396952.897,4991089.274,VIA MARIA VITTORIA 32/D
3613,EP,,Somministrazione,somministrazione,7,1395597.672,4992879.753,VIA MARIA AUSILIATRICE 50/B
3614,EP,,Somministrazione,somministrazione,1,1396407.665,4990797.926,VIA GIUSEPPE MAZZINI 12/A
3615,EP,,Somministrazione,somministrazione,18,1397256.809,4994721.48,VIA RENATO MARTORELLI 81/B
3616,EP,,Somministrazione,somministrazione,19,1397282.4,4994809.2,VIA RENATO MARTORELLI 86/F
3617,EP,,DIA di somministrazione,somministrazione,7,1395760.745,4992734.924,PIAZZA MARIA AUSILIATRICE 27
3618,EP,,Somministrazione,somministrazione,1,1396413.822,4991370.891,VIA MARIA VITTORIA 2/E
3619,EP,,DIA di somministrazione,somministrazione,1,1396488.456,4991355.449,VIA MARIA VITTORIA 5
3620,EP,,DIA di somministrazione,somministrazione,1,1396577.266,4991298.092,VIA MARIA VITTORIA 11/L
3621,EP,,Somministrazione,somministrazione,1,1396577.266,4991298.092,VIA MARIA VITTORIA 11/L
3622,EP,,Somministrazione,somministrazione,20,1399932.41770833,4995434.33125,STRADA DELLA MAGRA 5
3623,EP,,Somministrazione,somministrazione,1,1396480.434,4990763.775,VIA GIUSEPPE MAZZINI 20/F
3624,EP,,Somministrazione,somministrazione,1,1396526.776,4990739.307,VIA GIUSEPPE MAZZINI 22
3625,EP,,DIA di somministrazione,somministrazione,1,1396073.78,4992300.413,VIA MARIA ADELAIDE 2
3626,EP,,Somministrazione,somministrazione,3,1394918.662,4991250.383,VIA MAGENTA 49/B
3627,EP,,DIA di somministrazione,somministrazione,3,1394911.09,4991254.436,VIA MAGENTA 49
3628,EP,,Somministrazione,somministrazione,1,1396243.437,4990888.974,VIA GIUSEPPE MAZZINI 2/L
3629,EP,,Somministrazione,somministrazione,1,1396262.294,4990870.662,VIA GIUSEPPE MAZZINI 4 scala A
3630,EP,,Somministrazione,somministrazione,1,1396250.813,4990897.662,VIA GIUSEPPE MAZZINI 5/A
3631,EP,,Somministrazione,somministrazione,18,1397255.756,4994387.131,VIA RENATO MARTORELLI 38/A
3632,EP,,Somministrazione,somministrazione,18,1397240.273,4994458.8100000005,VIA RENATO MARTORELLI 43/B
3633,EP,,DIA di somministrazione,somministrazione,18,1397261.998,4994494.237,VIA RENATO MARTORELLI 52
3634,EP,,Somministrazione,somministrazione,18,1397266.584,4994558.796,VIA RENATO MARTORELLI 60/B
3635,EP,,DIA di somministrazione,somministrazione,7,1395817.89424617,4992782.15423371,VIA MARIA AUSILIATRICE 32
3636,EP,,Somministrazione,somministrazione,7,1395694.608,4992823.527,VIA MARIA AUSILIATRICE 43/B
3637,EP,,Somministrazione ai soci,somministrazione,2,1395880.295,4990123.563,CORSO GUGLIELMO MARCONI 4
3638,EP,,Somministrazione,somministrazione,15,1393778.625,4994619.203,VIA MAGNANO 3
3639,EP,,Somministrazione,somministrazione,3,1395000.574,4989736.124,VIA FERDINANDO MAGELLANO 12/E
3640,EP,,Somministrazione,somministrazione,3,1395819.819,4990788.164,VIA MAGENTA 2
3641,EP,,Somministrazione,somministrazione,18,1397239.183,4994127.618,VIA RENATO MARTORELLI 2
3642,EP,,Somministrazione,somministrazione,18,1397221.55,4994164.78,VIA RENATO MARTORELLI 5/B
3643,EP,,Somministrazione,somministrazione,2,1396259.168,4990012.613,CORSO GUGLIELMO MARCONI 23 scala A
3644,EP,,Somministrazione,somministrazione,2,1396253.323,4990005.967,CORSO GUGLIELMO MARCONI 23
3645,EP,,Somministrazione,somministrazione,2,1396181.948,4989992.586,CORSO GUGLIELMO MARCONI 26
3646,EP,,Somministrazione,somministrazione,2,1396286.601,4989990.461,CORSO GUGLIELMO MARCONI 27
3647,EP,,Somministrazione,somministrazione,2,1396382.548,4989974.089,CORSO GUGLIELMO MARCONI 33 scala B
3648,EP,,DIA di somministrazione,somministrazione,3,1395658.534,4990873.282,VIA MAGENTA 12
3649,EP,,Somministrazione,somministrazione,3,1395521.383,4990932.126,VIA MAGENTA 19
3650,EP,,Somministrazione,somministrazione,16,1395241.508,4994742.115,PIAZZA LUIGI MATTIROLO 8/D
3651,EP,,Somministrazione,somministrazione,16,1395205.844,4994744.749,PIAZZA LUIGI MATTIROLO 12
3652,EP,,Somministrazione,somministrazione,16,1395170.373,4994718.619,PIAZZA LUIGI MATTIROLO 15/B
3653,EP,,DIA di somministrazione,somministrazione,1,1395553.767,4991286.924,CORSO GIACOMO MATTEOTTI 18
3654,EP,,Somministrazione,somministrazione,18,1397228.935,4994281.454,VIA RENATO MARTORELLI 19/A
3655,EP,,Somministrazione,somministrazione,18,1397229.207,4994353.908,VIA RENATO MARTORELLI 29/B
3656,EP,,DIA di somministrazione,somministrazione,18,1397229.207,4994353.908,VIA RENATO MARTORELLI 29/B
3657,EP,,Somministrazione,somministrazione,2,1395898.922,4990191.094,CORSO GUGLIELMO MARCONI 1/E
3658,EP,,Somministrazione,somministrazione,4,1393482.01,4990526.431,VIA LURISIA 5
3659,EP,,DIA di somministrazione,somministrazione,5,1393486.895,4991362.086,VIA EMANUELE LUSERNA DI RORA' 16
3660,EP,,Somministrazione,somministrazione,15,1393962.226,4995092.656,VIA BERNARDINO LUINI 177
3661,EP,,DIA di somministrazione,somministrazione,15,1394517.675,4995267.37916667,CORSO LOMBARDIA 194
3662,EP,,Somministrazione,somministrazione,15,1393784.936,4994843.777,CORSO LOMBARDIA 134/C
3663,EP,,Somministrazione,somministrazione,14,1393097.176,4993117.567,VIA MICHELE LESSONA 87/D
3664,EP,,Somministrazione,somministrazione,6,1393541.521,4992755.41,CORSO LECCE 52/H
3665,EP,,Somministrazione,somministrazione,15,1393783.308,4994841.135,CORSO LOMBARDIA 134
3666,EP,,Somministrazione,somministrazione,15,1393918.541,4994927.715,CORSO LOMBARDIA 142/C
3667,EP,,DIA di somministrazione,somministrazione,6,1394545.36,4992843.547,VIA LE CHIUSE 80
3668,EP,,Somministrazione,somministrazione,14,1393248.728,4992326.536,CORSO LECCE 1/B
3669,EP,,Somministrazione,somministrazione,15,1394140.33,4994977.508,VIA BERNARDINO LUINI 142/B
3670,EP,,DIA di somministrazione,somministrazione,22,1397818.873,4990816.793,VIA LODOVICA 2
3671,EP,,DIA di somministrazione,somministrazione,6,1395061.289,4992556.811,VIA LE CHIUSE 14
3672,EP,,DIA di somministrazione,somministrazione,15,1393551.615,4994545.061,CORSO LOMBARDIA 95
3673,EP,,DIA di somministrazione,somministrazione,15,1393592.755,4994607.984,CORSO LOMBARDIA 107
3674,EP,,Somministrazione,somministrazione,8,1398597.371,4991808.973,VIA LESSOLO 36/C
3675,EP,,DIA di somministrazione,somministrazione,19,1398590.479,4996081.104,LUNGO STURA LAZIO 19
3676,EP,,DIA di somministrazione,somministrazione,19,1398921.218,4995818.946,LUNGO STURA LAZIO 49
3677,EP,,DIA di somministrazione,somministrazione,19,1398988.608,4995765.993,LUNGO STURA LAZIO 53
3678,EP,,Somministrazione,somministrazione,20,1399350.65,4995252.4,LUNGO STURA LAZIO 97/A
3679,EP,,Somministrazione,somministrazione,16,1394675.59,4994733.258,VIA BERNARDINO LUINI 93/A
3680,EP,,Somministrazione,somministrazione,15,1394495.941,4994808.681,VIA BERNARDINO LUINI 109/A
3681,EP,,Somministrazione,somministrazione,15,1394391.821,4994871.928,VIA BERNARDINO LUINI 110/C
3682,EP,,Somministrazione,somministrazione,6,1393776.558,4993073.44,VIA MICHELE LESSONA 9/C
3683,EP,,Somministrazione,somministrazione,16,1394967.981,4994646.844,VIA BERNARDINO LUINI 61/C
3684,EP,,Somministrazione,somministrazione,6,1395175.558,4993189.739,VIA LIVORNO 21/A
3685,EP,,DIA di somministrazione,somministrazione,6,1395385.75870502,4993731.45467167,VIA LIVORNO 60
3686,EP,,Somministrazione,somministrazione,6,1395385.75870502,4993731.45467167,VIA LIVORNO 60
3687,EP,,Somministrazione,somministrazione,2,1395611.294,4988872.161,VIA MADAMA CRISTINA 116
3688,EP,,DIA di somministrazione,somministrazione,2,1395948.938,4989483.422,VIA MADAMA CRISTINA 83/A
3689,EP,,Somministrazione,somministrazione,2,1395927.881,4989442.825,VIA MADAMA CRISTINA 85/D
3690,EP,,Somministrazione,somministrazione,2,1396093.953,4989764.026,VIA MADAMA CRISTINA 59/B
3691,EP,,Somministrazione,somministrazione,16,1394815.06,4994674.753,VIA BERNARDINO LUINI 75/A
3692,EP,,DIA di somministrazione,somministrazione,8,1398635.563,4991668.179,VIA LESSOLO 17/B
3693,EP,,Somministrazione,somministrazione,8,1398635.563,4991668.179,VIA LESSOLO 17/B
3694,EP,,Somministrazione,somministrazione,2,1395945.762,4989516.263,VIA MADAMA CRISTINA 68
3695,EP,,Somministrazione,somministrazione,2,1396038.055,4989655.648,VIA MADAMA CRISTINA 69/H
3696,EP,,Somministrazione,somministrazione,2,1396223.37,4990051.24,VIA MADAMA CRISTINA 32/D
3697,EP,,Somministrazione,somministrazione,2,1396186.1,4989979.694,VIA MADAMA CRISTINA 36/D
3698,EP,,Somministrazione,somministrazione,6,1395111.758,4993023.903,VIA LIVORNO 4/A
3699,EP,,Somministrazione,somministrazione,6,1395121.584,4993042.746,VIA LIVORNO 6/B
3700,EP,,Somministrazione,somministrazione,2,1396347.323,4990252.155,VIA MADAMA CRISTINA 17/A
3701,EP,,Somministrazione,somministrazione,2,1396317.734,4990194.977,VIA MADAMA CRISTINA 21/A
3702,EP,,DIA di somministrazione,somministrazione,14,1392153.284,4992317.652,STRADA DEL LIONETTO 6
3703,EP,,Somministrazione,somministrazione,11,1393105.412,4989173.905,VIA LESEGNO 69/I
3704,EP,,Somministrazione,somministrazione,10,1394277.365,4988292.823,VIA MARIO LEONI 16/F
3705,EP,,Somministrazione,somministrazione,11,1394634.626,4989087.462,CORSO LEPANTO 4/C
3706,EP,,Somministrazione,somministrazione,2,1395993.659,4989569.486,VIA MADAMA CRISTINA 77/F
3707,EP,,Somministrazione,somministrazione,2,1395985.854,4989554.506,VIA MADAMA CRISTINA 79
3708,EP,,Somministrazione,somministrazione,16,1394898.077,4995303.85,VIA LUCENTO 132/B
3709,EP,,Somministrazione,somministrazione,11,1394610.036,4989108.867,CORSO LEPANTO 10/A
3710,EP,,Somministrazione,somministrazione,2,1395798.536,4989289.415,VIA MADAMA CRISTINA 86
3711,EP,,Somministrazione,somministrazione,2,1396098.759,4989773.538,VIA MADAMA CRISTINA 57
3712,EP,,Somministrazione,somministrazione,2,1396076.235,4989728.964,VIA MADAMA CRISTINA 63/E
3713,EP,,Somministrazione,somministrazione,4,1394169.049,4990377.142,CORSO LIONE 32/A
3714,EP,,Somministrazione,somministrazione,4,1394010.151,4990161.418,CORSO LIONE 58
3715,EP,,Somministrazione,somministrazione,4,1393908.213,4990075.461,CORSO LIONE 74/A
3716,EP,,DIA di somministrazione,somministrazione,18,1397953.063,4993566.916,VIA RUGGERO LEONCAVALLO 63
3717,EP,,Somministrazione,somministrazione,2,1396047.085,4989673.051,VIA MADAMA CRISTINA 69/C
3718,EP,,Somministrazione,somministrazione,2,1395927.932,4989481.879,VIA MADAMA CRISTINA 72/C
3719,EP,,Somministrazione,somministrazione,2,1395914.443,4989455.865,VIA MADAMA CRISTINA 72 bis/C
3720,EP,,Somministrazione,somministrazione,2,1396282.769,4990127.481,VIA MADAMA CRISTINA 27/B
3721,EP,,Somministrazione,somministrazione,2,1396172.819,4989915.244,VIA MADAMA CRISTINA 45
3722,EP,,Somministrazione,somministrazione,1,1396260.991,4991062.789,VIA ANNIBALE LOVERA DI MARIA 1/H
3723,EP,,DIA di somministrazione,somministrazione,16,1395130.145,4994606.889,VIA LEMIE 33
3724,EP,,Somministrazione,somministrazione,2,1396452.759,4990455.742,VIA MADAMA CRISTINA 5/E
3725,EP,,Somministrazione,somministrazione,18,1397058.484,4993972.573,VIA LEINI' 47/B
3726,EP,,Somministrazione,somministrazione,3,1395569.514,4990450.378,VIA LEGNANO 7/D
3727,EP,,Somministrazione,somministrazione,5,1393907.114,4991707.814,VIA LOMBRIASCO 4/C
3728,EP,,Somministrazione,somministrazione,16,1394505.909,4996579.966,STRADA LANZO 123/D
3729,EP,,Somministrazione,somministrazione,16,1394474.2,4996758.712,STRADA LANZO 124/D
3730,EP,,Somministrazione,somministrazione,16,1394697.412,4996002.463,VIA LANZO 45
3731,EP,,Somministrazione,somministrazione,16,1394625.655,4996289.148,VIA LANZO 74/A
3732,EP,,Somministrazione,somministrazione,1,1396380.724,4991250.456,VIA GIUSEPPE LUIGI LAGRANGE 10/B
3733,EP,,Somministrazione,somministrazione,1,1396344.175,4991145.866,VIA GIUSEPPE LUIGI LAGRANGE 15
3734,EP,,Somministrazione,somministrazione,1,1396345.444,4991185.032,VIA GIUSEPPE LUIGI LAGRANGE 16/A
3735,EP,,DIA di somministrazione,somministrazione,10,1394064.599,4986324.007,VIA CAROLINA INVERNIZIO 21
3736,EP,,Somministrazione,somministrazione,13,1391433.606,4990656.059,VIA LA THUILE 55/B
3737,EP,,DIA di somministrazione,somministrazione,5,1394779.17938319,4991561.20509524,CORSO INGHILTERRA 3
3738,EP,,Somministrazione,somministrazione,5,1394779.17938319,4991561.20509524,CORSO INGHILTERRA 3
3739,EP,,Somministrazione,somministrazione,16,1394941.196,4995561.119,CORSO GROSSETO 250/C
3740,EP,,Somministrazione,somministrazione,16,1395105.415,4995483.513,CORSO GROSSETO 259/A
3741,EP,,Somministrazione,somministrazione,16,1394797.138,4995720.341,VIA LANZO 5/B
3742,EP,,Somministrazione,somministrazione,16,1394769.402,4995877.172,VIA LANZO 22/D
3743,EP,,DIA di somministrazione,somministrazione,7,1396682.391,4992722.203,VIA S. GIOVANNI BATTISTA LA SALLE 17/A
3744,EP,,Somministrazione,somministrazione,13,1391498.018,4990886.614,VIA LA THUILE 24/B
3745,EP,,Somministrazione,somministrazione,13,1391501.168,4990895.558,VIA LA THUILE 24
3746,EP,,Somministrazione,somministrazione,5,1394948.29,4991876.832,CORSO INGHILTERRA 23/B
3747,EP,,Somministrazione,somministrazione,5,1394978.826,4991935.207,CORSO INGHILTERRA 25 bis/A
3748,EP,,Somministrazione,somministrazione,5,1395000.845,4991977.583,CORSO INGHILTERRA 29
3749,EP,,Somministrazione,somministrazione,5,1395008.805,4991992.898,CORSO INGHILTERRA 31
3750,EP,,Somministrazione,somministrazione,5,1395024.163,4992022.659,CORSO INGHILTERRA 33
3751,EP,,Somministrazione,somministrazione,5,1395082.209,4992135.53,CORSO INGHILTERRA 43/B
3752,EP,,Somministrazione,somministrazione,5,1395086.308,4992143.5,CORSO INGHILTERRA 43/D
3753,EP,,Somministrazione,somministrazione,5,1395087.776,4992146.355,CORSO INGHILTERRA 43/E
3754,EP,,Somministrazione,somministrazione,5,1395091.199,4992153.011,CORSO INGHILTERRA 45/B
3755,EP,,Somministrazione,somministrazione,5,1395123.127,4992215.09,CORSO INGHILTERRA 49
3756,EP,,Somministrazione,somministrazione,16,1395224.227,4995558.62,CORSO GROSSETO 214/B
3757,EP,,Somministrazione,somministrazione,16,1395187.938,4995562.118,CORSO GROSSETO 218/C
3758,EP,,Somministrazione,somministrazione,22,1398611.569,4990851.384,PIAZZA HERMADA 10/C
3759,EP,,Somministrazione,somministrazione,22,1398626.472,4990857.113,PIAZZA HERMADA 12/B
3760,EP,,Somministrazione,somministrazione,22,1398654.897,4990869.502,PIAZZA HERMADA 14
3761,EP,,Somministrazione,somministrazione,17,1395902.164,4995411.613,CORSO GROSSETO 153/E
3762,EP,,Somministrazione,somministrazione,17,1395904.595,4995411.376,CORSO GROSSETO 153
3763,EP,,DIA di somministrazione,somministrazione,16,1395488.379,4995507.69,CORSO GROSSETO 178
3764,EP,,Somministrazione,somministrazione,17,1396237.451,4995378.933,CORSO GROSSETO 113/B
3765,EP,,Somministrazione,somministrazione,22,1397875.72,4990484.19,VIA FRANCESCO LANFRANCHI 28
3766,EP,,DIA di somministrazione,somministrazione,7,1396377.355,4992536.136,VIA BERNARDINO LANINO 3/A
3767,EP,,Somministrazione,somministrazione,7,1396324.68991948,4992558.83141976,VIA BERNARDINO LANINO 6/B
3768,EP,,DIA di somministrazione,somministrazione,21,1399894.358,4991352.791,CORSO LUIGI KOSSUTH 50 int. 14
3769,EP,,Somministrazione,somministrazione,1,1395397.057,4992113.864,VIA FILIPPO JUVARRA 18
3770,EP,,Somministrazione,somministrazione,1,1395321.878,4992139.522,VIA FILIPPO JUVARRA 25
3771,EP,,Somministrazione,somministrazione,17,1396177.2,4994630.934,VIA TOMMASO GULLI 46/B
3772,EP,,DIA di somministrazione,somministrazione,13,1392031.794,4990849.959,VIA VINCENZO LANCIA 140
3773,EP,,Somministrazione,somministrazione,4,1392883.722,4990737.406,LARGO VINCENZO LANCIA 52/C
3774,EP,,Somministrazione,somministrazione,11,1393646.411,4988745.518,CORSO QUATTRO NOVEMBRE 114/F
3775,EP,,Somministrazione,somministrazione,9,1395168.861,4987575.072,VIA LAVAGNA 7
3776,EP,,Somministrazione,somministrazione,13,1392418.467,4990763.412,VIA VINCENZO LANCIA 87/D
3777,EP,,Somministrazione,somministrazione,13,1392379.08,4990770.354,VIA VINCENZO LANCIA 93/A
3778,EP,,Somministrazione,somministrazione,19,1398259.605,4996448.175,VIA IVREA 18/A
3779,EP,,Somministrazione,somministrazione,19,1398216.769,4996659.802,VIA IVREA 39/C
3780,EP,,DIA di somministrazione,somministrazione,1,1395483.888,4992055.19,VIA FILIPPO JUVARRA 15
3781,EP,,Somministrazione,somministrazione,1,1396383.976,4991959.048,VIA QUATTRO MARZO 7/A
3782,EP,,Somministrazione,somministrazione,1,1396359.908,4991963.386,VIA QUATTRO MARZO 7/G
3783,EP,,Somministrazione,somministrazione,1,1396296.209,4991981.054,VIA QUATTRO MARZO 12/B
3784,EP,,Somministrazione,somministrazione,1,1396351.858,4991961.086,LARGO QUATTRO MARZO 9/B
3785,EP,,Somministrazione,somministrazione,1,1396326.792,4991948.036,LARGO QUATTRO MARZO 11/B
3786,EP,,Somministrazione,somministrazione,1,1396324.034,4991946.6,LARGO QUATTRO MARZO 11
3787,EP,,Somministrazione,somministrazione,8,1397459.844,4991572.761,VIA GUASTALLA 13 bis/A
3788,EP,,Somministrazione,somministrazione,8,1397525.58795743,4991624.71765972,VIA GUASTALLA 20
3789,EP,,Somministrazione,somministrazione,4,1393288.691,4990627.787,VIA VINCENZO LANCIA 2/C
3790,EP,,Somministrazione,somministrazione,4,1393236.819,4990636.938,VIA VINCENZO LANCIA 10/B
3791,EP,,DIA di somministrazione,somministrazione,4,1392859.738,4990685.344,VIA VINCENZO LANCIA 55/A
3792,EP,,DIA di somministrazione,somministrazione,11,1393936.89,4989296.548,CORSO QUATTRO NOVEMBRE 40
3793,EP,,Somministrazione,somministrazione,11,1393673.265,4988796.449,CORSO QUATTRO NOVEMBRE 106/D
3794,EP,,Somministrazione,somministrazione,16,1394168.481,4997535.713,STRADA LANZO 255/I
3795,EP,,DIA di somministrazione,somministrazione,10,1392949.706,4986397.053,PIAZZA PIETRO FRANCESCO GUALA 140
3796,EP,,Somministrazione,somministrazione,10,1393001.551,4986322.077,PIAZZA PIETRO FRANCESCO GUALA 143/D
3797,EP,,Somministrazione,somministrazione,16,1394359.248,4996984.11,STRADA LANZO 181/A
3798,EP,,DIA di somministrazione,somministrazione,16,1394309.267,4997218.67,STRADA LANZO 200
3799,EP,,Somministrazione,somministrazione,1,1396151.402,4990788.472,VIA GIUSEPPE LUIGI LAGRANGE 51/C
3800,EP,,Somministrazione,somministrazione,1,1396159.873,4990887.319,PIAZZA GIUSEPPE LUIGI LAGRANGE 1
3801,EP,,DIA di somministrazione,somministrazione,10,1393252.639,4986696.256,VIA PIETRO FRANCESCO GUALA 91/E
3802,EP,,Somministrazione,somministrazione,13,1392322.179,4991851.185,CORSO PESCHIERA 312/A
3803,EP,,Somministrazione,somministrazione,3,1395308.662,4990641.129,VIA ALFONSO LAMARMORA 19/C
3804,EP,,Somministrazione,somministrazione,1,1396310.493,4991118.85,VIA GIUSEPPE LUIGI LAGRANGE 22/A
3805,EP,,Somministrazione,somministrazione,4,1393007.659,4991154.8,VIA ISSIGLIO 27/C
3806,EP,,Somministrazione,somministrazione,16,1394434.305,4996797.7,STRADA LANZO 153/B
3807,EP,,DIA di somministrazione,somministrazione,16,1394431.694,4996805.24,STRADA LANZO 155
3808,EP,,DIA di somministrazione,somministrazione,1,1396275.191,4991030.339,VIA GIUSEPPE LUIGI LAGRANGE 29
3809,EP,,Somministrazione,somministrazione,1,1396209.407,4990928.776,VIA GIUSEPPE LUIGI LAGRANGE 34/H
3810,EP,,Somministrazione,somministrazione,4,1392840.793,4990771.366,VIA ISONZO 91
3811,EP,,DIA di somministrazione,somministrazione,1,1396225.465,4990937.511,VIA GIUSEPPE LUIGI LAGRANGE 39
3812,EP,,Somministrazione,somministrazione,1,1396412.32708333,4991285.7328125,VIA GIUSEPPE LUIGI LAGRANGE 3/G
3813,EP,,DIA di somministrazione,somministrazione,4,1392974.675,4991302.72,VIA ISONZO 17
3814,EP,,DIA di somministrazione,somministrazione,1,1397129.101,4990794.655,VIA GIOVANNI GIOLITTI 52 scala A
3815,EP,,Somministrazione,somministrazione,11,1392970.218,4989039.29,VIA GORIZIA 92/A
3816,EP,,Somministrazione,somministrazione,11,1392967.913,4989021.4,VIA GORIZIA 94/A
3817,EP,,Somministrazione,somministrazione,18,1397402.141,4994417.139,CORSO GIULIO CESARE 157/C
3818,EP,,Somministrazione,somministrazione,18,1397430.309,4994475.469,CORSO GIULIO CESARE 163
3819,EP,,Somministrazione,somministrazione,18,1397485.265,4994588.951,CORSO GIULIO CESARE 171 bis/B
3820,EP,,Somministrazione,somministrazione,1,1396433.507,4991178.825,VIA GIOVANNI GIOLITTI 10/D
3821,EP,,Somministrazione,somministrazione,1,1396529.018,4991140.205,VIA GIOVANNI GIOLITTI 11/A
3822,EP,,DIA di somministrazione,somministrazione,1,1396629.109,4991096.947,VIA GIOVANNI GIOLITTI 15
3823,EP,,DIA di somministrazione,somministrazione,17,1395650.857,4994185.686,VIA LUIGI GRAMEGNA 17/A
3824,EP,,Somministrazione,somministrazione,1,1396059.834,4991060.749,VIA ANTONIO GRAMSCI 1
3825,EP,,Somministrazione,somministrazione,1,1396068.89,4991056.01,VIA ANTONIO GRAMSCI 3
3826,EP,,DIA di somministrazione,somministrazione,1,1396170.341,4991003.215,VIA ANTONIO GRAMSCI 9
3827,EP,,DIA di somministrazione,somministrazione,1,1396173.116,4990984.83,VIA ANTONIO GRAMSCI 10/G
3828,EP,,Somministrazione,somministrazione,1,1396173.116,4990984.83,VIA ANTONIO GRAMSCI 10/G
3829,EP,,Somministrazione,somministrazione,1,1396220.891,4990976.958,VIA ANTONIO GRAMSCI 15
3830,EP,,Somministrazione,somministrazione,22,1397621.335,4990783.695,PIAZZA GRAN MADRE DI DIO 1/F
3831,EP,,Somministrazione,somministrazione,11,1392940.016,4988610.544,VIA GORIZIA 129/D
3832,EP,,DIA di somministrazione,somministrazione,23,1388982.58023302,4988206.7538708,VIA PAOLO GORINI 26
3833,EP,,DIA di somministrazione,somministrazione,11,1393089.051,4989757.248,VIA GORIZIA 7
3834,EP,,Somministrazione,somministrazione,18,1397280.252,4994164.701,CORSO GIULIO CESARE 119/D
3835,EP,,Somministrazione,somministrazione,18,1397300.391,4994206.497,CORSO GIULIO CESARE 125/C
3836,EP,,Somministrazione,somministrazione,18,1397314.675,4994174.696,CORSO GIULIO CESARE 126/B
3837,EP,,Somministrazione,somministrazione,1,1396662.129,4991068.817,VIA GIOVANNI GIOLITTI 19/A
3838,EP,,Somministrazione,somministrazione,22,1397538.701,4990717.472,PIAZZA GRAN MADRE DI DIO 2/A
3839,EP,,Somministrazione,somministrazione,22,1397561.918,4990713.652,PIAZZA GRAN MADRE DI DIO 2/H
3840,EP,,Somministrazione,somministrazione,22,1397622.644,4990764.838,PIAZZA GRAN MADRE DI DIO 3/G
3841,EP,,Somministrazione,somministrazione,22,1397624.824,4990762.792,PIAZZA GRAN MADRE DI DIO 3/H
3842,EP,,Somministrazione,somministrazione,22,1397591.019,4990686.288,PIAZZA GRAN MADRE DI DIO 4
3843,EP,,DIA di somministrazione,somministrazione,2,1395604.222,4988789.493,PIAZZA ARTURO GRAF 147
3844,EP,,Somministrazione,somministrazione,11,1393027.161,4989498.029,VIA GORIZIA 46/H
3845,EP,,Somministrazione,somministrazione,11,1393021.343,4989434.911,VIA GORIZIA 56/B
3846,EP,,Somministrazione,somministrazione,18,1397334.003,4994214.729,CORSO GIULIO CESARE 132/C
3847,EP,,Somministrazione,somministrazione,18,1397333.021,4994274.216,CORSO GIULIO CESARE 135/B
3848,EP,,Somministrazione,somministrazione,18,1397055.988,4993699.85,CORSO GIULIO CESARE 81/A
3849,EP,,Somministrazione,somministrazione,1,1395848.393,4991046.47,VIA MELCHIORRE GIOIA 8/F
3850,EP,,Somministrazione,somministrazione,1,1395837.41,4991051.027,VIA MELCHIORRE GIOIA 11/A
3851,EP,,Somministrazione,somministrazione,11,1393435.197,4989592.217,VIA GRAGLIA 32/A
3852,EP,,Somministrazione,somministrazione,17,1395708.15,4994197.583,VIA LUIGI GRAMEGNA 6/F
3853,EP,,DIA di somministrazione,somministrazione,12,1391640.142,4988111.307,VIA FRANCESCO GONIN 32/D
3854,EP,,Somministrazione,somministrazione,12,1391641.715,4988088.313,VIA FRANCESCO GONIN 39/F
3855,EP,,Somministrazione,somministrazione,12,1391630.53,4988073.089,VIA FRANCESCO GONIN 43/A
3856,EP,,Somministrazione,somministrazione,18,1397067.327,4993723.361,CORSO GIULIO CESARE 83/B
3857,EP,,Somministrazione,somministrazione,18,1397100.07,4993791.181,CORSO GIULIO CESARE 91/B
3858,EP,,Somministrazione,somministrazione,3,1395602.709,4990608.029,VIA VINCENZO GIOBERTI 28/A
3859,EP,,Somministrazione,somministrazione,2,1396209.114,4990637.28,VIA GOITO 1/E
3860,EP,,Somministrazione,somministrazione,2,1396181.461,4990609.264,VIA GOITO 4/F
3861,EP,,Somministrazione,somministrazione,2,1396159.893,4990541.406,VIA GOITO 9/C
3862,EP,,DIA di somministrazione,somministrazione,2,1396138.30260417,4990498.83333333,VIA GOITO 11
3863,EP,,Somministrazione,somministrazione,18,1397289.347,4994122.18,CORSO GIULIO CESARE 116/H
3864,EP,,Somministrazione,somministrazione,7,1396951.108,4993420.342,CORSO GIULIO CESARE 54/C
3865,EP,,DIA di somministrazione,somministrazione,3,1395548.142,4990479.176,VIA VINCENZO GIOBERTI 33
3866,EP,,Somministrazione,somministrazione,2,1395568.022,4988847.711,PIAZZA ARTURO GRAF 118/C
3867,EP,,DIA di somministrazione,somministrazione,2,1396124.141,4990471.098,VIA GOITO 15
3868,EP,,Somministrazione,somministrazione,2,1396114.522,4990452.291,VIA GOITO 17/B
3869,EP,,Somministrazione,somministrazione,18,1397061.603,4993650.365,CORSO GIULIO CESARE 68/C
3870,EP,,Somministrazione,somministrazione,7,1396824.634,4993159.133,CORSO GIULIO CESARE 36/B
3871,EP,,Somministrazione,somministrazione,1,1396418.265,4991199.242,VIA GIOVANNI GIOLITTI 5/A
3872,EP,,Somministrazione,somministrazione,1,1396428.069,4991194.022,VIA GIOVANNI GIOLITTI 5/D
3873,EP,,Somministrazione,somministrazione,15,1392587.294,4995063.328,VIA DEI GLADIOLI 23/A
3874,EP,,DIA di somministrazione,somministrazione,15,1392393.719,4995072.672,VIA DEI GLADIOLI 33/A
3875,EP,,DIA di somministrazione,somministrazione,15,1392306.868,4995086.183,VIA DEI GLADIOLI 39/A
3876,EP,,Somministrazione,somministrazione,1,1396233.714,4991043.995,VIA PIERO GOBETTI 15
3877,EP,,DIA di somministrazione,somministrazione,7,1396864.088,4993240.054,CORSO GIULIO CESARE 42/H
3878,EP,,Somministrazione,somministrazione,7,1396864.088,4993240.054,CORSO GIULIO CESARE 42/H
3879,EP,,Somministrazione,somministrazione,7,1396829.232,4993229.994,CORSO GIULIO CESARE 43/A
3880,EP,,Somministrazione,somministrazione,17,1396152.187,4995387.244,CORSO GROSSETO 117 bis/A
3881,EP,,DIA di somministrazione,somministrazione,2,1395835.0765625,4988923.63125,VIA PIETRO GIURIA 56
3882,EP,,Somministrazione,somministrazione,7,1396879.514,4993334.381,CORSO GIULIO CESARE 53/C
3883,EP,,Somministrazione,somministrazione,7,1396643.117,4992764.094,CORSO GIULIO CESARE 14/I
3884,EP,,Somministrazione,somministrazione,7,1396737.414,4992959.089,CORSO GIULIO CESARE 20/E
3885,EP,,Somministrazione,somministrazione,17,1396776.222,4995326.348,CORSO GROSSETO 59/B
3886,EP,,DIA di somministrazione,somministrazione,17,1396330.099,4995441.237,CORSO GROSSETO 72/I
3887,EP,,Somministrazione,somministrazione,7,1396697.711,4992977.632,CORSO GIULIO CESARE 25
3888,EP,,DIA di somministrazione,somministrazione,1,1395906.305,4992456.294,VIA CARLO IGNAZIO GIULIO 22
3889,EP,,DIA di somministrazione,somministrazione,1,1395825.612,4992485.363,VIA CARLO IGNAZIO GIULIO 25/B
3890,EP,,Somministrazione,somministrazione,17,1396607.265,4995342.823,CORSO GROSSETO 85/C
3891,EP,,Somministrazione,somministrazione,5,1394843.364,4992035.485,VIA GIAMBATTISTA GROPELLO 21
3892,EP,,Somministrazione,somministrazione,15,1393842.429,4994773.391,VIA ENRICO GOTTI 22/B
3893,EP,,Somministrazione,somministrazione,7,1396485.481,4992502.012,CORSO GIULIO CESARE 3/D
3894,EP,,Somministrazione,somministrazione,12,1392691.428,4987976.713,VIA DON GIOVANNI GRIOLI 9/C
3895,EP,,Somministrazione,somministrazione,19,1398530.779,4996794.699,CORSO GIULIO CESARE 397/B
3896,EP,,DIA di somministrazione,somministrazione,19,1398779.236,4996566.296,CORSO GIULIO CESARE 424 int. 29
3897,EP,,DIA di somministrazione,somministrazione,19,1399120.048,4996447.813,CORSO GIULIO CESARE 424 int. 34
3898,EP,,Somministrazione,somministrazione,7,1396614.668,4992704.902,CORSO GIULIO CESARE 12/B
3899,EP,,Somministrazione,somministrazione,8,1397571.159,4991437.541,VIA GIULIA DI BAROLO 28/B
3900,EP,,Somministrazione,somministrazione,8,1397612.655,4991499.84,VIA GIULIA DI BAROLO 29/G
3901,EP,,Somministrazione,somministrazione,8,1397731.805,4991608.307,VIA GIULIA DI BAROLO 48
3902,EP,,Somministrazione,somministrazione,12,1392664.067,4987924.93,VIA DON GIOVANNI GRIOLI 15/D
3903,EP,,Somministrazione,somministrazione,5,1394923.907,4992216.821,VIA GIAMBATTISTA GROPELLO 6/C
3904,EP,,Somministrazione,somministrazione,18,1397194.57,4993986.516,LARGO GIULIO CESARE 107/B
3905,EP,,Somministrazione,somministrazione,18,1397237.3,4994014.524,LARGO GIULIO CESARE 110/A
3906,EP,,DIA di somministrazione,somministrazione,18,1397254.706,4994050.64,LARGO GIULIO CESARE 110/L
3907,EP,,Somministrazione,somministrazione,18,1397214.659,4994056.996,LARGO GIULIO CESARE 113/B
3908,EP,,Somministrazione,somministrazione,18,1397215.296,4994067.642,LARGO GIULIO CESARE 113/E
3909,EP,,DIA di somministrazione,somministrazione,19,1397899.01464186,4995298.08967438,CORSO GIULIO CESARE 264/A
3910,EP,,Somministrazione,somministrazione,1,1396096.792,4992357.249,VIA CARLO IGNAZIO GIULIO 4/E
3911,EP,,DIA di somministrazione,somministrazione,1,1397383.575,4991256.358,VIA GIULIA DI BAROLO 5
3912,EP,,DIA di somministrazione,somministrazione,19,1398004.34,4995570.016,CORSO GIULIO CESARE 300
3913,EP,,Somministrazione,somministrazione,1,1397407.4,4991281.63,VIA GIULIA DI BAROLO 7/F
3914,EP,,Somministrazione,somministrazione,8,1397471.98,4991332.551,VIA GIULIA DI BAROLO 16/D
3915,EP,,DIA di somministrazione,somministrazione,12,1392264.043,4988162.037,VIA DON BARTOLOMEO GRAZIOLI 41
3916,EP,,DIA di somministrazione,somministrazione,15,1394380.091,4994936.32,VIA GASPARE GORRESIO 13
3917,EP,,DIA di somministrazione,somministrazione,19,1398417.441,4996553.3100000005,CORSO GIULIO CESARE 373
3918,EP,,DIA di somministrazione,somministrazione,1,1395123.006,4991706.361,VIA SEVERINO GRATTONI 3
3919,EP,,Somministrazione,somministrazione,11,1392911.208,4988583.139,VIA GORIZIA 144/A
3920,EP,,Somministrazione,somministrazione,19,1397668.773,4994969.408,CORSO GIULIO CESARE 205
3921,EP,,Somministrazione,somministrazione,2,1395594.637,4988545.258,VIA GIOTTO 51/E
3922,EP,,Somministrazione,somministrazione,1,1397119.651,4990824.983,VIA GIOVANNI GIOLITTI 47 bis/E
3923,EP,,Somministrazione,somministrazione,1,1397126.107,4990821.612,VIA GIOVANNI GIOLITTI 47 bis/G
3924,EP,,Somministrazione,somministrazione,22,1397617.586,4990661.33,PIAZZA GRAN MADRE DI DIO 8/C
3925,EP,,Somministrazione,somministrazione,22,1397683.627,4990709.83,PIAZZA GRAN MADRE DI DIO 9
3926,EP,,DIA di somministrazione,somministrazione,20,1401406.551,4994783.724,VIA GRAN PARADISO 10
3927,EP,,Somministrazione,somministrazione,11,1392876.912,4988317.359,VIA GORIZIA 174/C
3928,EP,,Somministrazione,somministrazione,18,1396881.653,4993672.244,CORSO NOVARA 3/A
3929,EP,,Somministrazione,somministrazione,11,1392990.012,4989205.459,VIA GORIZIA 78/C
3930,EP,,Somministrazione,somministrazione,22,1398405.468,4991191.192,CORSO GIUSEPPE GABETTI 4/D
3931,EP,,Somministrazione,somministrazione,9,1395398.024,4988021.72,VIA GENOVA 32
3932,EP,,Somministrazione,somministrazione,9,1395357.7,4987872.391,VIA GENOVA 34/C
3933,EP,,Somministrazione,somministrazione,9,1395318.513,4987747.297,VIA GENOVA 52
3934,EP,,DIA di somministrazione,somministrazione,14,1393911.39,4993720.316,STRADA DELLE GHIACCIAIE 54/A
3935,EP,,DIA di somministrazione,somministrazione,14,1393855.992,4993731.601,STRADA DELLE GHIACCIAIE 58/A
3936,EP,,Somministrazione,somministrazione,14,1393844.819,4993858.425,STRADA DELLE GHIACCIAIE 78
3937,EP,,Somministrazione,somministrazione,9,1395266.66,4987582.085,VIA GENOVA 62/A
3938,EP,,Somministrazione,somministrazione,9,1395255.335,4987485.605,VIA GENOVA 63
3939,EP,,Somministrazione,somministrazione,9,1395466.87,4988474.837,VIA GENOVA 4/A
3940,EP,,Somministrazione,somministrazione,9,1395458.838,4988421.909,VIA GENOVA 6/F
3941,EP,,Somministrazione,somministrazione,5,1393183.316,4991681.362,VIA FREJUS 100/D
3942,EP,,Somministrazione,somministrazione,5,1393066.859,4991668.36,VIA FREJUS 106/I
3943,EP,,Somministrazione,somministrazione,5,1393017.416,4991648.16,VIA FREJUS 113/C
3944,EP,,Somministrazione,somministrazione,9,1395456.036,4988280.815,VIA GENOVA 13/C
3945,EP,,Somministrazione,somministrazione,9,1395428.422,4988221.566,VIA GENOVA 18/D
3946,EP,,Somministrazione,somministrazione,9,1395420.635,4988170.569,VIA GENOVA 20 bis
3947,EP,,Somministrazione,somministrazione,9,1395445.386,4988211.029,VIA GENOVA 23/E
3948,EP,,Somministrazione,somministrazione,17,1396370.92231109,4995538.86530044,VIA GIOVANNI BATTISTA GANDINO 20/A
3949,EP,,Somministrazione,somministrazione,5,1393410.21,4991706.012,VIA FREJUS 74/E
3950,EP,,Somministrazione,somministrazione,5,1393366.862,4991701.231,VIA FREJUS 82/B
3951,EP,,Somministrazione,somministrazione,14,1393139.783,4992866.406,VIA GHEMME 9/D
3952,EP,,DIA di somministrazione,somministrazione,7,1396768.304,4992223.629,VIA GIUSEPPE GENE' 3
3953,EP,,DIA di somministrazione,somministrazione,7,1396772.265,4992231.599,VIA GIUSEPPE GENE' 5
3954,EP,,DIA di somministrazione,somministrazione,5,1393762.749,4991744.431,VIA FREJUS 36/A
3955,EP,,Somministrazione,somministrazione,5,1393541.489,4991705.204,VIA FREJUS 41/D
3956,EP,,DIA di somministrazione,somministrazione,20,1398262.418,4993733.937,VIA GIORGIO GHEDINI 2
3957,EP,,Somministrazione,somministrazione,16,1395024.847,4994781.952,VIA GATTICO 2/B
3958,EP,,Somministrazione,somministrazione,16,1394972.44,4994778.871,VIA GATTICO 8/B
3959,EP,,DIA di somministrazione,somministrazione,16,1394972.44,4994778.871,VIA GATTICO 8/B
3960,EP,,Somministrazione,somministrazione,22,1396687.944,4987085.894,PIAZZA CARLO FREGUGLIA 1
3961,EP,,Somministrazione,somministrazione,22,1396693.898,4987073.643,PIAZZA CARLO FREGUGLIA 5
3962,EP,,Somministrazione,somministrazione,13,1392997.68,4992144.45,VIA FREIDOUR 26/B
3963,EP,,Somministrazione,somministrazione,20,1398445.895,4993869.458,VIA GIORGIO GHEDINI 15/B
3964,EP,,Somministrazione,somministrazione,14,1393139.298,4992794.277,VIA GHEMME 1 bis/B
3965,EP,,DIA di somministrazione,somministrazione,13,1390682.055,4992094.473,VIA ANASTASIO GERMONIO 4
3966,EP,,Somministrazione,somministrazione,2,1396456.651,4990348.119,VIA BERNARDINO GALLIARI 24 bis
3967,EP,,Somministrazione,somministrazione,2,1396456.524,4990361.391,VIA BERNARDINO GALLIARI 25
3968,EP,,Somministrazione,somministrazione,2,1396503.372,4990336.732,VIA BERNARDINO GALLIARI 29/F
3969,EP,,Somministrazione,somministrazione,5,1393859.86770833,4991771.26979167,VIA FREJUS 12/I
3970,EP,,Somministrazione,somministrazione,13,1390698.674,4992056.558,VIA ANASTASIO GERMONIO 9/D
3971,EP,,Somministrazione,somministrazione,13,1390701.277,4991988.113,VIA ANASTASIO GERMONIO 19/B
3972,EP,,DIA di somministrazione,somministrazione,23,1393859.182,4985063.342,VIA GARRONE FRATELLI 39 int. 90
3973,EP,,DIA di somministrazione,somministrazione,2,1396182.384,4990506.291,VIA BERNARDINO GALLIARI 9/A
3974,EP,,DIA di somministrazione,somministrazione,2,1396258.619,4990452.513,VIA BERNARDINO GALLIARI 12/L
3975,EP,,Somministrazione,somministrazione,2,1396245.958,4990459.168,VIA BERNARDINO GALLIARI 12
3976,EP,,DIA di somministrazione,somministrazione,2,1396304.702,4990441.713,VIA BERNARDINO GALLIARI 15 bis
3977,EP,,Somministrazione,somministrazione,3,1395616.088,4990633.374,VIA VINCENZO GIOBERTI 24/L
3978,EP,,DIA di somministrazione,somministrazione,10,1393200.30422837,4986237.03671621,VIA GIULIO GIANELLI 8
3979,EP,,Somministrazione,somministrazione,5,1393921.852,4991107.808,VIA GERMANASCA 32/B
3980,EP,,Somministrazione,somministrazione,5,1393937.869,4991054.808,VIA GERMANASCA 37/C
3981,EP,,Somministrazione,somministrazione,23,1393792.22,4985131.915,VIA GARRONE FRATELLI 61 int. 79
3982,EP,,DIA di somministrazione,somministrazione,2,1396423.009,4990379.032,VIA BERNARDINO GALLIARI 23/D
3983,EP,,Somministrazione,somministrazione,10,1394133.582,4987432.259,PIAZZA TANCREDI GALIMBERTI 24
3984,EP,,Somministrazione,somministrazione,10,1394190.378,4987548.103,PIAZZA TANCREDI GALIMBERTI 25/C
3985,EP,,Somministrazione,somministrazione,2,1396165.195,4990515.334,VIA BERNARDINO GALLIARI 7
3986,EP,,Somministrazione,somministrazione,1,1395834.308,4992070.679,VIA GIUSEPPE GARIBALDI 43/B
3987,EP,,Somministrazione,somministrazione,1,1395635.673,4992171.994,VIA GIUSEPPE GARIBALDI 55
3988,EP,,Somministrazione,somministrazione,1,1395581.604,4992181.065,VIA GIUSEPPE GARIBALDI 57 scala A
3989,EP,,Somministrazione,somministrazione,10,1394042.391,4987616.2,PIAZZA TANCREDI GALIMBERTI 11
3990,EP,,Somministrazione,somministrazione,10,1394041.305,4987474.528,PIAZZA TANCREDI GALIMBERTI 14/C
3991,EP,,Somministrazione,somministrazione,17,1395535.299,4994488.165,VIA ERRICO GIACHINO 96/F
3992,EP,,Somministrazione,somministrazione,17,1395545.887,4994588.313,LARGO ERRICO GIACHINO 110/C
3993,EP,,Somministrazione,somministrazione,9,1394827.178,4986120.461,VIA GENOVA 217/A
3994,EP,,Somministrazione,somministrazione,1,1396172.191,4991895.119,VIA GIUSEPPE GARIBALDI 21/A
3995,EP,,Somministrazione,somministrazione,1,1396165.676,4991898.476,VIA GIUSEPPE GARIBALDI 21
3996,EP,,Somministrazione,somministrazione,1,1396061.636,4991952.614,VIA GIUSEPPE GARIBALDI 27/B
3997,EP,,Somministrazione,somministrazione,10,1394087.797,4987595.28,PIAZZA TANCREDI GALIMBERTI 15/C
3998,EP,,Somministrazione,somministrazione,10,1394102.767,4987446.429,PIAZZA TANCREDI GALIMBERTI 20
3999,EP,,Somministrazione,somministrazione,22,1396217.593,4988081.237,CORSO MONCALIERI 241/A
4000,EP,,DIA di somministrazione,somministrazione,2,1395887.205,4990054.536,VIA GIUSEPPE GIACOSA 4/G
4001,EP,,DIA di somministrazione,somministrazione,2,1396189.633,4989932.724,VIA GIUSEPPE GIACOSA 23
4002,EP,,Somministrazione,somministrazione,17,1395686.118,4994231.621,VIA ERRICO GIACHINO 60/C
4003,EP,,Somministrazione,somministrazione,9,1394923.624,4986488.443,VIA GENOVA 170
4004,EP,,Somministrazione,somministrazione,9,1394907.486,4986437.576,VIA GENOVA 178
4005,EP,,Somministrazione,somministrazione,1,1395815.039,4992092.858,VIA GIUSEPPE GARIBALDI 34/O
4006,EP,,Somministrazione,somministrazione,1,1395942.312,4992014.713,VIA GIUSEPPE GARIBALDI 35/E
4007,EP,,Somministrazione,somministrazione,1,1395727.696,4992137.71,VIA GIUSEPPE GARIBALDI 38/B
4008,EP,,Somministrazione,somministrazione,1,1395710.865,4992146.22,VIA GIUSEPPE GARIBALDI 38/G
4009,EP,,Somministrazione,somministrazione,1,1395705.371,4992148.998,VIA GIUSEPPE GARIBALDI 38/I
4010,EP,,Somministrazione,somministrazione,1,1395701.447,4992150.982,VIA GIUSEPPE GARIBALDI 40/A
4011,EP,,Somministrazione,somministrazione,1,1396336.24,4991809.786,VIA GIUSEPPE GARIBALDI 9 bis
4012,EP,,Somministrazione,somministrazione,12,1391831.354,4988260.548,VIA PAOLO GAIDANO 55/C
4013,EP,,Somministrazione,somministrazione,9,1395137.518,4987170.001,VIA GENOVA 94/A
4014,EP,,Somministrazione,somministrazione,9,1395122.506,4987123.134,VIA GENOVA 98/A
4015,EP,,DIA di somministrazione,somministrazione,9,1395122.506,4987123.134,VIA GENOVA 98/A
4016,EP,,Somministrazione,somministrazione,1,1396296.524,4991843.289,VIA GIUSEPPE GARIBALDI 10/B
4017,EP,,Somministrazione,somministrazione,1,1396209.697,4991875.574,VIA GIUSEPPE GARIBALDI 17/F
4018,EP,,DIA di somministrazione,somministrazione,17,1395827.547,4993993.579,VIA ERRICO GIACHINO 28/E
4019,EP,,Somministrazione,somministrazione,9,1395073.866,4986971.65,VIA GENOVA 114/B
4020,EP,,Somministrazione,somministrazione,9,1395246.73,4987458.104,VIA GENOVA 69/A
4021,EP,,DIA di somministrazione,somministrazione,17,1395740.965,4994137.693,VIA ERRICO GIACHINO 48/A
4022,EP,,Somministrazione,somministrazione,17,1395718.237,4994145.571,VIA ERRICO GIACHINO 53/D
4023,EP,,Somministrazione,somministrazione,9,1395188.45989446,4987272.43135379,VIA GENOVA 83/M
4024,EP,,Somministrazione,somministrazione,9,1395190.78,4987279.833,VIA GENOVA 83
4025,EP,,Somministrazione,somministrazione,1,1396464.152,4991743.426,VIA GIUSEPPE GARIBALDI 1/E
4026,EP,,Somministrazione,somministrazione,1,1396358.037,4991810.996,VIA GIUSEPPE GARIBALDI 8/C
4027,EP,,DIA di somministrazione,somministrazione,18,1396568.31847707,4993979.03238219,VIA FRANCESCO CIGNA 110
4028,EP,,Somministrazione,somministrazione,7,1395969.012,4992896.385,VIA FRANCESCO CIGNA 21 scala B
4029,EP,,DIA di somministrazione,somministrazione,11,1393248.828,4987668.754,CORSO COSENZA 22/D
4030,EP,,Somministrazione,somministrazione,1,1395992.68483105,4992104.73361644,VIA CORTE D'APPELLO 13/I
4031,EP,,DIA di somministrazione,somministrazione,1,1395984.06377472,4992109.37941705,VIA CORTE D'APPELLO 13
4032,EP,,Somministrazione,somministrazione,7,1395874.75431763,4992694.02438001,VIA FRANCESCO CIGNA 3/E
4033,EP,,Somministrazione,somministrazione,6,1394044.621,4993012.338,VIA LUIGI CIBRARIO 92/C
4034,EP,,DIA di somministrazione,somministrazione,6,1395079.31,4992442.543,LARGO LUIGI CIBRARIO 13/A
4035,EP,,Somministrazione,somministrazione,9,1394658.034,4985746.457,VIA CORRADO CORRADINO 4
4036,EP,,Somministrazione,somministrazione,6,1394643.415,4992679.857,VIA LUIGI CIBRARIO 41/C
4037,EP,,Somministrazione,somministrazione,6,1394610.699,4992696.938,VIA LUIGI CIBRARIO 45/C
4038,EP,,Somministrazione,somministrazione,6,1394593.307,4992706.018,VIA LUIGI CIBRARIO 45/H
4039,EP,,Somministrazione,somministrazione,6,1394533.472,4992759.787,VIA LUIGI CIBRARIO 50/D
4040,EP,,Somministrazione,somministrazione,18,1397355.637,4993779.326,VIA JACOPO FORONI 13/B
4041,EP,,Somministrazione,somministrazione,1,1396304.235,4991986.34,VIA CONTE VERDE 7
4042,EP,,Somministrazione,somministrazione,17,1396159.648,4995015.805,VIA MICHELE COPPINO 73/D
4043,EP,,DIA di somministrazione,somministrazione,1,1395993.559,4992307.086,VIA DELLA CONSOLATA 9/G
4044,EP,,Somministrazione,somministrazione,1,1396076.086,4992288.483,PIAZZA DELLA CONSOLATA 3/F
4045,EP,,Somministrazione,somministrazione,6,1394495.792,4992756.41,VIA LUIGI CIBRARIO 53/F
4046,EP,,Somministrazione,somministrazione,7,1395962.821,4993359.899,STRADA DEL FORTINO 36
4047,EP,,Somministrazione,somministrazione,5,1394162.63,4991349.989,CORSO FRANCESCO FERRUCCI 83/B
4048,EP,,Somministrazione,somministrazione,5,1394172.586,4991218.384,CORSO FRANCESCO FERRUCCI 95/B
4049,EP,,Somministrazione,somministrazione,5,1394242.436,4991964.729,CORSO FRANCESCO FERRUCCI 27/B
4050,EP,,DIA di somministrazione,somministrazione,11,1394060.458,4988443.277,CORSO GALILEO FERRARIS 247
4051,EP,,DIA di somministrazione,somministrazione,3,1394882.735,4990166.491,CORSO GALILEO FERRARIS 88
4052,EP,,Somministrazione,somministrazione,6,1395146.09,4992442.385,VIA LUIGI CIBRARIO 10/A
4053,EP,,DIA di somministrazione,somministrazione,12,1392200.925,4989172.562,VIA FORNO CANAVESE 5
4054,EP,,Somministrazione,somministrazione,6,1394916.468,4992538.622,VIA LUIGI CIBRARIO 23/A
4055,EP,,DIA di somministrazione,somministrazione,8,1398812.36387678,4992219.06173626,LUNGO DORA PIETRO COLLETTA 113 int. 10
4056,EP,,Somministrazione,somministrazione,14,1391428.59686729,4992988.19087369,STRADA ANTICA DI COLLEGNO 188/F
4057,EP,,DIA di somministrazione,somministrazione,17,1396075.667,4994638.521,VIA ARTURO COLAUTTI 9/C
4058,EP,,DIA di somministrazione,somministrazione,6,1394803.215,4992597.196,VIA LUIGI CIBRARIO 31 bis
4059,EP,,Somministrazione,somministrazione,6,1394727.76,4992658.944,VIA LUIGI CIBRARIO 36/E
4060,EP,,Somministrazione,somministrazione,23,1392232.53121279,4985544.19834596,VIA ARTURO FARINELLI 30/A
4061,EP,,Somministrazione,somministrazione,7,1396690.321,4993066.049,CORSO EMILIA 2/N
4062,EP,,Somministrazione,somministrazione,3,1394714.084,4990751.632,CORSO DUCA DEGLI ABRUZZI 26/B
4063,EP,,DIA di somministrazione,somministrazione,12,1392025.653,4987885.444,VIA PIETRO FRATTINI 11
4064,EP,,DIA di somministrazione,somministrazione,8,1398496.133,4992007.704,PIAZZA ANTONIO FONTANESI 6
4065,EP,,Somministrazione,somministrazione,1,1396543.796,4990909.832,VIA ANDREA DORIA 21/H
4066,EP,,Somministrazione,somministrazione,1,1396658.827,4991255.345,VIA MARIA VITTORIA 21/D
4067,EP,,Somministrazione,somministrazione,16,1395287.352,4998768.41,STRADA DEL FRANCESE 119/A
4068,EP,,Somministrazione,somministrazione,15,1393907.868,4995323.371,CORSO L. QUINZIO CINCINNATO 220/A
4069,EP,,Somministrazione,somministrazione,8,1398413.265,4991966.546,VIA ANTONIO FONTANESI 33/F
4070,EP,,Somministrazione,somministrazione,15,1394503.404,4995039.182,VIA FOLIGNO 105/D
4071,EP,,Somministrazione,somministrazione,15,1394493.471,4995043.964,VIA FOLIGNO 107
4072,EP,,Somministrazione,somministrazione,15,1394355.503,4995126.972,VIA FOLIGNO 114/C
4073,EP,,DIA di somministrazione,somministrazione,19,1397929.645,4997765.37,STRADA CUORGNE' 109
4074,EP,,Somministrazione,somministrazione,19,1398106.41,4997863.83,STRADA CUORGNE' 110 int. 1
4075,EP,,Somministrazione,somministrazione,15,1393333.767,4994924.364,CORSO L. QUINZIO CINCINNATO 160/A
4076,EP,,Somministrazione,somministrazione,18,1397909.282,4994279.345,VIA DOMENICO CIMAROSA 102/B
4077,EP,,DIA di somministrazione,somministrazione,8,1398054.181,4991586.803,VIA ANTONIO FONTANESI 1
4078,EP,,Somministrazione,somministrazione,15,1394581.96,4995001.354,VIA FOLIGNO 91
4079,EP,,Somministrazione,somministrazione,20,1398330.272,4993587.598,PIAZZA DOMENICO CIMAROSA 26/C
4080,EP,,Somministrazione,somministrazione,15,1393764.84,4994745.055,VIA FOGLIZZO 28/A
4081,EP,,Somministrazione,somministrazione,16,1395270.627,4994687.095,VIA FOLIGNO 20/F
4082,EP,,DIA di somministrazione,somministrazione,7,1397462.64671191,4992605.37378698,VIA FOGGIA 42
4083,EP,,Somministrazione,somministrazione,15,1393760.86,4994541.798,VIA FOGLIZZO 10/A
4084,EP,,DIA di somministrazione,somministrazione,10,1393313.548,4986158.452,CORSO BENEDETTO CROCE 21
4085,EP,,Somministrazione,somministrazione,18,1396855.071,4993693.475,PIAZZA FRANCESCO CRISPI 52/A
4086,EP,,Somministrazione,somministrazione,12,1391172.607,4988353.989,VIA CIMABUE 7/G
4087,EP,,Somministrazione,somministrazione,20,1398227.56,4993756.435,VIA DOMENICO CIMAROSA 40/H
4088,EP,,Somministrazione,somministrazione,20,1398141.629,4993901.363,VIA DOMENICO CIMAROSA 60/A
4089,EP,,Somministrazione,somministrazione,18,1396806.741,4994147.798,VIA FOSSATA 25/D
4090,EP,,Somministrazione,somministrazione,2,1395761.531,4988615.704,VIA PIO FOA' 86/A
4091,EP,,DIA di somministrazione,somministrazione,23,1392537.52,4985696.376,VIA ALESSANDRO FLEMING 20/A
4092,EP,,Somministrazione,somministrazione,18,1398097.821,4993921.41,VIA DOMENICO CIMAROSA 67/D
4093,EP,,DIA di somministrazione,somministrazione,6,1394720.432,4993323.693,VIA FOSSANO 8
4094,EP,,DIA di somministrazione,somministrazione,6,1394640.996,4993351.153,VIA FOSSANO 16
4095,EP,,Somministrazione,somministrazione,22,1397138.514,4990168.869,CORSO FIUME 2/A
4096,EP,,DIA di somministrazione,somministrazione,7,1396747.012,4992296.275,VIA GIANFRANCESCO FIOCHETTO 15
4097,EP,,Somministrazione,somministrazione,19,1397370.936,4994805.37,VIA GIOVANNI POGGIO 34/A
4098,EP,,Somministrazione,somministrazione,1,1395848.387,4990918.03,VIA ARSENALE 43/E
4099,EP,,Somministrazione,somministrazione,8,1397283.3137919,4991655.576043,VIA ARTISTI 1 bis
4100,EP,,DIA di somministrazione,somministrazione,10,1393581.289,4987605.198,VIA POIRINO 6
4101,EP,,DIA di somministrazione,somministrazione,10,1394722.942,4988802.612,VIA ROBERTO ARDIGO' 24
4102,EP,,Somministrazione,somministrazione,7,1396809.99,4993510.29,VIA PINEROLO 15
4103,EP,,Somministrazione,somministrazione,7,1396770.651,4993546.694,VIA PINEROLO 24/B
4104,EP,,DIA di somministrazione,somministrazione,8,1398753.08,4992351.97,VIA POLIZIANO 27/A
4105,EP,,Somministrazione,somministrazione,8,1398977.49,4992263.188,VIA POLIZIANO 54
4106,EP,,Somministrazione,somministrazione,4,1393583.502,4991016.262,VIA POLLENZO 10/A
4107,EP,,Somministrazione,somministrazione,4,1393556.075,4990989.555,VIA POLLENZO 11/B
4108,EP,,Somministrazione,somministrazione,13,1391639.551,4991817.749,CORSO FILIPPO BRUNELLESCHI 36/A
4109,EP,,DIA di somministrazione,somministrazione,6,1395331.392,4992719.814,VIA PIERDIONIGI PINELLI 4/A
4110,EP,,Somministrazione,somministrazione,4,1393192.088,4990830.568,VIA POLLENZO 58/D
4111,EP,,Somministrazione,somministrazione,3,1394857.203,4990278.655,VIA MARCO POLO 5/A
4112,EP,,Somministrazione,somministrazione,3,1394789.996,4990315.744,VIA MARCO POLO 9/A
4113,EP,,Somministrazione,somministrazione,7,1397200.717,4992816.502,CORSO BRESCIA 55/A
4114,EP,,DIA di somministrazione,somministrazione,7,1396863.11271442,4992951.37797494,CORSO BRESCIA 14/C
4115,EP,,Somministrazione,somministrazione,5,1394066.607,4991747.819,PIAZZA ADRIANO 6/E
4116,EP,,Somministrazione,somministrazione,22,1398216.94669057,4989623.04654988,PIAZZALE ADUA 6/C
4117,EP,,Somministrazione,somministrazione,4,1393303.004,4990866.011,VIA POLLENZO 37/B
4118,EP,,Somministrazione,somministrazione,4,1393293.682,4990861.604,VIA POLLENZO 39/A
4119,EP,,DIA di somministrazione,somministrazione,20,1398687.777,4994596.276,VIA SANDRO BOTTICELLI 130
4120,EP,,Somministrazione,somministrazione,7,1396400.624,4992635.352,VIA BORGO DORA 14/D
4121,EP,,Somministrazione,somministrazione,7,1396444.073,4992680.117,VIA BORGO DORA 24/B
4122,EP,,Somministrazione,somministrazione,7,1396383.77495828,4992602.77137414,VIA BORGO DORA 25/H
4123,EP,,DIA di somministrazione,somministrazione,9,1395108.7760938,4988382.97946922,VIA CHISOLA 28
4124,EP,,Somministrazione,somministrazione,1,1396724.11,4991454.16,VIA CONTE GIAMBATTISTA BOGINO 4
4125,EP,,DIA di somministrazione,somministrazione,21,1399845.282,4991525.75,VIA GIOVANNI BOCCACCIO 80/C
4126,EP,,DIA di somministrazione,somministrazione,21,1399656.381,4991470.314,VIA GIOVANNI BOCCACCIO 59/B
4127,EP,,Somministrazione,somministrazione,7,1397254.465,4992202.187,VIA PISA 41/D
4128,EP,,DIA di somministrazione,somministrazione,7,1397263.644,4992187.425,VIA PISA 43
4129,EP,,Somministrazione,somministrazione,1,1397038.174,4990872.455,VIA GIOVANNI PLANA 11/N
4130,EP,,Somministrazione,somministrazione,2,1395875.887,4989688.505,VIA GIORGIO BIDONE 14 bis/C
4131,EP,,Somministrazione,somministrazione,23,1391503.939,4985864.947,VIA PLAVA 42/F
4132,EP,,Somministrazione,somministrazione,23,1391346.53,4985943.999,VIA PLAVA 62
4133,EP,,DIA di somministrazione,somministrazione,23,1391312.553,4985930.501,VIA PLAVA 75
4134,EP,,DIA di somministrazione,somministrazione,23,1390748.443,4986286.648,VIA PLAVA 80
4135,EP,,DIA di somministrazione,somministrazione,5,1394746.31504811,4991695.15201168,VIA GIOVANNI CARLO CAVALLI 6
4136,EP,,Somministrazione,somministrazione,6,1394081.496,4992528.576,VIA BIANZE' 11/C
4137,EP,,DIA di somministrazione,somministrazione,23,1390427.059,4986472.437,VIA PLAVA 92
4138,EP,,Somministrazione,somministrazione,2,1395906.451,4989661.415,VIA BELFIORE 48/E
4139,EP,,Somministrazione,somministrazione,1,1396727.477,4991535.11,VIA PO 4/D
4140,EP,,Somministrazione,somministrazione,1,1396750.877,4991513.066,VIA PO 8/C
4141,EP,,Somministrazione,somministrazione,1,1396768.007,4991496.366,VIA PO 8 bis/C
4142,EP,,Somministrazione,somministrazione,1,1396788.649,4991476.961,VIA PO 10/D
4143,EP,,Somministrazione,somministrazione,1,1396762.964,4991550.955,VIA PO 11 scala A
4144,EP,,Somministrazione,somministrazione,1,1396798.477,4991467.724,VIA PO 12/C
4145,EP,,DIA di somministrazione,somministrazione,2,1395509.042,4988675.083,VIA MADAMA CRISTINA 134
4146,EP,,Somministrazione,somministrazione,10,1393116.479,4986324.696,VIA PIOBESI 7/A
4147,EP,,Somministrazione,somministrazione,10,1393078.734,4986148.617,VIA PIOBESI 19
4148,EP,,Somministrazione,somministrazione,1,1396863.303,4991405.877,VIA PO 18/B
4149,EP,,Somministrazione,somministrazione,1,1396934.811,4991338.091,VIA PO 20/A
4150,EP,,Somministrazione,somministrazione,1,1396856.306,4991453.338,VIA PO 21
4151,EP,,Somministrazione,somministrazione,1,1396898.382,4991414.727,VIA PO 25/L
4152,EP,,Somministrazione,somministrazione,21,1399623.422,4991526.805,CORSO CASALE 194/O
4153,EP,,Somministrazione,somministrazione,1,1396322.816,4991720.868,VIA GIUSEPPE BARBAROUX 5
4154,EP,,DIA di somministrazione,somministrazione,19,1398753.511,4997852.813,VIA DEI PIOPPI 45
4155,EP,,Somministrazione,somministrazione,1,1396988.628,4991287.343,VIA PO 26/A
4156,EP,,Somministrazione,somministrazione,1,1396905.496,4991407.998,VIA PO 27/B
4157,EP,,Somministrazione,somministrazione,1,1396914.394,4991399.57,VIA PO 27/D
4158,EP,,Somministrazione,somministrazione,1,1396996.075,4991280.244,VIA PO 28/A
4159,EP,,Somministrazione,somministrazione,1,1397037.858,4991241.522,VIA PO 32/A
4160,EP,,Somministrazione,somministrazione,1,1397040.537,4991239.03,VIA PO 32/B
4161,EP,,Somministrazione,somministrazione,1,1397002.743,4991316.089,VIA PO 35/I
4162,EP,,Somministrazione,somministrazione,14,1392362.25615179,4992774.7336179,VIA VALENTINO CARRERA 50/B
4163,EP,,Somministrazione,somministrazione,1,1396469.156,4991123.718,VIA CARLO ALBERTO 29 scala B
4164,EP,,Somministrazione,somministrazione,1,1396455.77,4991095.946,VIA CARLO ALBERTO 31 scala A
4165,EP,,Somministrazione,somministrazione,1,1397080.96,4991241.446,VIA PO 43/D
4166,EP,,DIA di somministrazione,somministrazione,1,1397111.502,4991172.165,VIA PO 46/C
4167,EP,,Somministrazione,somministrazione,1,1397111.502,4991172.165,VIA PO 46/C
4168,EP,,Somministrazione,somministrazione,1,1397127.477,4991198.526,VIA PO 51/C
4169,EP,,Somministrazione,somministrazione,1,1397168.679,4991159.614,VIA PO 57
4170,EP,,Somministrazione,somministrazione,13,1390861.88125,4991672.36770833,VIA ASIAGO 39/A
4171,EP,,Somministrazione,somministrazione,10,1393789.096,4986411.582,VIA PIO VII 97/A
4172,EP,,DIA di somministrazione,somministrazione,10,1393199.125,4986848.047,VIA PODGORA 28
4173,EP,,Somministrazione,somministrazione,1,1395968.649,4991509.598,VIA GIOVANNI PRATI 1
4174,EP,,Somministrazione,somministrazione,5,1393613.454,4992190.158,CORSO RACCONIGI 6 bis/B
4175,EP,,Somministrazione,somministrazione,5,1393550.21041667,4991971.390625,CORSO RACCONIGI 20
4176,EP,,Somministrazione,somministrazione,19,1397494.281,4994975.722,VIA NICOLA PORPORA 21/A
4177,EP,,Somministrazione,somministrazione,19,1397523.767,4994846.615,VIA NICOLA PORPORA 26/E
4178,EP,,Somministrazione,somministrazione,5,1393544.027,4991950.198,CORSO RACCONIGI 22 bis/B
4179,EP,,Somministrazione,somministrazione,5,1393498.871,4991794.045,CORSO RACCONIGI 30/D
4180,EP,,Somministrazione,somministrazione,5,1393495.189,4991781.217,CORSO RACCONIGI 30/H
4181,EP,,DIA di somministrazione,somministrazione,19,1397571.713,4995100.685,VIA NICOLA PORPORA 29 int. 23/A
4182,EP,,DIA di somministrazione,somministrazione,19,1397611.508,4995008.798,VIA NICOLA PORPORA 39 int. 17
4183,EP,,DIA di somministrazione,somministrazione,22,1397608.154,4990038.208,VIA PRINCIPESSA FELICITA DI SAVOIA 8 int. 11
4184,EP,,DIA di somministrazione,somministrazione,22,1397602.686,4990032.202,VIA PRINCIPESSA FELICITA DI SAVOIA 8 int. 12
4185,EP,,Somministrazione,somministrazione,5,1394876.818,4992281.078,VIA PRINCIPI D'ACAJA 12 bis/A
4186,EP,,Somministrazione,somministrazione,5,1394894.41,4992271.619,VIA PRINCIPI D'ACAJA 15 bis/A
4187,EP,,Somministrazione,somministrazione,5,1393484.97,4991745.615,CORSO RACCONIGI 32
4188,EP,,Somministrazione,somministrazione,5,1393413.074,4991531.68,CORSO RACCONIGI 48/F
4189,EP,,Somministrazione,somministrazione,5,1393420.977,4991489.414,CORSO RACCONIGI 50/D
4190,EP,,Somministrazione,somministrazione,20,1397650.64478308,4994718.61537441,VIA NICOLA PORPORA 51/A
4191,EP,,Somministrazione,somministrazione,20,1397666.4534153,4994692.61808044,VIA NICOLA PORPORA 55
4192,EP,,DIA di somministrazione,somministrazione,8,1399580.001,4991797.797,VIA VINCENZO PORRI 7
4193,EP,,Somministrazione,somministrazione,15,1391890.304,4995315.754,VIA DELLE PRIMULE 36 scala E
4194,EP,,DIA di somministrazione,somministrazione,1,1396423.259,4991485.347,VIA PRINCIPE AMEDEO 2
4195,EP,,Somministrazione,somministrazione,1,1396467.656,4991472.696,VIA PRINCIPE AMEDEO 3/E
4196,EP,,DIA di somministrazione,somministrazione,1,1396528.171,4991427.161,VIA PRINCIPE AMEDEO 8/A
4197,EP,,Somministrazione,somministrazione,5,1394877.83,4992239.432,VIA PRINCIPI D'ACAJA 23/C
4198,EP,,Somministrazione,somministrazione,5,1394764.835,4992066.956,VIA PRINCIPI D'ACAJA 30/E
4199,EP,,DIA di somministrazione,somministrazione,5,1394790.307,4992071.285,VIA PRINCIPI D'ACAJA 37
4200,EP,,Somministrazione,somministrazione,5,1394790.307,4992071.285,VIA PRINCIPI D'ACAJA 37
4201,EP,,Somministrazione,somministrazione,4,1393373.161,4991065.898,CORSO RACCONIGI 113/C
4202,EP,,Somministrazione,somministrazione,4,1393357.174,4991006.336,CORSO RACCONIGI 120 bis/D
4203,EP,,DIA di somministrazione,somministrazione,4,1393374.416,4990960.266,CORSO RACCONIGI 121/B
4204,EP,,Somministrazione,somministrazione,1,1396717.023,4991334.702,VIA PRINCIPE AMEDEO 11/N
4205,EP,,Somministrazione,somministrazione,1,1396629.513,4991370.187,VIA PRINCIPE AMEDEO 14/B
4206,EP,,Somministrazione,somministrazione,1,1396704.294,4991328.971,VIA PRINCIPE AMEDEO 18 bis/H
4207,EP,,Somministrazione,somministrazione,1,1396740.32,4991309.039,VIA PRINCIPE AMEDEO 22/C
4208,EP,,Somministrazione,somministrazione,1,1396903.994,4991230.839,VIA PRINCIPE AMEDEO 25/D
4209,EP,,Somministrazione,somministrazione,5,1394645.889,4991837.015,VIA PRINCIPI D'ACAJA 42/B
4210,EP,,Somministrazione,somministrazione,5,1394624.803,4991796.567,VIA PRINCIPI D'ACAJA 44/B
4211,EP,,Somministrazione,somministrazione,5,1394716.611,4991929.96,VIA PRINCIPI D'ACAJA 49/A
4212,EP,,Somministrazione,somministrazione,4,1393338.375,4990945.852,CORSO RACCONIGI 126/A
4213,EP,,Somministrazione,somministrazione,4,1393375.094,4990886.795,CORSO RACCONIGI 127/E
4214,EP,,DIA di somministrazione,somministrazione,4,1393375.753,4990846.841,CORSO RACCONIGI 131
4215,EP,,Somministrazione,somministrazione,4,1393339.398,4990867.77,CORSO RACCONIGI 132
4216,EP,,Somministrazione,somministrazione,4,1393340.45833333,4990783.9046875,CORSO RACCONIGI 140/D
4217,EP,,Somministrazione,somministrazione,1,1396379.095,4991942.528,VIA PORTA PALATINA 9/G
4218,EP,,Somministrazione,somministrazione,1,1396845.277,4991250.406,VIA PRINCIPE AMEDEO 28/P
4219,EP,,Somministrazione,somministrazione,1,1397020.567,4991139.912,VIA PRINCIPE AMEDEO 44 scala A
4220,EP,,Somministrazione,somministrazione,5,1394699.062,4991895.699,VIA PRINCIPI D'ACAJA 53/A
4221,EP,,Somministrazione,somministrazione,5,1394673.116,4991845.139,VIA PRINCIPI D'ACAJA 57/D
4222,EP,,Somministrazione,somministrazione,5,1394645.232,4991792.64,VIA PRINCIPI D'ACAJA 61/D
4223,EP,,Somministrazione,somministrazione,5,1394631.671,4991766.606,VIA PRINCIPI D'ACAJA 65/A
4224,EP,,Somministrazione,somministrazione,7,1396581.59,4992398.824,VIA CLEMENTE DAMIANO PRIOCCA 4/D
4225,EP,,Somministrazione,somministrazione,4,1393371.663,4991176.541,CORSO RACCONIGI 101/B
4226,EP,,DIA di somministrazione,somministrazione,23,1392564.899,4986130.416,VIA PORTOFINO 30 int. 6
4227,EP,,DIA di somministrazione,somministrazione,12,1390877.47083333,4987534.60416667,STRADA DEL PORTONE 18
4228,EP,,Somministrazione,somministrazione,1,1397126.495,4991106.578,VIA PRINCIPE AMEDEO 53/E
4229,EP,,Somministrazione,somministrazione,7,1396611.689,4992456.215,VIA CLEMENTE DAMIANO PRIOCCA 10/E
4230,EP,,Somministrazione,somministrazione,13,1391566.637,4991462.018,VIA POSTUMIA 19/A
4231,EP,,Somministrazione,somministrazione,1,1395653.658,4992583.754,CORSO PRINCIPE EUGENIO 10/D
4232,EP,,Somministrazione,somministrazione,1,1395435.945,4992465.763,CORSO PRINCIPE EUGENIO 17/E
4233,EP,,Somministrazione,somministrazione,1,1395438.87,4992466.658,CORSO PRINCIPE EUGENIO 17
4234,EP,,Somministrazione,somministrazione,13,1391291.836,4991331.63,STRADA DELLA PRONDA 20/B
4235,EP,,Somministrazione,somministrazione,5,1394064.99232366,4991408.00784996,VIA POLONGHERA 29
4236,EP,,Somministrazione,somministrazione,5,1394079.992,4991136.095,VIA POLONGHERA 57/E
4237,EP,,Somministrazione,somministrazione,9,1395668.359,4987803.369,PIAZZA POLONIA 0/A
4238,EP,,DIA di somministrazione,somministrazione,9,1395673.356,4987704.206,PIAZZA POLONIA 94
4239,EP,,DIA di somministrazione,somministrazione,12,1392221.711,4987827.161,VIA CARLO POMA 2
4240,EP,,DIA di somministrazione,somministrazione,13,1391485.275,4991474.034,VIA POSTUMIA 28
4241,EP,,Somministrazione,somministrazione,7,1395541.82349825,4992905.40187347,CORSO PRINCIPE ODDONE 32/A
4242,EP,,DIA di somministrazione,somministrazione,13,1390965.1078125,4991308.65,STRADA DELLA PRONDA 52 int. 94
4243,EP,,DIA di somministrazione,somministrazione,13,1390899.611,4991301.313,STRADA DELLA PRONDA 66 int. 4 bis
4244,EP,,DIA di somministrazione,somministrazione,7,1395649.252,4993122.183,CORSO PRINCIPE ODDONE 50
4245,EP,,Somministrazione,somministrazione,7,1395727.435,4993271.142,CORSO PRINCIPE ODDONE 60/A
4246,EP,,DIA di somministrazione,somministrazione,1,1396365.197,4990761.047,VIA GIUSEPPE POMBA 7/M
4247,EP,,DIA di somministrazione,somministrazione,7,1395773.778,4993363.591,CORSO PRINCIPE ODDONE 68
4248,EP,,DIA di somministrazione,somministrazione,7,1395956.472,4993717.4,CORSO PRINCIPE ODDONE 92 bis
4249,EP,,Somministrazione,somministrazione,1,1396792.312,4990757.269,VIA ANDREA PROVANA 1/E
4250,EP,,Somministrazione,somministrazione,1,1396776.23958333,4990727.4203125,VIA ANDREA PROVANA 3/D
4251,EP,,Somministrazione,somministrazione,1,1396477.121,4990945.795,VIA GIUSEPPE POMBA 14/G
4252,EP,,DIA di somministrazione,somministrazione,1,1396511.721,4991037.789,VIA GIUSEPPE POMBA 21
4253,EP,,Somministrazione,somministrazione,18,1397729.957,4993501.084,VIA AMILCARE PONCHIELLI 16/S
4254,EP,,Somministrazione,somministrazione,2,1396346.317,4990465.903,VIA PRINCIPE TOMMASO 3/G
4255,EP,,Somministrazione,somministrazione,2,1396323.163,4990446.922,VIA PRINCIPE TOMMASO 6/E
4256,EP,,Somministrazione,somministrazione,2,1396299.102,4990373.548,VIA PRINCIPE TOMMASO 11/B
4257,EP,,DIA di somministrazione,somministrazione,19,1399607.275,4995626.416,VIA PUGLIA 35
4258,EP,,DIA di somministrazione,somministrazione,19,1399805.396,4995695.483,VIA PUGLIA 59
4259,EP,,Somministrazione,somministrazione,18,1397960.905,4993427.742,VIA AMILCARE PONCHIELLI 32/B
4260,EP,,DIA di somministrazione,somministrazione,18,1397993.672,4993412.49,VIA AMILCARE PONCHIELLI 36/B
4261,EP,,DIA di somministrazione,somministrazione,18,1398185.044,4993322.913,VIA AMILCARE PONCHIELLI 56
4262,EP,,Somministrazione,somministrazione,15,1394695.043,4995218.031,CORSO POTENZA 173
4263,EP,,DIA di somministrazione,somministrazione,16,1394781.82,4995254.917,CORSO POTENZA 192/D
4264,EP,,Somministrazione,somministrazione,2,1396258.754,4990319.827,VIA PRINCIPE TOMMASO 14 bis
4265,EP,,Somministrazione,somministrazione,2,1396255.246,4990312.921,VIA PRINCIPE TOMMASO 16/A
4266,EP,,Somministrazione,somministrazione,2,1396192.645,4990189.215,VIA PRINCIPE TOMMASO 22
4267,EP,,DIA di somministrazione,somministrazione,2,1396237.161,4990247.51,VIA PRINCIPE TOMMASO 25
4268,EP,,Somministrazione,somministrazione,2,1396169.282,4990142.459,VIA PRINCIPE TOMMASO 26/G
4269,EP,,Somministrazione,somministrazione,2,1396190.883,4990159.595,VIA PRINCIPE TOMMASO 31/E
4270,EP,,Somministrazione,somministrazione,13,1390358.943,4992074.01,VIA QUARTO DEI MILLE 8/A
4271,EP,,Somministrazione,somministrazione,13,1392080.575,4992131.398,VIA POZZO STRADA 4/D
4272,EP,,DIA di somministrazione,somministrazione,2,1396031.453,4989783.341,VIA PRINCIPE TOMMASO 55
4273,EP,,DIA di somministrazione,somministrazione,6,1395336.287,4992766.408,VIA PRINCIPESSA CLOTILDE 3
4274,EP,,DIA di somministrazione,somministrazione,6,1395208.487,4992842.21,VIA PRINCIPESSA CLOTILDE 20
4275,EP,,DIA di somministrazione,somministrazione,6,1395153.503,4992855.28,VIA PRINCIPESSA CLOTILDE 23 bis/A
4276,EP,,Somministrazione,somministrazione,23,1391626.989,4986271.186,VIA PRAMOLLO 6/A
4277,EP,,Somministrazione,somministrazione,23,1391667.729,4986228.254,VIA PRAMOLLO 9/C
4278,EP,,Somministrazione,somministrazione,9,1395381.499,4987495.265,VIA PROSPERO RICHELMY 15/A
4279,EP,,Somministrazione,somministrazione,7,1397263.494,4992316.612,CORSO REGIO PARCO 26/D
4280,EP,,Somministrazione,somministrazione,7,1397503.258,4992501.742,CORSO REGIO PARCO 35/F
4281,EP,,Somministrazione,somministrazione,7,1397536.33288257,4992521.76515657,CORSO REGIO PARCO 39
4282,EP,,Somministrazione,somministrazione,12,1392116.012,4989171.981,VIA GUIDO RENI 111/A
4283,EP,,Somministrazione,somministrazione,12,1392107.551,4989037.728,VIA GUIDO RENI 125/B
4284,EP,,Somministrazione,somministrazione,17,1396006.394,4994120.659,VIA DEL RIDOTTO 11/A
4285,EP,,Somministrazione,somministrazione,7,1397585.779,4992511.968,CORSO REGIO PARCO 52
4286,EP,,Somministrazione,somministrazione,18,1398610.71679246,4993166.76669038,CORSO REGIO PARCO 87/B
4287,EP,,Somministrazione,somministrazione,12,1392076.326,4988691.711,VIA GUIDO RENI 171/B
4288,EP,,Somministrazione,somministrazione,13,1390566.01,4992010.511,VIA RIETI 21/A
4289,EP,,Somministrazione,somministrazione,13,1390558.661,4991818.148,VIA RIETI 34/B
4290,EP,,Somministrazione,somministrazione,20,1398902.928,4993972.662,CORSO REGIO PARCO 159/B
4291,EP,,Somministrazione,somministrazione,20,1398905.315,4994006.082,CORSO REGIO PARCO 161/F
4292,EP,,DIA di somministrazione,somministrazione,12,1392135.031,4988291.508,VIA GUIDO RENI 213 int. 16
4293,EP,,Somministrazione,somministrazione,12,1392046.656,4988288.575,VIA GUIDO RENI 217/D
4294,EP,,Somministrazione,somministrazione,13,1390560.938,4991760.571,VIA RIETI 40/C
4295,EP,,DIA di somministrazione,somministrazione,13,1390575.778,4991764.835,VIA RIETI 47/C
4296,EP,,Somministrazione,somministrazione,1,1395738.084,4991132.563,CORSO RE UMBERTO 9/I
4297,EP,,Somministrazione,somministrazione,20,1398939.434,4994135.555,CORSO REGIO PARCO 168/C
4298,EP,,Somministrazione,somministrazione,7,1397127.145,4992206.434,LARGO REGIO PARCO 14/A
4299,EP,,Somministrazione,somministrazione,12,1392038.414,4988179.09,VIA GUIDO RENI 231/D
4300,EP,,Somministrazione,somministrazione,3,1395334.865,4990475.376,CORSO RE UMBERTO 42/M
4301,EP,,DIA di somministrazione,somministrazione,17,1397390.77173182,4996087.82089774,VIA GUGLIELMO REISS ROMOLI 44 int. 10
4302,EP,,Somministrazione,somministrazione,17,1397110.399,4995766.936,VIA GUGLIELMO REISS ROMOLI 50/A
4303,EP,,Somministrazione,somministrazione,1,1396308.743,4992199.89,PIAZZA DELLA REPUBBLICA 1/G
4304,EP,,Somministrazione,somministrazione,1,1396327.931,4992239.564,PIAZZA DELLA REPUBBLICA 3/A
4305,EP,,DIA di somministrazione,somministrazione,23,1394149.593,4985205.682,VIA FRANCESCO RISMONDO 10/A
4306,EP,,DIA di somministrazione,somministrazione,3,1395247.625,4990309.317,CORSO RE UMBERTO 54
4307,EP,,Somministrazione,somministrazione,3,1395223.142,4990262.912,CORSO RE UMBERTO 56/L
4308,EP,,Somministrazione,somministrazione,17,1396961.819,4995836.364,VIA GUGLIELMO REISS ROMOLI 64 bis/B
4309,EP,,Somministrazione,somministrazione,1,1396301.593,4992267.795,PIAZZA DELLA REPUBBLICA 3/M
4310,EP,,Somministrazione,somministrazione,7,1396327.391,4992420.644,PIAZZA DELLA REPUBBLICA 9/C
4311,EP,,Somministrazione,somministrazione,7,1396329.567,4992425.18,PIAZZA DELLA REPUBBLICA 9/D
4312,EP,,Somministrazione,somministrazione,1,1396503.178,4992262.357,PIAZZA DELLA REPUBBLICA 10/F
4313,EP,,DIA di somministrazione,somministrazione,23,1392140.705,4985740.576,VIA GIUSEPPE RIGOLA 7 scala A
4314,EP,,Somministrazione,somministrazione,3,1395096.917,4990022.432,CORSO RE UMBERTO 76/D
4315,EP,,DIA di somministrazione,somministrazione,17,1396729.673,4995938.736,VIA GUGLIELMO REISS ROMOLI 102
4316,EP,,Somministrazione,somministrazione,17,1396694.286,4995954.329,VIA GUGLIELMO REISS ROMOLI 108
4317,EP,,Somministrazione,somministrazione,17,1396635.68,4995980.152,VIA GUGLIELMO REISS ROMOLI 114/F
4318,EP,,DIA di somministrazione,somministrazione,7,1396488.43,4992429.299,PIAZZA DELLA REPUBBLICA 18/F
4319,EP,,Somministrazione,somministrazione,7,1396500.628,4992467.133,PIAZZA DELLA REPUBBLICA 24/B
4320,EP,,Somministrazione,somministrazione,1,1396478.143,4992261.799,PIAZZA DELLA REPUBBLICA 26 int. 1
4321,EP,,Somministrazione,somministrazione,7,1396457.852,4992350.943,PIAZZA DELLA REPUBBLICA 30
4322,EP,,Somministrazione,somministrazione,18,1398010.764,4994150.986,PIAZZA OTTORINO RESPIGHI 2/C
4323,EP,,Somministrazione,somministrazione,3,1394747.752,4989590.467,LARGO RE UMBERTO 124/B
4324,EP,,Somministrazione,somministrazione,18,1398043.54,4994079.665,PIAZZA OTTORINO RESPIGHI 5/E
4325,EP,,Somministrazione,somministrazione,18,1397978.717,4994056.964,PIAZZA OTTORINO RESPIGHI 9
4326,EP,,Somministrazione,somministrazione,4,1393464.786,4990424.238,CORSO RACCONIGI 173/C
4327,EP,,DIA di somministrazione,somministrazione,1,1396605.978,4991882.779,PIAZZETTA REALE 1
4328,EP,,Somministrazione,somministrazione,19,1397348.839,4995112.364,PIAZZA REBAUDENGO CONTI 2/A
4329,EP,,Somministrazione,somministrazione,4,1393622.458,4990067.757,CORSO RACCONIGI 219/A
4330,EP,,DIA di somministrazione,somministrazione,16,1395458.835,4996190.427,VIA GUGLIELMO REISS ROMOLI 274
4331,EP,,Somministrazione,somministrazione,16,1395458.835,4996190.427,VIA GUGLIELMO REISS ROMOLI 274
4332,EP,,DIA di somministrazione,somministrazione,5,1393596.261,4991205.283,VIA REVELLO 55
4333,EP,,Somministrazione,somministrazione,4,1393755.525,4989767.938,CORSO RACCONIGI 245/B
4334,EP,,Somministrazione,somministrazione,2,1395721.041,4989644.882,CORSO RAFFAELLO 0/C
4335,EP,,Somministrazione,somministrazione,2,1395759.831,4989652.479,CORSO RAFFAELLO 5/C
4336,EP,,DIA di somministrazione,somministrazione,19,1397452.03,4995378.034,PIAZZA REBAUDENGO CONTI 22
4337,EP,,DIA di somministrazione,somministrazione,12,1392148.568,4989680.127,VIA GUIDO RENI 53
4338,EP,,Somministrazione,somministrazione,2,1395870.344,4989596.978,CORSO RAFFAELLO 15/B
4339,EP,,Somministrazione,somministrazione,2,1396010.519,4989526.777,CORSO RAFFAELLO 21 bis/A
4340,EP,,Somministrazione,somministrazione,2,1396056.443,4989503.78,CORSO RAFFAELLO 25/E
4341,EP,,Somministrazione,somministrazione,2,1396098.704,4989482.336,CORSO RAFFAELLO 29
4342,EP,,DIA di somministrazione,somministrazione,8,1399096.114,4992504.438,VIA ERNESTO RAGAZZONI 5
4343,EP,,Somministrazione,somministrazione,7,1397262.588,4992076.484,VIA REGGIO 3
4344,EP,,Somministrazione,somministrazione,7,1397296.918,4992092.141,VIA REGGIO 4/M
4345,EP,,Somministrazione,somministrazione,7,1397280.746,4992085.752,VIA REGGIO 5/B
4346,EP,,Somministrazione,somministrazione,7,1397315.975,4992118.904,VIA REGGIO 6/C
4347,EP,,DIA di somministrazione,somministrazione,8,1398109.185,4991775.906,VIA BETTINO RICASOLI 30
4348,EP,,Somministrazione,somministrazione,1,1396240.326,4990856.804,VIA URBANO RATTAZZI 1/L
4349,EP,,Somministrazione,somministrazione,1,1396237.655,4990851.566,VIA URBANO RATTAZZI 1 bis
4350,EP,,Somministrazione,somministrazione,1,1396232.572,4990841.6,VIA URBANO RATTAZZI 3/A
4351,EP,,Somministrazione,somministrazione,1,1396210.945,4990799.191,VIA URBANO RATTAZZI 5/F
4352,EP,,Somministrazione,somministrazione,1,1396196.425,4990770.721,VIA URBANO RATTAZZI 11/F
4353,EP,,Somministrazione,somministrazione,1,1396189.119,4990756.394,VIA URBANO RATTAZZI 11/H
4354,EP,,Somministrazione,somministrazione,7,1396921.277,4992148.859,CORSO REGIO PARCO 1
4355,EP,,DIA di somministrazione,somministrazione,7,1397275.348,4992363.364,CORSO REGIO PARCO 19
4356,EP,,DIA di somministrazione,somministrazione,12,1391642.293,4989180.505,VIA GUIDO RENI 96 int. 140
4357,EP,,Somministrazione,somministrazione,12,1391642.293,4989180.505,VIA GUIDO RENI 96 int. 140
4358,EP,,Somministrazione,somministrazione,1,1397202.942,4990952.917,VIA DELLA ROCCA 2/O
4359,EP,,Somministrazione,somministrazione,1,1397169.779,4990917.194,VIA DELLA ROCCA 4/I
4360,EP,,Somministrazione,somministrazione,1,1397131.988,4990895.073,VIA DELLA ROCCA 10 scala A
4361,EP,,Somministrazione,somministrazione,1,1397130.977,4990875.886,VIA DELLA ROCCA 10/G
4362,EP,,Somministrazione,somministrazione,18,1397196.024,4994363.692,VIA LAURO ROSSI 12 bis/D
4363,EP,,Somministrazione,somministrazione,18,1397121.058,4994379.387,VIA LAURO ROSSI 27/A
4364,EP,,Somministrazione,somministrazione,2,1396284.398,4990598.752,VIA S. ANSELMO 2
4365,EP,,Somministrazione,somministrazione,2,1396266.984,4990564.96,VIA S. ANSELMO 4/F
4366,EP,,Somministrazione,somministrazione,1,1397085.853,4990802.228,VIA DELLA ROCCA 19/F
4367,EP,,DIA di somministrazione,somministrazione,1,1397001.773,4990687.068,VIA DELLA ROCCA 20
4368,EP,,Somministrazione,somministrazione,1,1396982.258,4990655.21,VIA DELLA ROCCA 22/B
4369,EP,,Somministrazione,somministrazione,1,1397008.742,4990674.971,VIA DELLA ROCCA 29
4370,EP,,Somministrazione,somministrazione,18,1396987.795,4994438.175,VIA LAURO ROSSI 39/D
4371,EP,,DIA di somministrazione,somministrazione,2,1396218.518,4990444.335,VIA S. ANSELMO 9/H
4372,EP,,Somministrazione,somministrazione,2,1396205.622,4990394.203,VIA S. ANSELMO 13 scala A
4373,EP,,Somministrazione,somministrazione,18,1397026.013,4994605.097,VIA RONDISSONE 28/A
4374,EP,,Somministrazione,somministrazione,1,1396934.087,4991418.654,VIA GIOACHINO ROSSINI 1/I
4375,EP,,Somministrazione,somministrazione,1,1396996.415,4991513.426,VIA GIOACHINO ROSSINI 12/A
4376,EP,,DIA di somministrazione,somministrazione,1,1397042.158,4991626.433,VIA GIOACHINO ROSSINI 15
4377,EP,,Somministrazione,somministrazione,2,1396138.776,4990260.47,VIA S. ANSELMO 28/F
4378,EP,,Somministrazione,somministrazione,2,1396119.952,4990196.022,VIA S. ANSELMO 34/B
4379,EP,,DIA di somministrazione,somministrazione,1,1396854.185,4990401.931,VIA DELLA ROCCA 49
4380,EP,,Somministrazione,somministrazione,9,1394756.351,4986255.642,VIA ROCCA DE' BALDI 1/C
4381,EP,,Somministrazione,somministrazione,8,1397156.711,4991849.708,VIA GIOACHINO ROSSINI 21 bis/C
4382,EP,,Somministrazione,somministrazione,1,1395028.499,4991440.591,VIA S. ANTONIO DA PADOVA 3
4383,EP,,Somministrazione,somministrazione,1,1394950.229,4991495.665,VIA S. ANTONIO DA PADOVA 14/B
4384,EP,,Somministrazione,somministrazione,6,1394010.117,4992446.934,VIA ROSTA 9/C
4385,EP,,DIA di somministrazione,somministrazione,18,1398005.646,4993823.782,PIAZZA AUGUSTO ROSTAGNI 3/G
4386,EP,,Somministrazione,somministrazione,1,1397044.422,4991112.554,VIA DELLE ROSINE 6/D
4387,EP,,Somministrazione,somministrazione,1,1397000.229,4991029.579,VIA DELLE ROSINE 10/I
4388,EP,,DIA di somministrazione,somministrazione,1,1396979.889,4990991.57,VIA DELLE ROSINE 14
4389,EP,,DIA di somministrazione,somministrazione,2,1395532.166,4989240.914,VIA ANTONIO ROSMINI 1/G
4390,EP,,Somministrazione,somministrazione,23,1390382.996,4986230.214,VIA GIOVANNI ROVEDA 18/D
4391,EP,,Somministrazione,somministrazione,13,1392697.77,4992089.622,VIA S. ANTONINO 12/B
4392,EP,,Somministrazione,somministrazione,3,1394868.319,4989463.919,CORSO CARLO E NELLO ROSSELLI 1/E
4393,EP,,DIA di somministrazione,somministrazione,11,1392846.243,4989699.809,VIA ROVERETO 21
4394,EP,,Somministrazione,somministrazione,3,1394693.746,4989558.366,CORSO CARLO E NELLO ROSSELLI 33/B
4395,EP,,Somministrazione,somministrazione,11,1392799.285,4989190.762,VIA ROVERETO 79/C
4396,EP,,DIA di somministrazione,somministrazione,23,1393612.278,4985362.376,VIA FRANCESCO RISMONDO 68
4397,EP,,Somministrazione,somministrazione,6,1393939.687,4992641.498,PIAZZA RISORGIMENTO 2/C
4398,EP,,Somministrazione,somministrazione,6,1394032.961,4992947.636,VIA ROCCIAMELONE 17/B
4399,EP,,Somministrazione,somministrazione,1,1395963.997,4991685.591,VIA RODI 2/D
4400,EP,,Somministrazione,somministrazione,3,1394329.726,4989716.078,CORSO CARLO E NELLO ROSSELLI 82
4401,EP,,Somministrazione,somministrazione,3,1394298.513,4989726.91,CORSO CARLO E NELLO ROSSELLI 86
4402,EP,,Somministrazione,somministrazione,4,1393859.715,4990100.019,VIA RIVALTA 23/E
4403,EP,,Somministrazione,somministrazione,1,1397312.516,4991307.901,VIA ERCOLE TOMMASO ROERO DI CORTANZE 0/F
4404,EP,,Somministrazione,somministrazione,4,1393992.406,4989797.268,CORSO CARLO E NELLO ROSSELLI 101/A
4405,EP,,Somministrazione,somministrazione,13,1392903.654,4992055.979,VIA RUBIANA 16/D
4406,EP,,Somministrazione,somministrazione,4,1393795.581,4990131.04,VIA RIVALTA 33/A
4407,EP,,Somministrazione,somministrazione,4,1393727.885,4990163.516,VIA RIVALTA 39/C
4408,EP,,Somministrazione,somministrazione,4,1393723.708,4990185.29,VIA RIVALTA 50/A
4409,EP,,Somministrazione,somministrazione,4,1393970.75,4989804.812,CORSO CARLO E NELLO ROSSELLI 101 bis/D
4410,EP,,Somministrazione,somministrazione,4,1393977.393,4989802.498,CORSO CARLO E NELLO ROSSELLI 101 bis
4411,EP,,Somministrazione,somministrazione,4,1393631.037,4990209.836,VIA RIVALTA 51/A
4412,EP,,Somministrazione,somministrazione,4,1393779.112,4989871.218,CORSO CARLO E NELLO ROSSELLI 127/B
4413,EP,,Somministrazione,somministrazione,14,1393193.525,4993049.221,VIA ROMAGNANO 9 bis/D
4414,EP,,Somministrazione,somministrazione,4,1393247.652,4990093.312,CORSO CARLO E NELLO ROSSELLI 174/B
4415,EP,,Somministrazione,somministrazione,4,1393063.718,4990156.866,CORSO CARLO E NELLO ROSSELLI 196/A
4416,EP,,Somministrazione,somministrazione,1,1396063.19,4992004.079,VIA S. AGOSTINO 4/B
4417,EP,,Somministrazione,somministrazione,1,1396072.195,4992021.885,VIA S. AGOSTINO 6
4418,EP,,Somministrazione,somministrazione,1,1396136.783,4992153.989,VIA S. AGOSTINO 13/G
4419,EP,,DIA di somministrazione,somministrazione,1,1396136.783,4992153.989,VIA S. AGOSTINO 13/G
4420,EP,,Somministrazione,somministrazione,1,1396150.511,4992180.521,VIA S. AGOSTINO 17/F
4421,EP,,Somministrazione,somministrazione,5,1393249.683,4992181.994,PIAZZA RIVOLI 7
4422,EP,,Somministrazione,somministrazione,13,1393171.32,4992226.465,PIAZZA RIVOLI 11/D
4423,EP,,Somministrazione,somministrazione,14,1393191.47,4992321.164,PIAZZA RIVOLI 14/C
4424,EP,,Somministrazione,somministrazione,1,1396177.434,4992235.885,VIA S. AGOSTINO 23/M
4425,EP,,Somministrazione,somministrazione,1,1396188.278,4992264.077,VIA S. AGOSTINO 25/B
4426,EP,,DIA di somministrazione,somministrazione,1,1396173.113,4992207.905,VIA S. AGOSTINO 26
4427,EP,,Somministrazione,somministrazione,13,1392380.51535008,4992022.6591233,VIA S. AMBROGIO 21/E
4428,EP,,Somministrazione,somministrazione,4,1393394.931,4990649.085,PIAZZA DI ROBILANT CARLO 1/E
4429,EP,,DIA di somministrazione,somministrazione,4,1393405.006,4990618.533,PIAZZA DI ROBILANT CARLO 5
4430,EP,,DIA di somministrazione,somministrazione,4,1393312.108,4990567.898,PIAZZA DI ROBILANT CARLO 16
4431,EP,,DIA di somministrazione,somministrazione,22,1396888.167,4987064.504,STRADA DEI RONCHI 27
4432,EP,,DIA di somministrazione,somministrazione,22,1396996.206,4987054.995,STRADA DEI RONCHI 36
4433,EP,,DIA di somministrazione,somministrazione,4,1392642.182,4990183.869,VIA S. PAOLO 169
4434,EP,,Somministrazione,somministrazione,4,1392908.083,4990361.836,LARGO S. PAOLO 125/G
4435,EP,,Somministrazione,somministrazione,2,1396121.917,4990615.257,VIA S. PIO V 2/A
4436,EP,,Somministrazione,somministrazione,2,1396157.75,4990596.784,VIA S. PIO V 4
4437,EP,,DIA di somministrazione,somministrazione,6,1395224.491,4992469.896,VIA S. DONATO 3
4438,EP,,Somministrazione,somministrazione,6,1395197.206,4992522.576,VIA S. DONATO 6
4439,EP,,Somministrazione,somministrazione,6,1395170.233,4992551.711,VIA S. DONATO 8/C
4440,EP,,Somministrazione,somministrazione,8,1397118.292,4991804.608,CORSO S. MAURIZIO 23/B
4441,EP,,Somministrazione,somministrazione,1,1397299.638,4991472.511,CORSO S. MAURIZIO 24/C
4442,EP,,Somministrazione,somministrazione,8,1397143.353,4991767.565,CORSO S. MAURIZIO 25
4443,EP,,Somministrazione,somministrazione,8,1397177.235,4991717.52,CORSO S. MAURIZIO 31/F
4444,EP,,Somministrazione,somministrazione,1,1397369.764,4991345.894,CORSO S. MAURIZIO 34/B
4445,EP,,Somministrazione,somministrazione,2,1396207.848,4990569.985,VIA S. PIO V 8/C
4446,EP,,Somministrazione,somministrazione,2,1396210.832,4990568.409,VIA S. PIO V 8
4447,EP,,Somministrazione,somministrazione,6,1395120.565,4992606.374,VIA S. DONATO 14/A
4448,EP,,Somministrazione,somministrazione,6,1395075.522,4992655.387,VIA S. DONATO 22/B
4449,EP,,Somministrazione,somministrazione,6,1395015.238,4992688.662,VIA S. DONATO 23/D
4450,EP,,Somministrazione,somministrazione,8,1397599.768,4991515.007,VIA S. GIULIA 48/D
4451,EP,,Somministrazione,somministrazione,8,1397651.241,4991490.712,PIAZZA S. GIULIA 0/B
4452,EP,,Somministrazione,somministrazione,8,1397616.935,4991536.222,PIAZZA S. GIULIA 1/E
4453,EP,,Somministrazione,somministrazione,1,1397533.866,4991103.688,CORSO S. MAURIZIO 50/E
4454,EP,,Somministrazione,somministrazione,8,1397328.632,4991493.435,CORSO S. MAURIZIO 51/C
4455,EP,,Somministrazione,somministrazione,8,1397360.056,4991448.873,CORSO S. MAURIZIO 55/A
4456,EP,,Somministrazione,somministrazione,8,1397387.306,4991406.576,CORSO S. MAURIZIO 61/D
4457,EP,,Somministrazione,somministrazione,8,1397421.915,4991355.1,CORSO S. MAURIZIO 63/F
4458,EP,,DIA di somministrazione,somministrazione,2,1396517.675,4990406.246,VIA S. PIO V 30/B
4459,EP,,Somministrazione,somministrazione,1,1395913.794,4990977.157,VIA S. QUINTINO 1 bis/F
4460,EP,,Somministrazione,somministrazione,1,1395967.27552083,4990962.46302083,VIA S. QUINTINO 2/F
4461,EP,,Somministrazione,somministrazione,6,1395002.418,4992697.097,VIA S. DONATO 25
4462,EP,,DIA di somministrazione,somministrazione,6,1394955.449,4992727.056,VIA S. DONATO 31
4463,EP,,Somministrazione,somministrazione,8,1397630.165,4991550.229,PIAZZA S. GIULIA 5/A
4464,EP,,DIA di somministrazione,somministrazione,8,1397628.555,4991548.525,PIAZZA S. GIULIA 5
4465,EP,,DIA di somministrazione,somministrazione,8,1397656.068,4991560.125,PIAZZA S. GIULIA 7
4466,EP,,Somministrazione,somministrazione,8,1397707.855,4991604.91,PIAZZA S. GIULIA 11/F
4467,EP,,Somministrazione,somministrazione,8,1397471.646,4991281.535,CORSO S. MAURIZIO 69/B
4468,EP,,Somministrazione,somministrazione,8,1397505.756,4991231.073,CORSO S. MAURIZIO 69 bis/G
4469,EP,,DIA di somministrazione,somministrazione,20,1399631.0,4994807.871,STRADA S. MAURO 4
4470,EP,,Somministrazione,somministrazione,1,1395788.413,4991056.303,VIA S. QUINTINO 8/P
4471,EP,,Somministrazione,somministrazione,1,1395633.135,4991124.815,VIA S. QUINTINO 15
4472,EP,,Somministrazione,somministrazione,6,1394813.069,4992818.059,VIA S. DONATO 45/D
4473,EP,,Somministrazione,somministrazione,6,1394760.067,4992851.468,VIA S. DONATO 49
4474,EP,,DIA di somministrazione,somministrazione,22,1398313.399,4990038.648,STRADA S. MARGHERITA 77
4475,EP,,DIA di somministrazione,somministrazione,20,1399932.805,4994852.107,STRADA S. MAURO 42
4476,EP,,Somministrazione,somministrazione,20,1399951.14,4994879.885,STRADA S. MAURO 43
4477,EP,,Somministrazione,somministrazione,1,1395357.499,4991268.622,VIA S. QUINTINO 33/B
4478,EP,,Somministrazione,somministrazione,6,1394757.064,4992871.265,VIA S. DONATO 58 bis/B
4479,EP,,DIA di somministrazione,somministrazione,6,1394656.093,4992935.774,VIA S. DONATO 68
4480,EP,,Somministrazione,somministrazione,6,1394610.863,4992964.643,VIA S. DONATO 70/A
4481,EP,,Somministrazione,somministrazione,6,1394600.613,4992971.219,VIA S. DONATO 70/D
4482,EP,,DIA di somministrazione,somministrazione,22,1399104.13,4989576.237,STRADA S. MARGHERITA 242
4483,EP,,Somministrazione,somministrazione,20,1400466.666,4994955.658,STRADA S. MAURO 95/D
4484,EP,,Somministrazione,somministrazione,12,1392597.063,4987549.267,VIA SANREMO 58/F
4485,EP,,DIA di somministrazione,somministrazione,12,1392587.74583333,4987454.94270834,VIA SANREMO 67
4486,EP,,Somministrazione,somministrazione,11,1393387.954,4989025.546,PIAZZA S. RITA DA CASCIA 6/A
4487,EP,,Somministrazione,somministrazione,11,1393386.018,4989050.913,PIAZZA S. RITA DA CASCIA 7/C
4488,EP,,DIA di somministrazione,somministrazione,6,1394371.07395833,4993075.271875,VIA S. DONATO 97
4489,EP,,Somministrazione,somministrazione,13,1391923.39,4990507.349,VIA S. MARIA MAZZARELLO 76/A
4490,EP,,Somministrazione,somministrazione,1,1395587.752,4991148.253,VIA S. QUINTINO 19
4491,EP,,Somministrazione,somministrazione,1,1396346.518,4991494.581,GALLERIA S. FEDERICO 14
4492,EP,,Somministrazione,somministrazione,1,1396354.623,4991510.958,GALLERIA S. FEDERICO 19
4493,EP,,DIA di somministrazione,somministrazione,1,1396329.063,4991482.456,GALLERIA S. FEDERICO 33
4494,EP,,Somministrazione,somministrazione,13,1391973.63,4990403.15,VIA S. MARIA MAZZARELLO 94/D
4495,EP,,DIA di somministrazione,somministrazione,11,1393568.319,4987864.198,VIA S. MARINO 10
4496,EP,,DIA di somministrazione,somministrazione,11,1393456.527,4987955.776,VIA S. MARINO 30
4497,EP,,Somministrazione,somministrazione,20,1400943.678,4995025.46,STRADA S. MAURO 145/C
4498,EP,,Somministrazione,somministrazione,20,1401073.82,4995044.631,STRADA S. MAURO 161
4499,EP,,Somministrazione,somministrazione,4,1393530.453,4990742.387,VIA S. BERNARDINO 9/D
4500,EP,,DIA di somministrazione,somministrazione,4,1393295.634,4990783.44,VIA S. BERNARDINO 34/C
4501,EP,,Somministrazione,somministrazione,1,1396193.989,4991872.943,VIA S. FRANCESCO D'ASSISI 1/C
4502,EP,,Somministrazione,somministrazione,1,1396137.236,4991768.635,VIA S. FRANCESCO D'ASSISI 11/E
4503,EP,,DIA di somministrazione,somministrazione,1,1396098.879,4991727.718,VIA S. FRANCESCO D'ASSISI 14
4504,EP,,Somministrazione,somministrazione,1,1396048.92836144,4991616.84470683,VIA S. FRANCESCO D'ASSISI 19/C
4505,EP,,Somministrazione,somministrazione,11,1393262.713,4988096.21,VIA S. MARINO 50
4506,EP,,Somministrazione,somministrazione,20,1401209.409375,4995064.18489583,STRADA S. MAURO 177/A
4507,EP,,DIA di somministrazione,somministrazione,20,1401418.92177503,4995069.05254176,STRADA S. MAURO 194
4508,EP,,DIA di somministrazione,somministrazione,1,1396352.365,4991307.407,PIAZZA S. CARLO 183
4509,EP,,DIA di somministrazione,somministrazione,1,1396344.68,4991293.151,PIAZZA S. CARLO 191
4510,EP,,Somministrazione,somministrazione,1,1396344.68,4991293.151,PIAZZA S. CARLO 191
4511,EP,,Somministrazione,somministrazione,1,1396332.947,4991271.401,PIAZZA S. CARLO 205
4512,EP,,Somministrazione,somministrazione,11,1393108.522,4988151.667,VIA S. MARINO 67/B
4513,EP,,Somministrazione,somministrazione,11,1392993.305,4988209.643,VIA S. MARINO 81/B
4514,EP,,Somministrazione,somministrazione,20,1401601.609,4995095.005,STRADA S. MAURO 214/B
4515,EP,,Somministrazione,somministrazione,1,1396324.078,4991255.015,PIAZZA S. CARLO 217
4516,EP,,DIA di somministrazione,somministrazione,1,1396200.932,4992180.267,VIA S. CHIARA 5
4517,EP,,Somministrazione,somministrazione,1,1396815.858,4991416.188,VIA S. FRANCESCO DA PAOLA 2/F
4518,EP,,Somministrazione,somministrazione,1,1396808.586,4991401.874,VIA S. FRANCESCO DA PAOLA 4/B
4519,EP,,Somministrazione,somministrazione,1,1396804.819,4991394.34,VIA S. FRANCESCO DA PAOLA 4/D
4520,EP,,Somministrazione,somministrazione,1,1396738.822,4991239.233,VIA S. FRANCESCO DA PAOLA 9/A
4521,EP,,Somministrazione,somministrazione,11,1392904.414,4988276.896,VIA S. MARINO 90/C
4522,EP,,Somministrazione,somministrazione,20,1401641.044,4995126.071,STRADA S. MAURO 223/C
4523,EP,,Somministrazione,somministrazione,20,1401787.162,4995147.16,STRADA S. MAURO 237/A
4524,EP,,DIA di somministrazione,somministrazione,1,1395891.995,4992337.664,VIA S. CHIARA 36
4525,EP,,DIA di somministrazione,somministrazione,1,1396549.391,4990867.355,VIA S. FRANCESCO DA PAOLA 23
4526,EP,,DIA di somministrazione,somministrazione,1,1396627.321,4991046.929,VIA S. FRANCESCO DA PAOLA 24
4527,EP,,Somministrazione,somministrazione,1,1395245.859,4992230.766,CORSO S. MARTINO 2 scala A
4528,EP,,Somministrazione,somministrazione,1,1395285.347,4992179.286,CORSO S. MARTINO 5/F
4529,EP,,Somministrazione,somministrazione,1,1395263.032,4992136.216,CORSO S. MARTINO 7/B
4530,EP,,Somministrazione,somministrazione,1,1395261.075,4992132.452,CORSO S. MARTINO 7/C
4531,EP,,Somministrazione,somministrazione,1,1395222.172,4992154.063,CORSO S. MARTINO 8/G
4532,EP,,DIA di somministrazione,somministrazione,1,1397162.25776182,4991279.38538106,VIA S. OTTAVIO 7
4533,EP,,Somministrazione,somministrazione,1,1397204.079,4991347.518,VIA S. OTTAVIO 13/B
4534,EP,,Somministrazione,somministrazione,1,1397219.41145833,4991374.59791667,VIA S. OTTAVIO 15/D
4535,EP,,Somministrazione,somministrazione,8,1397322.665,4991514.701,VIA S. OTTAVIO 32/B
4536,EP,,Somministrazione,somministrazione,8,1397345.673,4991539.238,VIA S. OTTAVIO 34/B
4537,EP,,Somministrazione,somministrazione,1,1395451.819,4992550.124,VIA S. CHIARA 45/H
4538,EP,,Somministrazione,somministrazione,1,1395576.171,4992500.375,VIA S. CHIARA 54
4539,EP,,Somministrazione,somministrazione,1,1396410.163,4990668.986,VIA S. FRANCESCO DA PAOLA 46 scala B
4540,EP,,Somministrazione,somministrazione,1,1395258.374,4992127.267,CORSO S. MARTINO 9/A
4541,EP,,DIA di somministrazione,somministrazione,1,1395258.374,4992127.267,CORSO S. MARTINO 9/A
4542,EP,,Somministrazione,somministrazione,1,1397002.048,4991253.476,VIA S. MASSIMO 2/E
4543,EP,,Somministrazione,somministrazione,1,1396998.227,4991246.449,VIA S. MASSIMO 4/A
4544,EP,,Somministrazione,somministrazione,1,1396990.345,4991231.904,VIA S. MASSIMO 4/F
4545,EP,,Somministrazione,somministrazione,1,1396972.734,4991175.131,VIA S. MASSIMO 7/B
4546,EP,,Somministrazione,somministrazione,8,1397369.269,4991581.383,VIA S. OTTAVIO 37/A
4547,EP,,Somministrazione,somministrazione,8,1397405.646,4991602.422,VIA S. OTTAVIO 44/A
4548,EP,,Somministrazione,somministrazione,8,1397470.99,4991689.444,VIA S. OTTAVIO 51
4549,EP,,Somministrazione,somministrazione,8,1397513.378,4991716.939,VIA S. OTTAVIO 56/F
4550,EP,,Somministrazione,somministrazione,1,1396722.757,4991146.958,VIA S. CROCE 2/A
4551,EP,,Somministrazione,somministrazione,1,1395930.41005175,4991943.67001235,VIA S. DALMAZZO 8/A
4552,EP,,Somministrazione,somministrazione,1,1395919.088,4991905.969,VIA S. DALMAZZO 9 bis/A
4553,EP,,Somministrazione,somministrazione,11,1393893.565,4988201.822,PIAZZALE S. GABRIELE DI GORIZIA 210
4554,EP,,DIA di somministrazione,somministrazione,19,1397353.093,4995070.532,VIA S. GERMANO 5
4555,EP,,Somministrazione,somministrazione,1,1396969.12,4991168.447,VIA S. MASSIMO 7
4556,EP,,DIA di somministrazione,somministrazione,1,1396951.118,4991135.157,VIA S. MASSIMO 11/C
4557,EP,,Somministrazione,somministrazione,1,1396951.118,4991135.157,VIA S. MASSIMO 11/C
4558,EP,,Somministrazione,somministrazione,1,1396938.782,4991112.344,VIA S. MASSIMO 13/E
4559,EP,,Somministrazione,somministrazione,1,1396916.684,4991071.471,VIA S. MASSIMO 17/H
4560,EP,,Somministrazione,somministrazione,8,1397514.856,4991736.361,VIA S. OTTAVIO 57/C
4561,EP,,Somministrazione,somministrazione,5,1394117.027,4991081.986,VIA S. PAOLO 3/A
4562,EP,,DIA di somministrazione,somministrazione,5,1394069.76932176,4991017.90545667,VIA S. PAOLO 5 int. 4
4563,EP,,Somministrazione,somministrazione,5,1394091.301,4991037.553,VIA S. PAOLO 5 int. 5
4564,EP,,Somministrazione,somministrazione,5,1394045.482,4991049.177,VIA S. PAOLO 6/D
4565,EP,,Somministrazione,somministrazione,1,1395899.652,4991893.426,VIA S. DALMAZZO 14/A
4566,EP,,Somministrazione,somministrazione,1,1396250.713,4992070.426,VIA S. DOMENICO 3/B
4567,EP,,Somministrazione,somministrazione,1,1396236.41,4992081.003,VIA S. DOMENICO 4/C
4568,EP,,Somministrazione,somministrazione,1,1396215.552,4992088.835,VIA S. DOMENICO 6/B
4569,EP,,Somministrazione,somministrazione,1,1396200.633,4992087.732,VIA S. DOMENICO 7/D
4570,EP,,Somministrazione,somministrazione,13,1390437.217,4992072.436,VIA S. GIORGIO CANAVESE 3/A
4571,EP,,Somministrazione,somministrazione,1,1396669.092,4990635.536,VIA S. MASSIMO 34/I
4572,EP,,Somministrazione,somministrazione,1,1396630.859,4990564.28,VIA S. MASSIMO 42/D
4573,EP,,Somministrazione,somministrazione,5,1394050.455,4991034.174,VIA S. PAOLO 9
4574,EP,,Somministrazione,somministrazione,5,1394034.01,4991021.996,VIA S. PAOLO 11/B
4575,EP,,Somministrazione,somministrazione,4,1393861.725,4990893.643,VIA S. PAOLO 33/D
4576,EP,,Somministrazione,somministrazione,1,1396153.219,4992119.085,VIA S. DOMENICO 12/B
4577,EP,,Somministrazione,somministrazione,1,1395832.473,4992273.99,VIA S. DOMENICO 23/B
4578,EP,,Somministrazione,somministrazione,1,1395932.446,4992235.01,VIA S. DOMENICO 24/F
4579,EP,,Somministrazione,somministrazione,1,1395791.974,4992294.363,VIA S. DOMENICO 25/G
4580,EP,,DIA di somministrazione,somministrazione,8,1397128.692,4991905.954,VIA S. GIULIA 5 scala B
4581,EP,,Somministrazione,somministrazione,1,1396626.26,4990532.578,VIA S. MASSIMO 53
4582,EP,,Somministrazione,somministrazione,8,1396987.334,4991998.428,CORSO S. MAURIZIO 5/B
4583,EP,,Somministrazione,somministrazione,4,1393857.883,4990890.858,VIA S. PAOLO 35/A
4584,EP,,Somministrazione,somministrazione,4,1393645.343,4990753.427,VIA S. PAOLO 52/B
4585,EP,,Somministrazione,somministrazione,1,1395751.808,4992327.033,VIA S. DOMENICO 32 ter/A
4586,EP,,Somministrazione,somministrazione,1,1395735.57681157,4992335.7242163,VIA S. DOMENICO 34
4587,EP,,Somministrazione,somministrazione,1,1395720.391,4992343.857,VIA S. DOMENICO 34 bis/F
4588,EP,,Somministrazione,somministrazione,1,1395561.826,4992426.025,VIA S. DOMENICO 40
4589,EP,,Somministrazione,somministrazione,8,1397370.387,4991746.666,VIA S. GIULIA 21 bis
4590,EP,,DIA di somministrazione,somministrazione,1,1397132.771,4991691.072,CORSO S. MAURIZIO 8
4591,EP,,Somministrazione,somministrazione,1,1397246.743,4991528.46,CORSO S. MAURIZIO 18 bis
4592,EP,,Somministrazione,somministrazione,1,1396140.634,4991525.84,VIA S. TERESA 16/D
4593,EP,,Somministrazione,somministrazione,2,1395748.439,4989464.957,VIA SALUZZO 86 bis/B
4594,EP,,Somministrazione,somministrazione,2,1395727.465,4989347.737,VIA SALUZZO 89/F
4595,EP,,DIA di somministrazione,somministrazione,1,1396109.523,4991541.834,VIA S. TERESA 20
4596,EP,,Somministrazione,somministrazione,1,1396312.629,4991800.485,VIA S. TOMMASO 2/E
4597,EP,,Somministrazione,somministrazione,1,1396290.392,4991753.951,VIA S. TOMMASO 6/E
4598,EP,,DIA di somministrazione,somministrazione,18,1397295.216,4994535.6,VIA SALASSA 23
4599,EP,,Somministrazione,somministrazione,14,1392624.514,4992280.985,VIA SALBERTRAND 3/C
4600,EP,,Somministrazione,somministrazione,2,1395671.22,4989198.629,VIA SALUZZO 106
4601,EP,,Somministrazione,somministrazione,2,1396018.629,4990306.282,LARGO SALUZZO 25/F
4602,EP,,Somministrazione,somministrazione,2,1396022.249,4990299.708,LARGO SALUZZO 25/H
4603,EP,,Somministrazione,somministrazione,2,1395966.286,4990285.039,LARGO SALUZZO 36 scala A
4604,EP,,Somministrazione,somministrazione,2,1395981.981,4990273.668,LARGO SALUZZO 36/F
4605,EP,,Somministrazione,somministrazione,18,1397594.056,4994158.944,VIA SANTHIA' 57
4606,EP,,Somministrazione,somministrazione,1,1396275.85,4991725.3100000005,VIA S. TOMMASO 10/A
4607,EP,,DIA di somministrazione,somministrazione,1,1396267.292,4991708.904,VIA S. TOMMASO 10/E
4608,EP,,Somministrazione,somministrazione,1,1396267.292,4991708.904,VIA S. TOMMASO 10/E
4609,EP,,Somministrazione,somministrazione,1,1396177.586,4991563.654,VIA S. TOMMASO 20/D
4610,EP,,Somministrazione,somministrazione,1,1396172.43,4991554.806,VIA S. TOMMASO 22/B
4611,EP,,Somministrazione,somministrazione,17,1396216.682,4994540.743,VIA SAORGIO 22/B
4612,EP,,Somministrazione,somministrazione,17,1396091.453,4994563.815,VIA SAORGIO 36/A
4613,EP,,DIA di somministrazione,somministrazione,22,1399126.877,4989551.392,STRADA S. VINCENZO 144
4614,EP,,DIA di somministrazione,somministrazione,18,1397460.688,4994572.465,VIA SANDIGLIANO 2/E
4615,EP,,DIA di somministrazione,somministrazione,18,1397435.678,4994567.633,VIA SANDIGLIANO 5/A
4616,EP,,Somministrazione,somministrazione,16,1395368.14,4995276.718,VIA SAORGIO 139/B
4617,EP,,DIA di somministrazione,somministrazione,22,1396927.894,4989385.253,STRADA S. VITO REVIGLIASCO 34
4618,EP,,Somministrazione,somministrazione,15,1392622.112,4994882.436,VIA ANDREA SANSOVINO 5/E
4619,EP,,Somministrazione,somministrazione,7,1395792.915,4993003.414,VIA SALERNO 29
4620,EP,,DIA di somministrazione,somministrazione,20,1399051.765,4994005.592,VIA EMILIO SALGARI 8/A
4621,EP,,Somministrazione,somministrazione,6,1394069.91,4992728.894,VIA S. ROCCHETTO 34
4622,EP,,Somministrazione,somministrazione,22,1396197.19775044,4987873.16174878,VIA SABAUDIA 4
4623,EP,,DIA di somministrazione,somministrazione,22,1396197.19775044,4987873.16174878,VIA SABAUDIA 4
4624,EP,,Somministrazione,somministrazione,22,1396346.505,4987728.134,VIA SABAUDIA 21/B
4625,EP,,Somministrazione,somministrazione,22,1396427.738,4987652.332,VIA SABAUDIA 25/A
4626,EP,,DIA di somministrazione,somministrazione,22,1396447.926,4987642.444,VIA SABAUDIA 25 bis
4627,EP,,Somministrazione,somministrazione,15,1393317.028,4995339.71,VIA ANDREA SANSOVINO 116/A
4628,EP,,Somministrazione,somministrazione,15,1393323.434,4995390.97,VIA ANDREA SANSOVINO 121/A
4629,EP,,Somministrazione,somministrazione,22,1396545.963,4987108.825,VIA S. ROCCO 24
4630,EP,,DIA di somministrazione,somministrazione,21,1399753.371,4991641.556,VIA S. SEBASTIANO PO 6
4631,EP,,Somministrazione,somministrazione,5,1393710.246,4991084.74,PIAZZA SABOTINO 6/A
4632,EP,,Somministrazione,somministrazione,5,1393686.995,4991099.9,PIAZZA SABOTINO 8/A
4633,EP,,DIA di somministrazione,somministrazione,6,1394991.886,4992587.722,VIA GASPARE SACCARELLI 6
4634,EP,,Somministrazione,somministrazione,6,1395045.598,4992691.709,VIA GASPARE SACCARELLI 14/B
4635,EP,,Somministrazione,somministrazione,16,1393499.475,4995535.79,VIA ANDREA SANSOVINO 145/B
4636,EP,,Somministrazione,somministrazione,3,1395776.434,4990784.793,VIA S. SECONDO 5/D
4637,EP,,Somministrazione,somministrazione,3,1395768.098,4990769.049,VIA S. SECONDO 7/B
4638,EP,,Somministrazione,somministrazione,3,1395765.577,4990764.287,VIA S. SECONDO 7
4639,EP,,Somministrazione,somministrazione,3,1395758.504,4990750.927,VIA S. SECONDO 7 bis/B
4640,EP,,Somministrazione,somministrazione,3,1395732.83,4990726.641,VIA S. SECONDO 10/A
4641,EP,,Somministrazione,somministrazione,6,1395084.161,4992791.93,VIA GASPARE SACCARELLI 21
4642,EP,,Somministrazione,somministrazione,3,1395896.488,4990815.931,VIA PAOLO SACCHI 2/A
4643,EP,,Somministrazione,somministrazione,3,1395880.418,4990785.718,VIA PAOLO SACCHI 2 bis/G
4644,EP,,Somministrazione,somministrazione,3,1395871.026,4990767.738,VIA PAOLO SACCHI 4/C
4645,EP,,Somministrazione,somministrazione,2,1396113.124,4990605.536,VIA SALUZZO 5
4646,EP,,DIA di somministrazione,somministrazione,16,1394111.505,4995997.408,VIA ANDREA SANSOVINO 242
4647,EP,,Somministrazione,somministrazione,3,1395699.904,4990664.661,VIA S. SECONDO 16
4648,EP,,Somministrazione,somministrazione,3,1395646.873,4990540.586,VIA S. SECONDO 19/H
4649,EP,,DIA di somministrazione,somministrazione,3,1395846.409,4990721.283,VIA PAOLO SACCHI 8
4650,EP,,Somministrazione,somministrazione,3,1395808.091,4990648.549,VIA PAOLO SACCHI 16/B
4651,EP,,Somministrazione,somministrazione,3,1395801.093,4990635.165,VIA PAOLO SACCHI 16/F
4652,EP,,Somministrazione,somministrazione,3,1395703.826,4990451.805,VIA PAOLO SACCHI 28/B
4653,EP,,Somministrazione,somministrazione,2,1396083.665,4990572.929,VIA SALUZZO 10
4654,EP,,Somministrazione,somministrazione,2,1396041.998,4990431.783,VIA SALUZZO 17
4655,EP,,DIA di somministrazione,somministrazione,16,1393934.31,4996066.666,VIA ANDREA SANSOVINO 243 int. 25 int. A
4656,EP,,DIA di somministrazione,somministrazione,16,1393760.75374251,4995987.21086478,VIA ANDREA SANSOVINO 243 int. 55 int. N
4657,EP,,Somministrazione,somministrazione,3,1395635.007,4990545.071,VIA S. SECONDO 26/F
4658,EP,,Somministrazione,somministrazione,3,1395615.791,4990508.251,VIA S. SECONDO 30/C
4659,EP,,DIA di somministrazione,somministrazione,3,1395700.791,4990446.013,VIA PAOLO SACCHI 28
4660,EP,,Somministrazione,somministrazione,3,1395673.032,4990393.157,VIA PAOLO SACCHI 30/A
4661,EP,,Somministrazione,somministrazione,3,1395598.579,4990251.232,VIA PAOLO SACCHI 42/D
4662,EP,,Somministrazione,somministrazione,3,1395540.431,4990140.342,VIA PAOLO SACCHI 50/D
4663,EP,,DIA di somministrazione,somministrazione,2,1396021.279,4990360.572,VIA SALUZZO 23
4664,EP,,Somministrazione,somministrazione,2,1396014.152,4990336.185,VIA SALUZZO 23 bis
4665,EP,,Somministrazione,somministrazione,2,1396013.136,4990370.419,VIA SALUZZO 30/D
4666,EP,,Somministrazione,somministrazione,2,1396010.379,4990360.967,VIA SALUZZO 30/F
4667,EP,,Somministrazione,somministrazione,2,1395987.5,4990344.507,VIA SALUZZO 32 scala A
4668,EP,,DIA di somministrazione,somministrazione,16,1394127.917,4996010.804,VIA ANDREA SANSOVINO 244 int. 1
4669,EP,,Somministrazione,somministrazione,16,1394169.229,4996062.009,VIA ANDREA SANSOVINO 252/B
4670,EP,,Somministrazione,somministrazione,3,1395457.736,4990186.465,VIA S. SECONDO 43/A
4671,EP,,Somministrazione,somministrazione,3,1395507.359,4990079.854,VIA PAOLO SACCHI 56/B
4672,EP,,Somministrazione,somministrazione,3,1395485.09,4990006.126,VIA PAOLO SACCHI 63
4673,EP,,DIA di somministrazione,somministrazione,3,1395485.09,4990006.126,VIA PAOLO SACCHI 63
4674,EP,,Somministrazione,somministrazione,3,1395421.275,4989974.955,VIA PAOLO SACCHI 66/D
4675,EP,,Somministrazione,somministrazione,2,1396005.047,4990342.69,VIA SALUZZO 32 bis/A
4676,EP,,Somministrazione,somministrazione,2,1395967.149,4990212.616,VIA SALUZZO 42/B
4677,EP,,Somministrazione,somministrazione,2,1395960.67,4990190.361,VIA SALUZZO 42 bis/A
4678,EP,,DIA di somministrazione,somministrazione,3,1395505.535,4990302.118,VIA S. SECONDO 52
4679,EP,,Somministrazione,somministrazione,3,1395471.181,4990236.914,VIA S. SECONDO 58/C
4680,EP,,Somministrazione,somministrazione,5,1393888.675,4991983.168,VIA AURELIO SAFFI 27/A
4681,EP,,DIA di somministrazione,somministrazione,2,1395913.139,4990028.245,VIA SALUZZO 50
4682,EP,,Somministrazione,somministrazione,13,1392237.203,4991635.226,VIA SAGRA DI S. MICHELE 63/H
4683,EP,,DIA di somministrazione,somministrazione,12,1392501.375,4989936.332,CORSO SIRACUSA 10
4684,EP,,Somministrazione,somministrazione,12,1392494.094,4989808.302,CORSO SIRACUSA 20/B
4685,EP,,Somministrazione,somministrazione,12,1392483.27,4989626.398,CORSO SIRACUSA 44/B
4686,EP,,Somministrazione,somministrazione,18,1397272.847,4993893.22,VIA ALESSANDRO SCARLATTI 3/A
4687,EP,,DIA di somministrazione,somministrazione,11,1392550.453,4989478.838,CORSO SIRACUSA 49/B
4688,EP,,Somministrazione,somministrazione,18,1397467.543,4993808.046,VIA ALESSANDRO SCARLATTI 34/E
4689,EP,,Somministrazione,somministrazione,21,1398781.111,4991012.611,CORSO QUINTINO SELLA 85/A
4690,EP,,Somministrazione,somministrazione,11,1392513.593,4989186.491,CORSO SIRACUSA 73/B
4691,EP,,Somministrazione,somministrazione,12,1392452.807,4989098.025,CORSO SIRACUSA 74/B
4692,EP,,Somministrazione,somministrazione,12,1392424.259,4988602.842,CORSO SIRACUSA 136/B
4693,EP,,Somministrazione,somministrazione,11,1392493.433,4988654.003,CORSO SIRACUSA 141/A
4694,EP,,Somministrazione,somministrazione,12,1392421.04,4988546.344,CORSO SIRACUSA 142/A
4695,EP,,Somministrazione,somministrazione,10,1393928.965,4985862.783,VIA SETTE COMUNI 61/A
4696,EP,,DIA di somministrazione,somministrazione,19,1397785.717,4995562.276,VIA ROCCO SCOTELLARO 7
4697,EP,,DIA di somministrazione,somministrazione,23,1392023.16,4986649.425,CORSO LUIGI SETTEMBRINI 53
4698,EP,,DIA di somministrazione,somministrazione,23,1391324.684,4987111.711,CORSO LUIGI SETTEMBRINI 164
4699,EP,,DIA di somministrazione,somministrazione,23,1391204.715,4987115.62,CORSO LUIGI SETTEMBRINI 167
4700,EP,,DIA di somministrazione,somministrazione,23,1390945.872,4987263.073,CORSO LUIGI SETTEMBRINI 207
4701,EP,,Somministrazione,somministrazione,20,1399113.319,4994378.595,STRADA DI SETTIMO 1/A
4702,EP,,Somministrazione,somministrazione,18,1397783.919,4994375.868,LARGO SEMPIONE 178/B
4703,EP,,DIA di somministrazione,somministrazione,18,1397823.787,4994352.138,LARGO SEMPIONE 182/C
4704,EP,,Somministrazione,somministrazione,20,1399182.214,4994447.84,STRADA DI SETTIMO 11/A
4705,EP,,Somministrazione,somministrazione,20,1399318.46285511,4994549.01630581,STRADA DI SETTIMO 30/B
4706,EP,,Somministrazione,somministrazione,11,1393576.943,4988733.157,CORSO SEBASTOPOLI 147/C
4707,EP,,DIA di somministrazione,somministrazione,13,1392485.622,4991124.866,VIA MATILDE SERAO 7
4708,EP,,Somministrazione,somministrazione,20,1399690.8052647,4994964.4104369,STRADA DI SETTIMO 74
4709,EP,,Somministrazione,somministrazione,20,1399681.877,4994997.289,STRADA DI SETTIMO 75/D
4710,EP,,Somministrazione,somministrazione,20,1399701.81,4995047.073,STRADA DI SETTIMO 81
4711,EP,,Somministrazione,somministrazione,11,1393527.227,4988758.508,CORSO SEBASTOPOLI 151/B
4712,EP,,Somministrazione,somministrazione,11,1393506.12,4988769.169,CORSO SEBASTOPOLI 153/D
4713,EP,,Somministrazione,somministrazione,11,1393477.53,4988783.571,CORSO SEBASTOPOLI 155/D
4714,EP,,DIA di somministrazione,somministrazione,11,1393427.243,4988808.986,CORSO SEBASTOPOLI 161/A
4715,EP,,Somministrazione,somministrazione,11,1393427.243,4988808.986,CORSO SEBASTOPOLI 161/A
4716,EP,,Somministrazione,somministrazione,11,1393395.567,4988825.115,CORSO SEBASTOPOLI 161/L
4717,EP,,Somministrazione,somministrazione,4,1392831.805,4991080.298,VIA SERRANO 4/C
4718,EP,,Somministrazione,somministrazione,20,1399739.433,4995087.592,STRADA DI SETTIMO 94
4719,EP,,Somministrazione,somministrazione,11,1393411.086,4988861.784,CORSO SEBASTOPOLI 176
4720,EP,,Somministrazione,somministrazione,11,1393343.286,4988883.181,CORSO SEBASTOPOLI 182/B
4721,EP,,Somministrazione,somministrazione,11,1393185.91,4988976.332,CORSO SEBASTOPOLI 196
4722,EP,,DIA di somministrazione,somministrazione,11,1392945.767,4989053.278,CORSO SEBASTOPOLI 199
4723,EP,,Somministrazione,somministrazione,20,1399810.062,4995265.536,STRADA DI SETTIMO 120/A
4724,EP,,Somministrazione,somministrazione,11,1393336.836,4987855.254,VIA PAOLO SARPI 74
4725,EP,,DIA di somministrazione,somministrazione,12,1393100.27,4987313.66,VIA PAOLO SARPI 123
4726,EP,,Somministrazione,somministrazione,11,1393061.125,4989041.377,CORSO SEBASTOPOLI 210/A
4727,EP,,Somministrazione,somministrazione,11,1392899.747,4989076.616,CORSO SEBASTOPOLI 211/B
4728,EP,,Somministrazione,somministrazione,11,1392881.238,4989086.003,CORSO SEBASTOPOLI 213/B
4729,EP,,Somministrazione,somministrazione,11,1392943.253,4989099.418,CORSO SEBASTOPOLI 226/A
4730,EP,,Somministrazione,somministrazione,20,1399884.441,4995451.581,STRADA DI SETTIMO 138/G
4731,EP,,Somministrazione,somministrazione,14,1392235.248,4993173.58,VIA GIOVANNI SERVAIS 81/H
4732,EP,,DIA di somministrazione,somministrazione,14,1392055.269,4993314.308,VIA GIOVANNI SERVAIS 92 int. 149
4733,EP,,Somministrazione,somministrazione,19,1399988.21234643,4995978.49560516,STRADA DI SETTIMO 223
4734,EP,,Somministrazione,somministrazione,20,1400206.39897683,4996326.21122924,STRADA DI SETTIMO 240
4735,EP,,Somministrazione,somministrazione,11,1392599.069,4989228.862,CORSO SEBASTOPOLI 251/C
4736,EP,,DIA di somministrazione,somministrazione,11,1392714.358,4989215.543,CORSO SEBASTOPOLI 258
4737,EP,,Somministrazione,somministrazione,11,1392524.314,4989249.323,CORSO SEBASTOPOLI 261/B
4738,EP,,DIA di somministrazione,somministrazione,20,1401539.201,4997113.74,STRADA DI SETTIMO 388 int. 20
4739,EP,,Somministrazione,somministrazione,22,1397251.839,4989401.663,VIALE SETTIMIO SEVERO 63
4740,EP,,DIA di somministrazione,somministrazione,1,1395955.54,4992141.278,PIAZZA SAVOIA 6/A
4741,EP,,Somministrazione,somministrazione,1,1395769.082,4991801.592,CORSO GIUSEPPE SICCARDI 15/D
4742,EP,,Somministrazione,somministrazione,1,1395756.549,4991776.956,CORSO GIUSEPPE SICCARDI 15 bis/A
4743,EP,,Somministrazione,somministrazione,22,1396418.095,4988631.682,CORSO SICILIA 3/G
4744,EP,,DIA di somministrazione,somministrazione,22,1396296.054,4988500.921,CORSO SICILIA 23/A
4745,EP,,DIA di somministrazione,somministrazione,22,1396234.216,4988425.024,CORSO SICILIA 24
4746,EP,,DIA di somministrazione,somministrazione,22,1396219.888,4988397.686,CORSO SICILIA 28
4747,EP,,Somministrazione,somministrazione,7,1396886.724,4992461.065,LUNGO DORA SAVONA 31/A
4748,EP,,DIA di somministrazione,somministrazione,3,1395116.008,4989482.258,VIA GEROLAMO SAVONAROLA 2/M
4749,EP,,Somministrazione,somministrazione,15,1393777.98,4995071.894,VIA GIOVANNI SEGANTINI 15/A
4750,EP,,DIA di somministrazione,somministrazione,14,1391171.417,4993444.482,VIA GIOVANNI SERVAIS 200 int. A int. 3
4751,EP,,DIA di somministrazione,somministrazione,22,1396104.858,4988105.446,CORSO SICILIA 50
4752,EP,,DIA di somministrazione,somministrazione,10,1393441.373,4986904.332,VIA GIUDITTA SIDOLI 10
4753,EP,,DIA di somministrazione,somministrazione,14,1390977.344,4993554.785,VIA GIOVANNI SERVAIS 210 int. 7
4754,EP,,DIA di somministrazione,somministrazione,6,1393875.761,4993170.966,CORSO SVIZZERA 79 int. 3
4755,EP,,Somministrazione,somministrazione,1,1395443.727,4992324.699,PIAZZA STATUTO 12/A
4756,EP,,Somministrazione,somministrazione,1,1395422.37,4992335.82,PIAZZA STATUTO 14/B
4757,EP,,Somministrazione,somministrazione,1,1395271.284,4992285.929,PIAZZA STATUTO 17/D
4758,EP,,Somministrazione,somministrazione,6,1394247.358,4993508.177,CORSO SVIZZERA 129/C
4759,EP,,Somministrazione,somministrazione,9,1394891.581,4986417.595,VIA SOMMARIVA 12/E
4760,EP,,DIA di somministrazione,somministrazione,5,1393240.767,4991799.343,VIA MARTINO SPANZOTTI 11/A
4761,EP,,Somministrazione,somministrazione,9,1395284.721,4988117.067,VIA STELLONE 2
4762,EP,,DIA di somministrazione,somministrazione,6,1394536.971,4993796.113,CORSO SVIZZERA 165
4763,EP,,Somministrazione,somministrazione,9,1394978.353125,4986392.31875,VIA SOMMARIVA 24
4764,EP,,Somministrazione,somministrazione,2,1395615.291,4989866.18,CORSO GERMANO SOMMEILLER 12
4765,EP,,Somministrazione,somministrazione,3,1395463.233,4989907.349,CORSO GERMANO SOMMEILLER 17/C
4766,EP,,Somministrazione,somministrazione,3,1395404.232,4989988.485,CORSO GERMANO SOMMEILLER 20
4767,EP,,Somministrazione,somministrazione,10,1394393.188,4988434.096,VIA BERTRANDO SPAVENTA 4
4768,EP,,Somministrazione,somministrazione,13,1392438.764,4991074.156,VIA STELVIO 4/A
4769,EP,,DIA di somministrazione,somministrazione,13,1392042.428,4991172.715,VIA STELVIO 45
4770,EP,,DIA di somministrazione,somministrazione,3,1395367.404,4989989.458,CORSO GERMANO SOMMEILLER 23
4771,EP,,Somministrazione,somministrazione,3,1395292.824,4990074.646,CORSO GERMANO SOMMEILLER 31/B
4772,EP,,Somministrazione,somministrazione,6,1394566.924,4992490.6,VIA GIUSEPPE TALUCCHI 24
4773,EP,,Somministrazione,somministrazione,9,1395240.104,4988006.886,CORSO SPEZIA 23
4774,EP,,Somministrazione,somministrazione,9,1395304.878,4987986.818,CORSO SPEZIA 33/A
4775,EP,,Somministrazione,somministrazione,9,1395320.415,4987939.95,CORSO SPEZIA 36/B
4776,EP,,DIA di somministrazione,somministrazione,17,1395913.602,4994087.508,VIA STRADELLA 36
4777,EP,,Somministrazione,somministrazione,17,1395879.826,4994130.571,VIA STRADELLA 42/E
4778,EP,,DIA di somministrazione,somministrazione,17,1395874.279,4994137.641,VIA STRADELLA 46/B
4779,EP,,Somministrazione,somministrazione,21,1403285.607,4992360.083,STRADA DI SOPERGA 323
4780,EP,,Somministrazione,somministrazione,9,1395560.83,4987907.901,CORSO SPEZIA 51/A
4781,EP,,DIA di somministrazione,somministrazione,6,1394093.145,4993541.004,VIA SPOLETO 5
4782,EP,,Somministrazione,somministrazione,16,1395506.349,4994610.938,VIA STRADELLA 120/A
4783,EP,,Somministrazione,somministrazione,16,1395431.854,4994701.629,VIA STRADELLA 134/B
4784,EP,,Somministrazione,somministrazione,16,1395387.463,4994758.346,VIA STRADELLA 144/D
4785,EP,,DIA di somministrazione,somministrazione,10,1394224.92,4987811.018,VIA TAGGIA 25/A
4786,EP,,DIA di somministrazione,somministrazione,10,1394122.314,4987616.968,VIA TAGGIA 42/B
4787,EP,,DIA di somministrazione,somministrazione,18,1397629.561,4993025.453,VIA SORDEVOLO 7/B
4788,EP,,DIA di somministrazione,somministrazione,18,1397640.935,4994153.192,VIA GASPARE SPONTINI 28
4789,EP,,Somministrazione,somministrazione,16,1395314.096,4994950.946,VIA STRADELLA 172/G
4790,EP,,Somministrazione,somministrazione,16,1395220.765,4994973.506,VIA STRADELLA 173/B
4791,EP,,Somministrazione,somministrazione,16,1395121.119,4995144.024,VIA STRADELLA 197/H
4792,EP,,Somministrazione,somministrazione,12,1392391.391,4987849.446,CORSO SIRACUSA 200/H
4793,EP,,DIA di somministrazione,somministrazione,16,1395158.767,4995297.592,VIA SOSPELLO 14/C
4794,EP,,Somministrazione,somministrazione,17,1396029.376,4995249.943,VIA SOSPELLO 143/B
4795,EP,,Somministrazione,somministrazione,17,1396133.359,4995214.35,VIA SOSPELLO 160/B
4796,EP,,Somministrazione,somministrazione,9,1395054.06,4987215.674,VIA SPOTORNO 45
4797,EP,,Somministrazione,somministrazione,9,1395015.035,4987083.107,VIA SPOTORNO 63
4798,EP,,Somministrazione,somministrazione,16,1395009.214,4995383.799,VIA STRADELLA 232/A
4799,EP,,DIA di somministrazione,somministrazione,17,1396192.719,4995208.545,VIA SOSPELLO 166
4800,EP,,Somministrazione,somministrazione,17,1396208.458,4995207.112,VIA SOSPELLO 168
4801,EP,,Somministrazione,somministrazione,17,1396328.666,4995195.361,VIA SOSPELLO 180/B
4802,EP,,Somministrazione,somministrazione,16,1394595.637,4996252.074,PIAZZA STAMPALIA 3/A
4803,EP,,Somministrazione,somministrazione,16,1394946.741,4995466.235,VIA STRADELLA 242/C
4804,EP,,Somministrazione,somministrazione,17,1395817.242,4994221.147,LARGO STRADELLA 54/C
4805,EP,,Somministrazione,somministrazione,17,1395803.442,4994231.868,LARGO STRADELLA 56/D
4806,EP,,DIA di somministrazione,somministrazione,14,1391312.076,4992286.312,VIA SOSTEGNO 5
4807,EP,,Somministrazione,somministrazione,1,1396004.713,4991896.865,VIA STAMPATORI 6/G
4808,EP,,DIA di somministrazione,somministrazione,1,1395985.303,4991839.722,VIA STAMPATORI 9
4809,EP,,DIA di somministrazione,somministrazione,1,1395983.853125,4991861.88229167,VIA STAMPATORI 10
4810,EP,,Somministrazione,somministrazione,1,1395979.903,4991855.095,VIA STAMPATORI 10 bis/C
4811,EP,,Somministrazione,somministrazione,1,1395974.756,4991844.906,VIA STAMPATORI 12/C
4812,EP,,Somministrazione,somministrazione,1,1395922.215,4991721.075,VIA STAMPATORI 19/F
4813,EP,,Somministrazione,somministrazione,1,1395918.557,4991713.914,VIA STAMPATORI 19/H
4814,EP,,Somministrazione,somministrazione,1,1396629.83,4991513.197,GALLERIA SUBALPINA 21
4815,EP,,DIA di somministrazione,somministrazione,14,1391249.773,4992532.694,VIA SOSTEGNO 41 int. 10
4816,EP,,Somministrazione,somministrazione,16,1394878.027,4995650.171,VIA ETTORE STAMPINI 6/A
4817,EP,,Somministrazione,somministrazione,5,1394526.278,4992031.506,VIA SUSA 29/A
4818,EP,,Somministrazione,somministrazione,20,1398963.889,4994281.973,PIAZZA SOFIA 9/A
4819,EP,,Somministrazione,somministrazione,14,1391387.584,4992793.5,VIA SOSTEGNO 71
4820,EP,,DIA di somministrazione,somministrazione,3,1395721.585,4990595.767,CORSO STATI UNITI 3 scala B
4821,EP,,Somministrazione,somministrazione,1,1396244.283,4991003.833,VIA MARCELLO SOLERI 2/F
4822,EP,,Somministrazione,somministrazione,1,1395963.289,4991529.418,PIAZZA SOLFERINO 3/L
4823,EP,,Somministrazione,somministrazione,1,1395874.675,4991537.69,PIAZZA SOLFERINO 8/C
4824,EP,,Somministrazione,somministrazione,1,1395867.33385417,4991523.49114583,PIAZZA SOLFERINO 10/C
4825,EP,,Somministrazione,somministrazione,4,1394084.128,4990714.769,VIA SPALATO 7/B
4826,EP,,DIA di somministrazione,somministrazione,4,1394007.965,4990611.929,VIA SPALATO 14
4827,EP,,DIA di somministrazione,somministrazione,3,1395291.352,4990818.102,CORSO STATI UNITI 27
4828,EP,,DIA di somministrazione,somministrazione,3,1395102.949,4990916.992,CORSO STATI UNITI 35
4829,EP,,Somministrazione,somministrazione,6,1393748.49,4992615.104,CORSO SVIZZERA 29/H
4830,EP,,Somministrazione,somministrazione,6,1393772.687,4992740.499,CORSO SVIZZERA 49/B
4831,EP,,Somministrazione,somministrazione,1,1395858.119,4991506.013,PIAZZA SOLFERINO 12/D
4832,EP,,Somministrazione,somministrazione,23,1394277.8,4985432.833,VIA SOMALIA 26/D
4833,EP,,Somministrazione,somministrazione,11,1394742.968,4989167.415,VIA LAZZARO SPALLANZANI 1/B
4834,EP,,Somministrazione,somministrazione,11,1394738.562,4989171.251,VIA LAZZARO SPALLANZANI 1
4835,EP,,Somministrazione,somministrazione,1,1395557.576,4992248.87,PIAZZA STATUTO 2/E
4836,EP,,DIA di somministrazione,somministrazione,1,1395561.882,4992263.508,PIAZZA STATUTO 2 bis
4837,EP,,Somministrazione,somministrazione,1,1395465.512,4992219.0,PIAZZA STATUTO 7/B
4838,EP,,Somministrazione,somministrazione,6,1393774.37,4992746.292,CORSO SVIZZERA 49
4839,EP,,DIA di somministrazione,somministrazione,6,1393782.972,4992786.404,CORSO SVIZZERA 51
4840,EP,,Somministrazione,somministrazione,6,1393833.248,4992949.813,CORSO SVIZZERA 61 bis
4841,EP,,Somministrazione,somministrazione,6,1393836.519,4992961.083,CORSO SVIZZERA 63
4842,EP,,Somministrazione,somministrazione,6,1393856.14,4993028.693,CORSO SVIZZERA 71/A
4843,EP,,Somministrazione,somministrazione,6,1393888.424,4993011.327,CORSO SVIZZERA 72/B
4844,EP,,Somministrazione,somministrazione,11,1394634.466,4989261.52,VIA LAZZARO SPALLANZANI 17/B
4845,EP,,Somministrazione,somministrazione,8,1398978.353,4991730.465,PIAZZA ENRICO TOTI 14/C
4846,EP,,DIA di somministrazione,somministrazione,21,1400409.649,4992734.482,STRADA AL TRAFORO DI PINO 20
4847,EP,,Somministrazione,somministrazione,6,1394209.471,4992972.101,CORSO ALESSANDRO TASSONI 47/E
4848,EP,,Somministrazione,somministrazione,18,1397510.643,4993187.664,VIA TOLLEGNO 5
4849,EP,,DIA di somministrazione,somministrazione,21,1400711.801,4992527.539,STRADA AL TRAFORO DI PINO 47
4850,EP,,Somministrazione,somministrazione,21,1400711.801,4992527.539,STRADA AL TRAFORO DI PINO 47
4851,EP,,Somministrazione,somministrazione,21,1401232.879,4992061.495,STRADA AL TRAFORO DI PINO 106/D
4852,EP,,Somministrazione,somministrazione,6,1394197.064,4993125.084,CORSO ALESSANDRO TASSONI 59/F
4853,EP,,Somministrazione,somministrazione,6,1394298.286,4993415.592,CORSO ALESSANDRO TASSONI 84/D
4854,EP,,DIA di somministrazione,somministrazione,9,1395846.066,4987524.02,VIALE PAOLO THAON DI REVEL 10
4855,EP,,Somministrazione,somministrazione,13,1391599.115,4991959.833,VIA PIETRO THERMIGNON 3/A
4856,EP,,Somministrazione,somministrazione,9,1395204.954,4988071.106,VIA THONON 1/D
4857,EP,,DIA di somministrazione,somministrazione,4,1393320.65,4990276.906,VIA TOLMINO 30
4858,EP,,DIA di somministrazione,somministrazione,4,1393225.155,4990164.101,VIA TOLMINO 50 int. 16
4859,EP,,Somministrazione,somministrazione,10,1392878.472,4986748.365,CORSO TRAIANO 5/B
4860,EP,,Somministrazione,somministrazione,10,1392873.522,4986688.39,CORSO TRAIANO 8/H
4861,EP,,Somministrazione,somministrazione,12,1391622.69,4987902.302,CORSO ENRICO TAZZOLI 160/B
4862,EP,,Somministrazione,somministrazione,12,1391609.744,4987906.374,CORSO ENRICO TAZZOLI 162/B
4863,EP,,Somministrazione,somministrazione,22,1397427.472,4989901.288,VIALE ENRICO THOVEZ 6/B
4864,EP,,Somministrazione,somministrazione,10,1393044.893,4986670.666,CORSO TRAIANO 27 scala A
4865,EP,,DIA di somministrazione,somministrazione,12,1391560.535,4987921.853,CORSO ENRICO TAZZOLI 170/A
4866,EP,,DIA di somministrazione,somministrazione,12,1391229.147,4987981.207,CORSO ENRICO TAZZOLI 221
4867,EP,,DIA di somministrazione,somministrazione,14,1391736.18833112,4992303.83861935,CORSO BERNARDINO TELESIO 7 int. 2
4868,EP,,DIA di somministrazione,somministrazione,22,1397930.61770833,4989783.48541667,VIALE ENRICO THOVEZ 45
4869,EP,,DIA di somministrazione,somministrazione,13,1390284.86894196,4992003.23809668,VIA THURES 11
4870,EP,,DIA di somministrazione,somministrazione,10,1393280.407,4986397.342,CORSO TRAIANO 68 int. 9
4871,EP,,DIA di somministrazione,somministrazione,10,1393272.56,4986371.823,CORSO TRAIANO 68 int. 13
4872,EP,,Somministrazione,somministrazione,10,1393369.692,4986430.583,CORSO TRAIANO 76/D
4873,EP,,DIA di somministrazione,somministrazione,23,1394126.141,4985692.939,VIA TORRAZZA PIEMONTE 10
4874,EP,,Somministrazione,somministrazione,10,1393503.514,4986359.487,CORSO TRAIANO 90/B
4875,EP,,Somministrazione,somministrazione,10,1393544.389,4986402.186,CORSO TRAIANO 93
4876,EP,,Somministrazione,somministrazione,14,1392004.443,4992735.845,CORSO BERNARDINO TELESIO 64/A
4877,EP,,DIA di somministrazione,somministrazione,20,1400454.132,4994329.457,VIA TORRE PELLICE 1
4878,EP,,Somministrazione,somministrazione,3,1394801.752,4989737.993,VIA TORRICELLI EVANGELISTA 4/C
4879,EP,,Somministrazione,somministrazione,10,1393116.483,4986559.729,CORSO TRAIANO 40
4880,EP,,Somministrazione,somministrazione,10,1393205.947,4986578.108,CORSO TRAIANO 49
4881,EP,,Somministrazione,somministrazione,10,1393209.856,4986511.347,CORSO TRAIANO 54
4882,EP,,Somministrazione,somministrazione,10,1393239.309,4986560.797,CORSO TRAIANO 55
4883,EP,,Somministrazione,somministrazione,10,1393256.965,4986551.636,CORSO TRAIANO 57/D
4884,EP,,Somministrazione,somministrazione,10,1393253.349,4986490.962,CORSO TRAIANO 60/C
4885,EP,,Somministrazione,somministrazione,3,1394446.272,4989944.828,VIA TORRICELLI EVANGELISTA 44/C
4886,EP,,Somministrazione,somministrazione,3,1394227.736,4990051.358,VIA TORRICELLI EVANGELISTA 55/E
4887,EP,,Somministrazione,somministrazione,8,1398370.449,4991459.524,CORSO TORTONA 2/A
4888,EP,,Somministrazione,somministrazione,8,1398364.372,4991486.958,CORSO TORTONA 2/G
4889,EP,,Somministrazione,somministrazione,8,1398363.142,4991492.513,CORSO TORTONA 4/A
4890,EP,,Somministrazione,somministrazione,19,1397505.3,4995191.064,CORSO TARANTO 14/B
4891,EP,,Somministrazione,somministrazione,12,1392245.022,4988574.428,VIA TEMPIO PAUSANIA 24/A
4892,EP,,Somministrazione,somministrazione,11,1394566.234,4989397.396,VIA TIRRENO 35/D
4893,EP,,Somministrazione,somministrazione,8,1398273.189,4991842.434,CORSO TORTONA 26 bis/A
4894,EP,,Somministrazione,somministrazione,20,1397789.321,4994995.279,CORSO TARANTO 42/G
4895,EP,,DIA di somministrazione,somministrazione,6,1394772.083,4992795.924,VIA CARLO TENIVELLI 20
4896,EP,,Somministrazione,somministrazione,6,1394783.26773854,4992817.23533964,VIA CARLO TENIVELLI 24
4897,EP,,DIA di somministrazione,somministrazione,20,1398143.049,4994781.654,CORSO TARANTO 92/A
4898,EP,,Somministrazione,somministrazione,9,1395340.376,4988213.567,VIA TEPICE 8/C
4899,EP,,Somministrazione,somministrazione,9,1395337.436,4988214.043,VIA TEPICE 8
4900,EP,,Somministrazione,somministrazione,9,1395474.146,4988198.215,VIA TEPICE 23/C
4901,EP,,Somministrazione,somministrazione,11,1393014.422,4989858.963,VIA TIRRENO 217/E
4902,EP,,Somministrazione,somministrazione,20,1398860.059,4994349.756,CORSO TARANTO 169
4903,EP,,DIA di somministrazione,somministrazione,20,1398640.042,4994430.365,CORSO TARANTO 170
4904,EP,,DIA di somministrazione,somministrazione,16,1394979.122,4995157.45,VIA TERNI 6/B
4905,EP,,Somministrazione,somministrazione,11,1393771.262,4989615.265,LARGO TIRRENO 123/B
4906,EP,,Somministrazione,somministrazione,8,1397333.57,4991685.223,VIA LUIGI TARINO 7
4907,EP,,Somministrazione,somministrazione,16,1394757.741,4995166.667,VIA TERNI 25
4908,EP,,Somministrazione,somministrazione,2,1395545.949,4988869.577,VIA TIZIANO VECELLIO 24
4909,EP,,DIA di somministrazione,somministrazione,2,1395709.326,4988836.39,VIA TIZIANO VECELLIO 35
4910,EP,,Somministrazione,somministrazione,15,1393840.594,4994879.095,CORSO TOSCANA 122/C
4911,EP,,Somministrazione,somministrazione,2,1395979.523,4988748.574,VIA TIZIANO VECELLIO 48/D
4912,EP,,DIA di somministrazione,somministrazione,15,1393438.979,4994917.397,CORSO TOSCANA 139 int. 10
4913,EP,,Somministrazione,somministrazione,20,1398239.426,4994603.19,VIA GIUSEPPE TARTINI 40/P
4914,EP,,DIA di somministrazione,somministrazione,13,1392471.93311364,4991215.35293641,VIA TOFANE 28
4915,EP,,DIA di somministrazione,somministrazione,13,1392061.566,4991328.141,VIA TOFANE 71
4916,EP,,Somministrazione,somministrazione,15,1392986.19,4995186.921,CORSO TOSCANA 195/B
4917,EP,,Somministrazione,somministrazione,16,1394491.86,4994554.824,LARGO TOSCANA 19/G
4918,EP,,Somministrazione,somministrazione,16,1394424.298,4994529.629,LARGO TOSCANA 29/L
4919,EP,,Somministrazione,somministrazione,1,1396336.513,4992014.801,VIA TORQUATO TASSO 5
4920,EP,,Somministrazione,somministrazione,1,1396350.321,4992008.43,VIA TORQUATO TASSO 9/A
4921,EP,,Somministrazione,somministrazione,1,1396357.232,4992003.952,VIA TORQUATO TASSO 11/A
4922,EP,,Somministrazione,somministrazione,23,1392287.748,4985712.979,VIA PALMIRO TOGLIATTI 24/A
4923,EP,,DIA di somministrazione,somministrazione,13,1391719.546,4991805.668,VIA TRECATE 34 int. 12
4924,EP,,DIA di somministrazione,somministrazione,13,1391785.504,4991675.765,VIA TRECATE 46
4925,EP,,DIA di somministrazione,somministrazione,3,1394843.746,4990565.625,CORSO TRENTO 13
4926,EP,,Somministrazione,somministrazione,3,1395321.571,4989864.197,CORSO FILIPPO TURATI 10 bis/B
4927,EP,,Somministrazione,somministrazione,3,1395378.092,4989805.843,CORSO FILIPPO TURATI 11
4928,EP,,Somministrazione,somministrazione,23,1392301.428,4986097.798,CORSO UNIONE SOVIETICA 471/A
4929,EP,,Somministrazione,somministrazione,6,1395253.38361891,4993493.1216856,VIA TREVISO 16
4930,EP,,Somministrazione,somministrazione,6,1395239.33958333,4993527.21614583,VIA TREVISO 22/A
4931,EP,,Somministrazione,somministrazione,6,1395278.75625,4993531.33541667,VIA TREVISO 22/G
4932,EP,,Somministrazione,somministrazione,3,1395251.1,4989777.228,CORSO FILIPPO TURATI 18/B
4933,EP,,DIA di somministrazione,somministrazione,3,1395297.442,4989671.543,CORSO FILIPPO TURATI 19 int. 6
4934,EP,,DIA di somministrazione,somministrazione,23,1392140.613,4986012.987,CORSO UNIONE SOVIETICA 490
4935,EP,,Somministrazione,somministrazione,23,1392194.402,4985967.508,CORSO UNIONE SOVIETICA 495
4936,EP,,Somministrazione,somministrazione,22,1398714.858,4990869.603,STRADA VAL S. MARTINO 6
4937,EP,,Somministrazione,somministrazione,3,1395129.847,4989632.159,CORSO FILIPPO TURATI 40/E
4938,EP,,Somministrazione,somministrazione,3,1395065.504,4989484.396,CORSO FILIPPO TURATI 41/H
4939,EP,,Somministrazione,somministrazione,23,1392097.24,4985849.006,CORSO UNIONE SOVIETICA 523/A
4940,EP,,Somministrazione,somministrazione,3,1394955.14,4989416.714,LARGO FILIPPO TURATI 62/C
4941,EP,,Somministrazione,somministrazione,11,1393697.865,4989543.977,VIA TRIPOLI 11/E
4942,EP,,Somministrazione,somministrazione,11,1393638.096,4989465.356,VIA TRIPOLI 26
4943,EP,,Somministrazione,somministrazione,19,1398240.73,4998150.894,VIA DEGLI ULIVI 1/A
4944,EP,,DIA di somministrazione,somministrazione,19,1398827.104,4998421.791,VIA DEGLI ULIVI 25
4945,EP,,Somministrazione,somministrazione,1,1396372.179,4992132.211,GALLERIA UMBERTO I 7
4946,EP,,Somministrazione,somministrazione,1,1396377.671,4992141.801,GALLERIA UMBERTO I 10
4947,EP,,Somministrazione,somministrazione,1,1396383.028,4992151.155,GALLERIA UMBERTO I 13
4948,EP,,Somministrazione,somministrazione,23,1391709.432,4985377.508,CORSO UNIONE SOVIETICA 605/B
4949,EP,,Somministrazione,somministrazione,23,1391372.927,4985249.506,CORSO UNIONE SOVIETICA 612 int. 3 int. A
4950,EP,,Somministrazione,somministrazione,11,1393589.554,4989363.896,VIA TRIPOLI 38/D
4951,EP,,Somministrazione,somministrazione,11,1393586.171,4989356.822,VIA TRIPOLI 40/A
4952,EP,,Somministrazione,somministrazione,11,1393567.721,4989271.947,VIA TRIPOLI 41/B
4953,EP,,Somministrazione,somministrazione,11,1393563.276,4989262.662,VIA TRIPOLI 43/B
4954,EP,,Somministrazione,somministrazione,11,1393558.422,4989298.812,VIA TRIPOLI 48/C
4955,EP,,Somministrazione,somministrazione,1,1396396.999,4992175.557,GALLERIA UMBERTO I 25
4956,EP,,Somministrazione,somministrazione,1,1396388.518,4992149.047,GALLERIA UMBERTO I 77
4957,EP,,Somministrazione,somministrazione,6,1395311.15,4993027.487,CORSO UMBRIA 9 bis
4958,EP,,DIA di somministrazione,somministrazione,23,1391406.873,4985119.623,CORSO UNIONE SOVIETICA 654
4959,EP,,Somministrazione,somministrazione,9,1395598.409,4987341.396,CORSO UNITA' D'ITALIA 40/A
4960,EP,,Somministrazione,somministrazione,11,1393389.829,4988887.999,VIA TRIPOLI 69/C
4961,EP,,Somministrazione,somministrazione,11,1393362.875,4988820.77708333,VIA TRIPOLI 71
4962,EP,,Somministrazione,somministrazione,6,1395316.594,4993080.401,CORSO UMBRIA 20/B
4963,EP,,Somministrazione,somministrazione,6,1395219.261,4993187.911,CORSO UMBRIA 21/A
4964,EP,,DIA di somministrazione,somministrazione,6,1395265.62291667,4993218.69375,CORSO UMBRIA 28/B
4965,EP,,Somministrazione,somministrazione,6,1395119.132,4993343.385,CORSO UMBRIA 35/A
4966,EP,,Somministrazione,somministrazione,10,1394003.366,4986101.122,CORSO TRAIANO 156/D
4967,EP,,Somministrazione,somministrazione,11,1393298.115,4988714.108,VIA TRIPOLI 100/A
4968,EP,,Somministrazione,somministrazione,10,1394638.294,4988962.668,CORSO UNIONE SOVIETICA 77/C
4969,EP,,Somministrazione,somministrazione,10,1394621.19,4988941.649,CORSO UNIONE SOVIETICA 81/A
4970,EP,,Somministrazione,somministrazione,6,1394790.117,4992591.678,VIA VAGNONE 4/B
4971,EP,,Somministrazione,somministrazione,10,1394052.455,4986075.641,CORSO TRAIANO 158/H
4972,EP,,Somministrazione,somministrazione,10,1394136.63,4986094.39,CORSO TRAIANO 165
4973,EP,,Somministrazione,somministrazione,10,1394619.334,4988939.369,CORSO UNIONE SOVIETICA 81/B
4974,EP,,Somministrazione,somministrazione,10,1394576.907,4988866.508,CORSO UNIONE SOVIETICA 87/A
4975,EP,,Somministrazione,somministrazione,10,1394367.712,4988633.934,CORSO UNIONE SOVIETICA 123
4976,EP,,Somministrazione,somministrazione,10,1394354.488,4988617.872,CORSO UNIONE SOVIETICA 125
4977,EP,,Somministrazione,somministrazione,6,1394929.30625,4992842.75885417,VIA VAGNONE 20/D
4978,EP,,Somministrazione,somministrazione,6,1394983.896,4992934.648,VIA VAGNONE 32/F
4979,EP,,Somministrazione,somministrazione,11,1393069.249,4988095.154,VIA TRIPOLI 155/B
4980,EP,,Somministrazione,somministrazione,11,1393024.348,4987984.109,VIA TRIPOLI 171/A
4981,EP,,DIA di somministrazione,somministrazione,11,1394148.241,4988433.971,CORSO UNIONE SOVIETICA 170
4982,EP,,Somministrazione,somministrazione,10,1394036.473,4988230.896,CORSO UNIONE SOVIETICA 173
4983,EP,,Somministrazione,somministrazione,16,1394393.07,4994290.75,VIA VAL DELLA TORRE 58/A
4984,EP,,Somministrazione,somministrazione,5,1392969.809,4991694.842,CORSO TRAPANI 67/A
4985,EP,,Somministrazione,somministrazione,9,1394424.737,4986255.031,VIA TROFARELLO 10/A
4986,EP,,Somministrazione,somministrazione,10,1393796.425,4987922.261,CORSO UNIONE SOVIETICA 211
4987,EP,,Somministrazione,somministrazione,10,1393636.455,4987727.777,CORSO UNIONE SOVIETICA 227
4988,EP,,Somministrazione,somministrazione,13,1392814.57155951,4991475.78839255,CORSO TRAPANI 98/L
4989,EP,,Somministrazione,somministrazione,11,1393613.13,4987782.908,CORSO UNIONE SOVIETICA 244
4990,EP,,Somministrazione,somministrazione,10,1393466.877,4987516.182,CORSO UNIONE SOVIETICA 249/C
4991,EP,,Somministrazione,somministrazione,15,1393844.07,4994569.759,VIA VAL DELLA TORRE 124/B
4992,EP,,Somministrazione,somministrazione,15,1393263.989,4994841.187,VIA VAL DELLA TORRE 183
4993,EP,,Somministrazione,somministrazione,13,1392768.889,4991376.085,CORSO TRAPANI 110/D
4994,EP,,Somministrazione,somministrazione,13,1392755.569,4991335.874,CORSO TRAPANI 116
4995,EP,,DIA di somministrazione,somministrazione,12,1393321.441,4987427.785,CORSO UNIONE SOVIETICA 312
4996,EP,,Somministrazione,somministrazione,10,1393122.58,4987097.172,CORSO UNIONE SOVIETICA 335
4997,EP,,DIA di somministrazione,somministrazione,13,1390738.938,4991961.269,VIA VAL LAGARINA 23
4998,EP,,Somministrazione,somministrazione,13,1390741.541,4991976.902,VIA VAL LAGARINA 24/F
4999,EP,,DIA di somministrazione,somministrazione,13,1390613.232,4991971.704,VIA VAL LAGARINA 40
5000,EP,,Somministrazione,somministrazione,13,1392681.061,4991111.01,CORSO TRAPANI 144/C
5001,EP,,Somministrazione,somministrazione,4,1392704.056,4991004.004,CORSO TRAPANI 147/A
5002,EP,,DIA di somministrazione,somministrazione,13,1392650.604,4991036.509,CORSO TRAPANI 154
5003,EP,,Somministrazione,somministrazione,10,1394301.719,4988331.48,VIA TUNISI 46/C
5004,EP,,Somministrazione,somministrazione,4,1392620.649,4990751.501,CORSO TRAPANI 179/F
5005,EP,,Somministrazione,somministrazione,13,1392521.206,4990279.597,CORSO TRAPANI 202/A
5006,EP,,Somministrazione,somministrazione,10,1392780.484,4986655.779,CORSO UNIONE SOVIETICA 383
5007,EP,,DIA di somministrazione,somministrazione,10,1392762.811,4986616.333,CORSO UNIONE SOVIETICA 385/F
5008,EP,,Somministrazione,somministrazione,10,1392703.595,4986587.233,CORSO UNIONE SOVIETICA 395/C
5009,EP,,Somministrazione,somministrazione,10,1392691.225,4986572.16,CORSO UNIONE SOVIETICA 399
5010,EP,,Somministrazione,somministrazione,10,1392682.288,4986544.988,CORSO UNIONE SOVIETICA 403
5011,EP,,Somministrazione,somministrazione,10,1392595.875,4986435.397,CORSO UNIONE SOVIETICA 417/C
5012,EP,,Somministrazione,somministrazione,10,1393999.466,4987692.341,VIA TUNISI 122
5013,EP,,Somministrazione,somministrazione,19,1397936.899,4996699.57,CORSO VERCELLI 356/B
5014,EP,,DIA di somministrazione,somministrazione,9,1395305.284,4987874.091,VIA VARAITA 9
5015,EP,,Somministrazione,somministrazione,9,1395407.988,4987505.232,VIA VENTIMIGLIA 36
5016,EP,,Somministrazione,somministrazione,9,1395339.551,4987298.482,VIA VENTIMIGLIA 58/A
5017,EP,,Somministrazione,somministrazione,9,1395337.816,4987293.254,VIA VENTIMIGLIA 58
5018,EP,,DIA di somministrazione,somministrazione,8,1398725.216,4991654.326,VIA VARALLO 32
5019,EP,,DIA di somministrazione,somministrazione,9,1395198.91,4986777.053,VIA VENTIMIGLIA 115
5020,EP,,DIA di somministrazione,somministrazione,9,1395129.773,4986665.559,VIA VENTIMIGLIA 128
5021,EP,,DIA di somministrazione,somministrazione,9,1395095.06437271,4986452.13768332,VIA VENTIMIGLIA 145
5022,EP,,DIA di somministrazione,somministrazione,19,1398342.289,4996904.089,CORSO VERCELLI 455
5023,EP,,Somministrazione,somministrazione,19,1398584.585,4997000.3,CORSO VERCELLI 487 int. 2
5024,EP,,DIA di somministrazione,somministrazione,19,1397594.17395833,4995410.90364583,VIA TOMMASO VALLAURI 24
5025,EP,,Somministrazione,somministrazione,15,1393011.092,4995549.331,STRADA DELLE VALLETTE 52
5026,EP,,Somministrazione,somministrazione,9,1395270.806,4988040.69,VIA VARAZZE 4/B
5027,EP,,Somministrazione,somministrazione,1,1396857.53121833,4991473.03261484,VIA VASCO FRATELLI 2/D
5028,EP,,DIA di somministrazione,somministrazione,9,1394937.245,4985980.213,VIA VENTIMIGLIA 211
5029,EP,,DIA di somministrazione,somministrazione,1,1396981.725,4991449.101,VIA GIUSEPPE VERDI 14
5030,EP,,Somministrazione,somministrazione,1,1397162.10833333,4991365.41302083,VIA GIUSEPPE VERDI 33/G
5031,EP,,Somministrazione,somministrazione,2,1395836.982,4989791.333,VIA CALUSO VALPERGA 5/C
5032,EP,,Somministrazione,somministrazione,2,1395903.726,4989773.935,VIA CALUSO VALPERGA 11/B
5033,EP,,Somministrazione,somministrazione,9,1394866.427,4985864.072,VIA VENTIMIGLIA 228
5034,EP,,DIA di somministrazione,somministrazione,8,1399544.048,4992232.044,VIA VERBANO 6
5035,EP,,DIA di somministrazione,somministrazione,15,1392535.391,4995453.174,VIA DELLE VERBENE 4
5036,EP,,Somministrazione,somministrazione,15,1392367.638,4995465.323,VIA DELLE VERBENE 9/A
5037,EP,,Somministrazione,somministrazione,15,1392367.723,4995471.875,VIA DELLE VERBENE 9/C
5038,EP,,Somministrazione,somministrazione,5,1394583.857,4992193.596,VIA ABATE ANTONIO VASSALLI-EANDI 34/A
5039,EP,,Somministrazione,somministrazione,5,1394514.226,4992191.164,VIA ABATE ANTONIO VASSALLI-EANDI 38/E
5040,EP,,Somministrazione,somministrazione,7,1396564.117,4992982.163,CORSO VERCELLI 2
5041,EP,,DIA di somministrazione,somministrazione,7,1396564.117,4992982.163,CORSO VERCELLI 2
5042,EP,,Somministrazione,somministrazione,7,1396545.394,4993016.684,CORSO VERCELLI 3/A
5043,EP,,DIA di somministrazione,somministrazione,7,1396547.15,4993021.57864583,CORSO VERCELLI 3
5044,EP,,Somministrazione,somministrazione,7,1396565.781,4993071.953,CORSO VERCELLI 5 bis/D
5045,EP,,Somministrazione,somministrazione,7,1396581.552,4993131.014,CORSO VERCELLI 13/A
5046,EP,,Somministrazione,somministrazione,12,1392021.259,4989859.756,VIA VEGLIA 12/B
5047,EP,,DIA di somministrazione,somministrazione,12,1391808.306,4989800.666,VIA VEGLIA 44
5048,EP,,Somministrazione,somministrazione,12,1391743.381,4989751.043,VIA VEGLIA 51
5049,EP,,Somministrazione,somministrazione,12,1391727.221,4989744.357,VIA VEGLIA 53/B
5050,EP,,Somministrazione,somministrazione,7,1396657.106,4993336.664,CORSO VERCELLI 19/H
5051,EP,,Somministrazione,somministrazione,7,1396666.034,4993361.038,CORSO VERCELLI 21/E
5052,EP,,Somministrazione,somministrazione,7,1396732.823,4993456.079,CORSO VERCELLI 30/A
5053,EP,,Somministrazione,somministrazione,1,1397486.189,4991170.82,VIA GIUSEPPE VERDI 34/N
5054,EP,,Somministrazione,somministrazione,1,1397305.288,4991284.095,VIA GIUSEPPE VERDI 43/B
5055,EP,,Somministrazione,somministrazione,1,1397310.958,4991281.202,VIA GIUSEPPE VERDI 43/C
5056,EP,,Somministrazione,somministrazione,1,1397369.813,4991247.533,VIA GIUSEPPE VERDI 49/G
5057,EP,,DIA di somministrazione,somministrazione,18,1396884.381,4994092.278,VIA VALPRATO 10
5058,EP,,Somministrazione,somministrazione,18,1396876.9,4993866.579,CORSO VERCELLI 70/B
5059,EP,,Somministrazione,somministrazione,22,1398364.528,4989106.045,STRADA VAL SALICE 78
5060,EP,,DIA di somministrazione,somministrazione,18,1396359.132,4994175.779,VIA VALPRATO 68/A
5061,EP,,Somministrazione,somministrazione,18,1396897.691,4993977.134,CORSO VERCELLI 81/B
5062,EP,,Somministrazione,somministrazione,1,1397354.099,4991094.854,VIA VANCHIGLIA 2/C
5063,EP,,Somministrazione,somministrazione,1,1397362.066,4991103.327,VIA VANCHIGLIA 2/F
5064,EP,,Somministrazione,somministrazione,1,1397391.464,4991134.46,VIA VANCHIGLIA 2 bis
5065,EP,,Somministrazione,somministrazione,8,1397507.762,4991275.876,VIA VANCHIGLIA 9
5066,EP,,Somministrazione,somministrazione,16,1394881.132,4995583.567,VIA VENARIA 4/A
5067,EP,,Somministrazione,somministrazione,16,1394794.02,4995672.365,VIA VENARIA 15
5068,EP,,Somministrazione,somministrazione,16,1394789.92,4995678.859,VIA VENARIA 17/A
5069,EP,,Somministrazione,somministrazione,18,1396980.278,4994148.852,CORSO VERCELLI 96/A
5070,EP,,Somministrazione,somministrazione,18,1396999.172,4994255.42,CORSO VERCELLI 103/A
5071,EP,,DIA di somministrazione,somministrazione,18,1397002.942,4994265.744,CORSO VERCELLI 103
5072,EP,,Somministrazione,somministrazione,8,1397549.381,4991302.065,VIA VANCHIGLIA 16/A
5073,EP,,DIA di somministrazione,somministrazione,8,1397589.015,4991343.993,VIA VANCHIGLIA 18/I
5074,EP,,Somministrazione,somministrazione,8,1397664.14,4991424.274,VIA VANCHIGLIA 24/I
5075,EP,,Somministrazione,somministrazione,18,1397042.581,4994374.289,CORSO VERCELLI 113/B
5076,EP,,Somministrazione,somministrazione,18,1397050.864,4994342.07,CORSO VERCELLI 114/A
5077,EP,,DIA di somministrazione,somministrazione,18,1397067.861,4994388.471,CORSO VERCELLI 120/B
5078,EP,,Somministrazione,somministrazione,18,1397067.861,4994388.471,CORSO VERCELLI 120/B
5079,EP,,Somministrazione,somministrazione,8,1397724.823,4991488.554,VIA VANCHIGLIA 30/F
5080,EP,,Somministrazione,somministrazione,16,1394621.993,4995977.545,VIA VENARIA 52/B
5081,EP,,Somministrazione,somministrazione,18,1397106.921,4994495.4,CORSO VERCELLI 128/A
5082,EP,,Somministrazione,somministrazione,18,1397117.446,4994581.331,CORSO VERCELLI 135/A
5083,EP,,Somministrazione,somministrazione,18,1397148.031,4994608.0,CORSO VERCELLI 138/B
5084,EP,,DIA di somministrazione,somministrazione,1,1395651.23914215,4992221.03366675,CORSO VALDOCCO 2
5085,EP,,Somministrazione,somministrazione,1,1395631.977,4992268.585,CORSO VALDOCCO 3/F
5086,EP,,DIA di somministrazione,somministrazione,1,1395703.956,4992387.25,CORSO VALDOCCO 9
5087,EP,,Somministrazione,somministrazione,1,1395738.571,4992385.434,CORSO VALDOCCO 10/P
5088,EP,,Somministrazione,somministrazione,1,1395766.514,4992506.477,CORSO VALDOCCO 17/B
5089,EP,,Somministrazione,somministrazione,8,1397799.1,4991567.474,VIA VANCHIGLIA 40/A
5090,EP,,DIA di somministrazione,somministrazione,13,1391567.018,4991739.33,VIA VANDALINO 7 int. 20
5091,EP,,DIA di somministrazione,somministrazione,18,1397033.021,4994699.256,CORSO VERCELLI 141 int. 6
5092,EP,,DIA di somministrazione,somministrazione,18,1397023.055,4994687.954,CORSO VERCELLI 141 int. 8
5093,EP,,DIA di somministrazione,somministrazione,18,1397173.688,4994733.146,CORSO VERCELLI 157
5094,EP,,Somministrazione,somministrazione,3,1395438.206,4990265.647,VIA VALEGGIO 9/F
5095,EP,,Somministrazione,somministrazione,13,1391467.922,4991876.819,VIA VANDALINO 20/D
5096,EP,,DIA di somministrazione,somministrazione,16,1394420.866,4996298.995,VIA VENARIA 100
5097,EP,,Somministrazione,somministrazione,19,1397215.942,4994897.133,CORSO VERCELLI 165/A
5098,EP,,Somministrazione,somministrazione,19,1397315.901,4995036.762,CORSO VERCELLI 176/D
5099,EP,,DIA di somministrazione,somministrazione,9,1395066.124,4986560.11,VIA VALENZA 71
5100,EP,,DIA di somministrazione,somministrazione,15,1394051.425,4995305.014,STRADA ANTICA DELLA VENARIA 64 int. 8
5101,EP,,Somministrazione,somministrazione,19,1397280.475,4995056.168,CORSO VERCELLI 191/A
5102,EP,,DIA di somministrazione,somministrazione,19,1397500.2,4995540.918,CORSO VERCELLI 206
5103,EP,,Somministrazione,somministrazione,19,1397517.186,4995587.46,CORSO VERCELLI 210/A
5104,EP,,Somministrazione,somministrazione,19,1397417.509,4995431.631,CORSO VERCELLI 231/B
5105,EP,,DIA di somministrazione,somministrazione,1,1395415.815,4991672.928,VIA BEATO SEBASTIANO VALFRE' 8
5106,EP,,DIA di somministrazione,somministrazione,1,1395536.513,4991614.685,VIA BEATO SEBASTIANO VALFRE' 14
5107,EP,,Somministrazione,somministrazione,5,1393871.417,4991210.717,VIA VENASCA 16/A
5108,EP,,Somministrazione,somministrazione,19,1397458.322,4995543.595,CORSO VERCELLI 241/D
5109,EP,,Somministrazione,somministrazione,14,1392331.105,4992422.299,VIA VALGIOIE 32/E
5110,EP,,DIA di somministrazione,somministrazione,14,1392268.009,4992407.182,VIA VALGIOIE 39
5111,EP,,Somministrazione,somministrazione,18,1396163.32,4994090.47,CORSO VENEZIA 10
5112,EP,,DIA di somministrazione,somministrazione,18,1396276.61429972,4993813.76362816,CORSO VIGEVANO 46
5113,EP,,Somministrazione,somministrazione,18,1396220.051,4993823.746,CORSO VIGEVANO 52
5114,EP,,DIA di somministrazione,somministrazione,18,1396220.051,4993823.746,CORSO VIGEVANO 52
5115,EP,,DIA di somministrazione,somministrazione,13,1391539.411,4990577.926,VIA VILLA GIUSTI 60
5116,EP,,DIA di somministrazione,somministrazione,22,1395988.366,4987973.442,VIA VILLA GLORI 21
5117,EP,,DIA di somministrazione,somministrazione,17,1395849.926,4994241.636,VIA MARCHESE VISCONTI 6
5118,EP,,Somministrazione,somministrazione,16,1394731.494,4996263.501,VIA PAOLO VERONESE 334/C
5119,EP,,Somministrazione,somministrazione,16,1394686.436,4996277.399,VIA PAOLO VERONESE 340/B
5120,EP,,DIA di somministrazione,somministrazione,18,1396915.059,4994361.867,VIA VERRES 21
5121,EP,,DIA di somministrazione,somministrazione,10,1392837.807,4986365.855,VIA ONORATO VIGLIANI 25 int. 12
5122,EP,,Somministrazione,somministrazione,17,1396040.74,4994428.086,VIA VILLAR 24/B
5123,EP,,Somministrazione,somministrazione,5,1393560.195,4991330.762,VIA VERZUOLO 33/A
5124,EP,,DIA di somministrazione,somministrazione,17,1395866.769,4994509.051,VIA VILLAR 46
5125,EP,,Somministrazione ai soci,somministrazione,10,1393309.479,4985890.043,VIA ONORATO VIGLIANI 91/C
5126,EP,,Somministrazione,somministrazione,23,1393565.549,4985763.433,VIA ONORATO VIGLIANI 136/B
5127,EP,,Somministrazione,somministrazione,20,1400053.43125,4995196.00416667,VIA VITTIME DI BOLOGNA 21
5128,EP,,DIA di somministrazione,somministrazione,3,1394787.726,4990024.723,VIA AMERIGO VESPUCCI 33
5129,EP,,Somministrazione,somministrazione,23,1393660.122,4985757.913,VIA ONORATO VIGLIANI 144/H
5130,EP,,Somministrazione,somministrazione,10,1393890.687,4985814.717,VIA ONORATO VIGLIANI 161/H
5131,EP,,DIA di somministrazione,somministrazione,23,1393863.098,4985754.998,VIA ONORATO VIGLIANI 168/B
5132,EP,,Somministrazione,somministrazione,23,1393878.486,4985754.935,VIA ONORATO VIGLIANI 170/A
5133,EP,,Somministrazione,somministrazione,19,1397116.048,4998105.995,STRADA DEL VILLARETTO 101
5134,EP,,Somministrazione,somministrazione,3,1394529.822,4990171.161,VIA AMERIGO VESPUCCI 53/E
5135,EP,,Somministrazione,somministrazione,3,1394487.335,4990208.571,VIA AMERIGO VESPUCCI 54/D
5136,EP,,Somministrazione,somministrazione,10,1393977.058,4985813.755,VIA ONORATO VIGLIANI 171/E
5137,EP,,Somministrazione,somministrazione,23,1394033.259,4985757.14,VIA ONORATO VIGLIANI 184/B
5138,EP,,DIA di somministrazione,somministrazione,18,1397176.487,4994203.405,VIA VESTIGNE' 7
5139,EP,,DIA di somministrazione,somministrazione,11,1393484.959,4988928.048,VIA GIUSEPPE VERNAZZA 26/B
5140,EP,,Somministrazione,somministrazione,16,1395259.454,4994427.162,VIA VEROLENGO 34/P
5141,EP,,DIA di somministrazione,somministrazione,8,1399381.966,4991793.595,VIA VEZZOLANO 20
5142,EP,,Somministrazione,somministrazione,16,1394867.79114583,4994907.21875,PIAZZA PASQUALE VILLARI 4/B
5143,EP,,Somministrazione,somministrazione,16,1394995.127,4994435.562,VIA VEROLENGO 70/B
5144,EP,,Somministrazione,somministrazione,17,1396154.597,4994260.166,VIA VIBO' 6/A
5145,EP,,Somministrazione,somministrazione,1,1395370.445,4991885.523,CORSO VINZAGLIO 1/E
5146,EP,,Somministrazione,somministrazione,16,1394551.634,4994416.673,VIA VEROLENGO 122/A
5147,EP,,Somministrazione,somministrazione,17,1396102.69,4994285.111,VIA VIBO' 12/E
5148,EP,,Somministrazione,somministrazione,17,1396073.953,4994298.919,VIA VIBO' 18
5149,EP,,Somministrazione,somministrazione,17,1396033.399,4994306.303,VIA VIBO' 21/A
5150,EP,,Somministrazione,somministrazione,17,1395974.321,4994332.968,VIA VIBO' 29
5151,EP,,Somministrazione,somministrazione,17,1395944.246,4994349.273,VIA VIBO' 33/B
5152,EP,,Somministrazione,somministrazione,5,1393946.192,4991240.827,VIA VIGONE 24/B
5153,EP,,Somministrazione,somministrazione,1,1395347.686,4991842.437,CORSO VINZAGLIO 3/I
5154,EP,,DIA di somministrazione,somministrazione,1,1395265.706,4991819.845,CORSO VINZAGLIO 6
5155,EP,,Somministrazione,somministrazione,1,1395279.254,4991712.582,CORSO VINZAGLIO 13/A
5156,EP,,Somministrazione,somministrazione,1,1395268.184,4991691.597,CORSO VINZAGLIO 13/E
5157,EP,,Somministrazione,somministrazione,1,1395251.953,4991660.355,CORSO VINZAGLIO 15/G
5158,EP,,Somministrazione,somministrazione,1,1395229.825,4991619.124,CORSO VINZAGLIO 17/G
5159,EP,,Somministrazione,somministrazione,16,1394449.748,4994411.936,VIA VEROLENGO 133/C
5160,EP,,DIA di somministrazione,somministrazione,17,1395846.77,4994396.061,VIA VIBO' 43/C
5161,EP,,Somministrazione,somministrazione,17,1395856.735,4994407.914,VIA VIBO' 44/C
5162,EP,,Somministrazione,somministrazione,17,1395811.059,4994429.902,VIA VIBO' 52/B
5163,EP,,DIA di somministrazione,somministrazione,5,1393642.416,4991389.983,VIA VIGONE 57
5164,EP,,DIA di somministrazione,somministrazione,9,1394346.025,4985899.861,VIA TOMMASO VILLA 54/A
5165,EP,,DIA di somministrazione,somministrazione,1,1395202.105,4991566.438,CORSO VINZAGLIO 21/B
5166,EP,,Somministrazione,somministrazione,1,1395202.105,4991566.438,CORSO VINZAGLIO 21/B
5167,EP,,Somministrazione,somministrazione,1,1395138.206,4991443.885,CORSO VINZAGLIO 29/C
5168,EP,,Somministrazione,somministrazione,1,1395108.408,4991368.058,CORSO VINZAGLIO 33 scala A
5169,EP,,Somministrazione,somministrazione,1,1395107.729,4991386.634,CORSO VINZAGLIO 33/C
5170,EP,,Somministrazione,somministrazione,1,1395101.563,4991377.971,CORSO VINZAGLIO 33
5171,EP,,DIA di somministrazione,somministrazione,1,1395083.65,4991336.442,CORSO VINZAGLIO 35
5172,EP,,Somministrazione,somministrazione,17,1395721.635,4994456.285,VIA VIBO' 59/A
5173,EP,,DIA di somministrazione,somministrazione,6,1394890.71171419,4993248.67730418,VIA VICENZA 16/B
5174,EP,,Somministrazione,somministrazione,22,1397774.586,4990643.085,VIA VILLA DELLA REGINA 7
5175,EP,,Somministrazione,somministrazione,6,1394949.016,4993393.733,VIA VICENZA 33
5176,EP,,Somministrazione,somministrazione,3,1395119.964,4990077.707,VIA G. BATTISTA VICO 7/B
5177,EP,,DIA di somministrazione,somministrazione,22,1397982.193,4990491.728,VIA VILLA DELLA REGINA 21
5178,EP,,Somministrazione,somministrazione,13,1391638.198,4990956.116,VIA VILLA GIUSTI 8/A
5179,EP,,Somministrazione,somministrazione,7,1397466.851,4992506.71,CORSO VERONA 25/C
5180,EP,,Somministrazione,somministrazione,7,1397602.305,4992214.628,CORSO VERONA 38/E
5181,EP,,Somministrazione,somministrazione,2,1396847.3146816,4990126.65022154,VIALE VIRGILIO 17
5182,EP,,DIA di somministrazione,somministrazione,2,1396823.79270833,4990094.01354167,VIALE VIRGILIO 25/A
5183,EP,,Somministrazione,somministrazione,2,1396823.79270833,4990094.01354167,VIALE VIRGILIO 25/A
5184,EP,,Somministrazione,somministrazione,2,1396702.191,4989938.001,VIALE VIRGILIO 40
5185,EP,,Somministrazione,somministrazione,2,1396666.917,4989827.427,VIALE VIRGILIO 53
5186,EP,,Somministrazione,somministrazione,2,1396523.708,4989315.321,VIALE VIRGILIO 105
5187,EP,,Somministrazione,somministrazione,18,1396598.34,4993755.103,CORSO VIGEVANO 16/A
5188,EP,,DIA di somministrazione,somministrazione,7,1396404.713,4993737.887,CORSO VIGEVANO 33/G
5189,EP,,DIA di somministrazione,somministrazione,7,1396286.866,4993759.41,CORSO VIGEVANO 41/A
5190,EP,,DIA di somministrazione,somministrazione,14,1391845.142,4992680.457,VIA VITTORIO ASINARI DI BERNEZZO 119 int. 15
5191,EP,,Somministrazione,somministrazione,13,1391613.654,4992165.45,CORSO FRANCIA 303 bis/A
5192,EP,,Somministrazione,somministrazione,1,1396779.135,4991485.905,VIA PO 10/B
5193,EP,,Somministrazione,somministrazione,1,1395206.367,4991249.716,CORSO VITTORIO EMANUELE II 94/A
5194,EP,,Somministrazione,somministrazione,1,1395146.583,4991280.347,CORSO VITTORIO EMANUELE II 96/F
5195,EP,,Somministrazione,somministrazione,1,1395075.588,4991317.778,CORSO VITTORIO EMANUELE II 98/N
5196,EP,,Somministrazione,somministrazione,1,1394966.766,4991368.823,CORSO VITTORIO EMANUELE II 104/B
5197,EP,,Somministrazione,somministrazione,15,1394552.117,4995381.571,VIA ISERNIA 3/C
5198,EP,,DIA di somministrazione,somministrazione,11,1393072.364,4988410.334,VIA FILIPPO ACCIARINI 20
5199,EP,,Somministrazione,somministrazione,18,1397958.269,4994080.122,PIAZZA OTTORINO RESPIGHI 10/B
5200,EP,,DIA di somministrazione,somministrazione,5,1394518.98,4991614.74,CORSO VITTORIO EMANUELE II 130
5201,EP,,Somministrazione,somministrazione,7,1396694.019,4992302.33,CORSO UNDICI FEBBRAIO 6/E
5202,EP,,Somministrazione,somministrazione,7,1396661.147,4992334.582,CORSO UNDICI FEBBRAIO 7
5203,EP,,Somministrazione,somministrazione,7,1396681.233,4992385.276,CORSO UNDICI FEBBRAIO 13/C
5204,EP,,Somministrazione,somministrazione,12,1391731.101,4988336.847,VIA IGNAZIO COLLINO 3/D
5205,EP,,DIA di somministrazione,somministrazione,12,1391640.702,4988242.554,VIA IGNAZIO COLLINO 12
5206,EP,,DIA di somministrazione,somministrazione,1,1396214.775,4992179.688,VIA S. CHIARA 12
5207,EP,,Somministrazione,somministrazione,11,1392898.343,4989122.215,CORSO SEBASTOPOLI 230/C
5208,EP,,DIA di somministrazione,somministrazione,10,1393314.54076308,4986618.71183283,VIA GIUDITTA SIDOLI 35
5209,EP,,DIA di somministrazione,somministrazione,5,1393841.572,4991908.165,CORSO VITTORIO EMANUELE II 173/A
5210,EP,,Somministrazione,somministrazione,1,1395252.06,4992107.915,PIAZZA DICIOTTO DICEMBRE 1/A
5211,EP,,Somministrazione,somministrazione,1,1395265.899,4992100.553,PIAZZA DICIOTTO DICEMBRE 3/A
5212,EP,,Somministrazione,somministrazione,1,1395271.96,4992074.125,PIAZZA DICIOTTO DICEMBRE 5/A
5213,EP,,Somministrazione,somministrazione,1,1395247.888,4992027.212,PIAZZA DICIOTTO DICEMBRE 9/E
5214,EP,,Somministrazione,somministrazione,1,1395936.9,4990878.423,VIA VENTI SETTEMBRE 1/E
5215,EP,,DIA di somministrazione,somministrazione,6,1394218.913,4992853.225,CORSO ALESSANDRO TASSONI 41/B
5216,EP,,Somministrazione,somministrazione,10,1393452.336,4986387.624,CORSO TRAIANO 82/G
5217,EP,,Somministrazione,somministrazione,13,1392761.699,4991354.377,CORSO TRAPANI 114/A
5218,EP,,Somministrazione,somministrazione,3,1395264.282,4989796.344,CORSO FILIPPO TURATI 14/A
5219,EP,,Somministrazione,somministrazione,5,1393570.759,4992051.739,CORSO VITTORIO EMANUELE II 199/A
5220,EP,,Somministrazione,somministrazione,5,1393585.693,4992098.807,CORSO VITTORIO EMANUELE II 200/A
5221,EP,,Somministrazione,somministrazione,5,1393522.247,4992130.993,CORSO VITTORIO EMANUELE II 206/B
5222,EP,,Somministrazione,somministrazione,1,1395963.686,4990887.214,VIA VENTI SETTEMBRE 2/I
5223,EP,,Somministrazione,somministrazione,1,1395998.166,4990983.65,VIA VENTI SETTEMBRE 7
5224,EP,,Somministrazione,somministrazione,1,1396006.669,4990999.741,VIA VENTI SETTEMBRE 9
5225,EP,,Somministrazione,somministrazione,1,1396019.69,4991051.89,VIA VENTI SETTEMBRE 11/C
5226,EP,,DIA di somministrazione,somministrazione,1,1396048.914,4991079.358,VIA VENTI SETTEMBRE 15
5227,EP,,Somministrazione,somministrazione,1,1396071.787,4991100.866,VIA VENTI SETTEMBRE 18/A
5228,EP,,DIA di somministrazione,somministrazione,23,1392568.887,4985777.805,VIA IGNAZIO ISLER 15
5229,EP,,DIA di somministrazione,somministrazione,23,1392275.613,4985366.86,VIA RODOLFO MORANDI 10
5230,EP,,Somministrazione,somministrazione,3,1395844.085,4990845.091,CORSO VITTORIO EMANUELE II 57/F
5231,EP,,Somministrazione,somministrazione,5,1393692.65536159,4992061.27090418,CORSO VITTORIO EMANUELE II 192 int. 3
5232,EP,,Somministrazione,somministrazione,5,1393418.787,4992185.655,CORSO VITTORIO EMANUELE II 218/E
5233,EP,,Somministrazione,somministrazione,5,1393431.519,4992125.367,CORSO VITTORIO EMANUELE II 219/C
5234,EP,,Somministrazione,somministrazione,1,1396093.064,4991141.052,VIA VENTI SETTEMBRE 20/D
5235,EP,,Somministrazione,somministrazione,1,1396113.178,4991178.976,VIA VENTI SETTEMBRE 28/G
5236,EP,,DIA di somministrazione,somministrazione,1,1396153.0,4991233.184,VIA VENTI SETTEMBRE 34
5237,EP,,DIA di somministrazione,somministrazione,13,1392267.405,4991480.577,VIA ONORATO CASTELLINO 10
5238,EP,,Somministrazione,somministrazione,19,1398834.093,4997062.699,CORSO ROMANIA 460
5239,EP,,DIA di somministrazione,somministrazione,19,1398848.108,4997105.119,CORSO ROMANIA 499
5240,EP,,Somministrazione,somministrazione,1,1395373.295,4991180.336,LARGO VITTORIO EMANUELE II 84/F
5241,EP,,Somministrazione,somministrazione,1,1397203.151,4991143.165,PIAZZA VITTORIO VENETO 1
5242,EP,,Somministrazione,somministrazione,1,1397165.319,4991102.465,PIAZZA VITTORIO VENETO 2/D
5243,EP,,Somministrazione,somministrazione,1,1397171.169,4991086.644,PIAZZA VITTORIO VENETO 4/B
5244,EP,,Somministrazione,somministrazione,1,1397243.769,4991148.731,PIAZZA VITTORIO VENETO 5/B
5245,EP,,Somministrazione,somministrazione,1,1397159.506,4991067.937,PIAZZA VITTORIO VENETO 8/A
5246,EP,,Somministrazione,somministrazione,1,1396312.829,4991610.058,VIA VENTI SETTEMBRE 57/F
5247,EP,,DIA di somministrazione,somministrazione,19,1400057.609,4997595.383,CORSO ROMANIA 661
5248,EP,,Somministrazione,somministrazione,12,1392072.903,4989447.179,VIA FULVIO CROCE 4/B
5249,EP,,Somministrazione,somministrazione,7,1396683.663,4993321.12,CORSO VERCELLI 18/G
5250,EP,,Somministrazione,somministrazione,1,1397223.594,4991006.609,PIAZZA VITTORIO VENETO 12/D
5251,EP,,Somministrazione,somministrazione,1,1397347.168,4991051.458,PIAZZA VITTORIO VENETO 13/E
5252,EP,,Somministrazione,somministrazione,1,1397351.641,4991047.24,PIAZZA VITTORIO VENETO 13/G
5253,EP,,Somministrazione,somministrazione,1,1397361.404,4991038.033,PIAZZA VITTORIO VENETO 15/C
5254,EP,,Somministrazione,somministrazione,1,1397271.574,4990961.442,PIAZZA VITTORIO VENETO 16/A
5255,EP,,DIA di somministrazione,somministrazione,1,1397271.574,4990961.442,PIAZZA VITTORIO VENETO 16/A
5256,EP,,Somministrazione,somministrazione,1,1397365.109,4991034.539,PIAZZA VITTORIO VENETO 17/A
5257,EP,,Somministrazione,somministrazione,1,1397376.044,4991024.227,PIAZZA VITTORIO VENETO 17/D
5258,EP,,Somministrazione,somministrazione,1,1397303.227,4990931.261,PIAZZA VITTORIO VENETO 18/D
5259,EP,,Somministrazione,somministrazione,1,1396418.884,4991799.965,VIA VENTI SETTEMBRE 72/D
5260,EP,,Somministrazione,somministrazione,1,1396421.621,4991805.711,VIA VENTI SETTEMBRE 74/A
5261,EP,,Somministrazione,somministrazione,1,1396437.624,4991865.927,VIA VENTI SETTEMBRE 79/D
5262,EP,,Somministrazione,somministrazione,12,1391954.408,4989455.944,VIA FULVIO CROCE 24/B
5263,EP,,Somministrazione,somministrazione,17,1395964.497,4994464.74,VIA VITTORIA 32/A
5264,EP,,Somministrazione,somministrazione,1,1397385.776,4991015.507,PIAZZA VITTORIO VENETO 19
5265,EP,,DIA di somministrazione,somministrazione,1,1397385.776,4991015.507,PIAZZA VITTORIO VENETO 19
5266,EP,,Somministrazione,somministrazione,1,1397460.568,4990979.747,PIAZZA VITTORIO VENETO 23 scala B
5267,EP,,Somministrazione,somministrazione,1,1397446.907,4990957.184,PIAZZA VITTORIO VENETO 23/F
5268,EP,,DIA di somministrazione,somministrazione,23,1393301.229,4985476.554,VIA MODESTO PANETTI 30
5269,EP,,DIA di somministrazione,somministrazione,23,1390850.403,4986125.301,PIAZZETTA LUCIANO JONA 4
5270,EP,,DIA di somministrazione,somministrazione,23,1390830.148,4986090.217,PIAZZETTA LUCIANO JONA 6
5271,EP,,Somministrazione,somministrazione,17,1395906.573,4994439.684,PIAZZA DELLA VITTORIA 27/B
5272,EP,,Somministrazione,somministrazione,17,1395914.439,4994456.106,PIAZZA DELLA VITTORIA 31/B
5273,EP,,Somministrazione,somministrazione,2,1396561.148,4990473.514,CORSO VITTORIO EMANUELE II 9
5274,EP,,DIA di somministrazione,somministrazione,8,1398605.737,4992000.528,LUNGO DORA VOGHERA 34
5275,EP,,DIA di somministrazione,somministrazione,20,1400809.214,4994359.16,VIA RUBENS FATTORELLI 64 int. 10
5276,EP,,DIA di somministrazione,somministrazione,1,1396751.418,4990426.62,CORSO VITTORIO EMANUELE II 14
5277,EP,,Somministrazione,somministrazione,1,1396616.398,4990497.925,CORSO VITTORIO EMANUELE II 24 bis/E
5278,EP,,Somministrazione,somministrazione,1,1396568.051,4990523.361,CORSO VITTORIO EMANUELE II 28/E
5279,EP,,Somministrazione,somministrazione,2,1396308.167,4990607.2,CORSO VITTORIO EMANUELE II 29/H
5280,EP,,Somministrazione,somministrazione,2,1396260.958,4990632.042,CORSO VITTORIO EMANUELE II 37/D
5281,EP,,Somministrazione,somministrazione,8,1399480.169,4992295.85,LUNGO DORA VOGHERA 138/D
5282,EP,,Somministrazione,somministrazione,22,1396193.657,4988119.551,PIAZZA ZARA 1/E
5283,EP,,Somministrazione,somministrazione,22,1396196.713,4988118.627,PIAZZA ZARA 1
5284,EP,,Somministrazione,somministrazione,8,1397914.5,4991690.05,LARGO ROSARIO BERARDI 4/H
5285,EP,,Somministrazione,somministrazione,18,1397061.839,4993711.982,CORSO GIULIO CESARE 81/C
5286,EP,,Somministrazione,somministrazione,7,1396930.511,4993439.891,CORSO GIULIO CESARE 61
5287,EP,,Somministrazione,somministrazione,2,1396235.203,4990645.582,CORSO VITTORIO EMANUELE II 41
5288,EP,,DIA di somministrazione,somministrazione,2,1396235.203,4990645.582,CORSO VITTORIO EMANUELE II 41
5289,EP,,Somministrazione,somministrazione,2,1396191.5,4990668.867,CORSO VITTORIO EMANUELE II 43/D
5290,EP,,Somministrazione,somministrazione,1,1396306.165,4990662.008,CORSO VITTORIO EMANUELE II 44 bis/C
5291,EP,,Somministrazione,somministrazione,2,1396170.441,4990680.047,CORSO VITTORIO EMANUELE II 45/D
5292,EP,,Somministrazione,somministrazione,1,1396209.13020833,4990713.29479167,CORSO VITTORIO EMANUELE II 52
5293,EP,,Somministrazione,somministrazione,3,1395883.205,4990824.405,CORSO VITTORIO EMANUELE II 55/D
5294,EP,,Somministrazione,somministrazione,14,1393263.825,4992458.994,VIA ZUMAGLIA 13/D
5295,EP,,DIA di somministrazione,somministrazione,14,1393278.937,4992777.476,VIA ZUMAGLIA 41
5296,EP,,DIA di somministrazione,somministrazione,9,1395146.5,4987469.881,VIA FINALMARINA 5
5297,EP,,Somministrazione,somministrazione,9,1395211.686,4987603.926,VIA ELLERO 36/B
5298,EP,,Somministrazione,somministrazione,3,1395858.052,4990837.685,CORSO VITTORIO EMANUELE II 57/C
5299,EP,,Somministrazione,somministrazione,1,1395963.589,4990850.191,CORSO VITTORIO EMANUELE II 58/G
5300,EP,,DIA di somministrazione,somministrazione,1,1395969.139,4990847.237,CORSO VITTORIO EMANUELE II 58
5301,EP,,Somministrazione,somministrazione,1,1395916.259,4990874.788,CORSO VITTORIO EMANUELE II 60
5302,EP,,Somministrazione,somministrazione,1,1395876.778,4990896.391,CORSO VITTORIO EMANUELE II 62
5303,EP,,DIA di somministrazione,somministrazione,1,1395876.778,4990896.391,CORSO VITTORIO EMANUELE II 62
5304,EP,,Somministrazione,somministrazione,1,1395833.656,4990918.54,CORSO VITTORIO EMANUELE II 64/A
5305,EP,,Somministrazione,somministrazione,1,1395779.747,4990946.851,CORSO VITTORIO EMANUELE II 66 bis/A
5306,EP,,DIA di somministrazione,somministrazione,14,1393311.693,4993006.392,VIA ZUMAGLIA 70/B
5307,EP,,DIA di somministrazione,somministrazione,9,1395542.937,4987583.051,VIA GIANFRANCO ZURETTI 24
5308,EP,,Somministrazione,somministrazione,1,1396230.564,4991989.819,VIA CORTE D'APPELLO 2/B
5309,EP,,Somministrazione,somministrazione,18,1396654.502,4994142.387,VIA FRANCESCO CIGNA 122/C
5310,EP,,DIA di somministrazione,somministrazione,5,1393814.685,4991632.557,VIA CESANA 17
5311,EP,,Somministrazione,somministrazione,1,1395673.831,4991002.812,CORSO VITTORIO EMANUELE II 72/H
5312,EP,,Somministrazione,somministrazione,1,1395916.835,4990929.373,VIA ALESSANDRO VOLTA 3/C
5313,EP,,Somministrazione,somministrazione,1,1395925.775,4990923.529,VIA ALESSANDRO VOLTA 4/B
5314,EP,,DIA di somministrazione,somministrazione,9,1395540.722,4987528.74,VIA GIANFRANCO ZURETTI 29
5315,EP,,DIA di somministrazione,somministrazione,3,1395543.985,4991010.015,CORSO VITTORIO EMANUELE II 77
5316,EP,,Somministrazione,somministrazione,1,1395515.314,4991086.909,CORSO VITTORIO EMANUELE II 78/A
5317,EP,,Somministrazione,somministrazione,1,1395471.079,4991109.853,CORSO VITTORIO EMANUELE II 80/C
5318,EP,,DIA di somministrazione,somministrazione,1,1395302.877,4991198.399,CORSO VITTORIO EMANUELE II 88
5319,EP,,Somministrazione,somministrazione,1,1395964.05989583,4990995.30052083,VIA ALESSANDRO VOLTA 8
5320,EP,,Somministrazione,somministrazione,1,1395959.935,4991011.409,VIA ALESSANDRO VOLTA 11
5321,EP,,DIA di somministrazione,somministrazione,23,1390694.90024604,4986025.8463312,VIA GIOACHINO QUARELLO 43/B
5322,EP,,Somministrazione,somministrazione,14,1391689.682,4992817.928,VIA PIETRO COSSA 74/A
5323,EP,,Somministrazione,somministrazione,10,1393842.225,4987809.723,VIA MADONNA DELLE ROSE 16/A
5324,EP,,Somministrazione,somministrazione,1,1395811.978,4991043.901,VIA S. QUINTINO 8/F
5325,EP,,Somministrazione,somministrazione,2,1395626.154,4989043.697,VIA SALUZZO 112/C
5326,EP,,Somministrazione,somministrazione,16,1394519.927,4996536.308,STRADA LANZO 119/A
5327,EP,,Somministrazione,somministrazione,2,1396236.275,4988808.955,VIA G. BATTISTA TIEPOLO 14/A
5328,EP,,Somministrazione,somministrazione,10,1393481.372,4986435.002,CORSO TRAIANO 83/A
5329,EP,,Somministrazione,somministrazione,21,1400225.491,4992635.287,PIAZZA GUSTAVO MODENA 4/C
5330,EP,,Somministrazione,somministrazione,7,1397323.145,4992064.185,VIA CAGLIARI 4/D
5331,EP,,Somministrazione,somministrazione,13,1392724.278,4991919.442,VIA BARDONECCHIA 100/C
5332,EP,,Somministrazione,somministrazione,7,1396933.481,4992732.204,VIA ALESSANDRIA 2 scala A
5333,EP,,Somministrazione,somministrazione,16,1394386.433,4996402.056,VIA DRUENTO 29/B
5334,EP,,Somministrazione,somministrazione,11,1393593.605,4988820.549,VIA ETTORE FIERAMOSCA 12/D
5335,EP,,DIA di somministrazione,somministrazione,4,1394195.446,4990448.669,VIA PAOLO BRACCINI 1
5336,EP,,DIA di somministrazione,somministrazione,6,1393522.404,4992657.105,VIA BRIONE 45/C
5337,EP,,Somministrazione,somministrazione,5,1393162.944,4991943.257,VIA LUIGI CAPRIOLO 13/D
5338,EP,,Somministrazione,somministrazione,12,1392326.944,4989295.893,VIA CASTELGOMBERTO 35/A
5339,EP,,DIA di somministrazione,somministrazione,19,1398096.071,4996451.014,VIA CAVAGNOLO 12 int. 19 int. R
5340,EP,,Somministrazione,somministrazione,17,1396139.829,4994563.832,VIA CHIESA DELLA SALUTE 50/E
5341,EP,,DIA di somministrazione,somministrazione,1,1396539.784,4990630.877,VIA ACCADEMIA ALBERTINA 31
5342,EP,,DIA di somministrazione,somministrazione,7,1396965.524,4993062.556,VIA AOSTA 20 bis
5343,EP,,Somministrazione,somministrazione,13,1390817.28,4991670.334,VIA ASIAGO 45/C
5344,EP,,Somministrazione,somministrazione,5,1394214.934,4991119.586,VIA BANDIERA FRATELLI 5/C
5345,EP,,DIA di somministrazione,somministrazione,11,1392992.077,4988894.997,VIA BALTIMORA 76
5346,EP,,Somministrazione,somministrazione,1,1396386.216,4991707.34,VIA GIUSEPPE BARBAROUX 6
5347,EP,,Somministrazione,somministrazione,1,1395531.592,4991104.424,VIA VINCENZO BELLINI 8/C
5348,EP,,Somministrazione,somministrazione,9,1394510.332,4985826.458,PIAZZA BENGASI 6
5349,EP,,DIA di somministrazione,somministrazione,7,1397244.413,4993246.956,VIA VITTORIO BERSEZIO 11
5350,EP,,Somministrazione,somministrazione,1,1395830.439,4991787.159,VIA ANTONIO GIUSEPPE BERTOLA 31/E
5351,EP,,Somministrazione,somministrazione,12,1392578.406,4987874.447,PIAZZA DANTE LIVIO BIANCO 6/A
5352,EP,,Somministrazione,somministrazione,7,1396394.862,4992625.099,VIA BORGO DORA 12/F
5353,EP,,Somministrazione,somministrazione,1,1396371.698,4991986.609,VIA TORQUATO TASSO 13/C
5354,EP,,Somministrazione,somministrazione,20,1400574.747,4994483.575,VIA TORRE PELLICE 17/L
5355,EP,,Somministrazione,somministrazione,10,1393523.164,4986350.473,CORSO TRAIANO 90/G
5356,EP,,Somministrazione,somministrazione,16,1394384.641,4996351.396,STRADA VENARIA 102/A
5357,EP,,Somministrazione,somministrazione,18,1397095.599,4994519.162,CORSO VERCELLI 125/B
5358,EP,,Somministrazione,somministrazione,19,1397409.612,4995410.082,CORSO VERCELLI 227/D
5359,EP,,Somministrazione,somministrazione,1,1396139.954,4992160.487,VIA S. AGOSTINO 15/B
5360,EP,,Somministrazione,somministrazione,2,1396106.218,4990148.97,VIA S. ANSELMO 38/E
5361,EP,,Somministrazione,somministrazione,1,1396460.145,4990691.705,VIA S. FRANCESCO DA PAOLA 33/F
5362,EP,,Somministrazione,somministrazione,8,1397578.57,4991551.46,VIA S. GIULIA 41/A
5363,EP,,Somministrazione,somministrazione,3,1395459.466,4990021.964,VIA PAOLO SACCHI 62/A
5364,EP,,DIA di somministrazione,somministrazione,14,1392698.283,4992793.844,VIA SALBERTRAND 51
5365,EP,,Somministrazione,somministrazione,12,1392438.4,4988847.775,CORSO SIRACUSA 108/A
5366,EP,,DIA di somministrazione,somministrazione,18,1396901.357,4994253.894,VIA PIER LUIGI PALESTRINA 39/A
5367,EP,,Somministrazione,somministrazione,1,1395578.511,4992145.21,CORSO PALESTRO 4/A
5368,EP,,Somministrazione,somministrazione,14,1393317.895,4992508.654,VIA ROSOLINO PILO 35/A
5369,EP,,DIA di somministrazione,somministrazione,18,1397971.476,4993088.637,VIA QUITTENGO 41
5370,EP,,Somministrazione,somministrazione,7,1397256.309,4992074.735,VIA REGGIO 3/B
5371,EP,,Somministrazione,somministrazione,7,1395525.666,4992795.026,CORSO REGINA MARGHERITA 192/C
5372,EP,,DIA di somministrazione,somministrazione,9,1395298.879,4987447.172,VIA CARLO REYMOND 12
5373,EP,,Somministrazione,somministrazione,1,1396931.317,4990525.897,VIA GIUSEPPE MAZZINI 56/C
5374,EP,,Somministrazione,somministrazione,13,1392371.632,4991049.296,VIA MONGINEVRO 152/A
5375,EP,,Somministrazione,somministrazione,18,1397289.944,4993977.558,VIA MONTANARO 27/C
5376,EP,,DIA di somministrazione,somministrazione,14,1392895.313,4993089.99,CORSO MONTE GRAPPA 81
5377,EP,,Somministrazione,somministrazione,13,1392088.953,4991441.314,VIA MONTE ORTIGARA 67/C
5378,EP,,Somministrazione,somministrazione,9,1395361.706,4988418.634,VIA NIZZA 175
5379,EP,,Somministrazione,somministrazione,9,1395237.615,4988121.638,VIA NIZZA 164
5380,EP,,Somministrazione,somministrazione,18,1396977.058,4994233.077,VIA PIER LUIGI PALESTRINA 30/A
5381,EP,,Somministrazione,somministrazione,14,1391792.276,4992218.599,CORSO FRANCIA 288/D
5382,EP,,DIA di somministrazione,somministrazione,2,1396125.614,4990499.378,VIA GOITO 10/F
5383,EP,,DIA di somministrazione,somministrazione,10,1393959.409,4987367.245,VIA LA LOGGIA 53
5384,EP,,Somministrazione,somministrazione,16,1394820.535,4995728.484,VIA LANZO 2/D
5385,EP,,DIA di somministrazione,somministrazione,23,1392551.872,4986274.702,VIA LOANO 7/B
5386,EP,,Somministrazione,somministrazione,2,1396355.319,4990267.455,VIA MADAMA CRISTINA 15
5387,EP,,Somministrazione,somministrazione,20,1398799.142,4993831.456,VIA MADDALENE 43/C
5388,EP,,Somministrazione,somministrazione,2,1396410.453,4990330.297,PIAZZA MADAMA CRISTINA 3
5389,EP,,Somministrazione,somministrazione,4,1393622.468,4990905.314,VIA DANTE DI NANNI 101/D
5390,EP,,Somministrazione,somministrazione,7,1396704.323,4993028.734,CORSO EMILIA 1/E
5391,EP,,DIA di somministrazione,somministrazione,22,1398443.057,4990919.11,VIA FIGLIE DEI MILITARI 25
5392,EP,,Somministrazione,somministrazione,1,1397491.276,4990992.009,LUNGO PO LUIGI CADORNA 1/O
5393,EP,,Somministrazione,somministrazione,1,1396652.886,4991568.156,PIAZZA CASTELLO 15
5394,EP,,Somministrazione,somministrazione,2,1396179.556,4990212.668,VIA GIUSEPPE BARETTI 16/A
5395,EP,,Somministrazione,somministrazione,16,1394796.357,4994465.784,LARGO BORGARO 29/B
5396,EP,,Somministrazione,somministrazione,6,1395428.497,4992954.207,VIA S. GIOVANNI BOSCO 10/C
5397,EP,,Somministrazione,somministrazione,6,1393843.463,4992855.598,CORSO SVIZZERA 56/C
5398,EP,,DIA di somministrazione,somministrazione,9,1394416.82,4985783.016,VIA ONORATO VIGLIANI 216/C
5399,EP,,Somministrazione,somministrazione,1,1395830.394,4990920.248,CORSO VITTORIO EMANUELE II 64/B
5400,EP,,DIA di somministrazione,somministrazione,3,1395310.16,4991133.885,CORSO VITTORIO EMANUELE II 91
5401,EP,,DIA di somministrazione,somministrazione,10,1394209.277,4986795.928,VIA MARIO PANNUNZIO 1
5402,EP,,Somministrazione,somministrazione,10,1394209.277,4986795.928,VIA MARIO PANNUNZIO 1
5403,EP,,Somministrazione,somministrazione,16,1394737.75,4994484.724,CORSO TOSCANA 8
5404,EP,,Somministrazione,somministrazione,8,1397661.263,4991501.381,PIAZZA S. GIULIA 0/F
5405,EP,,Somministrazione,somministrazione,1,1395317.178,4992239.789,CORSO S. MARTINO 1/N
5406,EP,,Somministrazione,somministrazione,2,1396529.297,4990400.111,VIA S. PIO V 30/F
5407,EP,,Somministrazione,somministrazione,11,1393545.55,4988749.254,CORSO SEBASTOPOLI 149/C
5408,EP,,Somministrazione,somministrazione,9,1394596.393,4986330.416,VIA PASSO BUOLE 18
5409,EP,,Somministrazione,somministrazione,1,1397096.528,4990934.216,VIA GIOVANNI PLANA 7/B
5410,EP,,DIA di somministrazione,somministrazione,13,1390903.935,4991296.509,STRADA DELLA PRONDA 66 int. 4
5411,EP,,Somministrazione,somministrazione,20,1397970.821,4994490.028,VIA SAVERIO MERCADANTE 98/G
5412,EP,,Somministrazione,somministrazione,11,1393695.2,4989287.421,CORSO ORBASSANO 112/B
5413,EP,,DIA di somministrazione,somministrazione,12,1391401.19479167,4987726.1265625,CORSO ORBASSANO 370
5414,EP,,Somministrazione,somministrazione,13,1392049.88,4990828.537,VIA VINCENZO LANCIA 121/C
5415,EP,,Somministrazione,somministrazione,5,1394942.827,4991933.797,VIA DUCHESSA JOLANDA 1
5416,EP,,Somministrazione,somministrazione,1,1396256.489,4992294.965,PIAZZA EMANUELE FILIBERTO 4
5417,EP,,Somministrazione,somministrazione,2,1395374.747,4988619.836,CORSO BRAMANTE 61
5418,EP,,Somministrazione,somministrazione,1,1396213.187,4991778.746,VIA GIUSEPPE BARBAROUX 13/F
5419,EP,,Somministrazione,somministrazione,1,1396256.509,4992219.776,VIA GIAN FRANCESCO BELLEZIA 33/A
5420,EP,,Somministrazione,somministrazione,6,1393762.037,4992703.828,CORSO SVIZZERA 43/A
5421,EP,,Somministrazione,somministrazione,7,1397214.884,4992287.072,CORSO REGIO PARCO 24
5422,EP,,DIA di somministrazione,somministrazione,4,1392855.372,4991124.715,VIA SERRANO 12 scala A
5423,EP,,DIA di somministrazione,somministrazione,1,1397432.551,4991179.115,VIA VANCHIGLIA 6
5424,EP,,Somministrazione,somministrazione,2,1395775.089,4989208.407,VIA MADAMA CRISTINA 92
5425,EP,,Somministrazione,somministrazione,3,1395554.737,4990645.261,VIA ANDREA MASSENA 26
5426,EP,,Somministrazione,somministrazione,17,1395615.628,4994351.523,VIA ERRICO GIACHINO 76
5427,EP,,Somministrazione,somministrazione,1,1396189.831,4991643.234,VIA PIETRO MICCA 9
5428,EP,,Somministrazione,somministrazione,1,1395966.175,4992343.969,VIA LORENZO VALERIO 5/B
5429,EP,,Somministrazione,somministrazione,22,1395760.229,4986697.083,CORSO MONCALIERI 349/A
5430,EP,,DIA di somministrazione,somministrazione,23,1391607.997,4985990.46,VIA MONTE CENGIO 16
5431,EP,,DIA di somministrazione,somministrazione,11,1393320.014,4989708.379,VIA GRADISCA 10
5432,EP,,Somministrazione,somministrazione,17,1395947.092,4994713.567,VIA BIBIANA 37/F
5433,EP,,Somministrazione,somministrazione,1,1396758.567,4990511.087,VIA CALANDRA FRATELLI 16
5434,EP,,Somministrazione,somministrazione,1,1396632.762,4990695.901,VIA GIUSEPPE MAZZINI 25
5435,EP,,Somministrazione,somministrazione,1,1396759.851,4990628.899,VIA GIUSEPPE MAZZINI 31/L
5436,EP,,DIA di somministrazione,somministrazione,20,1398938.89,4994430.334,VIA SANDRO BOTTICELLI 217/A
5437,EP,,Somministrazione,somministrazione,1,1396314.945,4992209.857,PIAZZA DELLA REPUBBLICA 1 bis
5438,EP,,Somministrazione,somministrazione,3,1394351.839,4989852.397,CORSO ALCIDE DE GASPERI 57/A
5439,EP,,DIA di somministrazione,somministrazione,17,1396540.698,4995551.879,VIA GIUSEPPE MASSARI 78
5440,EP,,Somministrazione,somministrazione,3,1395332.745,4990937.243,CORSO GALILEO FERRARIS 45/A
5441,EP,,DIA di somministrazione,somministrazione,15,1393712.695,4995417.325,VIA FIESOLE 15
5442,EP,,Somministrazione,somministrazione,6,1393869.666,4992946.311,CORSO SVIZZERA 64/A
5443,EP,,Somministrazione,somministrazione,19,1397415.45,4995179.795,VIA ROPPOLO 1/B
5444,EP,,Somministrazione,somministrazione,20,1397897.133,4994886.2,VIA MONTE ROSA 166
5445,EP,,Somministrazione,somministrazione,6,1395217.39010417,4993530.9875,VIA TREVISO 26/A
5446,EP,,DIA di somministrazione,somministrazione,10,1393243.626,4987067.711,VIA BERRUTI E FERRERO 3
5447,EP,,Somministrazione,somministrazione,5,1394370.344,4991612.744,CORSO VITTORIO EMANUELE II 131 int. 2/B
5448,EP,,Somministrazione,somministrazione,6,1394562.524,4992929.01,VIA JACOPO DURANDI 13
5449,EP,,DIA di somministrazione,somministrazione,6,1394562.524,4992929.01,VIA JACOPO DURANDI 13
5450,EP,,Somministrazione,somministrazione,2,1395916.19,4989212.551,VIA ORMEA 101/B
5451,EP,,Somministrazione,somministrazione,21,1400451.294,4992596.712,STRADA MONGRENO 29/B
5452,EP,,Somministrazione,somministrazione,13,1392627.083,4991060.239,VIA MONGINEVRO 122/B
5453,EP,,Somministrazione,somministrazione,22,1396289.237,4988327.878,CORSO MONCALIERI 216/F
5454,EP,,Somministrazione,somministrazione,7,1396403.646,4992505.61,VIA GOFFREDO MAMELI 3
5455,EP,,Somministrazione,somministrazione,11,1392957.9,4988943.683,VIA GORIZIA 106/A
5456,EP,,Somministrazione,somministrazione,1,1396357.459,4991798.602,VIA GIUSEPPE GARIBALDI 9/D
5457,EP,,Somministrazione,somministrazione,18,1397437.943,4994491.277,CORSO GIULIO CESARE 163 bis/E
5458,EP,,DIA di somministrazione,somministrazione,2,1396137.848,4989956.383,VIA GIUSEPPE GIACOSA 21/C
5459,EP,,DIA di somministrazione,somministrazione,10,1394154.748,4985885.541,VIA DUINO 186/A
5460,EP,,DIA di somministrazione,somministrazione,23,1392537.679,4985716.945,VIA ALESSANDRO FLEMING 20
5461,EP,,Somministrazione,somministrazione,3,1394331.334,4990422.82,VIA CRISTOFORO COLOMBO 50
5462,EP,,Somministrazione,somministrazione,18,1397584.593,4994104.538,VIA LUIGI SALVATORE CHERUBINI 27/A
5463,EP,,Somministrazione,somministrazione,10,1394643.716,4988409.109,VIA BRUNO GIORDANO 71/D
5464,EP,,Somministrazione,somministrazione,6,1394893.764,4993315.079,VIA CAPUA 30
5465,EP,,Somministrazione,somministrazione,10,1394705.466,4988959.962,CORSO BRAMANTE 6/B
5466,EP,,DIA di somministrazione,somministrazione,14,1393075.525,4992941.611,VIA BORGOMANERO 49
5467,EP,,Somministrazione,somministrazione,13,1392354.448,4991907.446,VIA BARDONECCHIA 134/A
5468,EP,,Somministrazione,somministrazione,2,1396245.041,4990355.917,VIA CLAUDIO LUIGI BERTHOLLET 23/A
5469,EP,,Somministrazione,somministrazione,4,1393769.85,4990078.643,VIA BAGNASCO 11/A
5470,EP,,Somministrazione,somministrazione,20,1400363.33487959,4995400.45182314,VIA MARTINO ANGLESIO 29/A
5471,EP,,Somministrazione,somministrazione,6,1395048.452,4992974.13,CORSO REGINA MARGHERITA 193
5472,EP,,Somministrazione,somministrazione,6,1394420.04,4992325.387,CORSO FRANCIA 62/F
5473,EP,,Somministrazione,somministrazione,7,1396789.996,4992178.94,CORSO REGINA MARGHERITA 108/D
5474,EP,,Somministrazione,somministrazione,5,1394767.281,4992293.075,CORSO FRANCIA 19 bis/A
5475,EP,,Somministrazione,somministrazione,5,1394768.051,4992073.079,VIA PRINCIPI D'ACAJA 30
5476,EP,,Somministrazione,somministrazione,5,1394732.251,4991959.893,VIA PRINCIPI D'ACAJA 47/B
5477,EP,,Somministrazione,somministrazione,6,1395225.83,4992490.706,VIA S. DONATO 4/C
5478,EP,,Somministrazione,somministrazione,1,1395272.785,4992154.977,CORSO S. MARTINO 5 bis/A
5479,EP,,DIA di somministrazione,somministrazione,7,1395724.303,4992869.34,VIA SALERNO 15/A
5480,EP,,Somministrazione,somministrazione,13,1392318.893,4991117.265,VIA STELVIO 22/C
5481,EP,,Somministrazione,somministrazione,17,1396235.234,4995204.411,VIA SOSPELLO 172/B
5482,EP,,Somministrazione,somministrazione,11,1393298.444,4988663.12,VIA TRIPOLI 89/B
5483,EP,,Somministrazione,somministrazione,11,1393191.701,4988397.806,VIA TRIPOLI 119/D
5484,EP,,Somministrazione,somministrazione,7,1397412.998,4992526.451,CORSO VERONA 20/E
5485,EP,,Somministrazione,somministrazione,23,1392167.395,4985703.781,VIA AMEDEO UGOLINI 5/D
5486,EP,,Somministrazione,somministrazione,8,1397431.945,4991515.826,VIA ARTISTI 13/B
5487,EP,,Somministrazione,somministrazione,14,1391981.33890685,4993126.51757128,VIA LUDOVICO BELLARDI 130/A
5488,EP,,Somministrazione,somministrazione,8,1399619.524,4991913.288,CORSO CADORE 40/B
5489,EP,,Somministrazione,somministrazione,16,1395529.23,4994776.603,LARGO GUGLIELMO CARDINALE MASSAIA 54/A
5490,EP,,Somministrazione,somministrazione,1,1396282.527,4991104.158,VIA CAVOUR 3
5491,EP,,DIA di somministrazione,somministrazione,12,1392876.117,4987495.467,VIA LAMBERTO DE BERNARDI 14/D
5492,EP,,Somministrazione,somministrazione,10,1394008.797,4986533.442,VIA PASSO BUOLE 65/A
5493,EP,,DIA di somministrazione,somministrazione,20,1398436.971,4994299.086,VIA GIAMBATTISTA PERGOLESI 116
5494,EP,,Somministrazione,somministrazione,1,1396058.61991345,4992173.63272304,VIA DELLE ORFANE 16
5495,EP,,Somministrazione,somministrazione,2,1396537.83,4990391.757,VIA ORMEA 6/A
5496,EP,,Somministrazione,somministrazione,9,1395150.139,4987821.38,VIA NIZZA 216/D
5497,EP,,Somministrazione,somministrazione,2,1395793.427,4989940.763,VIA NIZZA 43
5498,EP,,Somministrazione,somministrazione,5,1394002.742,4991417.405,VIA MORETTA 16/B
5499,EP,,Somministrazione,somministrazione,2,1395707.369,4989551.016,PIAZZA NIZZA 77/A
5500,EP,,Somministrazione,somministrazione,5,1393253.765,4991903.078,VIA MONTE ALBERGIAN 29/A
5501,EP,,Somministrazione,somministrazione,6,1393996.048,4992992.764,PIAZZA MONCENISIO 13/B
5502,EP,,DIA di somministrazione,somministrazione,1,1395398.836,4991367.739,CORSO GIACOMO MATTEOTTI 26
5503,EP,,DIA di somministrazione,somministrazione,15,1394385.522,4994849.114,VIA BERNARDINO LUINI 123
5504,EP,,Somministrazione,somministrazione,2,1395996.089,4989574.151,VIA MADAMA CRISTINA 77
5505,EP,,Somministrazione,somministrazione,16,1395395.606,4995461.102,CORSO GROSSETO 219/G
5506,EP,,Somministrazione,somministrazione,10,1393128.427,4986503.814,VIA PIETRO FRANCESCO GUALA 112/D
5507,EP,,Somministrazione,somministrazione,16,1394554.523,4996428.42,STRADA LANZO 101/A
5508,EP,,Somministrazione,somministrazione,18,1398004.064,4993875.414,VIA UMBERTO GIORDANO 5/A
5509,EP,,DIA di somministrazione,somministrazione,19,1397969.727,4995505.908,CORSO GIULIO CESARE 290
5510,EP,,Somministrazione,somministrazione,2,1395793.73,4989119.109,VIA UGO FOSCOLO 15/D
5511,EP,,Somministrazione,somministrazione,2,1395935.192,4989045.285,VIA UGO FOSCOLO 27
5512,EP,,Somministrazione,somministrazione,3,1394663.967,4990390.122,VIA MARCO POLO 21/B
5513,EP,,Somministrazione,somministrazione,1,1397163.384,4991004.978,VIA GIOVANNI PLANA 1
5514,EP,,Somministrazione,somministrazione,12,1392046.993,4988293.191,VIA GUIDO RENI 217/C
5515,EP,,Somministrazione,somministrazione,1,1396919.379,4990550.421,VIA DELLA ROCCA 26/E
5516,EP,,DIA di somministrazione,somministrazione,23,1390245.166,4986238.11,VIA GIOVANNI ROVEDA 34
5517,EP,,Somministrazione,somministrazione,8,1397318.863,4991507.902,CORSO S. MAURIZIO 49/A
5518,EP,,Somministrazione,somministrazione,1,1395853.057,4991022.28,VIA S. QUINTINO 6/H
5519,EP,,Somministrazione,somministrazione,13,1391670.665,4990964.791,VIA S. MARIA MAZZARELLO 12/E
5520,EP,,DIA di somministrazione,somministrazione,1,1396338.982,4991500.722,GALLERIA S. FEDERICO 26
5521,EP,,Somministrazione,somministrazione,20,1401251.762,4995045.036,STRADA S. MAURO 176/E
5522,EP,,Somministrazione,somministrazione,8,1397355.354,4991744.426,VIA S. GIULIA 24/B
5523,EP,,Somministrazione,somministrazione,11,1392565.453,4989290.944,CORSO SEBASTOPOLI 276/A
5524,EP,,Somministrazione,somministrazione,17,1395638.044,4994440.451,VIA STRADELLA 90/E
5525,EP,,Somministrazione,somministrazione,6,1395040.049,4992926.878,VIA ASCANIO SOBRERO 29/A
5526,EP,,Somministrazione,somministrazione,16,1394878.623,4995665.703,VIA ETTORE STAMPINI 8/C
5527,EP,,Somministrazione,somministrazione,8,1399020.355,4991814.151,PIAZZA ENRICO TOTI 13/C
5528,EP,,DIA di somministrazione,somministrazione,18,1398140.69,4993592.105,VIA TOLLEGNO 83
5529,EP,,Somministrazione,somministrazione,12,1392322.177,4987584.487,CORSO ENRICO TAZZOLI 88
5530,EP,,Somministrazione,somministrazione,23,1392087.954,4985837.772,CORSO UNIONE SOVIETICA 525/A
5531,EP,,Somministrazione,somministrazione,19,1397227.756,4994826.008,CORSO VERCELLI 156/A
5532,EP,,DIA di somministrazione,somministrazione,16,1395022.881,4996132.092,VIA PAOLO VERONESE 277/A
5533,EP,,Somministrazione,somministrazione,16,1395022.881,4996132.092,VIA PAOLO VERONESE 277/A
5534,EP,,Somministrazione,somministrazione,10,1392903.444,4986325.826,VIA ONORATO VIGLIANI 35 int. 9
5535,EP,,DIA di somministrazione,somministrazione,20,1400084.882,4995016.155,VIA VITTIME DI BOLOGNA 10
5536,EP,,Somministrazione,somministrazione,9,1394473.865,4985771.529,VIA ONORATO VIGLIANI 224
5537,EP,,Somministrazione,somministrazione,18,1396580.371,4993758.521,CORSO VIGEVANO 18/B
5538,EP,,DIA di somministrazione,somministrazione,1,1394996.528,4991353.118,CORSO VITTORIO EMANUELE II 100
5539,EP,,Somministrazione,somministrazione,1,1394996.528,4991353.118,CORSO VITTORIO EMANUELE II 100
5540,EP,,Somministrazione,somministrazione,1,1396109.777,4991172.565,VIA VENTI SETTEMBRE 28/D
5541,EP,,Somministrazione,somministrazione,1,1397426.294,4990976.482,PIAZZA VITTORIO VENETO 21 bis/C
5542,EP,,Somministrazione,somministrazione,23,1391349.37584795,4985432.19539306,STRADA DEL DROSSO 33 int. 7
5543,EP,,Somministrazione,somministrazione,6,1394844.018,4993826.697,CORSO UMBRIA 83
5544,EP,,DIA di somministrazione,somministrazione,23,1391294.0507473,4985396.58266169,STRADA DEL DROSSO 37 int. 15
5545,EP,,Somministrazione,somministrazione,8,1397477.782,4991446.982,VIA MICHELE BUNIVA 4/I
5546,EP,,Somministrazione,somministrazione,8,1397329.405,4991680.755,VIA LUIGI TARINO 7/D
5547,EP,,Somministrazione,somministrazione,4,1393482.042,4990839.769,VIA MARTINIANA 14/C
5548,EP,,Somministrazione,somministrazione,6,1394532.918,4993791.891,CORSO SVIZZERA 163/C
5549,EP,,Somministrazione,somministrazione,1,1395964.303,4991908.474,VIA GIUSEPPE BARBAROUX 33/F
5550,EP,,DIA di somministrazione,somministrazione,10,1394856.065625,4988774.49270833,VIA BRUNO GIORDANO 25
5551,EP,,Somministrazione,somministrazione,1,1396429.634,4992044.052,VIA PORTA PALATINA 19
5552,EP,,Somministrazione,somministrazione,5,1394480.3,4992146.614,VIA DUCHESSA JOLANDA 25 scala B
5553,EP,,Somministrazione,somministrazione,17,1395441.26741187,4993974.56294441,VIA ORVIETO 8
5554,EP,,Somministrazione,somministrazione,10,1394187.937,4986791.158,VIA MARIO PANNUNZIO 4/A
5555,EP,,Somministrazione,somministrazione,1,1396007.338,4992087.095,VIA DELLE ORFANE 5/H
5556,EP,,Somministrazione,somministrazione,9,1394886.86931007,4985797.81856558,CORSO PIERO MARONCELLI 3/A
5557,EP,,Somministrazione,somministrazione,16,1393648.09744284,4996290.17574225,VIA DRUENTO 127/B
5558,EP,,Somministrazione,somministrazione,8,1399019.109,4992201.33,LUNGO DORA PIETRO COLLETTA 129 bis/F
5559,EP,,DIA di somministrazione,somministrazione,11,1393623.80260417,4988391.7140625,VIA FILADELFIA 96/B
5560,EP,,Somministrazione,somministrazione,5,1394310.335,4991192.894,VIA PAOLO BORSELLINO 42
5561,EP,,Somministrazione,somministrazione,10,1394116.39,4987227.162,VIA BRUNO GIORDANO 201
5562,EP,,Somministrazione,somministrazione,10,1394035.13835716,4987027.25596979,VIA PIO VII 19
5563,EP,,Somministrazione,somministrazione,10,1394026.07322311,4987005.48971337,VIA PIO VII 21
5564,EP,,Somministrazione,somministrazione,18,1397433.502,4993815.89,VIA SANTHIA' 17/E
5565,EP,,Somministrazione,somministrazione,1,1396340.053,4991850.293,VIA PORTA PALATINA 2/H
5566,EP,,Somministrazione,somministrazione,16,1395439.202,4994566.997,VIA BERNARDINO LUINI 3/B
5567,EP,,Somministrazione,somministrazione,4,1393968.38,4989974.037,CORSO LIONE 85 int. 13/B
5568,EP,,DIA di somministrazione,somministrazione,18,1396941.662,4994312.871,VIA CHATILLON 14/D
5569,EP,,Somministrazione,somministrazione,7,1396375.003,4992768.084,VIA VITTORIO ANDREIS 18 int. 16/E
5570,EP,,Somministrazione,somministrazione,5,1394904.275,4992049.954,VIA CLAUDIO BEAUMONT 32/C
5571,EP,,Somministrazione,somministrazione,15,1392449.56222086,4994447.04313165,VIA PIETRO COSSA 293 int. 3/D
5572,EP,,Somministrazione,somministrazione,15,1392470.20477484,4994496.30076861,VIA PIETRO COSSA 293 int. 4/E
5573,EP,,Somministrazione,somministrazione,15,1392460.35056683,4994506.55299215,VIA PIETRO COSSA 293 int. 4/H
5574,EP,,Somministrazione,somministrazione,16,1395407.728,4994359.139,VIA VEROLENGO 19
5575,EP,,Somministrazione,somministrazione,16,1395378.475,4994277.354,VIA VEROLENGO 17 int. 15/A
5576,EP,,DIA di somministrazione,somministrazione,5,1394248.34895833,4991202.08125,VIA ANDREA VOCHIERI 6/A
5577,EP,,Somministrazione,somministrazione,1,1396320.512,4991873.753,VIA PALAZZO DI CITTA' 19/A
5578,EP,,Somministrazione,somministrazione,18,1397285.843,4993913.568,VIA MONTANARO 16 scala A
5579,EP,,Somministrazione,somministrazione,6,1393281.591,4992296.363,PIAZZA RIVOLI 6/B
5580,EP,,Somministrazione,somministrazione,17,1396618.27395833,4995640.4875,VIA PAOLO VERONESE 89 scala A
5581,EP,,DIA di somministrazione,somministrazione,5,1394558.399,4991129.208,CORSO CASTELFIDARDO 30/A
5582,EP,,DIA di somministrazione,somministrazione,2,1396657.95,4990230.0,CORSO MASSIMO D'AZEGLIO 3/G
5583,EP,,Somministrazione,somministrazione,1,1396337.66,4991843.876,VIA PORTA PALATINA 2/F
5584,EP,,Somministrazione,somministrazione,7,1396384.378,4992807.905,VIA VITTORIO ANDREIS 18 int. 18/N
5585,EP,,Somministrazione,somministrazione,6,1395358.694,4993505.898,VIA LIVORNO 48/D
5586,EP,,DIA di somministrazione,somministrazione,6,1395359.978,4993518.708,VIA LIVORNO 48/F
5587,EP,,DIA di somministrazione,somministrazione,15,1392461.916,4994626.056,VIA PIETRO COSSA 293 int. 12
5588,EP,,Somministrazione,somministrazione,6,1395278.548,4993286.556,VIA LIVORNO 24/D
5589,EP,,Somministrazione,somministrazione,6,1395330.37102538,4993382.10723866,CORSO ENRICO GAMBA 44/C
5590,EP,,DIA di somministrazione,somministrazione,13,1391100.837,4990903.655,VIA BARD 39/C
5591,EP,,DIA di somministrazione,somministrazione,12,1391697.056,4988456.66,VIA EDOARDO RUBINO 45
5592,EP,,Somministrazione,somministrazione,1,1395705.767,4991045.825,CORSO RE UMBERTO 15 scala A
5593,EP,,Somministrazione,somministrazione,1,1397028.769,4991177.777,VIA PRINCIPE AMEDEO 39 scala A
5594,EP,,Somministrazione,somministrazione,5,1394285.911,4991182.562,VIA ANDREA VOCHIERI 2/D
5595,EP,,Somministrazione,somministrazione,6,1394324.755,4994011.16,VIA NOLE 61/D
5596,EP,,DIA di somministrazione,somministrazione,17,1396717.999,4995074.286,VIA BRENTA 23
5597,EP,,Somministrazione,somministrazione,2,1396068.96,4990177.822,VIA BELFIORE 15/E
5598,EP,,DIA di somministrazione,somministrazione,12,1391745.327,4988461.635,VIA EDOARDO RUBINO 43/A
5599,EP,,Somministrazione,somministrazione,1,1397253.495,4990981.425,PIAZZA VITTORIO VENETO 14/A
5600,EP,,DIA di somministrazione,somministrazione,15,1394202.446,4994387.639,VIA VAL DELLA TORRE 76/C
5601,EP,,Somministrazione,somministrazione,5,1394274.709,4991188.344,VIA ANDREA VOCHIERI 4/B
5602,EP,,Somministrazione,somministrazione,4,1394025.45862781,4989945.00950551,CORSO MEDITERRANEO 69 int. 14/F
5603,EP,,DIA di somministrazione,somministrazione,7,1396432.979,4992978.759,LUNGO DORA AGRIGENTO 20 int. 10/A
5604,EP,,Somministrazione,somministrazione,5,1394142.239,4991094.216,VIA S. PAOLO 1 scala A
5605,EP,,Somministrazione,somministrazione,7,1395635.054,4993094.484,CORSO PRINCIPE ODDONE 48/C
5606,EP,,Somministrazione,somministrazione,10,1394347.478,4987865.997,VIA BRUNO GIORDANO 142
5607,EP,,Somministrazione,somministrazione,17,1395454.921,4993915.948,CORSO MORTARA 46/C
5608,EP,,DIA di somministrazione,somministrazione,7,1396380.285,4992807.238,VIA VITTORIO ANDREIS 18 int. 18/M
5609,EP,,Somministrazione,somministrazione,7,1396368.751,4992781.969,VIA VITTORIO ANDREIS 18 int. 16/A
5610,EP,,DIA di somministrazione,somministrazione,12,1391090.79,4988047.621,CORSO ENRICO TAZZOLI 233/A
5611,EP,,Somministrazione,somministrazione,12,1391090.79,4988047.621,CORSO ENRICO TAZZOLI 233/A
5612,EP,,Somministrazione,somministrazione,7,1397144.564,4992380.006,VIA PISA 31/B
5613,EP,,Somministrazione,somministrazione,17,1396622.75729167,4995648.24895833,VIA PAOLO VERONESE 89/B
5614,EP,,Somministrazione,somministrazione,1,1396957.63769135,4990512.01010872,VIA GIUSEPPE MAZZINI 56/L
5615,EP,,DIA di somministrazione,somministrazione,17,1395710.63776047,4993862.27316723,CORSO MORTARA 22
5616,EP,,Somministrazione,somministrazione,17,1395704.08792309,4993863.64446222,CORSO MORTARA 24
5617,EP,,DIA di somministrazione,somministrazione,17,1395704.08792309,4993863.64446222,CORSO MORTARA 24
5618,EP,,DIA di somministrazione,somministrazione,14,1393252.06666667,4993476.21979167,CORSO APPIO CLAUDIO 110 int. 12/A
5619,EP,,Somministrazione,somministrazione,3,1395302.49,4989734.009,CORSO FILIPPO TURATI 15/L
5620,EP,,Somministrazione,somministrazione,10,1394689.75262797,4988496.56200412,VIA BRUNO GIORDANO 65/H
5621,EP,,Somministrazione,somministrazione,10,1394828.05753151,4988760.1322967,VIA BRUNO GIORDANO 27/A
5622,EP,,Somministrazione,somministrazione,9,1394640.55720853,4985998.25788629,VIA NIZZA 385/E
5623,EP,,DIA di somministrazione,somministrazione,9,1394652.26519913,4985986.27905753,VIA NIZZA 387/A
5624,EP,,Somministrazione,somministrazione,19,1397621.78893552,4995109.01384152,CORSO TARANTO 26/E
5625,EP,,Somministrazione,somministrazione,14,1392381.84477915,4992781.78543379,VIA EXILLES 58/C
5626,EP,,DIA di somministrazione,somministrazione,13,1391764.01266018,4990871.91775263,VIA S. MARIA MAZZARELLO 31/A
5627,EP,,Somministrazione,somministrazione,15,1392481.01645789,4994346.30933712,CORSO REGINA MARGHERITA 440 int. 9/B
5628,EP,,DIA di somministrazione,somministrazione,15,1392486.47781658,4994351.86087793,CORSO REGINA MARGHERITA 440 int. 13/A
5629,EP,,Somministrazione,somministrazione,15,1392491.78718132,4994363.17523138,CORSO REGINA MARGHERITA 440 int. 13/D
5630,EP,,Somministrazione,somministrazione,7,1395814.0375,4992659.15520833,CORSO REGINA MARGHERITA 172/H
5631,EP,,Somministrazione,somministrazione,23,1390824.79714079,4987504.16887863,STRADA DEL PORTONE 25
5632,EP,,Somministrazione,somministrazione,1,1397196.98802083,4991398.21197917,VIA S. OTTAVIO 17 int. 8/B
5633,EP,,DIA di somministrazione,somministrazione,5,1394597.08514462,4991204.50918056,CORSO CASTELFIDARDO 22/A
5634,EP,,Somministrazione,somministrazione,16,1395048.49959846,4994756.77313334,VIA GUBBIO 79/E
5635,EP,,Somministrazione,somministrazione,8,1397061.29218841,4991913.56406524,VIA S. GIULIA 3/G
5636,EP,,DIA di somministrazione,somministrazione,12,1392291.55123222,4989835.69263819,VIA MONFALCONE 160/B
5637,EP,,DIA di somministrazione,somministrazione,11,1393341.298,4988466.895,VIA LEOPOLDO LANFRANCO 2
5638,EP,,DIA di somministrazione,somministrazione,5,1394631.61899106,4992287.73630922,CORSO FRANCIA 25/D
5639,EP,,DIA di somministrazione,somministrazione,5,1394456.03981837,4990912.4540978,CORSO CASTELFIDARDO 36
5640,EP,,Somministrazione,somministrazione,23,1393640.33229167,4985198.75,VIA EMANUELE ARTOM 69/B
5641,EP,,DIA di somministrazione,somministrazione,12,1392229.76327385,4990097.79583584,VIA TIRRENO 303
5642,EP,,Somministrazione,somministrazione,1,1395863.75352812,4990947.04972681,VIA ARSENALE 41/A
5643,EP,,DIA di somministrazione,somministrazione,7,1396889.40974835,4992836.69738022,VIA AOSTA 8 scala C
5644,EP,,Somministrazione,somministrazione,2,1395337.76413838,4988753.97045694,VIA BENVENUTO CELLINI 7/C
5645,EP,,Somministrazione,somministrazione,12,1391195.639,4987786.888,CORSO ORBASSANO 402 int. 10 int. M
5646,EP,,DIA di somministrazione,somministrazione,18,1396711.45081142,4994317.82596097,VIA FRANCESCO CIGNA 147/A
5647,EP,,Somministrazione,somministrazione,9,1395204.24645099,4987878.71035163,VIA NIZZA 227/D
5648,EP,,DIA di somministrazione,somministrazione,23,1391277.69308274,4985390.25325362,STRADA DEL DROSSO 37 int. 12/C
5649,EP,,DIA di somministrazione,somministrazione,7,1396058.01185326,4993768.57043607,VIA ANTONIO CECCHI 70 bis
5650,EP,,Somministrazione,somministrazione,10,1394195.43967084,4987507.8003495,PIAZZA TANCREDI GALIMBERTI 25/H
5651,EP,,DIA di somministrazione,somministrazione,20,1398514.76630419,4994743.66011668,VIA SANDRO BOTTICELLI 106
5652,EP,,Somministrazione,somministrazione,16,1394608.18225926,4994258.31289113,VIA VAL DELLA TORRE 30/A
5653,EP,,Somministrazione,somministrazione,1,1396617.56970771,4991376.84430418,VIA PRINCIPE AMEDEO 12/H
5654,EP,,DIA di somministrazione,somministrazione,10,1393837.66618852,4986986.13175814,VIA CARLO BOSSOLI 76/B
5655,EP,,Somministrazione,somministrazione,23,1390717.22866101,4987450.24943445,CORSO ORBASSANO 470 int. 8
5656,EP,,Somministrazione,somministrazione,15,1392547.87618542,4994681.63760824,PIAZZA CIRENE 23/A
5657,EP,,Somministrazione,somministrazione,1,1395366.82477985,4992129.48146583,VIA FILIPPO JUVARRA 20/F
5658,EP,,Somministrazione,somministrazione,6,1394536.2855535,4994025.43911948,VIA NOLE 53/B
5659,EP,,Somministrazione,somministrazione,23,1393462.1643477,4985787.0338223,VIA ONORATO VIGLIANI 114/A
5660,EP,,Somministrazione,somministrazione,13,1391045.06458333,4992137.19166667,CORSO FRANCIA 325/C
5661,EP,,Somministrazione,somministrazione,15,1394528.48838522,4995175.8856243,VIA FORLI' 169/A
5662,EP,,Somministrazione,somministrazione,1,1396256.21354167,4992206.378125,VIA GIAN FRANCESCO BELLEZIA 29/C
5663,EP,,Somministrazione,somministrazione,18,1397053.88262837,4993945.88296108,VIA LEINI' 45/C
5664,EP,,Somministrazione,somministrazione,2,1395898.38471077,4989632.59252539,VIA BELFIORE 50/E
5665,EP,,Somministrazione,somministrazione,10,1392910.331,4986760.193,VIA EDOARDO DANEO 10 int. 10/A
5666,EP,,Somministrazione,somministrazione,5,1394503.54836278,4991004.13007923,CORSO CASTELFIDARDO 34/B
5667,EP,,DIA di somministrazione,somministrazione,14,1392057.62169868,4992551.30701899,VIA GIACINTO PACCHIOTTI 71
5668,EP,,Somministrazione,somministrazione,18,1396448.4727528,4993840.26874293,VIA FRANCESCO CIGNA 97
5669,EP,,Somministrazione,somministrazione,22,1398827.47708333,4989440.69583334,STRADA DEL NOBILE 86
5670,EP,,DIA di somministrazione,somministrazione,23,1393515.20208333,4985412.57395834,VIA MODESTO PANETTI 1
5671,EP,,DIA di somministrazione,somministrazione,5,1394415.55480845,4990846.89206662,CORSO CASTELFIDARDO 42/A
5672,EP,,Somministrazione,somministrazione,5,1394003.12470739,4991280.55973197,VIA VIRLE 14/C
5673,EP,,DIA di somministrazione,somministrazione,5,1394222.97606097,4991617.58839038,CORSO FRANCESCO FERRUCCI 63/A
5674,EP,,Somministrazione,somministrazione,5,1394228.45192496,4991212.42657785,VIA ANDREA VOCHIERI 8/C
5675,EP,,Somministrazione,somministrazione,8,1397660.18283496,4991302.13405374,VIA ARTISTI 31/A
5676,EP,,Somministrazione,somministrazione,15,1393431.61796844,4994869.85582487,CORSO TOSCANA 139 int. 13/G
5677,EP,,DIA di somministrazione,somministrazione,13,1391933.59677627,4991711.97490149,VIA VASILE ALECSANDRI 27/A
5678,EP,,Somministrazione,somministrazione,13,1390487.60281318,4991966.5188121,VIA VAL LAGARINA 54/A
5679,EP,,DIA di somministrazione,somministrazione,23,1391198.28476484,4987183.73306022,CORSO LUIGI SETTEMBRINI 178
5680,EP,,Somministrazione,somministrazione,10,1393911.91,4986217.189,CORSO TRAIANO 135/A
5681,EP,,Somministrazione,somministrazione,15,1393396.98399573,4995878.45118041,STRADA DI ALTESSANO 113
5682,EP,,Somministrazione,somministrazione,15,1393372.32601825,4996100.37204297,STRADA DI ALTESSANO 141
5683,EP,,Somministrazione,somministrazione,4,1393562.8926952,4990850.68324318,VIA DANTE DI NANNI 114/B
5684,EP,,Somministrazione,somministrazione,19,1398329.10880002,4996502.50131765,VIA RIBORDONE 16/A
5685,EP,,Somministrazione,somministrazione,1,1397473.98333333,4991011.83229167,VIA MATTEO PESCATORE 18/B
5686,EP,,Somministrazione,somministrazione,15,1393254.3625,4996216.14270833,VIA DRUENTO 153 int. 20/C
5687,EP,,Somministrazione,somministrazione,15,1393250.26145833,4996207.41145833,VIA DRUENTO 153 int. 20/E
5688,EP,,DIA di somministrazione,somministrazione,2,1396105.8182754,4990623.8121111,VIA S. PIO V 0/M
5689,EP,,DIA di somministrazione,somministrazione,1,1396716.65625,4991028.05,VIA GIOVANNI GIOLITTI 32/C
5690,EP,,Somministrazione,somministrazione,18,1396832.47565423,4994176.33568387,VIA BELMONTE 12/D
5691,EP,,Somministrazione,somministrazione,2,1396140.97212224,4990410.98075218,VIA CLAUDIO LUIGI BERTHOLLET 13/B
5692,EP,,Somministrazione,somministrazione,1,1395888.86939986,4991640.46967139,VIA CERNAIA 3/E
5693,EP,,DIA di somministrazione,somministrazione,15,1393139.71145229,4995373.99582077,VIA LUIGI AMBROSINI 11 int. 12/A
5694,EP,,DIA di somministrazione,somministrazione,17,1395883.70729167,4995675.32604167,VIA EMILIO DE MARCHI 33
5695,EP,,DIA di somministrazione,somministrazione,10,1393833.290625,4986649.7625,VIA PASSO BUOLE 84
5696,EP,,DIA di somministrazione,somministrazione,20,1400568.43281227,4994589.32530427,VIA TORRE PELLICE 25
5697,EP,,DIA di somministrazione,somministrazione,20,1400569.63333333,4994581.27395833,VIA TORRE PELLICE 25/A
5698,EP,,DIA di somministrazione,somministrazione,1,1394949.2611272,4991636.14858539,CORSO BOLZANO 17
5699,EP,,DIA di somministrazione,somministrazione,1,1395044.04101101,4991815.62973288,CORSO BOLZANO 37
5700,EP,,Somministrazione,somministrazione,10,1393884.652,4986268.129,CORSO TRAIANO 131
5701,EP,,Somministrazione,somministrazione,18,1396906.99234721,4994267.56814514,VIA PIER LUIGI PALESTRINA 36/A
5702,EP,,DIA di somministrazione,somministrazione,5,1394077.94042804,4990993.80068502,VIA S. PAOLO 5 int. 5 bis
5703,EP,,Somministrazione,somministrazione,4,1393740.10520833,4990096.06979167,VIA SPALATO 88/B
5704,EP,,DIA di somministrazione,somministrazione,19,1399813.49439416,4996713.92615319,CORSO GIULIO CESARE 424 int. 110
5705,EP,,DIA di somministrazione,somministrazione,10,1393934.32051476,4985945.06039089,VIA DUINO 162/C
5706,EP,,Somministrazione,somministrazione,13,1391466.59413117,4991069.59011525,VIA MONGINEVRO 238/A
5707,EP,,Somministrazione,somministrazione,16,1395137.28803416,4994637.11966359,VIA LEMIE 31/E
5708,EP,,Somministrazione,somministrazione,2,1395682.24314363,4989464.92237216,PIAZZA NIZZA 83 bis/B
5709,EP,,Somministrazione,somministrazione,1,1396310.35208333,4991938.73708333,LARGO QUATTRO MARZO 17/B
5710,EP,,Somministrazione,somministrazione,1,1396307.0075381,4991940.16642724,LARGO QUATTRO MARZO 17/C
5711,EP,,DIA di somministrazione,somministrazione,15,1392850.273,4995952.751,CORSO GAETANO SCIREA 50
5712,EP,,DIA di somministrazione,somministrazione,7,1396424.87911936,4992595.49104056,VIA GOFFREDO MAMELI 16/E
5713,EP,,Somministrazione,somministrazione,8,1397918.58333333,4991425.82083333,VIA GIOVANNI FRANCESCO NAPIONE 32/D
5714,EP,,Somministrazione,somministrazione,9,1395417.041,4987935.669,PIAZZA CAMILLO BOZZOLO 11/G
5715,EP,,Somministrazione,somministrazione,6,1395174.384375,4993549.5734375,VIA TREVISO 26/I
5716,EP,,DIA di somministrazione,somministrazione,17,1395886.04989702,4995875.69930877,VIA PAOLO VERONESE 202
5717,EP,,Somministrazione,somministrazione,1,1396103.288,4991577.35,VIA DE LELLIS S. CAMILLO 19/G
5718,EP,,Somministrazione,somministrazione,1,1395815.01354167,4991746.21666667,VIA S. DALMAZZO 26 scala A
5719,EP,,DIA di somministrazione,somministrazione,22,1395688.93854167,4987028.16354167,CORSO MONCALIERI 346 int. 15/A
5720,EP,,Somministrazione,somministrazione,22,1396973.12395833,4987073.62291667,STRADA DEI RONCHI 36/A
5721,EP,,Somministrazione,somministrazione,18,1396211.35071613,4993849.25737269,VIA PARELLA 2/F
5722,EP,,Somministrazione,somministrazione,3,1395211.19399018,4989741.61683697,VIA AMERIGO VESPUCCI 1/B
5723,EP,,DIA di somministrazione,somministrazione,15,1391427.25777143,4995180.16365577,VIA MARIA ADELAIDE AGLIETTA 35
5724,EP,,Somministrazione,somministrazione,11,1393018.41861637,4989421.4285043,VIA GORIZIA 56/E
5725,EP,,DIA di somministrazione,somministrazione,8,1397486.559375,4991942.50520833,LUNGO DORA SIENA 62/A
5726,EP,,Somministrazione,somministrazione,14,1391075.44754748,4992546.49210423,CORSO MARCHE 42 int. 11 int. 5/A
5727,EP,,Somministrazione,somministrazione,7,1396767.53422726,4993101.04641647,CORSO GIULIO CESARE 31/F
5728,EP,,DIA di somministrazione,somministrazione,17,1396590.14078985,4995537.30579941,VIA GIUSEPPE MASSARI 72/B
5729,EP,,Somministrazione,somministrazione,7,1396546.00018658,4992413.42046005,PIAZZA DON PAOLO ALBERA 5/A
5730,EP,,Somministrazione,somministrazione,17,1395913.8967593,4995277.82595212,VIA ROCCAVIONE CONTE DI 93/B
5731,EP,,Somministrazione,somministrazione,1,1396822.64277416,4990762.10910631,PIAZZA CAVOUR 2/H
5732,EP,,DIA di somministrazione,somministrazione,7,1395869.0546335,4992683.22437842,VIA FRANCESCO CIGNA 3/A
5733,EP,,DIA di somministrazione,somministrazione,17,1395533.44652125,4996097.33458536,VIA GUGLIELMO REISS ROMOLI 265 int. 8
5734,EP,,Somministrazione,somministrazione,13,1392214.19381909,4991921.26925468,CORSO PESCHIERA 330/A
5735,EP,,Somministrazione,somministrazione,7,1396328.77728024,4993751.72742353,CORSO VIGEVANO 35/A
5736,EP,,DIA di somministrazione,somministrazione,16,1395318.836,4995286.157,VIA SOSPELLO 32/C
5737,EP,,DIA di somministrazione,somministrazione,4,1393976.81458333,4990686.275,VIA OSASCO 19/A
5738,EP,,Somministrazione,somministrazione,5,1394738.57969466,4991506.71062982,CORSO INGHILTERRA 1/A
5739,EP,,DIA di somministrazione,somministrazione,2,1396118.38229167,4989704.01458333,VIA CALUSO VALPERGA 27/B
5740,EP,,DIA di somministrazione,somministrazione,1,1395898.43944082,4992357.3902422,PIAZZALE AMELIA PICCININI 16/A
5741,EP,,Somministrazione,somministrazione,1,1395832.25369748,4991756.69371956,VIA S. DALMAZZO 24/F
5742,EP,,Somministrazione,somministrazione,3,1394249.23156461,4989744.0096943,CORSO CARLO E NELLO ROSSELLI 92/C
5743,EP,,Somministrazione,somministrazione,1,1396520.78802853,4991268.50503953,VIA CARLO ALBERTO 14/C
5744,EP,,Somministrazione,somministrazione,16,1395189.46915037,4995041.39823329,VIA STRADELLA 187/C
5745,EP,,Somministrazione,somministrazione,1,1396413.33179522,4992212.06247574,PIAZZA DELLA REPUBBLICA 4/S
5746,EP,,Somministrazione,somministrazione,8,1397271.1601664,4991799.46917478,LARGO MONTEBELLO 31/I
5747,EP,,Somministrazione,somministrazione,1,1396454.23323793,4992099.58241916,PIAZZA CESARE AUGUSTO 1/A
5748,EP,,Somministrazione,somministrazione,16,1393554.36190968,4995578.15329075,VIA ANDREA SANSOVINO 151/H
5749,EP,,Somministrazione,somministrazione,1,1396738.12587346,4991159.31778188,PIAZZA CARLO EMANUELE II 17/A
5750,EP,,Somministrazione,somministrazione,20,1401305.57545167,4995032.28514311,STRADA S. MAURO 180/D
5751,EP,,Somministrazione,somministrazione,21,1398998.63045011,4991382.27289481,CORSO CASALE 134/D
5752,EP,,Somministrazione,somministrazione,2,1396324.89264748,4990521.47221781,VIA S. PIO V 11/F
5753,EP,,Somministrazione,somministrazione,4,1392970.84964707,4991027.61882143,VIA MONGINEVRO 103/D
5754,EP,,Somministrazione,somministrazione,4,1393014.79448567,4990935.53123736,VIA MONGINEVRO 97 int. 16/A
5755,EP,,DIA di somministrazione,somministrazione,16,1395349.31654769,4994964.06796898,VIA STRADELLA 172/N
5756,EP,,DIA di somministrazione,somministrazione,14,1391561.42887514,4992996.30006591,STRADA ANTICA DI COLLEGNO 168 int. 8
5757,EP,,Somministrazione,somministrazione,1,1396664.88014183,4991252.20622324,VIA MARIA VITTORIA 23/B
5758,EP,,Somministrazione,somministrazione,1,1397326.80953625,4991332.76836142,VIA ERCOLE TOMMASO ROERO DI CORTANZE 2/F
5759,EP,,Somministrazione,somministrazione,1,1395517.67884647,4992037.72401183,VIA FILIPPO JUVARRA 13/A
5760,EP,,Somministrazione,somministrazione,4,1393116.2883381,4991053.03295587,VIA CARAGLIO 34/B
5761,EP,,Somministrazione,somministrazione,15,1394057.68480074,4994113.2539633,VIA PIANEZZA 67/A
5762,EP,,Somministrazione,somministrazione,11,1392887.40005171,4989413.19420233,VIA MOMBARCARO 78/E
5763,EP,,Somministrazione,somministrazione,7,1396935.70823183,4993450.63187711,CORSO GIULIO CESARE 61/D
5764,EP,,Somministrazione,somministrazione,2,1396292.97419879,4990248.08418881,VIA SILVIO PELLICO 11/C
5765,EP,,Somministrazione,somministrazione,1,1396811.548,4991238.086,VIA LUIGI DES AMBROIS 5/G
5766,EP,,Somministrazione,somministrazione,1,1396283.252,4992247.241,VIA TRE GALLINE 1/N
5767,EP,,Somministrazione,somministrazione,2,1395950.83,4989761.629,VIA CALUSO VALPERGA 15/A
5768,EP,,DIA di somministrazione,somministrazione,5,1394190.97047789,4991573.87721706,CORSO FRANCESCO FERRUCCI 65
5769,EP,,Somministrazione,somministrazione,1,1395774.34314179,4992216.02856603,VIA PIAVE 5/M
5770,EP,,DIA di somministrazione,somministrazione,15,1392223.67291667,4996119.990625,VIA TRAVES 28
5771,EP,,Somministrazione,somministrazione,2,1396332.373,4989853.906,VIA GIUSEPPE GIACOSA 38/E
5772,EP,,Somministrazione,somministrazione,17,1395578.49752244,4995968.97336272,VIA PAOLO VERONESE 240/E
5773,EP,,Somministrazione,somministrazione,7,1396872.7182592,4993320.11235675,CORSO GIULIO CESARE 51/D
5774,EP,,DIA di somministrazione,somministrazione,7,1397374.756,4992174.243,VIA PARMA 61/A
5775,EP,,Somministrazione,somministrazione,7,1397374.756,4992174.243,VIA PARMA 61/A
5776,EP,,Somministrazione,somministrazione,15,1393512.939,4995383.984,STRADA DI ALTESSANO 45/A
5777,EP,,DIA di somministrazione,somministrazione,21,1400284.733,4993347.274,VIA GIUSEPPE BEATO CAFASSO 7/C
5778,EP,,DIA di somministrazione,somministrazione,1,1397566.04,4991040.706,VIA FERDINANDO (FRED) MURAZZI DEL PO BUSCAGLIONE 22
5779,EP,,Somministrazione,somministrazione,1,1397294.473,4990762.944,VIA GIUSEPPE (GIPO) MURAZZI DEL PO FARASSINO 15
5780,EP,,Somministrazione,somministrazione,1,1397225.847,4990682.485,VIA GIUSEPPE (GIPO) MURAZZI DEL PO FARASSINO 29
5781,EP,,Somministrazione,somministrazione,1,1397216.717,4990671.077,VIA GIUSEPPE (GIPO) MURAZZI DEL PO FARASSINO 31
5782,EP,,Somministrazione,somministrazione,1,1397194.15,4990640.081,VIA GIUSEPPE (GIPO) MURAZZI DEL PO FARASSINO 37
5783,EP,,DIA di somministrazione,somministrazione,1,1397175.51,4990613.872,VIA GIUSEPPE (GIPO) MURAZZI DEL PO FARASSINO 41
5784,EP,,Somministrazione,somministrazione,1,1397175.51,4990613.872,VIA GIUSEPPE (GIPO) MURAZZI DEL PO FARASSINO 41
5785,EP,,Somministrazione,somministrazione,4,1393127.881,4990418.652,VIA CARAGLIO 97/P
5786,EP,,Somministrazione,somministrazione,4,1393124.854,4990408.398,VIA CARAGLIO 97/R
5787,EP,,Somministrazione,somministrazione,20,1399889.307,4995466.431,STRADA DI SETTIMO 140/C
5788,EP,,DIA di somministrazione,somministrazione,7,1396997.01040826,4992718.85858513,VIA BOLOGNA 20/A
5789,EP,,Somministrazione,somministrazione,7,1396997.01040826,4992718.85858513,VIA BOLOGNA 20/A
5790,EP,,DIA di somministrazione,somministrazione,18,1396369.24405065,4993972.20125236,VIA GRESSONEY 21/A
5791,EP,,Somministrazione,somministrazione,18,1396369.24405065,4993972.20125236,VIA GRESSONEY 21/A
5792,EP,,Somministrazione,somministrazione,18,1397178.07726818,4993475.18519956,CORSO PALERMO 91/G
5793,EP,,Somministrazione,somministrazione,20,1399717.285,4994820.483,STRADA S. MAURO 14/D
5794,EP,,Somministrazione,somministrazione,22,1396131.70523752,4987822.21990989,CORSO MONCALIERI 267/C
5795,EP,,Somministrazione,somministrazione,7,1396617.269,4993071.419,CORSO EMILIA 9/H
5796,EP,,Somministrazione,somministrazione,17,1396461.98563352,4995084.09030472,VIA GIOVANNI RANDACCIO 74/A
5797,EP,,DIA di somministrazione,somministrazione,18,1396593.51197917,4993841.09583333,PIAZZA TERESA NOCE 17/D
5798,EP,,Somministrazione,somministrazione,1,1397227.37727264,4991316.69996202,VIA GIUSEPPE VERDI 24/C
5799,EP,,Somministrazione,somministrazione,5,1394653.919,4991809.347,VIA PRINCIPI D'ACAJA 59/G
5800,EP,,DIA di somministrazione,somministrazione,11,1393280.4603677,4989543.73484863,VIA ADA NEGRI 1
5801,EP,,DIA di somministrazione,somministrazione,12,1393108.12884399,4987603.77695128,CORSO GIOVANNI AGNELLI 129
5802,EP,,Somministrazione,somministrazione,7,1396908.594,4992718.278,VIA ALESSANDRIA 3/D
5803,EP,,Somministrazione,somministrazione,1,1395694.873,4992302.148,CORSO VALDOCCO 6/A
5804,EP,,DIA di somministrazione,somministrazione,15,1392250.586,4996216.113,VIA TRAVES 40
5805,EP,,Somministrazione,somministrazione,15,1392250.586,4996216.113,VIA TRAVES 40
5806,EP,,Somministrazione,somministrazione,18,1396596.55546704,4994032.55113965,VIA FRANCESCO CIGNA 114/E
5807,EP,,Somministrazione,somministrazione,5,1394009.013,4991773.943,VIA FREJUS 4/A
5808,EP,,Somministrazione,somministrazione,12,1391139.51658091,4987647.14144709,CORSO ORBASSANO 402 int. 15/E
5809,EP,,Somministrazione,somministrazione,19,1398149.219,4995054.053,VIA SANDRO BOTTICELLI 79/P
5810,EP,,Somministrazione,somministrazione,7,1397597.412,4992844.189,VIA PERUGIA 67/D
5811,EP,,Somministrazione,somministrazione,7,1396359.48376279,4992646.39970258,VIA DEL MOLASSI CANALE 18/E
5812,EP,,DIA di somministrazione,somministrazione,20,1400088.092,4995697.94,STRADA DI SETTIMO 166 int. 11
5813,EP,,Somministrazione,somministrazione,1,1397203.391,4991325.885,VIA S. OTTAVIO 18
5814,EP,,Somministrazione,somministrazione,8,1397521.02086432,4991619.89650021,VIA GUASTALLA 20/D
5815,EP,,DIA di somministrazione,somministrazione,13,1392031.543,4990223.877,VIA S. MARIA MAZZARELLO 114/C
5816,EP,,Somministrazione,somministrazione,9,1395102.47,4987381.926,VIA SPOTORNO 33/D
5817,EP,,DIA di somministrazione,somministrazione,4,1392945.703,4990800.171,VIA ISSIGLIO 75
5818,EP,,Somministrazione,somministrazione,1,1396196.045,4990882.69,VIA GIUSEPPE LUIGI LAGRANGE 43/H
5819,EP,,Somministrazione,somministrazione,16,1393487.594,4996284.738,STRADA DI ALTESSANO 166/C
5820,EP,,DIA di somministrazione,somministrazione,19,1398113.477,4995407.324,VIA BERNARDINO RAMAZZINI 19
5821,EP,,DIA di somministrazione,somministrazione,20,1400886.381,4994698.65,VIA RUBENS FATTORELLI 101
5822,EP,,DIA di somministrazione,somministrazione,23,1390359.863,4986502.783,VIA PLAVA 98/C
5823,EP,,DIA di somministrazione,somministrazione,9,1394742.529,4986571.46,PIAZZA PIEMONTE 1
5824,EP,,Somministrazione,somministrazione,23,1394270.068,4985398.853,VIA SOMALIA 30/A
5825,EP,,Somministrazione,somministrazione,6,1394083.699,4993847.926,CORSO POTENZA 22
