{
"type": "FeatureCollection",
"name": "torino_quartieri_opportunity",
"crs": { "type": "name", "properties": { "name": "urn:ogc:def:crs:OGC:1.3:CRS84" } },
"features": [
{ "type": "Feature", "properties": { "ID_QUART": 1, "DENOM": "Centro", "neighborhood_name_clean": "centro", "statistical_zone_clean": "01", "n_somministrazione": 290, "neighborhood_clean": "1 centro", "total_population": 42244, "stores_per_1000_residents": 6.8648802196761673, "distance_to_nearest_metro": 983.71429633639616, "normalized_population": 0.67168711283857641, "normalized_competition": 0.91818003117713509, "normalized_distance_to_metro": 0.26667184694659196, "retail_opportunity_score": -0.072438179523956259, "opportunity_level": "Low Opportunity", "longitude": 7.6808553331253453, "latitude": 45.069516208881602 }, "geometry": { "type": "Polygon", "coordinates": [ [ [ 7.662612416242064, 45.068626582884747, 0.0 ], [ 7.663716893008211, 45.070191362384421, 0.0 ], [ 7.664319234392284, 45.07104469915766, 0.0 ], [ 7.664958513570034, 45.071950334581253, 0.0 ], [ 7.665571100798303, 45.072818125047995, 0.0 ], [ 7.666081958481749, 45.073541776229668, 0.0 ], [ 7.666173671394909, 45.073671689344785, 0.0 ], [ 7.666595879580287, 45.074269744336085, 0.0 ], [ 7.667148678795667, 45.075052770650949, 0.0 ], [ 7.667589897990383, 45.075677742861807, 0.0 ], [ 7.668029000824663, 45.076299674299634, 0.0 ], [ 7.668241224925673, 45.076575623253497, 0.0 ], [ 7.668316204096714, 45.076673113365615, 0.0 ], [ 7.668611540194442, 45.077057114883225, 0.0 ], [ 7.668966765576227, 45.077518993681345, 0.0 ], [ 7.66927526761994, 45.077920097151434, 0.0 ], [ 7.669396709604534, 45.078078008570074, 0.0 ], [ 7.669678752223601, 45.078479162565856, 0.0 ], [ 7.670086189456824, 45.079058678588403, 0.0 ], [ 7.670611996048106, 45.079806526264711, 0.0 ], [ 7.670888274940745, 45.080199453702861, 0.0 ], [ 7.671329071859775, 45.080826369363365, 0.0 ], [ 7.67151229468942, 45.080766327137354, 0.0 ], [ 7.671617968311819, 45.080731693557048, 0.0 ], [ 7.673603471459831, 45.080080956954738, 0.0 ], [ 7.673804146174374, 45.080014947025973, 0.0 ], [ 7.674568273153796, 45.079761922412736, 0.0 ], [ 7.674931981981001, 45.07964148758137, 0.0 ], [ 7.675576734933763, 45.079427965869996, 0.0 ], [ 7.675717070334208, 45.079381498015259, 0.0 ], [ 7.676261978897328, 45.079201055926603, 0.0 ], [ 7.676702420729257, 45.079055193879526, 0.0 ], [ 7.677362255434062, 45.078836678951184, 0.0 ], [ 7.679497513001492, 45.078129503839669, 0.0 ], [ 7.680787555764862, 45.077702474681288, 0.0 ], [ 7.682422173894031, 45.077161611314466, 0.0 ], [ 7.683570635207954, 45.07678126368095, 0.0 ], [ 7.684758296382349, 45.076387909970549, 0.0 ], [ 7.685542450400391, 45.076127668956545, 0.0 ], [ 7.686337330094314, 45.075863757325315, 0.0 ], [ 7.686978143516129, 45.07565154801862, 0.0 ], [ 7.687912296229056, 45.075342273706902, 0.0 ], [ 7.689642651151279, 45.074769504652849, 0.0 ], [ 7.689704584274697, 45.074700604867289, 0.0 ], [ 7.689742829853344, 45.074658061296198, 0.0 ], [ 7.689817772167829, 45.074574691035899, 0.0 ], [ 7.690310529650577, 45.074026538119178, 0.0 ], [ 7.69091009843646, 45.073442053364261, 0.0 ], [ 7.691325178099084, 45.073037401955709, 0.0 ], [ 7.691664322389049, 45.072704532790169, 0.0 ], [ 7.692662947695335, 45.071705578387622, 0.0 ], [ 7.693859068595158, 45.070497386578012, 0.0 ], [ 7.694234736751433, 45.070116733168753, 0.0 ], [ 7.694397603034587, 45.06995177415417, 0.0 ], [ 7.695004717985921, 45.06933778293029, 0.0 ], [ 7.695524940795605, 45.06880932901219, 0.0 ], [ 7.69578221315356, 45.068548624594186, 0.0 ], [ 7.696172459326657, 45.068153160110704, 0.0 ], [ 7.696735706046374, 45.067582361482557, 0.0 ], [ 7.697312283324377, 45.066998047360777, 0.0 ], [ 7.697988299745101, 45.066312936450039, 0.0 ], [ 7.698082340191357, 45.066217636449984, 0.0 ], [ 7.69868483003681, 45.065608531203807, 0.0 ], [ 7.698825167406136, 45.0654651120051, 0.0 ], [ 7.699055365006146, 45.065478284740934, 0.0 ], [ 7.699056367236633, 45.065476100056273, 0.0 ], [ 7.699056368500291, 45.065451399119908, 0.0 ], [ 7.69903706561007, 45.065451214975106, 0.0 ], [ 7.699026806777926, 45.065428621774458, 0.0 ], [ 7.699013164762045, 45.065412308011965, 0.0 ], [ 7.698984754672406, 45.065388084839427, 0.0 ], [ 7.698960268449917, 45.065369378512322, 0.0 ], [ 7.69894792289398, 45.065363738536803, 0.0 ], [ 7.69891540941649, 45.065347857254167, 0.0 ], [ 7.698897642183287, 45.065339382974642, 0.0 ], [ 7.698876552909065, 45.065331085016318, 0.0 ], [ 7.698855726451542, 45.065325312623983, 0.0 ], [ 7.698838465597921, 45.065321893330868, 0.0 ], [ 7.698806974418833, 45.065318067819362, 0.0 ], [ 7.698779015312785, 45.065317002999009, 0.0 ], [ 7.698771391906068, 45.065315376139075, 0.0 ], [ 7.698765553042937, 45.065303472381572, 0.0 ], [ 7.698745738778109, 45.065310142804833, 0.0 ], [ 7.698721351651645, 45.065323483452602, 0.0 ], [ 7.698568459139816, 45.065240501058653, 0.0 ], [ 7.698570241340229, 45.065214533547739, 0.0 ], [ 7.698561863261631, 45.06518748667019, 0.0 ], [ 7.6985443430757, 45.065188205276307, 0.0 ], [ 7.698527824806034, 45.065171606461234, 0.0 ], [ 7.698513325411279, 45.065159549192707, 0.0 ], [ 7.69849710124387, 45.065148517337185, 0.0 ], [ 7.698483569997913, 45.065140874172947, 0.0 ], [ 7.698468905075202, 45.065134450167221, 0.0 ], [ 7.698439448919689, 45.065124887620073, 0.0 ], [ 7.698439952127418, 45.065111724435049, 0.0 ], [ 7.698405667183434, 45.065109551402351, 0.0 ], [ 7.698368976600103, 45.06511486749676, 0.0 ], [ 7.698261165740045, 45.065042947551476, 0.0 ], [ 7.698232612934818, 45.065023907630653, 0.0 ], [ 7.698121185870857, 45.064950164087513, 0.0 ], [ 7.698124768942691, 45.064947917368499, 0.0 ], [ 7.698103177511178, 45.064930424774467, 0.0 ], [ 7.698097337270607, 45.064934210198778, 0.0 ], [ 7.698008959760067, 45.064867471599285, 0.0 ], [ 7.698013780710175, 45.064863862924327, 0.0 ], [ 7.69799447744226, 45.064849069758438, 0.0 ], [ 7.697989399786603, 45.064853403615693, 0.0 ], [ 7.697682358426408, 45.064619268406595, 0.0 ], [ 7.697105475649071, 45.064198490811066, 0.0 ], [ 7.697118636402118, 45.064190025003398, 0.0 ], [ 7.697098234286412, 45.064174543561833, 0.0 ], [ 7.697093826579902, 45.064177905607004, 0.0 ], [ 7.696861509399144, 45.063998864500576, 0.0 ], [ 7.696868650029471, 45.063991556214752, 0.0 ], [ 7.69687195999524, 45.063983978716251, 0.0 ], [ 7.696872170906905, 45.063979111207097, 0.0 ], [ 7.696870693799964, 45.063974242093686, 0.0 ], [ 7.696867523190245, 45.063968994126959, 0.0 ], [ 7.696863184436343, 45.063964344568546, 0.0 ], [ 7.697107320589962, 45.063815953806781, 0.0 ], [ 7.697112254138867, 45.063820718362926, 0.0 ], [ 7.697119191482355, 45.06382457798464, 0.0 ], [ 7.697128774938611, 45.063827045990195, 0.0 ], [ 7.697138498944574, 45.063827292779514, 0.0 ], [ 7.69714860758778, 45.063826273838949, 0.0 ], [ 7.697158575016728, 45.063823145932481, 0.0 ], [ 7.697166448532031, 45.063818167972912, 0.0 ], [ 7.697171784590351, 45.063811964298864, 0.0 ], [ 7.697174456426625, 45.063806683834621, 0.0 ], [ 7.697175574118665, 45.063795002448551, 0.0 ], [ 7.697173824796144, 45.063788699369788, 0.0 ], [ 7.697170579219574, 45.063782784932847, 0.0 ], [ 7.697166257823533, 45.06377737079643, 0.0 ], [ 7.697390797205225, 45.063630439815967, 0.0 ], [ 7.697394441590002, 45.063635027549871, 0.0 ], [ 7.697400188549063, 45.063638692906281, 0.0 ], [ 7.697406420512943, 45.06364055529238, 0.0 ], [ 7.697421411003074, 45.063642131345887, 0.0 ], [ 7.697429917172969, 45.063641759723815, 0.0 ], [ 7.697438800773969, 45.063639314032166, 0.0 ], [ 7.697446931683677, 45.06363526633357, 0.0 ], [ 7.697453173729586, 45.063631114677875, 0.0 ], [ 7.69745786166815, 45.063626073192182, 0.0 ], [ 7.69746052820617, 45.06361995542445, 0.0 ], [ 7.697460909235327, 45.063613812491873, 0.0 ], [ 7.6974600166708, 45.063608382236275, 0.0 ], [ 7.697457611543314, 45.063602989969269, 0.0 ], [ 7.697453531107862, 45.063597515199511, 0.0 ], [ 7.697448455528202, 45.063592758546704, 0.0 ], [ 7.697487997694767, 45.063567032492145, 0.0 ], [ 7.697428357614869, 45.063523575710548, 0.0 ], [ 7.697376117127777, 45.063485515163094, 0.0 ], [ 7.697341154717064, 45.06350817812703, 0.0 ], [ 7.697330254031989, 45.063502157347799, 0.0 ], [ 7.697320784267252, 45.063499664846169, 0.0 ], [ 7.697311220872359, 45.063498987928789, 0.0 ], [ 7.697302148899639, 45.063499685445976, 0.0 ], [ 7.69729312109747, 45.063502320112825, 0.0 ], [ 7.697286316282876, 45.063506156979493, 0.0 ], [ 7.69728107532534, 45.063510904165277, 0.0 ], [ 7.697276447900091, 45.063516684858897, 0.0 ], [ 7.697273326074852, 45.063522762109535, 0.0 ], [ 7.697271827065262, 45.063529432483335, 0.0 ], [ 7.697272934340164, 45.063536098177686, 0.0 ], [ 7.697276050895892, 45.063542038761142, 0.0 ], [ 7.697280666895209, 45.063547393767472, 0.0 ], [ 7.697053657482482, 45.063694520940579, 0.0 ], [ 7.697048148503799, 45.063690955635259, 0.0 ], [ 7.697041571544978, 45.063688108064895, 0.0 ], [ 7.697032496113891, 45.063686087786401, 0.0 ], [ 7.697023289887156, 45.063686028018196, 0.0 ], [ 7.697014658416501, 45.063687386653186, 0.0 ], [ 7.697006201678732, 45.063690081697303, 0.0 ], [ 7.696998035231184, 45.063693948289824, 0.0 ], [ 7.69699161535576, 45.063699204093666, 0.0 ], [ 7.696987934183533, 45.063705320234135, 0.0 ], [ 7.696986646849902, 45.063711614927335, 0.0 ], [ 7.696986575788507, 45.063717582990144, 0.0 ], [ 7.69698779884711, 45.063723510125122, 0.0 ], [ 7.696992845866506, 45.063733937853279, 0.0 ], [ 7.696767717116125, 45.063879861981732, 0.0 ], [ 7.696757505674022, 45.063873679212627, 0.0 ], [ 7.696749859800961, 45.063871449277599, 0.0 ], [ 7.696742018625644, 45.063870531605566, 0.0 ], [ 7.696733483937326, 45.063870469516615, 0.0 ], [ 7.696724963327902, 45.063872065306263, 0.0 ], [ 7.696716101636741, 45.063875708861183, 0.0 ], [ 7.696709132891211, 45.063880598404687, 0.0 ], [ 7.696559905306438, 45.063763977768403, 0.0 ], [ 7.696479765059188, 45.063702193763376, 0.0 ], [ 7.696486909599469, 45.063697440723537, 0.0 ], [ 7.696464357033934, 45.063679801908307, 0.0 ], [ 7.69644967578326, 45.063689274075536, 0.0 ], [ 7.695609599160545, 45.063019573821016, 0.0 ], [ 7.695613905576582, 45.063016760380627, 0.0 ], [ 7.69559275646939, 45.063000026731743, 0.0 ], [ 7.695587753602675, 45.063003318980904, 0.0 ], [ 7.695501916682344, 45.062934635475074, 0.0 ], [ 7.695506237488314, 45.062931723038815, 0.0 ], [ 7.695484359894743, 45.062915783870551, 0.0 ], [ 7.69533704266108, 45.062779046752716, 0.0 ], [ 7.695351821717506, 45.062770412628133, 0.0 ], [ 7.695302917502737, 45.062725258925568, 0.0 ], [ 7.695287652507543, 45.062734077669703, 0.0 ], [ 7.695278977290353, 45.062726326144123, 0.0 ], [ 7.69530926932149, 45.062707886283725, 0.0 ], [ 7.695251715652961, 45.062656071683378, 0.0 ], [ 7.695222284687423, 45.062675728092763, 0.0 ], [ 7.695127698127632, 45.062591317119946, 0.0 ], [ 7.695137796540443, 45.062579001209691, 0.0 ], [ 7.695143761115941, 45.062567502012584, 0.0 ], [ 7.695129099692506, 45.062559845985525, 0.0 ], [ 7.695126821926471, 45.062541060247831, 0.0 ], [ 7.695118508674939, 45.062515660245055, 0.0 ], [ 7.69511040381117, 45.062500084867949, 0.0 ], [ 7.695096012058392, 45.062478892144419, 0.0 ], [ 7.69507879548302, 45.062458999742852, 0.0 ], [ 7.69504407833083, 45.062424622252585, 0.0 ], [ 7.695040536560369, 45.062421124158526, 0.0 ], [ 7.695053197624206, 45.062414032119953, 0.0 ], [ 7.695011331773726, 45.062377798834675, 0.0 ], [ 7.694845413542471, 45.062234195880386, 0.0 ], [ 7.69479970058292, 45.062194614879807, 0.0 ], [ 7.694647335556205, 45.062062735262003, 0.0 ], [ 7.694634556498854, 45.06206953882878, 0.0 ], [ 7.694587270854382, 45.062027598309136, 0.0 ], [ 7.694601446921781, 45.06202021754352, 0.0 ], [ 7.694459175898272, 45.061886922582744, 0.0 ], [ 7.694412926576142, 45.061843562068574, 0.0 ], [ 7.694268502218836, 45.061708406574461, 0.0 ], [ 7.694222528138869, 45.061665176367384, 0.0 ], [ 7.694076726739065, 45.061528581713631, 0.0 ], [ 7.694034293762512, 45.061487174620531, 0.0 ], [ 7.693919190325649, 45.061373596907067, 0.0 ], [ 7.693830208803012, 45.061285801292534, 0.0 ], [ 7.693720893583529, 45.061177934705029, 0.0 ], [ 7.693678055120694, 45.061134352543824, 0.0 ], [ 7.693552157108388, 45.061005033716725, 0.0 ], [ 7.693510213967868, 45.060959517389747, 0.0 ], [ 7.693387806407232, 45.060830364645931, 0.0 ], [ 7.693347235354069, 45.06078590857917, 0.0 ], [ 7.693325537143541, 45.060762128912799, 0.0 ], [ 7.693244483474848, 45.060673300141858, 0.0 ], [ 7.693229357222486, 45.060630890738885, 0.0 ], [ 7.693217866515511, 45.060604455791804, 0.0 ], [ 7.693203467639175, 45.06057866314724, 0.0 ], [ 7.693181422960168, 45.060548307927192, 0.0 ], [ 7.693156035321921, 45.060519283726791, 0.0 ], [ 7.693143557051703, 45.060506107375922, 0.0 ], [ 7.693132509867068, 45.060494278649109, 0.0 ], [ 7.693106708753709, 45.060470533035343, 0.0 ], [ 7.693072088610263, 45.060443077170248, 0.0 ], [ 7.6929871204632, 45.060381144861005, 0.0 ], [ 7.692911423384568, 45.06029684181788, 0.0 ], [ 7.69288657171019, 45.060269345116552, 0.0 ], [ 7.692847231196891, 45.060222201971207, 0.0 ], [ 7.692725920821432, 45.060070214325435, 0.0 ], [ 7.692690166313839, 45.060022328825127, 0.0 ], [ 7.692574461368575, 45.059867272681593, 0.0 ], [ 7.692539719975811, 45.059820722281799, 0.0 ], [ 7.692517684289355, 45.059791710052785, 0.0 ], [ 7.692497244176769, 45.059771851433339, 0.0 ], [ 7.69248515627892, 45.059761658936687, 0.0 ], [ 7.692471758518393, 45.059752061821499, 0.0 ], [ 7.692457535388738, 45.059744788105881, 0.0 ], [ 7.692441374030947, 45.059740002546064, 0.0 ], [ 7.692424607502945, 45.059737829984861, 0.0 ], [ 7.692407824523268, 45.059738565147548, 0.0 ], [ 7.692394059345452, 45.059740657961989, 0.0 ], [ 7.692380714305954, 45.059743854544053, 0.0 ], [ 7.692227036208053, 45.059529814123842, 0.0 ], [ 7.692170053497821, 45.059450415061356, 0.0 ], [ 7.691571262635456, 45.058616489949948, 0.0 ], [ 7.691551499067671, 45.058612096774937, 0.0 ], [ 7.691469273235481, 45.05859383429879, 0.0 ], [ 7.691456078880726, 45.058590911025931, 0.0 ], [ 7.691452355528073, 45.05858489042344, 0.0 ], [ 7.691421026858271, 45.058534049510108, 0.0 ], [ 7.691416947506347, 45.058527503647895, 0.0 ], [ 7.691440803754218, 45.058503382149617, 0.0 ], [ 7.691444186347615, 45.058498182861435, 0.0 ], [ 7.691446144719771, 45.058489742826005, 0.0 ], [ 7.691445879934483, 45.058481241995423, 0.0 ], [ 7.691443657958, 45.058468470970212, 0.0 ], [ 7.691438522586606, 45.058455790627285, 0.0 ], [ 7.691431190149319, 45.058443726278732, 0.0 ], [ 7.691422313293689, 45.058432542143919, 0.0 ], [ 7.691449288120111, 45.058422662241036, 0.0 ], [ 7.691424780605706, 45.058386193650783, 0.0 ], [ 7.691588726174817, 45.058327581140652, 0.0 ], [ 7.691592444084669, 45.0583326639169, 0.0 ], [ 7.691605495010092, 45.058327952592251, 0.0 ], [ 7.691601736222517, 45.058322869348061, 0.0 ], [ 7.691767260627775, 45.058262887728922, 0.0 ], [ 7.691784599667623, 45.058287867050169, 0.0 ], [ 7.691788799891987, 45.058291327057944, 0.0 ], [ 7.69180324493777, 45.058296750521848, 0.0 ], [ 7.691811893173068, 45.058297848034734, 0.0 ], [ 7.691821469484552, 45.05829679720371, 0.0 ], [ 7.691831019607658, 45.058293448990732, 0.0 ], [ 7.691836735204991, 45.058290130655543, 0.0 ], [ 7.691840754331534, 45.058285928027132, 0.0 ], [ 7.691843471165934, 45.058280477037897, 0.0 ], [ 7.691844512446174, 45.058270451179531, 0.0 ], [ 7.691843111726768, 45.058266151142149, 0.0 ], [ 7.691826231055373, 45.058241662035314, 0.0 ], [ 7.691992139790769, 45.058181503370101, 0.0 ], [ 7.691996699285975, 45.058179854408429, 0.0 ], [ 7.691934783459536, 45.058090235488415, 0.0 ], [ 7.691340226204296, 45.058305774985278, 0.0 ], [ 7.690729529107492, 45.058540490086479, 0.0 ], [ 7.689254933609908, 45.059076345546387, 0.0 ], [ 7.688242181357571, 45.059438406125402, 0.0 ], [ 7.687805530836203, 45.059577408443921, 0.0 ], [ 7.686255553543808, 45.060131485738857, 0.0 ], [ 7.684883438081917, 45.060625758617888, 0.0 ], [ 7.683766669514679, 45.061028259834565, 0.0 ], [ 7.682613457383217, 45.061442895904186, 0.0 ], [ 7.682207317170269, 45.061588918040748, 0.0 ], [ 7.681517710130649, 45.061835751414449, 0.0 ], [ 7.680720191469011, 45.062122591234399, 0.0 ], [ 7.680097424799548, 45.062346577615884, 0.0 ], [ 7.679379108209441, 45.062604904768648, 0.0 ], [ 7.678495375374794, 45.06292257901783, 0.0 ], [ 7.677701734472739, 45.063207901679341, 0.0 ], [ 7.67717050410115, 45.063399166790909, 0.0 ], [ 7.676428504696201, 45.063665995349517, 0.0 ], [ 7.675743687482355, 45.063912247497356, 0.0 ], [ 7.675063257811396, 45.064156916791006, 0.0 ], [ 7.673969557614391, 45.064549587578703, 0.0 ], [ 7.672420008272119, 45.065105894970408, 0.0 ], [ 7.671543930892382, 45.06542040928386, 0.0 ], [ 7.67087815300617, 45.065659417257692, 0.0 ], [ 7.670082982012671, 45.06594500317938, 0.0 ], [ 7.669280234897821, 45.066233303553396, 0.0 ], [ 7.667862419203537, 45.066742680571799, 0.0 ], [ 7.666210405637154, 45.067335515435012, 0.0 ], [ 7.665046867694493, 45.067753912835911, 0.0 ], [ 7.664069308617407, 45.06810578207007, 0.0 ], [ 7.66303239505206, 45.068476491475451, 0.0 ], [ 7.662612416242064, 45.068626582884747, 0.0 ] ] ] } },
{ "type": "Feature", "properties": { "ID_QUART": 2, "DENOM": "San Salvario", "neighborhood_name_clean": "san salvario", "statistical_zone_clean": "02", "n_somministrazione": 8, "neighborhood_clean": "2 san salvario", "total_population": 34977, "stores_per_1000_residents": 0.22872173142350685, "distance_to_nearest_metro": 1178.0515249820728, "normalized_population": 0.49515364994534189, "normalized_competition": 0.0, "normalized_distance_to_metro": 0.33572084758354648, "retail_opportunity_score": 0.15567497295869454, "opportunity_level": "High Opportunity", "longitude": 7.6791146508592885, "latitude": 45.051295909342691 }, "geometry": { "type": "Polygon", "coordinates": [ [ [ 7.666989970510331, 45.044350013537255, 0.0 ], [ 7.667107595666, 45.044534491976201, 0.0 ], [ 7.667246235802263, 45.044743565679198, 0.0 ], [ 7.66741013793209, 45.04499072296791, 0.0 ], [ 7.668556728227164, 45.046855010444013, 0.0 ], [ 7.669432523250728, 45.048269344772926, 0.0 ], [ 7.67055278018992, 45.050048505559332, 0.0 ], [ 7.672257584491819, 45.052749828077516, 0.0 ], [ 7.672383712654197, 45.052976536881424, 0.0 ], [ 7.672726353465025, 45.053437864673384, 0.0 ], [ 7.673328705669013, 45.054384838716423, 0.0 ], [ 7.673311825270106, 45.054493132090975, 0.0 ], [ 7.673591140748041, 45.054398329600524, 0.0 ], [ 7.673790766274385, 45.054622001811374, 0.0 ], [ 7.673758744431707, 45.054633277415896, 0.0 ], [ 7.673881917782997, 45.054801448604891, 0.0 ], [ 7.674337960518793, 45.055299915221426, 0.0 ], [ 7.675135768148921, 45.055907305184434, 0.0 ], [ 7.67519801337033, 45.055992545763843, 0.0 ], [ 7.676764919868844, 45.058138246782804, 0.0 ], [ 7.677229199064561, 45.05800636619756, 0.0 ], [ 7.677459907044819, 45.058603390250362, 0.0 ], [ 7.677764041366261, 45.059175832681255, 0.0 ], [ 7.678447761554795, 45.060101658035336, 0.0 ], [ 7.679051490256616, 45.060929675731501, 0.0 ], [ 7.679499413267236, 45.061577844622938, 0.0 ], [ 7.680097424799548, 45.062346577615884, 0.0 ], [ 7.680720191469011, 45.062122591234399, 0.0 ], [ 7.681517710130649, 45.061835751414449, 0.0 ], [ 7.682207317170269, 45.061588918040748, 0.0 ], [ 7.682613457383217, 45.061442895904186, 0.0 ], [ 7.683766669514679, 45.061028259834565, 0.0 ], [ 7.684883438081917, 45.060625758617888, 0.0 ], [ 7.686255553543808, 45.060131485738857, 0.0 ], [ 7.687805530836203, 45.059577408443921, 0.0 ], [ 7.688242181357571, 45.059438406125402, 0.0 ], [ 7.689254933609908, 45.059076345546387, 0.0 ], [ 7.690729529107492, 45.058540490086479, 0.0 ], [ 7.691340226204296, 45.058305774985278, 0.0 ], [ 7.691934783459536, 45.058090235488415, 0.0 ], [ 7.691870813112033, 45.058004291963741, 0.0 ], [ 7.691699195023458, 45.058065860280337, 0.0 ], [ 7.691681850203252, 45.058040690700714, 0.0 ], [ 7.691672660016482, 45.058032096663375, 0.0 ], [ 7.691658988200123, 45.058027339968213, 0.0 ], [ 7.691643769743997, 45.05802742686793, 0.0 ], [ 7.691640016856434, 45.05802824782058, 0.0 ], [ 7.691627383982604, 45.058034268471452, 0.0 ], [ 7.691619903059293, 45.058043671742936, 0.0 ], [ 7.69161916343901, 45.058054447279169, 0.0 ], [ 7.691641365944446, 45.058086657048364, 0.0 ], [ 7.691472697538484, 45.058147529803932, 0.0 ], [ 7.691466081777969, 45.058137993078219, 0.0 ], [ 7.691452506676453, 45.058142915274018, 0.0 ], [ 7.691459167102346, 45.058152650388266, 0.0 ], [ 7.691282363175949, 45.058219983084172, 0.0 ], [ 7.691265878067181, 45.058195416470042, 0.0 ], [ 7.691241074065761, 45.058204377564302, 0.0 ], [ 7.691210922411088, 45.058156511879545, 0.0 ], [ 7.691195941441072, 45.058147364666596, 0.0 ], [ 7.69117800388755, 45.058141965846239, 0.0 ], [ 7.69119339549265, 45.058118611329611, 0.0 ], [ 7.691145666304299, 45.058041845357224, 0.0 ], [ 7.691119173663873, 45.0580094876047, 0.0 ], [ 7.690936608860858, 45.057786077182399, 0.0 ], [ 7.690896086796596, 45.057769687467925, 0.0 ], [ 7.690874451304899, 45.057777713087781, 0.0 ], [ 7.69085055093383, 45.057744285579318, 0.0 ], [ 7.690884948858215, 45.057727305797606, 0.0 ], [ 7.690896506527023, 45.057708436324177, 0.0 ], [ 7.690911763514204, 45.057704893702798, 0.0 ], [ 7.690681174292683, 45.057308674269912, 0.0 ], [ 7.690615362229255, 45.057221753946415, 0.0 ], [ 7.690562514510313, 45.057149476549554, 0.0 ], [ 7.690555678788211, 45.057141863028328, 0.0 ], [ 7.69044280960377, 45.057013868742892, 0.0 ], [ 7.690157973454641, 45.056699230629029, 0.0 ], [ 7.689978854575669, 45.056523748211809, 0.0 ], [ 7.689906907798195, 45.056460404851094, 0.0 ], [ 7.689909540406343, 45.056446897078828, 0.0 ], [ 7.689528459805718, 45.056111483243889, 0.0 ], [ 7.689486691913137, 45.0560740527064, 0.0 ], [ 7.689358909789876, 45.056005972098568, 0.0 ], [ 7.688841145844458, 45.055590412155318, 0.0 ], [ 7.68884896178403, 45.055582931445649, 0.0 ], [ 7.688851409859985, 45.055574236257598, 0.0 ], [ 7.688847918561216, 45.055566356295486, 0.0 ], [ 7.688840081570803, 45.055559776247691, 0.0 ], [ 7.688504690447424, 45.055213398147465, 0.0 ], [ 7.688495811079523, 45.05520737211048, 0.0 ], [ 7.688484434043165, 45.055203406630547, 0.0 ], [ 7.688474358198807, 45.055201374178516, 0.0 ], [ 7.688464140558514, 45.055200626064625, 0.0 ], [ 7.688323181707998, 45.055016289986682, 0.0 ], [ 7.688124925085861, 45.054669567368677, 0.0 ], [ 7.688037992227849, 45.054571935363953, 0.0 ], [ 7.687803183193109, 45.054370991337606, 0.0 ], [ 7.687597675702017, 45.054156654982663, 0.0 ], [ 7.687606608668253, 45.054150385318103, 0.0 ], [ 7.687578733687346, 45.054143069549333, 0.0 ], [ 7.687555357350044, 45.054085207624652, 0.0 ], [ 7.687542335106188, 45.054052112269162, 0.0 ], [ 7.687513092499644, 45.054002490533748, 0.0 ], [ 7.68749469532957, 45.053971151860196, 0.0 ], [ 7.687549022609709, 45.053856876871336, 0.0 ], [ 7.687420192994606, 45.053807084431284, 0.0 ], [ 7.687402784459145, 45.053768725487657, 0.0 ], [ 7.68737596196131, 45.053709302935033, 0.0 ], [ 7.68735945157021, 45.05367332112349, 0.0 ], [ 7.687311311783385, 45.053583722145781, 0.0 ], [ 7.68727426030165, 45.053515162541629, 0.0 ], [ 7.68729430040587, 45.053511846096029, 0.0 ], [ 7.687229939174716, 45.053347579052748, 0.0 ], [ 7.687097372016039, 45.053097633060062, 0.0 ], [ 7.687023508020951, 45.052944122607165, 0.0 ], [ 7.687076136437568, 45.052932360249855, 0.0 ], [ 7.687026928851764, 45.052817894812492, 0.0 ], [ 7.686983040723418, 45.052828957541422, 0.0 ], [ 7.686967095776859, 45.052798798458738, 0.0 ], [ 7.686930284347781, 45.052729195513123, 0.0 ], [ 7.686920936300747, 45.052711489272554, 0.0 ], [ 7.686697266344567, 45.052283502897851, 0.0 ], [ 7.68658901227205, 45.051978042982967, 0.0 ], [ 7.686557504439699, 45.05180611473574, 0.0 ], [ 7.686540926520586, 45.051755352890261, 0.0 ], [ 7.686443480871337, 45.051578066081781, 0.0 ], [ 7.686365537747996, 45.051328810452411, 0.0 ], [ 7.686193393153125, 45.0508449195992, 0.0 ], [ 7.686185371862988, 45.050829272523423, 0.0 ], [ 7.685922022874797, 45.050108269171425, 0.0 ], [ 7.685854321917567, 45.050001403971166, 0.0 ], [ 7.68584407023412, 45.049874585916143, 0.0 ], [ 7.68579341689295, 45.049744755393355, 0.0 ], [ 7.685806132120597, 45.04974403777932, 0.0 ], [ 7.685739108853079, 45.049651899213146, 0.0 ], [ 7.685654956391391, 45.049498305142052, 0.0 ], [ 7.685642889212854, 45.049476283039496, 0.0 ], [ 7.685577108387962, 45.049301098215849, 0.0 ], [ 7.685560125096418, 45.049191612116616, 0.0 ], [ 7.685543816760357, 45.049185059295048, 0.0 ], [ 7.685543038013841, 45.048960231714148, 0.0 ], [ 7.685525235833769, 45.04883538786536, 0.0 ], [ 7.685344880646787, 45.047919126559435, 0.0 ], [ 7.685266056439184, 45.047588465726541, 0.0 ], [ 7.68526375395118, 45.047538776350798, 0.0 ], [ 7.685233217424968, 45.047415549486338, 0.0 ], [ 7.685134145749217, 45.047166760472955, 0.0 ], [ 7.685005754347779, 45.047089109137744, 0.0 ], [ 7.684996532208776, 45.047058279587439, 0.0 ], [ 7.685042325619489, 45.047013788952682, 0.0 ], [ 7.685050470037806, 45.047002451650016, 0.0 ], [ 7.685054695693655, 45.046989807702296, 0.0 ], [ 7.685059083883625, 45.046963464165387, 0.0 ], [ 7.685064749166164, 45.046942322228745, 0.0 ], [ 7.685067760377824, 45.046921184595099, 0.0 ], [ 7.68506459327429, 45.046907563487736, 0.0 ], [ 7.685014553141532, 45.046799407748701, 0.0 ], [ 7.684944003000741, 45.046572694366297, 0.0 ], [ 7.684846736044216, 45.046389838130523, 0.0 ], [ 7.684799372442545, 45.046264094878666, 0.0 ], [ 7.684759720519923, 45.046161981822699, 0.0 ], [ 7.684615790991058, 45.045895364386006, 0.0 ], [ 7.684516344432421, 45.045690851281407, 0.0 ], [ 7.684485021258832, 45.045593802259262, 0.0 ], [ 7.684457843276745, 45.045569040331429, 0.0 ], [ 7.684305116479409, 45.04554069870867, 0.0 ], [ 7.684233668589987, 45.045566052637149, 0.0 ], [ 7.684215332390372, 45.045537260675751, 0.0 ], [ 7.684244697771691, 45.045523582881948, 0.0 ], [ 7.684330877213057, 45.045402915882903, 0.0 ], [ 7.684327986689213, 45.045289119083328, 0.0 ], [ 7.684954263504101, 45.045092063762006, 0.0 ], [ 7.684925129311743, 45.045039644647943, 0.0 ], [ 7.684896280460904, 45.04498759739657, 0.0 ], [ 7.684236202751217, 45.045208502554999, 0.0 ], [ 7.684119047929948, 45.045051944601951, 0.0 ], [ 7.683975261515863, 45.044910075184312, 0.0 ], [ 7.683842873680608, 45.044785000689018, 0.0 ], [ 7.683603528574405, 45.044581059415584, 0.0 ], [ 7.683575877727707, 45.044568679244499, 0.0 ], [ 7.683320537849486, 45.044424317068781, 0.0 ], [ 7.683168676362116, 45.044352351933142, 0.0 ], [ 7.682554901554468, 45.044096732226222, 0.0 ], [ 7.682181940285545, 45.043959922968696, 0.0 ], [ 7.682054519155328, 45.043918573711032, 0.0 ], [ 7.681738303345364, 45.043826706017377, 0.0 ], [ 7.681304442822768, 45.04368961373401, 0.0 ], [ 7.681192717903353, 45.043644340993275, 0.0 ], [ 7.68095657147713, 45.04354647334948, 0.0 ], [ 7.680130540244037, 45.043156719646184, 0.0 ], [ 7.679981998409326, 45.043099109535248, 0.0 ], [ 7.678919718172519, 45.042597568646215, 0.0 ], [ 7.678527615604614, 45.042377520648749, 0.0 ], [ 7.678289453579742, 45.042205547263627, 0.0 ], [ 7.678145210337001, 45.04207623324421, 0.0 ], [ 7.678065443448585, 45.042081835222852, 0.0 ], [ 7.678023460641723, 45.042040823913368, 0.0 ], [ 7.678057768148444, 45.041987839732691, 0.0 ], [ 7.677782010883823, 45.041717869702445, 0.0 ], [ 7.677681155421416, 45.04158082952884, 0.0 ], [ 7.678013998034206, 45.041478138484131, 0.0 ], [ 7.678045272596068, 45.041491795858377, 0.0 ], [ 7.678076750285232, 45.041481826318993, 0.0 ], [ 7.678080673324619, 45.041463651252201, 0.0 ], [ 7.678076946199178, 45.041458927896088, 0.0 ], [ 7.678338332880845, 45.04137708405554, 0.0 ], [ 7.678286241886958, 45.041295834916532, 0.0 ], [ 7.677544542235766, 45.041522697343467, 0.0 ], [ 7.676740564570174, 45.041689800418283, 0.0 ], [ 7.675743398471352, 45.041884345818424, 0.0 ], [ 7.675013348349175, 45.042021084805384, 0.0 ], [ 7.673786861375634, 45.042252902607309, 0.0 ], [ 7.672644789951943, 45.042468755371402, 0.0 ], [ 7.672478187190344, 45.042500241165811, 0.0 ], [ 7.672197187498057, 45.042553343418355, 0.0 ], [ 7.671222158436802, 45.042737611104798, 0.0 ], [ 7.670253735413191, 45.042955900623525, 0.0 ], [ 7.669970618318941, 45.043032800312993, 0.0 ], [ 7.668987814491048, 45.043299738144555, 0.0 ], [ 7.668130262766451, 45.043534335547747, 0.0 ], [ 7.667929847858091, 45.043592265846591, 0.0 ], [ 7.667585371024054, 45.043697150364814, 0.0 ], [ 7.667523218176947, 45.043717830627699, 0.0 ], [ 7.667367627592452, 45.04376960228462, 0.0 ], [ 7.666767844160797, 45.044001644662288, 0.0 ], [ 7.666989970510331, 45.044350013537255, 0.0 ] ] ] } },
{ "type": "Feature", "properties": { "ID_QUART": 3, "DENOM": "Crocetta", "neighborhood_name_clean": "crocetta", "statistical_zone_clean": "03", "n_somministrazione": 164, "neighborhood_clean": "3 crocetta", "total_population": 34009, "stores_per_1000_residents": 4.8222529330471344, "distance_to_nearest_metro": 837.25112700993429, "normalized_population": 0.47163852787562249, "normalized_competition": 0.6355617680599529, "normalized_distance_to_metro": 0.21463274181685943, "retail_opportunity_score": -0.053135829640325254, "opportunity_level": "Low Opportunity", "longitude": 7.6662951223575, "latitude": 45.057796336628279 }, "geometry": { "type": "Polygon", "coordinates": [ [ [ 7.65458731314903, 45.055189085971037, 0.0 ], [ 7.65460056960474, 45.055397659932964, 0.0 ], [ 7.654660532950878, 45.055664360667016, 0.0 ], [ 7.654718608241626, 45.055922323967401, 0.0 ], [ 7.654795362026141, 45.056276178721234, 0.0 ], [ 7.65486165978179, 45.056561496767848, 0.0 ], [ 7.6549487930197, 45.056718730615422, 0.0 ], [ 7.65502144401744, 45.056863155561309, 0.0 ], [ 7.655097248950373, 45.057018825895831, 0.0 ], [ 7.655127787735626, 45.05708944331041, 0.0 ], [ 7.655199540877371, 45.057189307851409, 0.0 ], [ 7.655432990347581, 45.057567440744464, 0.0 ], [ 7.655475795366528, 45.057620856427562, 0.0 ], [ 7.655488907337337, 45.057629905270652, 0.0 ], [ 7.655530300850065, 45.05765847744987, 0.0 ], [ 7.655603015897256, 45.057708690271717, 0.0 ], [ 7.656126086174855, 45.058411900454658, 0.0 ], [ 7.65622854981403, 45.058578584886071, 0.0 ], [ 7.656723477518852, 45.059270991733747, 0.0 ], [ 7.656812783625999, 45.059471962555726, 0.0 ], [ 7.656849304233068, 45.059554128455794, 0.0 ], [ 7.656961957409192, 45.059807618884221, 0.0 ], [ 7.657213990758993, 45.060162156692371, 0.0 ], [ 7.657608713350784, 45.060717426846757, 0.0 ], [ 7.657988678094787, 45.061261080664195, 0.0 ], [ 7.658085594840747, 45.061399748767613, 0.0 ], [ 7.658181163407127, 45.061536474257757, 0.0 ], [ 7.660739223105738, 45.065196195546072, 0.0 ], [ 7.661393772681503, 45.066132536821357, 0.0 ], [ 7.66203285316511, 45.067046736900778, 0.0 ], [ 7.662148512250285, 45.067212185714133, 0.0 ], [ 7.662150025399393, 45.067214346113808, 0.0 ], [ 7.662481824388847, 45.067688951932126, 0.0 ], [ 7.662936670072623, 45.068339579101661, 0.0 ], [ 7.66303239505206, 45.068476491475451, 0.0 ], [ 7.664069308617407, 45.06810578207007, 0.0 ], [ 7.665046867694493, 45.067753912835911, 0.0 ], [ 7.666210405637154, 45.067335515435012, 0.0 ], [ 7.667862419203537, 45.066742680571799, 0.0 ], [ 7.669280234897821, 45.066233303553396, 0.0 ], [ 7.670082982012671, 45.06594500317938, 0.0 ], [ 7.67087815300617, 45.065659417257692, 0.0 ], [ 7.671543930892382, 45.06542040928386, 0.0 ], [ 7.672420008272119, 45.065105894970408, 0.0 ], [ 7.673969557614391, 45.064549587578703, 0.0 ], [ 7.675063257811396, 45.064156916791006, 0.0 ], [ 7.675743687482355, 45.063912247497356, 0.0 ], [ 7.676428504696201, 45.063665995349517, 0.0 ], [ 7.67717050410115, 45.063399166790909, 0.0 ], [ 7.677701734472739, 45.063207901679341, 0.0 ], [ 7.678495375374794, 45.06292257901783, 0.0 ], [ 7.679379108209441, 45.062604904768648, 0.0 ], [ 7.680097424799548, 45.062346577615884, 0.0 ], [ 7.679499413267236, 45.061577844622938, 0.0 ], [ 7.679051490256616, 45.060929675731501, 0.0 ], [ 7.678447761554795, 45.060101658035336, 0.0 ], [ 7.677764041366261, 45.059175832681255, 0.0 ], [ 7.677459907044819, 45.058603390250362, 0.0 ], [ 7.677229199064561, 45.05800636619756, 0.0 ], [ 7.676764919868844, 45.058138246782804, 0.0 ], [ 7.67519801337033, 45.055992545763843, 0.0 ], [ 7.675135768148921, 45.055907305184434, 0.0 ], [ 7.674337960518793, 45.055299915221426, 0.0 ], [ 7.673881917782997, 45.054801448604891, 0.0 ], [ 7.673758744431707, 45.054633277415896, 0.0 ], [ 7.673790766274385, 45.054622001811374, 0.0 ], [ 7.673591140748041, 45.054398329600524, 0.0 ], [ 7.673311825270106, 45.054493132090975, 0.0 ], [ 7.673328705669013, 45.054384838716423, 0.0 ], [ 7.672726353465025, 45.053437864673384, 0.0 ], [ 7.672383712654197, 45.052976536881424, 0.0 ], [ 7.672257584491819, 45.052749828077516, 0.0 ], [ 7.67055278018992, 45.050048505559332, 0.0 ], [ 7.669432523250728, 45.048269344772926, 0.0 ], [ 7.668556728227164, 45.046855010444013, 0.0 ], [ 7.66741013793209, 45.04499072296791, 0.0 ], [ 7.667246235802263, 45.044743565679198, 0.0 ], [ 7.667242220378903, 45.044920376799304, 0.0 ], [ 7.667221158936539, 45.045050809963186, 0.0 ], [ 7.667181639003444, 45.045200328539039, 0.0 ], [ 7.667053802917112, 45.045529210128358, 0.0 ], [ 7.666961613223905, 45.045704253827758, 0.0 ], [ 7.666837447348769, 45.045876088653287, 0.0 ], [ 7.666596948651977, 45.04616359814613, 0.0 ], [ 7.66571050607598, 45.046995621436793, 0.0 ], [ 7.664936495373806, 45.047737592802463, 0.0 ], [ 7.664226193104271, 45.048416544945049, 0.0 ], [ 7.664217168190722, 45.048440907197254, 0.0 ], [ 7.664158402964209, 45.048599506029163, 0.0 ], [ 7.664022426921088, 45.04874239384062, 0.0 ], [ 7.663990556494598, 45.048782149984412, 0.0 ], [ 7.663872327371347, 45.048891992991436, 0.0 ], [ 7.663603375286114, 45.049118031571005, 0.0 ], [ 7.663498098639905, 45.049201695558622, 0.0 ], [ 7.663374343188458, 45.049294062518065, 0.0 ], [ 7.663154199961248, 45.049438458539413, 0.0 ], [ 7.663067846969689, 45.049492538172842, 0.0 ], [ 7.662934914485182, 45.049570503480084, 0.0 ], [ 7.662797871969345, 45.04964511682892, 0.0 ], [ 7.662712435494623, 45.049689142407239, 0.0 ], [ 7.662582029074244, 45.049752527101383, 0.0 ], [ 7.662447951445635, 45.049812043338541, 0.0 ], [ 7.662246492523288, 45.049895011459441, 0.0 ], [ 7.662144560106795, 45.049934766289624, 0.0 ], [ 7.662041294639828, 45.049972786104981, 0.0 ], [ 7.661913090303024, 45.050028733140003, 0.0 ], [ 7.661686086084211, 45.050127792945425, 0.0 ], [ 7.661444054097793, 45.050184044010706, 0.0 ], [ 7.660612488752623, 45.050377328046224, 0.0 ], [ 7.660424931597721, 45.050421135250666, 0.0 ], [ 7.660186054162511, 45.050477105047058, 0.0 ], [ 7.658712850511346, 45.050822519570239, 0.0 ], [ 7.658425483952708, 45.050983236472504, 0.0 ], [ 7.658063535069484, 45.051101605507107, 0.0 ], [ 7.657736161008274, 45.05122071308417, 0.0 ], [ 7.657356858854405, 45.0513738936232, 0.0 ], [ 7.656781144198692, 45.051667314485648, 0.0 ], [ 7.656581904809378, 45.051792713914189, 0.0 ], [ 7.656245548372732, 45.052030913091883, 0.0 ], [ 7.655911179233061, 45.052299641541573, 0.0 ], [ 7.655690038278141, 45.052585537134938, 0.0 ], [ 7.655091507210147, 45.053351939699823, 0.0 ], [ 7.654990190141899, 45.053537127481455, 0.0 ], [ 7.654862333193178, 45.053808367050955, 0.0 ], [ 7.65471560291368, 45.054208521551033, 0.0 ], [ 7.654651280811996, 45.054569104390417, 0.0 ], [ 7.654646590837332, 45.054599575020163, 0.0 ], [ 7.654604905450367, 45.054929564909244, 0.0 ], [ 7.654590397766226, 45.055023481529382, 0.0 ], [ 7.65458731314903, 45.055189085971037, 0.0 ] ] ] } },
{ "type": "Feature", "properties": { "ID_QUART": 8, "DENOM": "Vanchiglia", "neighborhood_name_clean": "vanchiglia", "statistical_zone_clean": "08", "n_somministrazione": 89, "neighborhood_clean": "8 vanchiglia", "total_population": 29935, "stores_per_1000_residents": 2.9731084015366629, "distance_to_nearest_metro": 367.9060768385948, "normalized_population": 0.37267095833839425, "normalized_competition": 0.37971381225858886, "normalized_distance_to_metro": 0.047872070719097409, "retail_opportunity_score": 0.025227682817951853, "opportunity_level": "Medium Opportunity", "longitude": 7.7110682609756482, "latitude": 45.075891895949155 }, "geometry": { "type": "Polygon", "coordinates": [ [ [ 7.689642651151279, 45.074769504652849, 0.0 ], [ 7.689933825681888, 45.074673115052029, 0.0 ], [ 7.691074797388279, 45.074295407788675, 0.0 ], [ 7.692644232087419, 45.073775981933174, 0.0 ], [ 7.693828991813669, 45.073385676855693, 0.0 ], [ 7.694061843625077, 45.07369862187884, 0.0 ], [ 7.694226409219606, 45.073935277770886, 0.0 ], [ 7.694315785670589, 45.073905531729515, 0.0 ], [ 7.694188301204958, 45.073726452492792, 0.0 ], [ 7.694398359708521, 45.073653499662612, 0.0 ], [ 7.69466446089516, 45.073575877065402, 0.0 ], [ 7.694920732986237, 45.073520431245704, 0.0 ], [ 7.695121784595375, 45.073476477673502, 0.0 ], [ 7.695365367690471, 45.073443668239996, 0.0 ], [ 7.69574635606895, 45.073408187729541, 0.0 ], [ 7.6960085248378, 45.073399991724123, 0.0 ], [ 7.696222163340384, 45.073401963879867, 0.0 ], [ 7.696450879966198, 45.073412252803934, 0.0 ], [ 7.696670548635779, 45.073430549985176, 0.0 ], [ 7.696978689722026, 45.073476194143325, 0.0 ], [ 7.697252144479516, 45.073539409924273, 0.0 ], [ 7.69739753231771, 45.073582873194539, 0.0 ], [ 7.697400251821398, 45.073573883453257, 0.0 ], [ 7.697502602967252, 45.07360773662559, 0.0 ], [ 7.697618633007881, 45.073656211000362, 0.0 ], [ 7.698055311047191, 45.073851451698481, 0.0 ], [ 7.698781574234765, 45.074202147181254, 0.0 ], [ 7.699071621580829, 45.07432540021717, 0.0 ], [ 7.699380349597799, 45.074447326206567, 0.0 ], [ 7.699560060062704, 45.074510287786651, 0.0 ], [ 7.699919573497378, 45.074627534065492, 0.0 ], [ 7.70029126042528, 45.074734744168182, 0.0 ], [ 7.700633468472046, 45.074819771639476, 0.0 ], [ 7.700995240154786, 45.074898089114107, 0.0 ], [ 7.701427539369297, 45.074970088067772, 0.0 ], [ 7.70198949969109, 45.075049435368257, 0.0 ], [ 7.702511212042729, 45.075110905482788, 0.0 ], [ 7.703246663666447, 45.075183099650339, 0.0 ], [ 7.704255080847038, 45.075255534607763, 0.0 ], [ 7.704291966177068, 45.075258095818235, 0.0 ], [ 7.704292902670594, 45.075262183491674, 0.0 ], [ 7.704297056130332, 45.075265651101979, 0.0 ], [ 7.704161619913569, 45.075411463899776, 0.0 ], [ 7.704132742781908, 45.075404763885395, 0.0 ], [ 7.704121396952761, 45.07541375369491, 0.0 ], [ 7.704131562431911, 45.0754249500757, 0.0 ], [ 7.704146643119125, 45.075427740686706, 0.0 ], [ 7.704116776350178, 45.075460212376697, 0.0 ], [ 7.704309525342734, 45.075478990813401, 0.0 ], [ 7.704401882933955, 45.075481416168564, 0.0 ], [ 7.704161349978013, 45.075726396407568, 0.0 ], [ 7.703858148078959, 45.076035179858685, 0.0 ], [ 7.701835217519422, 45.078316313793131, 0.0 ], [ 7.700639296502913, 45.079692399818676, 0.0 ], [ 7.705291204017401, 45.081749627242729, 0.0 ], [ 7.710790378691303, 45.084211725172196, 0.0 ], [ 7.710941413945473, 45.084287623440396, 0.0 ], [ 7.711020384912239, 45.084365010574622, 0.0 ], [ 7.711241976380126, 45.084381816189882, 0.0 ], [ 7.713097173009423, 45.085213551560692, 0.0 ], [ 7.713151842344011, 45.085245628880784, 0.0 ], [ 7.713572572888606, 45.085438019707254, 0.0 ], [ 7.714462767603873, 45.086003892451068, 0.0 ], [ 7.716850516867757, 45.087725195970989, 0.0 ], [ 7.718754734813775, 45.089110554679884, 0.0 ], [ 7.719016989274163, 45.089092559323547, 0.0 ], [ 7.71904871791117, 45.089065360831405, 0.0 ], [ 7.719055642510281, 45.089056266532566, 0.0 ], [ 7.719061510717985, 45.089039327345134, 0.0 ], [ 7.719061453425979, 45.089032225393964, 0.0 ], [ 7.719052391040798, 45.08901525410964, 0.0 ], [ 7.71904758177944, 45.088997376026093, 0.0 ], [ 7.719047075020661, 45.088985389175569, 0.0 ], [ 7.719057250555005, 45.088937210075429, 0.0 ], [ 7.719042568945393, 45.088828250417322, 0.0 ], [ 7.719046432928287, 45.088782672958686, 0.0 ], [ 7.719017019178716, 45.088705270050724, 0.0 ], [ 7.719017554888579, 45.088659060725469, 0.0 ], [ 7.719006967877077, 45.088579564694236, 0.0 ], [ 7.719016068891335, 45.088518059774536, 0.0 ], [ 7.719018301964435, 45.088446647004119, 0.0 ], [ 7.71901063522458, 45.088369479440885, 0.0 ], [ 7.719027143850704, 45.088313124029035, 0.0 ], [ 7.719026910135754, 45.088293498283861, 0.0 ], [ 7.719056035447463, 45.088205338240968, 0.0 ], [ 7.719080410800757, 45.088158639698413, 0.0 ], [ 7.719086528159719, 45.08813283741911, 0.0 ], [ 7.719103962220456, 45.087878113032453, 0.0 ], [ 7.719123320253687, 45.087763073236445, 0.0 ], [ 7.719118997554129, 45.08774387706665, 0.0 ], [ 7.719116301365056, 45.087693951098025, 0.0 ], [ 7.719119045619133, 45.087627971347061, 0.0 ], [ 7.719137789508227, 45.087536426944681, 0.0 ], [ 7.719144910491165, 45.087535066453064, 0.0 ], [ 7.719161661693921, 45.087522976139198, 0.0 ], [ 7.719175582190819, 45.087500520653641, 0.0 ], [ 7.71918691238396, 45.087470041874347, 0.0 ], [ 7.719200262006241, 45.087425425234223, 0.0 ], [ 7.719213306049507, 45.087386414941946, 0.0 ], [ 7.719208588878566, 45.087343343024941, 0.0 ], [ 7.719241144585042, 45.087146677254097, 0.0 ], [ 7.719267085476928, 45.087066195830339, 0.0 ], [ 7.719264559366898, 45.08691261698781, 0.0 ], [ 7.719216881925759, 45.086765957243109, 0.0 ], [ 7.719186448198427, 45.08673928493517, 0.0 ], [ 7.719195152349437, 45.086684130622629, 0.0 ], [ 7.71922939976425, 45.086622016145604, 0.0 ], [ 7.719209838690661, 45.086538142726475, 0.0 ], [ 7.719192510348372, 45.086414030638295, 0.0 ], [ 7.719241606238993, 45.086309567201667, 0.0 ], [ 7.719256676894213, 45.08623566171255, 0.0 ], [ 7.719318364140434, 45.086039080817059, 0.0 ], [ 7.719359001661481, 45.085948042257208, 0.0 ], [ 7.719463368288286, 45.085756729664496, 0.0 ], [ 7.719507280549012, 45.085660768217124, 0.0 ], [ 7.719523211237975, 45.085643320586918, 0.0 ], [ 7.719562305079541, 45.08553712471069, 0.0 ], [ 7.719612976269484, 45.085418961089758, 0.0 ], [ 7.719649820213283, 45.085366307931402, 0.0 ], [ 7.719664222850001, 45.085299551441736, 0.0 ], [ 7.71968286896528, 45.085258883694259, 0.0 ], [ 7.719707850474763, 45.08517469968352, 0.0 ], [ 7.719728295016388, 45.085128686825968, 0.0 ], [ 7.719748720321653, 45.085044192718129, 0.0 ], [ 7.719797487730811, 45.084944748282211, 0.0 ], [ 7.719812934599505, 45.084930662683142, 0.0 ], [ 7.71986027300868, 45.084910462238255, 0.0 ], [ 7.719869170271889, 45.084903504589583, 0.0 ], [ 7.719873067933331, 45.084894546555454, 0.0 ], [ 7.719871273491432, 45.084825914519989, 0.0 ], [ 7.719876701847903, 45.084807603787524, 0.0 ], [ 7.719923102362005, 45.084726972545674, 0.0 ], [ 7.720095770282255, 45.084421508026971, 0.0 ], [ 7.720138172174735, 45.084302584937888, 0.0 ], [ 7.720156677683813, 45.084279602932867, 0.0 ], [ 7.720308430107518, 45.084048006722483, 0.0 ], [ 7.720408342635855, 45.083876050440516, 0.0 ], [ 7.720397630244931, 45.083833405374733, 0.0 ], [ 7.720369588606907, 45.083805986786359, 0.0 ], [ 7.720320131570102, 45.083788015022698, 0.0 ], [ 7.720332617719957, 45.083763669154976, 0.0 ], [ 7.72039161238065, 45.083784207419043, 0.0 ], [ 7.720432322323075, 45.083792259831839, 0.0 ], [ 7.72046985737906, 45.083778593714285, 0.0 ], [ 7.720526345729184, 45.083718436909997, 0.0 ], [ 7.720577271547554, 45.083629701556767, 0.0 ], [ 7.720648241257994, 45.083548652945218, 0.0 ], [ 7.720676139888617, 45.083536264826868, 0.0 ], [ 7.720750315527074, 45.083474992936019, 0.0 ], [ 7.72079866323898, 45.08342488079942, 0.0 ], [ 7.720840831842716, 45.083336154989929, 0.0 ], [ 7.720895139117613, 45.083194986059638, 0.0 ], [ 7.720920679976532, 45.083157871045628, 0.0 ], [ 7.720979992339806, 45.083068554314146, 0.0 ], [ 7.721001709371979, 45.08302062923957, 0.0 ], [ 7.721046095865929, 45.082995399453544, 0.0 ], [ 7.721207044151229, 45.082761311335872, 0.0 ], [ 7.721347984584476, 45.082631256482195, 0.0 ], [ 7.721473068819726, 45.08254101959453, 0.0 ], [ 7.721542029695581, 45.082479337416807, 0.0 ], [ 7.721691505765989, 45.08237497965564, 0.0 ], [ 7.72175335185059, 45.082302929554558, 0.0 ], [ 7.721977844937131, 45.082148920373506, 0.0 ], [ 7.722053917243119, 45.082031993040175, 0.0 ], [ 7.722121678405826, 45.081954462543159, 0.0 ], [ 7.722198324919245, 45.081755994797099, 0.0 ], [ 7.722301800302161, 45.081645423837564, 0.0 ], [ 7.722538879902348, 45.081404219437708, 0.0 ], [ 7.722551724109879, 45.081388403160673, 0.0 ], [ 7.722579778974398, 45.081363863073946, 0.0 ], [ 7.722587598444155, 45.081355011753679, 0.0 ], [ 7.722616960193745, 45.081309512418137, 0.0 ], [ 7.722622169480856, 45.08130665418372, 0.0 ], [ 7.722629019746693, 45.081304812737329, 0.0 ], [ 7.722632205004963, 45.081302696646183, 0.0 ], [ 7.7226445702119, 45.081279836622187, 0.0 ], [ 7.722654727703074, 45.081256238735584, 0.0 ], [ 7.722663689376196, 45.081241216248891, 0.0 ], [ 7.722704162079007, 45.081185625023295, 0.0 ], [ 7.72273149281866, 45.081157664471206, 0.0 ], [ 7.722822024440585, 45.081078274101905, 0.0 ], [ 7.722929732707508, 45.080973330254729, 0.0 ], [ 7.722977949948651, 45.080923756815388, 0.0 ], [ 7.72300228344704, 45.080903118019307, 0.0 ], [ 7.723068829150805, 45.080818462073033, 0.0 ], [ 7.723081131981019, 45.080806249883764, 0.0 ], [ 7.723115430842089, 45.080738661265791, 0.0 ], [ 7.723130725847964, 45.080711422282896, 0.0 ], [ 7.723137710336964, 45.080700797464608, 0.0 ], [ 7.723146912831664, 45.080690935064105, 0.0 ], [ 7.723163480721901, 45.080686313358434, 0.0 ], [ 7.723170277520068, 45.080681789778737, 0.0 ], [ 7.723176022582887, 45.080676623683324, 0.0 ], [ 7.723223537747502, 45.080618579841477, 0.0 ], [ 7.723291299115767, 45.080542039821268, 0.0 ], [ 7.723320911751665, 45.080501214678122, 0.0 ], [ 7.723347408196071, 45.080459320031842, 0.0 ], [ 7.723383771011657, 45.080395455168102, 0.0 ], [ 7.723423115960048, 45.080342604570475, 0.0 ], [ 7.723469679984154, 45.080275359887914, 0.0 ], [ 7.723490253471569, 45.080254102986409, 0.0 ], [ 7.723511983715066, 45.08023333490857, 0.0 ], [ 7.723526600582483, 45.08021655801474, 0.0 ], [ 7.723540236544947, 45.08019937304536, 0.0 ], [ 7.723554411132644, 45.080175622103589, 0.0 ], [ 7.72356548626908, 45.080162622296058, 0.0 ], [ 7.723578008735653, 45.080150293872471, 0.0 ], [ 7.723597726638125, 45.080133789070231, 0.0 ], [ 7.723641590042043, 45.080087984264452, 0.0 ], [ 7.723678960470093, 45.080056481572711, 0.0 ], [ 7.723717496722015, 45.080025604542016, 0.0 ], [ 7.723741709013535, 45.080004179974637, 0.0 ], [ 7.723774263117244, 45.079972614817962, 0.0 ], [ 7.723851198364257, 45.079893188029772, 0.0 ], [ 7.723899326512376, 45.079854974039854, 0.0 ], [ 7.723988194605242, 45.079746245102491, 0.0 ], [ 7.724066495558282, 45.079654419362299, 0.0 ], [ 7.724091567866028, 45.079635948911097, 0.0 ], [ 7.724096134041623, 45.079627719057974, 0.0 ], [ 7.724097758718531, 45.079618671629298, 0.0 ], [ 7.724099164193835, 45.079600062613423, 0.0 ], [ 7.724104357639175, 45.079588832699571, 0.0 ], [ 7.724120753744687, 45.079569716048113, 0.0 ], [ 7.724163419515254, 45.079524014026632, 0.0 ], [ 7.724189786704423, 45.079497583242905, 0.0 ], [ 7.724271245569467, 45.079424876051185, 0.0 ], [ 7.724288493242325, 45.079407407585208, 0.0 ], [ 7.724342057555755, 45.079348171145234, 0.0 ], [ 7.724355863318317, 45.079331204412995, 0.0 ], [ 7.724367251926132, 45.079313292843793, 0.0 ], [ 7.724376336807943, 45.079290430845703, 0.0 ], [ 7.724384974275717, 45.079276817797549, 0.0 ], [ 7.724395365856787, 45.07926381751647, 0.0 ], [ 7.724413565229784, 45.079246944684776, 0.0 ], [ 7.724439006248423, 45.079213040838823, 0.0 ], [ 7.724471848615007, 45.079177760275215, 0.0 ], [ 7.724501892261202, 45.079142539906911, 0.0 ], [ 7.724526651685434, 45.079098104816929, 0.0 ], [ 7.724604853162132, 45.078987346769374, 0.0 ], [ 7.72462156036171, 45.078966181865091, 0.0 ], [ 7.724656864762533, 45.078924646093483, 0.0 ], [ 7.724675461403319, 45.078904329102926, 0.0 ], [ 7.72469953498458, 45.078883327509111, 0.0 ], [ 7.724709784124658, 45.078871523726363, 0.0 ], [ 7.724718797126562, 45.078859237032837, 0.0 ], [ 7.724733741666688, 45.0788356856213, 0.0 ], [ 7.724747933907117, 45.078809954159617, 0.0 ], [ 7.724752705486241, 45.078798287075955, 0.0 ], [ 7.724754986844549, 45.078786547354539, 0.0 ], [ 7.724753963919927, 45.078779353558311, 0.0 ], [ 7.724746302480965, 45.078757662920935, 0.0 ], [ 7.724747416898526, 45.078744685786234, 0.0 ], [ 7.724745517567547, 45.078728452390621, 0.0 ], [ 7.724746302447219, 45.078714832669597, 0.0 ], [ 7.72475004750768, 45.078701246459872, 0.0 ], [ 7.724756231354758, 45.078691710646659, 0.0 ], [ 7.724761478646987, 45.078678050652172, 0.0 ], [ 7.724750351754163, 45.078662434616859, 0.0 ], [ 7.724736528118672, 45.078647670072513, 0.0 ], [ 7.724713787653638, 45.078629898037725, 0.0 ], [ 7.72468666200094, 45.078615561348137, 0.0 ], [ 7.724645515132787, 45.078598818526061, 0.0 ], [ 7.724602510122062, 45.078585536996208, 0.0 ], [ 7.724457188216535, 45.078550139170403, 0.0 ], [ 7.724437066114676, 45.078543200225155, 0.0 ], [ 7.724419957319578, 45.07853270103363, 0.0 ], [ 7.724395120805275, 45.078505220501718, 0.0 ], [ 7.724364902467951, 45.078479120665016, 0.0 ], [ 7.724225277984891, 45.078347089497164, 0.0 ], [ 7.724137208533151, 45.078248724642272, 0.0 ], [ 7.723931509795952, 45.07810334289362, 0.0 ], [ 7.723749211227882, 45.07799296956123, 0.0 ], [ 7.7235713655944, 45.0779210389436, 0.0 ], [ 7.723313755255649, 45.077856695485487, 0.0 ], [ 7.723071874938979, 45.077822061473434, 0.0 ], [ 7.722980941505355, 45.077813681538217, 0.0 ], [ 7.721832685504136, 45.077528314590623, 0.0 ], [ 7.721917892542526, 45.077360450816577, 0.0 ], [ 7.722008253919301, 45.077182408576881, 0.0 ], [ 7.723442354620474, 45.077535591992337, 0.0 ], [ 7.723687141635834, 45.077613689744815, 0.0 ], [ 7.723884874196775, 45.077688831840732, 0.0 ], [ 7.724019253290545, 45.077746558136539, 0.0 ], [ 7.72415367368342, 45.07782179420478, 0.0 ], [ 7.724359518302502, 45.077952674790232, 0.0 ], [ 7.724569340539698, 45.078104051216684, 0.0 ], [ 7.72460279227603, 45.078133725776276, 0.0 ], [ 7.7246321456792, 45.078165549745293, 0.0 ], [ 7.724702446004287, 45.078248170567221, 0.0 ], [ 7.724782736413913, 45.078307883724541, 0.0 ], [ 7.724965472876741, 45.078355347737606, 0.0 ], [ 7.725010331329108, 45.078345721655197, 0.0 ], [ 7.725082975412883, 45.078379604615726, 0.0 ], [ 7.725239093275784, 45.078364316227805, 0.0 ], [ 7.72543809405138, 45.07824943484016, 0.0 ], [ 7.725705566807739, 45.07800002896974, 0.0 ], [ 7.725714057918316, 45.07799815131149, 0.0 ], [ 7.725724867312076, 45.077998271936053, 0.0 ], [ 7.725754211063329, 45.078000770125989, 0.0 ], [ 7.72619408847901, 45.07763013324508, 0.0 ], [ 7.726791868695665, 45.077018695574836, 0.0 ], [ 7.726935513235349, 45.076854980675051, 0.0 ], [ 7.727023277868422, 45.076731924341004, 0.0 ], [ 7.727096237205056, 45.076595982281269, 0.0 ], [ 7.727101620513229, 45.076596078966944, 0.0 ], [ 7.727106434576837, 45.076594412427902, 0.0 ], [ 7.727111614821616, 45.076588313850863, 0.0 ], [ 7.727124012037561, 45.076567280291357, 0.0 ], [ 7.727145725985532, 45.076534026618702, 0.0 ], [ 7.727153669542093, 45.076524158458597, 0.0 ], [ 7.7271768546649, 45.076500112191788, 0.0 ], [ 7.727182934215644, 45.076491214892997, 0.0 ], [ 7.727207489725351, 45.07643932377691, 0.0 ], [ 7.727217591443033, 45.076422602934727, 0.0 ], [ 7.727253793730625, 45.07634792295449, 0.0 ], [ 7.727278502119772, 45.076286779572477, 0.0 ], [ 7.727292847787646, 45.076230624693373, 0.0 ], [ 7.727320291791024, 45.076177864211715, 0.0 ], [ 7.727345905040504, 45.076114327415063, 0.0 ], [ 7.727370301865848, 45.076035744870595, 0.0 ], [ 7.727416167076702, 45.075956742743898, 0.0 ], [ 7.727433003308088, 45.075881081638123, 0.0 ], [ 7.727443739220534, 45.075850667353286, 0.0 ], [ 7.727444469739368, 45.075829216210039, 0.0 ], [ 7.727447804068838, 45.075804326964125, 0.0 ], [ 7.727453369937754, 45.07577967087623, 0.0 ], [ 7.727470677318601, 45.075726338700569, 0.0 ], [ 7.727472909863721, 45.075715039405885, 0.0 ], [ 7.72747443819812, 45.075683902167384, 0.0 ], [ 7.727474824897, 45.075633919637269, 0.0 ], [ 7.727483836352612, 45.07560740107327, 0.0 ], [ 7.727499251926973, 45.075543651430927, 0.0 ], [ 7.727506025747199, 45.075527451783024, 0.0 ], [ 7.727506120122654, 45.075518622251863, 0.0 ], [ 7.72776427486592, 45.075526729521599, 0.0 ], [ 7.72776422545305, 45.075531778188044, 0.0 ], [ 7.727790423695782, 45.075532267943579, 0.0 ], [ 7.727807997783671, 45.075555625112223, 0.0 ], [ 7.727839020309759, 45.075556863204845, 0.0 ], [ 7.72785726342869, 45.075539647075665, 0.0 ], [ 7.727856812737842, 45.075533692663505, 0.0 ], [ 7.727884534938405, 45.075534738664608, 0.0 ], [ 7.727884598240794, 45.075528429999423, 0.0 ], [ 7.728058593588784, 45.075530422559005, 0.0 ], [ 7.728064645069812, 45.075431731608809, 0.0 ], [ 7.72806972070129, 45.075349025993042, 0.0 ], [ 7.727896050391909, 45.075347270718183, 0.0 ], [ 7.727896048588598, 45.075338827262392, 0.0 ], [ 7.727868260696222, 45.075338355593239, 0.0 ], [ 7.727852868361308, 45.075317533989818, 0.0 ], [ 7.727821583480938, 45.075317267412217, 0.0 ], [ 7.727807454207338, 45.075337326791512, 0.0 ], [ 7.72777678341776, 45.075336860111797, 0.0 ], [ 7.727776005766465, 45.075345005994606, 0.0 ], [ 7.727590383556537, 45.075341506471538, 0.0 ], [ 7.727592390393621, 45.075310545268486, 0.0 ], [ 7.72758353371881, 45.075227621486668, 0.0 ], [ 7.727524690948084, 45.074996818200582, 0.0 ], [ 7.727431952746239, 45.074749344800004, 0.0 ], [ 7.72724416850503, 45.074427860268997, 0.0 ], [ 7.727144230291579, 45.0742994083176, 0.0 ], [ 7.727086917906368, 45.074229707328072, 0.0 ], [ 7.727069433867233, 45.074205865641076, 0.0 ], [ 7.72702167420008, 45.074129367654592, 0.0 ], [ 7.726973429735469, 45.074073585915308, 0.0 ], [ 7.726949896024522, 45.074030402254863, 0.0 ], [ 7.726939880364363, 45.074014024514355, 0.0 ], [ 7.726919410270288, 45.073992453380463, 0.0 ], [ 7.726894545103884, 45.073958266570749, 0.0 ], [ 7.726887841351751, 45.073942591824562, 0.0 ], [ 7.726881084284691, 45.073932282211892, 0.0 ], [ 7.726838909984355, 45.073882877462559, 0.0 ], [ 7.726821472425437, 45.073858045519046, 0.0 ], [ 7.726788585158094, 45.073800076720822, 0.0 ], [ 7.726759931357741, 45.073769512181364, 0.0 ], [ 7.726646276569088, 45.073642724393068, 0.0 ], [ 7.726566239804059, 45.073567765791537, 0.0 ], [ 7.726372594142473, 45.073375578273136, 0.0 ], [ 7.726361473007423, 45.073354579056954, 0.0 ], [ 7.726033443812604, 45.073042989059495, 0.0 ], [ 7.725954454108586, 45.072982237113237, 0.0 ], [ 7.725826034738526, 45.07289570105889, 0.0 ], [ 7.725802044990552, 45.072877007411513, 0.0 ], [ 7.725780028832239, 45.072857066118857, 0.0 ], [ 7.725755208379416, 45.072830637900026, 0.0 ], [ 7.72562747950084, 45.072731292703111, 0.0 ], [ 7.725356350310852, 45.07252176567075, 0.0 ], [ 7.724983507771364, 45.072285169782397, 0.0 ], [ 7.724822009381188, 45.07213702508546, 0.0 ], [ 7.724657679633257, 45.072028240238112, 0.0 ], [ 7.724276984839597, 45.071814174159904, 0.0 ], [ 7.723809217013794, 45.071621513561333, 0.0 ], [ 7.723210312252275, 45.071444910632081, 0.0 ], [ 7.722684758264052, 45.071315177075384, 0.0 ], [ 7.72074763956109, 45.07093150610487, 0.0 ], [ 7.719767650312515, 45.07076899592726, 0.0 ], [ 7.718875262078328, 45.070604509253734, 0.0 ], [ 7.7182903890033, 45.070499159883603, 0.0 ], [ 7.717861932378414, 45.070422903300503, 0.0 ], [ 7.716925343127551, 45.070261387590612, 0.0 ], [ 7.716392462415205, 45.070164967372904, 0.0 ], [ 7.715143877274973, 45.069940005347483, 0.0 ], [ 7.714492412915941, 45.069833078499471, 0.0 ], [ 7.71394032369403, 45.069731362344534, 0.0 ], [ 7.713585576699774, 45.069669557390341, 0.0 ], [ 7.712832148100652, 45.069549039229763, 0.0 ], [ 7.711737478063623, 45.069388480940944, 0.0 ], [ 7.711634242308612, 45.069391170033832, 0.0 ], [ 7.710092999984532, 45.069145844886165, 0.0 ], [ 7.709831671412632, 45.069110298358467, 0.0 ], [ 7.709662073276084, 45.069082663198706, 0.0 ], [ 7.709074764658713, 45.068979734014512, 0.0 ], [ 7.708902847573126, 45.068947310724084, 0.0 ], [ 7.708731320084368, 45.06891388273182, 0.0 ], [ 7.70822504358677, 45.068772787529596, 0.0 ], [ 7.708453514203605, 45.068376045860084, 0.0 ], [ 7.70824298121622, 45.068308707812193, 0.0 ], [ 7.708026847426254, 45.068252629289063, 0.0 ], [ 7.707793651288472, 45.068655511455759, 0.0 ], [ 7.707666477427346, 45.068618496305568, 0.0 ], [ 7.707590671954218, 45.068646355219776, 0.0 ], [ 7.70749357190599, 45.068617052813117, 0.0 ], [ 7.707468222753673, 45.068609402378669, 0.0 ], [ 7.707460558950807, 45.068621415019507, 0.0 ], [ 7.706282374183167, 45.068276681958444, 0.0 ], [ 7.706243089868902, 45.068265235993131, 0.0 ], [ 7.706237044548201, 45.06827525915449, 0.0 ], [ 7.70619209691537, 45.068262003445092, 0.0 ], [ 7.706196470545194, 45.068251646193438, 0.0 ], [ 7.706162914135134, 45.068241868027116, 0.0 ], [ 7.705069279109757, 45.067923204702161, 0.0 ], [ 7.705070666823415, 45.067892651604339, 0.0 ], [ 7.705054172131542, 45.067894669709048, 0.0 ], [ 7.705044264912857, 45.067878255035872, 0.0 ], [ 7.705030832095333, 45.067863951201375, 0.0 ], [ 7.705013784191432, 45.067851561577953, 0.0 ], [ 7.704995184733265, 45.067840988667321, 0.0 ], [ 7.704975175715469, 45.067832084653574, 0.0 ], [ 7.704937064039209, 45.067818734362348, 0.0 ], [ 7.704929189245242, 45.067829376066548, 0.0 ], [ 7.704887789388108, 45.067816564886463, 0.0 ], [ 7.704893375397117, 45.067805385104464, 0.0 ], [ 7.704856293725078, 45.06779599809353, 0.0 ], [ 7.704819716448499, 45.067791127177671, 0.0 ], [ 7.704795622264867, 45.067791060822259, 0.0 ], [ 7.704771445290422, 45.067794009201009, 0.0 ], [ 7.704740197051569, 45.067803565741222, 0.0 ], [ 7.704727754307722, 45.067793099752599, 0.0 ], [ 7.704688881474927, 45.067812940374196, 0.0 ], [ 7.703625823226246, 45.067484789161774, 0.0 ], [ 7.703586953175924, 45.067471798392255, 0.0 ], [ 7.703580199696876, 45.067483452074143, 0.0 ], [ 7.703544369207511, 45.067472045296093, 0.0 ], [ 7.703551133858227, 45.067459897733322, 0.0 ], [ 7.703513797782848, 45.067447086458785, 0.0 ], [ 7.702508682527715, 45.067094044500365, 0.0 ], [ 7.702471081628312, 45.06707943133501, 0.0 ], [ 7.702462188169297, 45.067090798461201, 0.0 ], [ 7.702425613180047, 45.067076367192804, 0.0 ], [ 7.702432225052771, 45.067065360385499, 0.0 ], [ 7.702396404876802, 45.06705128860834, 0.0 ], [ 7.701972306250238, 45.066882240384963, 0.0 ], [ 7.701374297569509, 45.066622312423227, 0.0 ], [ 7.701379324965296, 45.066602304918057, 0.0 ], [ 7.701379632057866, 45.066594358972146, 0.0 ], [ 7.701378115042649, 45.066583360301699, 0.0 ], [ 7.701364646257011, 45.066583000195457, 0.0 ], [ 7.701345346708209, 45.066559007105205, 0.0 ], [ 7.701328146663768, 45.066541086000804, 0.0 ], [ 7.701308019165658, 45.066524564726286, 0.0 ], [ 7.70127966914511, 45.066507102280426, 0.0 ], [ 7.701248583114841, 45.066492094606659, 0.0 ], [ 7.70121662130128, 45.066478713852156, 0.0 ], [ 7.701182789207996, 45.066467733867803, 0.0 ], [ 7.701153389169146, 45.066461342293991, 0.0 ], [ 7.701123355118771, 45.066458174262095, 0.0 ], [ 7.701100229041602, 45.066457452062963, 0.0 ], [ 7.701077123841885, 45.066457980290259, 0.0 ], [ 7.701068482584544, 45.066449150109513, 0.0 ], [ 7.701047906265459, 45.066457441000914, 0.0 ], [ 7.701024538930964, 45.066468977539238, 0.0 ], [ 7.70040884541599, 45.066187201978138, 0.0 ], [ 7.700372523392121, 45.06616952269674, 0.0 ], [ 7.70036353594517, 45.066179358111683, 0.0 ], [ 7.700328558666695, 45.066162875035914, 0.0 ], [ 7.70033823955687, 45.06615275002352, 0.0 ], [ 7.700301406522266, 45.066136334567581, 0.0 ], [ 7.699744655627637, 45.065861411133284, 0.0 ], [ 7.69970884411964, 45.0658430174934, 0.0 ], [ 7.699699991480594, 45.06585251252416, 0.0 ], [ 7.699668540769232, 45.065836319803914, 0.0 ], [ 7.69967785606817, 45.065826596849647, 0.0 ], [ 7.699641032293937, 45.06580747985231, 0.0 ], [ 7.699046958723075, 45.065496661590764, 0.0 ], [ 7.699055365006146, 45.065478284740934, 0.0 ], [ 7.698825167406136, 45.0654651120051, 0.0 ], [ 7.69868483003681, 45.065608531203807, 0.0 ], [ 7.698082340191357, 45.066217636449984, 0.0 ], [ 7.697988299745101, 45.066312936450039, 0.0 ], [ 7.697312283324377, 45.066998047360777, 0.0 ], [ 7.696735706046374, 45.067582361482557, 0.0 ], [ 7.696172459326657, 45.068153160110704, 0.0 ], [ 7.69578221315356, 45.068548624594186, 0.0 ], [ 7.695524940795605, 45.06880932901219, 0.0 ], [ 7.695004717985921, 45.06933778293029, 0.0 ], [ 7.694397603034587, 45.06995177415417, 0.0 ], [ 7.694234736751433, 45.070116733168753, 0.0 ], [ 7.693859068595158, 45.070497386578012, 0.0 ], [ 7.692662947695335, 45.071705578387622, 0.0 ], [ 7.691664322389049, 45.072704532790169, 0.0 ], [ 7.691325178099084, 45.073037401955709, 0.0 ], [ 7.69091009843646, 45.073442053364261, 0.0 ], [ 7.690310529650577, 45.074026538119178, 0.0 ], [ 7.689817772167829, 45.074574691035899, 0.0 ], [ 7.689742829853344, 45.074658061296198, 0.0 ], [ 7.689704584274697, 45.074700604867289, 0.0 ], [ 7.689642651151279, 45.074769504652849, 0.0 ] ], [ [ 7.71775833264107, 45.076153368706322, 0.0 ], [ 7.717854515998495, 45.076012013799613, 0.0 ], [ 7.71795946062532, 45.075857362327483, 0.0 ], [ 7.717979800250689, 45.075863613428297, 0.0 ], [ 7.717998514551329, 45.075848268812059, 0.0 ], [ 7.718082494439229, 45.07589871213942, 0.0 ], [ 7.71816941599997, 45.075946587067435, 0.0 ], [ 7.718229461889738, 45.075976452906112, 0.0 ], [ 7.718533839319508, 45.076116884390032, 0.0 ], [ 7.718672150274293, 45.076178451994231, 0.0 ], [ 7.718819058215101, 45.076242509407507, 0.0 ], [ 7.71890998410871, 45.076280085749296, 0.0 ], [ 7.719119401424943, 45.076363351497484, 0.0 ], [ 7.719238434033962, 45.076408219197674, 0.0 ], [ 7.719668395560733, 45.07656084010722, 0.0 ], [ 7.719771299541335, 45.07659566071996, 0.0 ], [ 7.719875322739327, 45.076628817959516, 0.0 ], [ 7.719994832755084, 45.076665435606174, 0.0 ], [ 7.720115026303756, 45.076700927420681, 0.0 ], [ 7.720234827532987, 45.076735306247691, 0.0 ], [ 7.7203555549732, 45.07676799369117, 0.0 ], [ 7.720585769887498, 45.07682364825186, 0.0 ], [ 7.720819482717449, 45.076884724011514, 0.0 ], [ 7.721061628281624, 45.076942607741735, 0.0 ], [ 7.721959476921665, 45.077170627697825, 0.0 ], [ 7.721869638540356, 45.077349656979024, 0.0 ], [ 7.721786100302215, 45.077517909338091, 0.0 ], [ 7.720124838069041, 45.07710085867329, 0.0 ], [ 7.720052040372598, 45.077081471871466, 0.0 ], [ 7.719836376588186, 45.077018210611499, 0.0 ], [ 7.719698826565291, 45.076979312168667, 0.0 ], [ 7.719562137258914, 45.076938882319673, 0.0 ], [ 7.719495424176984, 45.076916710272933, 0.0 ], [ 7.719298736814262, 45.076845191094655, 0.0 ], [ 7.719167527716284, 45.076800061908237, 0.0 ], [ 7.719037353043232, 45.07675349384381, 0.0 ], [ 7.718662821544902, 45.076605479950175, 0.0 ], [ 7.718550712770441, 45.076557205930705, 0.0 ], [ 7.718306681484531, 45.076449821898706, 0.0 ], [ 7.718159036192991, 45.076382873907157, 0.0 ], [ 7.718099425389036, 45.076353939354497, 0.0 ], [ 7.718034463538196, 45.076323441387885, 0.0 ], [ 7.717760883631803, 45.076174433262807, 0.0 ], [ 7.717766894708407, 45.07615794670243, 0.0 ], [ 7.71775833264107, 45.076153368706322, 0.0 ] ], [ [ 7.704572698711347, 45.075625121602116, 0.0 ], [ 7.704695409196654, 45.075488031682198, 0.0 ], [ 7.704870718430115, 45.075292395668804, 0.0 ], [ 7.704877930183946, 45.075292593834057, 0.0 ], [ 7.704884174470962, 45.07529004518441, 0.0 ], [ 7.704887663928861, 45.075285170479312, 0.0 ], [ 7.704918726119611, 45.075284567810542, 0.0 ], [ 7.705159622962259, 45.07529385265768, 0.0 ], [ 7.705292391515737, 45.075297474495429, 0.0 ], [ 7.705425205978016, 45.075299573466594, 0.0 ], [ 7.705589363614015, 45.07530059807862, 0.0 ], [ 7.705973371013882, 45.075301052644775, 0.0 ], [ 7.706193184117222, 45.075299897879049, 0.0 ], [ 7.706339726391286, 45.075297174104136, 0.0 ], [ 7.706505245708532, 45.075290785028997, 0.0 ], [ 7.706837585951802, 45.07527426896511, 0.0 ], [ 7.707004377303651, 45.075264347210727, 0.0 ], [ 7.707266278981544, 45.075242341691215, 0.0 ], [ 7.70742307901761, 45.075231037457137, 0.0 ], [ 7.707579620212575, 45.075218172432351, 0.0 ], [ 7.708028892723387, 45.075170046126743, 0.0 ], [ 7.70817231987654, 45.075153962354889, 0.0 ], [ 7.708314623143841, 45.075135256180324, 0.0 ], [ 7.708702668775621, 45.075081016825173, 0.0 ], [ 7.708849654610988, 45.075059192401639, 0.0 ], [ 7.708995907518648, 45.075034947868325, 0.0 ], [ 7.709161592086541, 45.075004739771707, 0.0 ], [ 7.709326665849502, 45.074972956923133, 0.0 ], [ 7.709760732887612, 45.074886169478788, 0.0 ], [ 7.709883689741536, 45.074859419654764, 0.0 ], [ 7.710318470948307, 45.074757768978188, 0.0 ], [ 7.71032827180585, 45.074764342994811, 0.0 ], [ 7.71035879472349, 45.074756107988144, 0.0 ], [ 7.710366949711227, 45.074769144850109, 0.0 ], [ 7.710363593768759, 45.074770322274929, 0.0 ], [ 7.710534485940847, 45.074903390092601, 0.0 ], [ 7.710705568888099, 45.075038097597528, 0.0 ], [ 7.71068205514249, 45.075042576134429, 0.0 ], [ 7.710697047653078, 45.075055491846108, 0.0 ], [ 7.710425940039483, 45.075119087767767, 0.0 ], [ 7.710188977330461, 45.075176741696502, 0.0 ], [ 7.710081651725192, 45.075202021575109, 0.0 ], [ 7.709974012409241, 45.075226612716236, 0.0 ], [ 7.709839369951522, 45.075256075575872, 0.0 ], [ 7.709704098658876, 45.075284055935619, 0.0 ], [ 7.709562439534537, 45.075311908705558, 0.0 ], [ 7.709420205205731, 45.075338224773958, 0.0 ], [ 7.709269925793985, 45.07536461953044, 0.0 ], [ 7.708954612847182, 45.075417739270435, 0.0 ], [ 7.708789527411294, 45.075444327785128, 0.0 ], [ 7.708653662330549, 45.075464837069909, 0.0 ], [ 7.708356140957031, 45.075506894667384, 0.0 ], [ 7.708194176918757, 45.07552695468717, 0.0 ], [ 7.707904860543031, 45.075556672648943, 0.0 ], [ 7.707557186663936, 45.07559396543305, 0.0 ], [ 7.707402954559747, 45.075606352140916, 0.0 ], [ 7.707120917109071, 45.075624188335418, 0.0 ], [ 7.706993406711833, 45.075631296225666, 0.0 ], [ 7.7068479443548, 45.075637840697652, 0.0 ], [ 7.706702408024825, 45.07564318693283, 0.0 ], [ 7.70604841753634, 45.075663484240138, 0.0 ], [ 7.705887934465537, 45.075665698728088, 0.0 ], [ 7.705727449066687, 45.075664590741418, 0.0 ], [ 7.705558615887538, 45.075661885949465, 0.0 ], [ 7.705389823687217, 45.075658018119064, 0.0 ], [ 7.705067938238491, 45.075648031804199, 0.0 ], [ 7.704826600484791, 45.075636841345037, 0.0 ], [ 7.704718306026808, 45.07563468564652, 0.0 ], [ 7.704578094060064, 45.075632654980403, 0.0 ], [ 7.704577165100151, 45.075628232772878, 0.0 ], [ 7.704572698711347, 45.075625121602116, 0.0 ] ], [ [ 7.710560488701329, 45.074702439953889, 0.0 ], [ 7.710555261930251, 45.074698177100267, 0.0 ], [ 7.710643959463678, 45.074673488809239, 0.0 ], [ 7.710659669279842, 45.074696332203807, 0.0 ], [ 7.710726882734444, 45.074679592038017, 0.0 ], [ 7.710714818502866, 45.074655591241587, 0.0 ], [ 7.711524259607066, 45.074412102710042, 0.0 ], [ 7.71161390529883, 45.07438135588292, 0.0 ], [ 7.711654861377299, 45.074366217970045, 0.0 ], [ 7.711705295130125, 45.074344823714689, 0.0 ], [ 7.713255449979248, 45.07367029289852, 0.0 ], [ 7.713344732627066, 45.073632365483562, 0.0 ], [ 7.713430678211248, 45.073598362889001, 0.0 ], [ 7.713519491106581, 45.073567775432593, 0.0 ], [ 7.713560777918445, 45.073555449756675, 0.0 ], [ 7.713623987818218, 45.073539778940912, 0.0 ], [ 7.713688497103766, 45.073526830948666, 0.0 ], [ 7.71377444737949, 45.073512371173287, 0.0 ], [ 7.713861001886321, 45.073499888289376, 0.0 ], [ 7.713953857282227, 45.073488429908068, 0.0 ], [ 7.714047365253131, 45.073479671173487, 0.0 ], [ 7.714116350077851, 45.073476757218536, 0.0 ], [ 7.714185278063199, 45.073477488560627, 0.0 ], [ 7.714293340723152, 45.073482576801283, 0.0 ], [ 7.714401165486239, 45.073491891451745, 0.0 ], [ 7.714479373113959, 45.073501450361121, 0.0 ], [ 7.714556764023274, 45.073513519877956, 0.0 ], [ 7.714641242892045, 45.073529449588271, 0.0 ], [ 7.714725161471943, 45.073546714588211, 0.0 ], [ 7.714815508793555, 45.073566689011734, 0.0 ], [ 7.714904719917115, 45.073589260087033, 0.0 ], [ 7.71495378126325, 45.073604035242035, 0.0 ], [ 7.71502518375618, 45.073629287456576, 0.0 ], [ 7.715095281854762, 45.073656686182922, 0.0 ], [ 7.715191477070828, 45.073696889477453, 0.0 ], [ 7.715238254532855, 45.073718371557007, 0.0 ], [ 7.715284050044198, 45.07374118422829, 0.0 ], [ 7.715328132416589, 45.073765076563348, 0.0 ], [ 7.71539151540413, 45.073802930877775, 0.0 ], [ 7.715451908518298, 45.073843289942864, 0.0 ], [ 7.715514173795608, 45.073888026915995, 0.0 ], [ 7.715573037399651, 45.073934795812669, 0.0 ], [ 7.71696093724529, 45.075132768254569, 0.0 ], [ 7.717020148704453, 45.07518283490554, 0.0 ], [ 7.717153974529787, 45.07529316125499, 0.0 ], [ 7.717228971753335, 45.075353163515373, 0.0 ], [ 7.717299746880574, 45.075407167549336, 0.0 ], [ 7.717447213136982, 45.075513126430984, 0.0 ], [ 7.717524024011645, 45.075564813650381, 0.0 ], [ 7.717780998529054, 45.075729523886288, 0.0 ], [ 7.717775349147707, 45.075745870518354, 0.0 ], [ 7.717779059955415, 45.075754337962174, 0.0 ], [ 7.717784319220136, 45.075757204854547, 0.0 ], [ 7.71766887041122, 45.075920838209917, 0.0 ], [ 7.717577701858324, 45.076048693237666, 0.0 ], [ 7.717561803272498, 45.076048289642955, 0.0 ], [ 7.717539508054009, 45.076063008041928, 0.0 ], [ 7.717122599111948, 45.075799930190612, 0.0 ], [ 7.716690114240424, 45.075474564638519, 0.0 ], [ 7.716499886833995, 45.075310152109992, 0.0 ], [ 7.716445793380765, 45.075227141911888, 0.0 ], [ 7.71563468099652, 45.074532413068482, 0.0 ], [ 7.715457383832382, 45.074405816601313, 0.0 ], [ 7.715388815872824, 45.074346929208517, 0.0 ], [ 7.715344679280266, 45.074292639100094, 0.0 ], [ 7.715334724118494, 45.074266863074371, 0.0 ], [ 7.715325410311165, 45.074235252185105, 0.0 ], [ 7.71531376975525, 45.074205865554269, 0.0 ], [ 7.715297565345997, 45.074184655026286, 0.0 ], [ 7.715269461803455, 45.074158602817974, 0.0 ], [ 7.715195185204228, 45.074093837075281, 0.0 ], [ 7.715105928012777, 45.07403361912688, 0.0 ], [ 7.715054552616407, 45.07400976237038, 0.0 ], [ 7.715023032806667, 45.073985427179885, 0.0 ], [ 7.714990183823945, 45.073954676637427, 0.0 ], [ 7.714921592232625, 45.073910516146476, 0.0 ], [ 7.714880720859838, 45.073891908697242, 0.0 ], [ 7.714828567413795, 45.073871697211125, 0.0 ], [ 7.714677362976902, 45.073820630655774, 0.0 ], [ 7.714581986350753, 45.073798249003879, 0.0 ], [ 7.714521573259941, 45.073788280105944, 0.0 ], [ 7.714477870088547, 45.07378553767974, 0.0 ], [ 7.714427994799904, 45.073791727495731, 0.0 ], [ 7.714376165581824, 45.073797192992238, 0.0 ], [ 7.714290501615856, 45.07380234996112, 0.0 ], [ 7.714259878178743, 45.07380488544343, 0.0 ], [ 7.714240667557172, 45.073811771822292, 0.0 ], [ 7.714219485356741, 45.073817581417266, 0.0 ], [ 7.714160581332397, 45.073815721835118, 0.0 ], [ 7.714136575851037, 45.07381939408404, 0.0 ], [ 7.71412663695744, 45.073828706376176, 0.0 ], [ 7.714074119169802, 45.073829169099717, 0.0 ], [ 7.713982173499441, 45.073835658789811, 0.0 ], [ 7.713868506052053, 45.073849987665653, 0.0 ], [ 7.713784346358935, 45.073858814873589, 0.0 ], [ 7.71369950133378, 45.073884657469222, 0.0 ], [ 7.713605871898385, 45.073930439434534, 0.0 ], [ 7.713286947643277, 45.074064617267062, 0.0 ], [ 7.713139368325708, 45.074117028540243, 0.0 ], [ 7.713122237184341, 45.074133155444777, 0.0 ], [ 7.713101793777493, 45.074146211683775, 0.0 ], [ 7.713060404947835, 45.074163684877803, 0.0 ], [ 7.712939246043996, 45.074211190931386, 0.0 ], [ 7.712613106014434, 45.074361605960917, 0.0 ], [ 7.712318422285366, 45.074489789820539, 0.0 ], [ 7.711995418037491, 45.074624332792148, 0.0 ], [ 7.711911736331596, 45.074659890314955, 0.0 ], [ 7.711796580885766, 45.074705221039181, 0.0 ], [ 7.711749476543647, 45.074725438474402, 0.0 ], [ 7.711706365734677, 45.074740417175057, 0.0 ], [ 7.711661703966751, 45.074753630990173, 0.0 ], [ 7.711513256569838, 45.074800476719773, 0.0 ], [ 7.710939102274039, 45.074993447354707, 0.0 ], [ 7.71092422731903, 45.074982009142808, 0.0 ], [ 7.710892268812526, 45.074989714614063, 0.0 ], [ 7.710712325858846, 45.074848921283376, 0.0 ], [ 7.710534359611683, 45.074713019894524, 0.0 ], [ 7.710560488701329, 45.074702439953889, 0.0 ] ] ] } },
{ "type": "Feature", "properties": { "ID_QUART": 7, "DENOM": "Aurora", "neighborhood_name_clean": "aurora", "statistical_zone_clean": "07", "n_somministrazione": 96, "neighborhood_clean": "7 aurora", "total_population": 39692, "stores_per_1000_residents": 2.4186234001813967, "distance_to_nearest_metro": 713.50977638115717, "normalized_population": 0.6096927001093162, "normalized_competition": 0.30299517198909076, "normalized_distance_to_metro": 0.17066681383729462, "retail_opportunity_score": 0.13418004208555162, "opportunity_level": "High Opportunity", "longitude": 7.6873658739176438, "latitude": 45.08172573229745 }, "geometry": { "type": "Polygon", "coordinates": [ [ [ 7.671329071859775, 45.080826369363365, 0.0 ], [ 7.672020719824345, 45.081810031919993, 0.0 ], [ 7.672460845902785, 45.082453220315429, 0.0 ], [ 7.672876993457995, 45.083050253846835, 0.0 ], [ 7.673303711574353, 45.083658742283021, 0.0 ], [ 7.673877268482528, 45.084476596838414, 0.0 ], [ 7.674343491381281, 45.085141396016787, 0.0 ], [ 7.674834031125044, 45.085839267423658, 0.0 ], [ 7.675140294896527, 45.086274986062548, 0.0 ], [ 7.676204136086955, 45.087788407156658, 0.0 ], [ 7.676377166109028, 45.087685677802483, 0.0 ], [ 7.676505119458426, 45.087867645475733, 0.0 ], [ 7.676569158920081, 45.087962427643198, 0.0 ], [ 7.676802766509563, 45.088308200621277, 0.0 ], [ 7.677549226806222, 45.089413005609757, 0.0 ], [ 7.677895786091541, 45.089627280857378, 0.0 ], [ 7.678247225437123, 45.08988410889468, 0.0 ], [ 7.678639974280623, 45.090167194648885, 0.0 ], [ 7.679548861212402, 45.09005950641405, 0.0 ], [ 7.680495514092962, 45.089947332171512, 0.0 ], [ 7.680895333140344, 45.089899958441649, 0.0 ], [ 7.681164882891142, 45.089870395409086, 0.0 ], [ 7.682459824388305, 45.089715039864409, 0.0 ], [ 7.683663528921006, 45.089574614537611, 0.0 ], [ 7.68538359392468, 45.089381818051294, 0.0 ], [ 7.68654182223741, 45.089248445898157, 0.0 ], [ 7.68765573987138, 45.089130268635955, 0.0 ], [ 7.688276076695694, 45.089064446997298, 0.0 ], [ 7.688708812319828, 45.088882567515753, 0.0 ], [ 7.688819306693914, 45.088829736777321, 0.0 ], [ 7.689340522508195, 45.088580520673219, 0.0 ], [ 7.690347687729226, 45.08809893496138, 0.0 ], [ 7.690605131086177, 45.087967438317904, 0.0 ], [ 7.69081342688859, 45.08785176818936, 0.0 ], [ 7.691116527403004, 45.087705733155055, 0.0 ], [ 7.691374644851469, 45.087564015937176, 0.0 ], [ 7.691754851621585, 45.087354861368659, 0.0 ], [ 7.692017957796193, 45.087210463100561, 0.0 ], [ 7.69230266197753, 45.087054473479824, 0.0 ], [ 7.693176406426992, 45.086574404234867, 0.0 ], [ 7.693588693665427, 45.086347706368848, 0.0 ], [ 7.694691167609872, 45.085731309369827, 0.0 ], [ 7.69543768210648, 45.085316389210341, 0.0 ], [ 7.695619458311175, 45.085226226125947, 0.0 ], [ 7.695786500254574, 45.085102820810796, 0.0 ], [ 7.695878369306817, 45.085007839084888, 0.0 ], [ 7.696024368810222, 45.084843082183447, 0.0 ], [ 7.696616609579608, 45.084188252770211, 0.0 ], [ 7.69736802009546, 45.083352906639767, 0.0 ], [ 7.697745396690265, 45.082930662932561, 0.0 ], [ 7.698156834384425, 45.082470289001023, 0.0 ], [ 7.698933383456126, 45.081601300317004, 0.0 ], [ 7.699209943924707, 45.081291558865459, 0.0 ], [ 7.699484564154712, 45.080990410123732, 0.0 ], [ 7.699568906854969, 45.080897906588007, 0.0 ], [ 7.700639296502913, 45.079692399818676, 0.0 ], [ 7.701835217519422, 45.078316313793131, 0.0 ], [ 7.703858148078959, 45.076035179858685, 0.0 ], [ 7.704161349978013, 45.075726396407568, 0.0 ], [ 7.704401882933955, 45.075481416168564, 0.0 ], [ 7.704309525342734, 45.075478990813401, 0.0 ], [ 7.704116776350178, 45.075460212376697, 0.0 ], [ 7.70400620723948, 45.075580571167897, 0.0 ], [ 7.704001882380902, 45.075579172727217, 0.0 ], [ 7.703996085311884, 45.075579349183407, 0.0 ], [ 7.703991182252119, 45.075581562536485, 0.0 ], [ 7.703988482325791, 45.075585204586332, 0.0 ], [ 7.703956157888102, 45.075580292013044, 0.0 ], [ 7.702502865529707, 45.075438716801756, 0.0 ], [ 7.702216710020082, 45.075407344480361, 0.0 ], [ 7.701840226841354, 45.075360098962221, 0.0 ], [ 7.701672004163424, 45.075337285431715, 0.0 ], [ 7.701504498060253, 45.075311930062441, 0.0 ], [ 7.701170336685657, 45.075257927775482, 0.0 ], [ 7.70098122442699, 45.07522626011886, 0.0 ], [ 7.700793099332229, 45.075191902404498, 0.0 ], [ 7.700668310456352, 45.075166996953286, 0.0 ], [ 7.700479605489033, 45.075125196176486, 0.0 ], [ 7.700292965740336, 45.075079216572597, 0.0 ], [ 7.700169390555924, 45.075046743997888, 0.0 ], [ 7.700000062493979, 45.075000347876632, 0.0 ], [ 7.699831689719595, 45.074952305570896, 0.0 ], [ 7.699632226993518, 45.074893036245314, 0.0 ], [ 7.699434511524006, 45.074830823321513, 0.0 ], [ 7.699304672657116, 45.074787172091796, 0.0 ], [ 7.6991768791261, 45.074740724856206, 0.0 ], [ 7.699093258511585, 45.074707726845517, 0.0 ], [ 7.69873458022215, 45.074560890399532, 0.0 ], [ 7.698418574258731, 45.074419372005011, 0.0 ], [ 7.697667476978277, 45.074056230489298, 0.0 ], [ 7.697287618423335, 45.073899236941983, 0.0 ], [ 7.697085933323707, 45.073837478623915, 0.0 ], [ 7.696826750548768, 45.07377799070526, 0.0 ], [ 7.696449175790464, 45.073731948374345, 0.0 ], [ 7.695943640259275, 45.073722494482666, 0.0 ], [ 7.69552909523436, 45.073755305652178, 0.0 ], [ 7.695256565744953, 45.073794987447243, 0.0 ], [ 7.695107407835124, 45.073823970041936, 0.0 ], [ 7.694926842317138, 45.073865888722281, 0.0 ], [ 7.694515862694096, 45.073991455389496, 0.0 ], [ 7.694448683375097, 45.074018843599198, 0.0 ], [ 7.694413398276944, 45.074041953835859, 0.0 ], [ 7.694315785670589, 45.073905531729515, 0.0 ], [ 7.694226409219606, 45.073935277770886, 0.0 ], [ 7.694061843625077, 45.07369862187884, 0.0 ], [ 7.693828991813669, 45.073385676855693, 0.0 ], [ 7.692644232087419, 45.073775981933174, 0.0 ], [ 7.691074797388279, 45.074295407788675, 0.0 ], [ 7.689933825681888, 45.074673115052029, 0.0 ], [ 7.689642651151279, 45.074769504652849, 0.0 ], [ 7.687912296229056, 45.075342273706902, 0.0 ], [ 7.686978143516129, 45.07565154801862, 0.0 ], [ 7.686337330094314, 45.075863757325315, 0.0 ], [ 7.685542450400391, 45.076127668956545, 0.0 ], [ 7.684758296382349, 45.076387909970549, 0.0 ], [ 7.683570635207954, 45.07678126368095, 0.0 ], [ 7.682422173894031, 45.077161611314466, 0.0 ], [ 7.680787555764862, 45.077702474681288, 0.0 ], [ 7.679497513001492, 45.078129503839669, 0.0 ], [ 7.677362255434062, 45.078836678951184, 0.0 ], [ 7.676702420729257, 45.079055193879526, 0.0 ], [ 7.676261978897328, 45.079201055926603, 0.0 ], [ 7.675717070334208, 45.079381498015259, 0.0 ], [ 7.675576734933763, 45.079427965869996, 0.0 ], [ 7.674931981981001, 45.07964148758137, 0.0 ], [ 7.674568273153796, 45.079761922412736, 0.0 ], [ 7.673804146174374, 45.080014947025973, 0.0 ], [ 7.673603471459831, 45.080080956954738, 0.0 ], [ 7.671617968311819, 45.080731693557048, 0.0 ], [ 7.67151229468942, 45.080766327137354, 0.0 ], [ 7.671329071859775, 45.080826369363365, 0.0 ] ], [ [ 7.684941231193362, 45.082057608544865, 0.0 ], [ 7.685305590892158, 45.081823672478087, 0.0 ], [ 7.685300943219982, 45.08188898024666, 0.0 ], [ 7.685285418628617, 45.081898820689084, 0.0 ], [ 7.685281339787012, 45.081903302667996, 0.0 ], [ 7.685280264066043, 45.081908655098445, 0.0 ], [ 7.685281899543333, 45.081911527496068, 0.0 ], [ 7.68528538155843, 45.081913170057639, 0.0 ], [ 7.685290030280005, 45.081913852524373, 0.0 ], [ 7.685298722622215, 45.081912062147872, 0.0 ], [ 7.68528991608374, 45.08204014579875, 0.0 ], [ 7.685287627664622, 45.08207337243303, 0.0 ], [ 7.685268574356117, 45.082085358833176, 0.0 ], [ 7.685266808199247, 45.082087597987694, 0.0 ], [ 7.685266614971379, 45.082090476951471, 0.0 ], [ 7.685270097707409, 45.082095404158153, 0.0 ], [ 7.685278557303346, 45.082096572891054, 0.0 ], [ 7.685286862513996, 45.082093995613889, 0.0 ], [ 7.685274329089375, 45.082254289541112, 0.0 ], [ 7.685267404607179, 45.082257665158842, 0.0 ], [ 7.685276189333292, 45.082297293327599, 0.0 ], [ 7.685086675224293, 45.082421027233302, 0.0 ], [ 7.685079750476536, 45.082402683666196, 0.0 ], [ 7.685069986162861, 45.082405173035973, 0.0 ], [ 7.684993924761696, 45.082246406837292, 0.0 ], [ 7.684904440749842, 45.082063433078645, 0.0 ], [ 7.684941231193362, 45.082057608544865, 0.0 ] ], [ [ 7.68837233050388, 45.07972807573865, 0.0 ], [ 7.688444571467486, 45.07966429993192, 0.0 ], [ 7.688486429054948, 45.079574638349314, 0.0 ], [ 7.68875122799943, 45.079654372984962, 0.0 ], [ 7.688991861902911, 45.07972683737561, 0.0 ], [ 7.688946071793118, 45.079768528799711, 0.0 ], [ 7.688915491249939, 45.079807363316576, 0.0 ], [ 7.688869457225699, 45.079790784682935, 0.0 ], [ 7.688811005689902, 45.079871056251363, 0.0 ], [ 7.688646196376475, 45.080077328850294, 0.0 ], [ 7.68852943624138, 45.080188212577781, 0.0 ], [ 7.688486104090186, 45.080220770015522, 0.0 ], [ 7.688456831873806, 45.08012014550453, 0.0 ], [ 7.688463425617524, 45.080112434826759, 0.0 ], [ 7.68846532858247, 45.080105912312654, 0.0 ], [ 7.688462201945564, 45.080099241469853, 0.0 ], [ 7.688456650815056, 45.08009702689435, 0.0 ], [ 7.68845123446243, 45.08009825109891, 0.0 ], [ 7.688424805072224, 45.080003438362247, 0.0 ], [ 7.688406100888346, 45.079936322694174, 0.0 ], [ 7.688412426897416, 45.079929167703561, 0.0 ], [ 7.688413961444236, 45.079925953669886, 0.0 ], [ 7.688413015862654, 45.079920577991388, 0.0 ], [ 7.688409292574743, 45.079915655360665, 0.0 ], [ 7.68840508126418, 45.079914743492608, 0.0 ], [ 7.688401121285745, 45.079916282367698, 0.0 ], [ 7.688352498649915, 45.079733510702745, 0.0 ], [ 7.68837233050388, 45.07972807573865, 0.0 ] ], [ [ 7.685346168290645, 45.082212222116794, 0.0 ], [ 7.685359610464206, 45.082048356514491, 0.0 ], [ 7.685371617168844, 45.082041726238138, 0.0 ], [ 7.685375172341316, 45.082038507888221, 0.0 ], [ 7.685377896234326, 45.08203213071981, 0.0 ], [ 7.685377581895829, 45.082029227800248, 0.0 ], [ 7.685375852192842, 45.08202714717816, 0.0 ], [ 7.685368530299828, 45.082026171766309, 0.0 ], [ 7.685360766279118, 45.082028422016691, 0.0 ], [ 7.68536353386859, 45.081990241340741, 0.0 ], [ 7.685372598211905, 45.081865455702157, 0.0 ], [ 7.685387508393199, 45.081855149484461, 0.0 ], [ 7.685387843672382, 45.08185056327536, 0.0 ], [ 7.685384965532963, 45.081846361631676, 0.0 ], [ 7.685378841034736, 45.081843590602773, 0.0 ], [ 7.685372705965889, 45.081844122653337, 0.0 ], [ 7.685375956430081, 45.081776585039478, 0.0 ], [ 7.686279745474656, 45.081190981115896, 0.0 ], [ 7.686295075848544, 45.08117509835624, 0.0 ], [ 7.686307969867496, 45.081158017068326, 0.0 ], [ 7.686319045765087, 45.081138250566497, 0.0 ], [ 7.686326691713114, 45.081117832866752, 0.0 ], [ 7.686418595971344, 45.081255771278315, 0.0 ], [ 7.686545764258717, 45.081446036408167, 0.0 ], [ 7.686524483130648, 45.081458259114306, 0.0 ], [ 7.686507393473393, 45.08147379655454, 0.0 ], [ 7.686498576887827, 45.081485865592384, 0.0 ], [ 7.686491074875447, 45.081503377506664, 0.0 ], [ 7.686489194459889, 45.081521035589844, 0.0 ], [ 7.68649076844327, 45.081532756854898, 0.0 ], [ 7.686418341130504, 45.081556219334566, 0.0 ], [ 7.686412435360559, 45.0815506244776, 0.0 ], [ 7.686385262895242, 45.081559826654313, 0.0 ], [ 7.686393471201776, 45.081573602538967, 0.0 ], [ 7.685368879822319, 45.082236329126353, 0.0 ], [ 7.685356908635259, 45.08222867522025, 0.0 ], [ 7.685358303506622, 45.082221111801928, 0.0 ], [ 7.685353610648192, 45.082220680588605, 0.0 ], [ 7.685353027583787, 45.082212301087011, 0.0 ], [ 7.685346168290645, 45.082212222116794, 0.0 ] ], [ [ 7.683060238681358, 45.083284308839104, 0.0 ], [ 7.683806473078378, 45.082861693953696, 0.0 ], [ 7.684247574829558, 45.082600065781236, 0.0 ], [ 7.684635958272752, 45.082337224143572, 0.0 ], [ 7.684679402127175, 45.082306705269787, 0.0 ], [ 7.684721984134737, 45.082275500869478, 0.0 ], [ 7.68474987604505, 45.082252659880062, 0.0 ], [ 7.684774791697841, 45.082227832114974, 0.0 ], [ 7.684790731797034, 45.082207050457285, 0.0 ], [ 7.684802053128886, 45.082184892508202, 0.0 ], [ 7.684811293606833, 45.08215983030864, 0.0 ], [ 7.68481727471804, 45.082134452094238, 0.0 ], [ 7.684900639885367, 45.082308271759487, 0.0 ], [ 7.684977848090479, 45.08246359542953, 0.0 ], [ 7.68497123631567, 45.082472727950957, 0.0 ], [ 7.684981737786194, 45.082488502755325, 0.0 ], [ 7.684153385058182, 45.08302342930839, 0.0 ], [ 7.684141415743817, 45.083014524654402, 0.0 ], [ 7.684119826897287, 45.083005778112657, 0.0 ], [ 7.684104939649347, 45.083002257169468, 0.0 ], [ 7.684088044177562, 45.08300154944228, 0.0 ], [ 7.68407083995736, 45.083004879877741, 0.0 ], [ 7.68406127007684, 45.083009333398827, 0.0 ], [ 7.683194534046116, 45.083568944362433, 0.0 ], [ 7.68306738854767, 45.083465786142405, 0.0 ], [ 7.682917715039637, 45.083346127240269, 0.0 ], [ 7.683060238681358, 45.083284308839104, 0.0 ] ], [ [ 7.68645359666874, 45.081015304604506, 0.0 ], [ 7.68646734976025, 45.081003932618621, 0.0 ], [ 7.686474870017338, 45.080995187643957, 0.0 ], [ 7.686491553157842, 45.081000646107448, 0.0 ], [ 7.686509080713757, 45.081004843714801, 0.0 ], [ 7.686544977979472, 45.081010180411305, 0.0 ], [ 7.686573079794722, 45.081010891699037, 0.0 ], [ 7.686601548533957, 45.081007806819954, 0.0 ], [ 7.686620299382124, 45.081003999329404, 0.0 ], [ 7.686643010632976, 45.080998193431384, 0.0 ], [ 7.686664156374299, 45.080990838594516, 0.0 ], [ 7.686676820771376, 45.080984385545406, 0.0 ], [ 7.687505329781018, 45.080482387833385, 0.0 ], [ 7.687891749862645, 45.080203571508051, 0.0 ], [ 7.688117763062404, 45.080025683506754, 0.0 ], [ 7.68825383961401, 45.079904067869549, 0.0 ], [ 7.688204062105606, 45.079877813925663, 0.0 ], [ 7.688300475077184, 45.079791027749806, 0.0 ], [ 7.688352195346713, 45.079971621259439, 0.0 ], [ 7.688340874462036, 45.079984399746657, 0.0 ], [ 7.688339715845889, 45.079988473443599, 0.0 ], [ 7.688341745225153, 45.079992430259566, 0.0 ], [ 7.688344943070667, 45.07999372623901, 0.0 ], [ 7.688351514873041, 45.079993090825063, 0.0 ], [ 7.688356645313297, 45.079990368183473, 0.0 ], [ 7.688375468975515, 45.080056198816294, 0.0 ], [ 7.688403724422351, 45.080155109581689, 0.0 ], [ 7.688395931790489, 45.080165273812248, 0.0 ], [ 7.688393725069336, 45.080170658563034, 0.0 ], [ 7.688394834646926, 45.080176017560206, 0.0 ], [ 7.688399668623822, 45.080177928220579, 0.0 ], [ 7.688406396251542, 45.08017715920505, 0.0 ], [ 7.688409471976615, 45.080175385582635, 0.0 ], [ 7.6884334896505, 45.080260160490042, 0.0 ], [ 7.688238296738239, 45.080417177089679, 0.0 ], [ 7.688006515863932, 45.080590083414137, 0.0 ], [ 7.686856307952397, 45.081305148262658, 0.0 ], [ 7.686835581897423, 45.081318645712962, 0.0 ], [ 7.686815612600784, 45.08133281069135, 0.0 ], [ 7.686799004492363, 45.081347364337681, 0.0 ], [ 7.686785370163619, 45.08136348265689, 0.0 ], [ 7.686771369134243, 45.081383359554529, 0.0 ], [ 7.686759884133111, 45.081403886632494, 0.0 ], [ 7.686725044212159, 45.08139278212726, 0.0 ], [ 7.68670156919811, 45.081390883408424, 0.0 ], [ 7.686679553329819, 45.081394618041685, 0.0 ], [ 7.686561076738126, 45.081213697923715, 0.0 ], [ 7.686437098821991, 45.08102437782749, 0.0 ], [ 7.68645359666874, 45.081015304604506, 0.0 ] ], [ [ 7.680459113190311, 45.084914299706476, 0.0 ], [ 7.680462689626673, 45.084909678066687, 0.0 ], [ 7.680463115499935, 45.084903868088432, 0.0 ], [ 7.680459874839477, 45.084898320477443, 0.0 ], [ 7.680465847047586, 45.084895050971916, 0.0 ], [ 7.68046275988624, 45.084891719795529, 0.0 ], [ 7.680473493314681, 45.084884643349589, 0.0 ], [ 7.680509655338562, 45.084890804121095, 0.0 ], [ 7.681630845622458, 45.08414287312862, 0.0 ], [ 7.68197231849298, 45.083912473957668, 0.0 ], [ 7.682228163091374, 45.083740523304556, 0.0 ], [ 7.682438080441182, 45.083599249816913, 0.0 ], [ 7.682493649499064, 45.08356312878086, 0.0 ], [ 7.682596824122649, 45.083498983701425, 0.0 ], [ 7.682645640157416, 45.083471992890381, 0.0 ], [ 7.682689945612484, 45.083451539671088, 0.0 ], [ 7.682736327996649, 45.083433656506884, 0.0 ], [ 7.682724480342454, 45.083426166307675, 0.0 ], [ 7.682732065609471, 45.083421194637985, 0.0 ], [ 7.682742308298969, 45.08342390464172, 0.0 ], [ 7.682763833584408, 45.083414529971918, 0.0 ], [ 7.682760008784276, 45.083402856501657, 0.0 ], [ 7.68278924245794, 45.083384209037519, 0.0 ], [ 7.682811653916139, 45.083393702483185, 0.0 ], [ 7.682851026574605, 45.08337571305708, 0.0 ], [ 7.682891833816858, 45.083358792479466, 0.0 ], [ 7.68304201570393, 45.083481804853768, 0.0 ], [ 7.683222352888487, 45.083629037466771, 0.0 ], [ 7.68315429933447, 45.083597996818575, 0.0 ], [ 7.680929020850002, 45.085046598443718, 0.0 ], [ 7.680867750188678, 45.085079152674595, 0.0 ], [ 7.680803248845059, 45.085102999725549, 0.0 ], [ 7.680764807750997, 45.085126338205711, 0.0 ], [ 7.680737283609875, 45.085157255941354, 0.0 ], [ 7.680724091201548, 45.085197126350884, 0.0 ], [ 7.68072218881877, 45.085231175551698, 0.0 ], [ 7.680723296782078, 45.085248182963582, 0.0 ], [ 7.680726749263065, 45.0852649661567, 0.0 ], [ 7.680724840119952, 45.085266213307136, 0.0 ], [ 7.680719815500445, 45.085262581279729, 0.0 ], [ 7.680711136860121, 45.085268107091551, 0.0 ], [ 7.680706227146563, 45.085265008887717, 0.0 ], [ 7.680700192413164, 45.085263247039293, 0.0 ], [ 7.6806943762589, 45.085263151767826, 0.0 ], [ 7.680688882560763, 45.08526440323601, 0.0 ], [ 7.680575060633203, 45.085096978603723, 0.0 ], [ 7.680574040870356, 45.085095464419467, 0.0 ], [ 7.680579435791199, 45.085091340137247, 0.0 ], [ 7.680579831025191, 45.085086249761858, 0.0 ], [ 7.680578303456754, 45.085082028285967, 0.0 ], [ 7.680574133248917, 45.085078820439414, 0.0 ], [ 7.680568320708971, 45.085077403017799, 0.0 ], [ 7.680562242207078, 45.085078098472316, 0.0 ], [ 7.680453442714777, 45.084917789138366, 0.0 ], [ 7.680459113190311, 45.084914299706476, 0.0 ] ], [ [ 7.691875245763127, 45.07538929045834, 0.0 ], [ 7.692809990216607, 45.074478252015233, 0.0 ], [ 7.692894783727409, 45.074406182650563, 0.0 ], [ 7.6930772012986, 45.074269228964958, 0.0 ], [ 7.693171545296674, 45.07420279562551, 0.0 ], [ 7.693231029599963, 45.07416412950807, 0.0 ], [ 7.693292123484899, 45.074126869169987, 0.0 ], [ 7.693417937696142, 45.074055259761948, 0.0 ], [ 7.693493918523687, 45.074013594974183, 0.0 ], [ 7.693571510061717, 45.07397367782233, 0.0 ], [ 7.693625160581676, 45.073949122503116, 0.0 ], [ 7.69379490958867, 45.073876296003498, 0.0 ], [ 7.694016436973435, 45.073789614282575, 0.0 ], [ 7.694145724856101, 45.073970974730976, 0.0 ], [ 7.694242522333356, 45.074106809882252, 0.0 ], [ 7.694192502865736, 45.074115321601695, 0.0 ], [ 7.693987267153099, 45.074192820117716, 0.0 ], [ 7.693878715380895, 45.074241142015339, 0.0 ], [ 7.693787076711062, 45.074281933800329, 0.0 ], [ 7.693561672321324, 45.07440707128287, 0.0 ], [ 7.693462458549129, 45.074474809446862, 0.0 ], [ 7.693326316325877, 45.074581947714037, 0.0 ], [ 7.693208668391657, 45.074688747311058, 0.0 ], [ 7.69218721793549, 45.075747883490855, 0.0 ], [ 7.69200994733959, 45.075664468355441, 0.0 ], [ 7.69172560087461, 45.07554338636961, 0.0 ], [ 7.691875245763127, 45.07538929045834, 0.0 ] ], [ [ 7.676308366226629, 45.087454823279316, 0.0 ], [ 7.676341755336145, 45.087446234408006, 0.0 ], [ 7.676354404314292, 45.08744712000604, 0.0 ], [ 7.676367024876727, 45.087445915134317, 0.0 ], [ 7.676398436987913, 45.087435387520095, 0.0 ], [ 7.676628061072609, 45.087333340478615, 0.0 ], [ 7.676705037016875, 45.087291735619857, 0.0 ], [ 7.676843017452068, 45.087208844196468, 0.0 ], [ 7.677119483657536, 45.087044903269643, 0.0 ], [ 7.677101317741501, 45.087029877099148, 0.0 ], [ 7.677120945532718, 45.087017960308607, 0.0 ], [ 7.677139081523015, 45.087033203021996, 0.0 ], [ 7.679446388864313, 45.085654731238478, 0.0 ], [ 7.679455451875074, 45.085647428187571, 0.0 ], [ 7.679464885722011, 45.085633989865784, 0.0 ], [ 7.679471634266271, 45.085620169114051, 0.0 ], [ 7.679471553580463, 45.085616486438077, 0.0 ], [ 7.679465642569979, 45.085608883888248, 0.0 ], [ 7.679453680391154, 45.085598069357914, 0.0 ], [ 7.679452206268885, 45.085593667364073, 0.0 ], [ 7.679759510270569, 45.085397607459228, 0.0 ], [ 7.680192125530088, 45.085094579556866, 0.0 ], [ 7.68027450230432, 45.085015182157846, 0.0 ], [ 7.6802998031319, 45.085001854695925, 0.0 ], [ 7.68042657272709, 45.085174757817896, 0.0 ], [ 7.680421444934011, 45.085177273200259, 0.0 ], [ 7.680418711885734, 45.085181130291254, 0.0 ], [ 7.680418917653646, 45.085185434752738, 0.0 ], [ 7.680422008706135, 45.085189152669059, 0.0 ], [ 7.680427230713864, 45.085191372886115, 0.0 ], [ 7.680433095178238, 45.085191701470329, 0.0 ], [ 7.680437988213132, 45.085190498768029, 0.0 ], [ 7.680558211996187, 45.085350282192799, 0.0 ], [ 7.680551142952662, 45.085353828370366, 0.0 ], [ 7.680546994161167, 45.085359072795541, 0.0 ], [ 7.680547095338403, 45.085364061592195, 0.0 ], [ 7.6805504294559, 45.085368744067601, 0.0 ], [ 7.680531695525032, 45.085378871434081, 0.0 ], [ 7.680536127069109, 45.085382333607534, 0.0 ], [ 7.680515971445482, 45.085395188984037, 0.0 ], [ 7.680505299728037, 45.085380204667651, 0.0 ], [ 7.680499734446207, 45.085374126679305, 0.0 ], [ 7.680488234815932, 45.085366396211036, 0.0 ], [ 7.680481850084901, 45.085363900840711, 0.0 ], [ 7.680475509250417, 45.085362802422431, 0.0 ], [ 7.680468135684595, 45.085363473397827, 0.0 ], [ 7.68045654662696, 45.085367344070093, 0.0 ], [ 7.680446113919633, 45.085372903928537, 0.0 ], [ 7.679386770632583, 45.086036219883397, 0.0 ], [ 7.676771371983834, 45.087627818588331, 0.0 ], [ 7.6767377697114, 45.087642813183741, 0.0 ], [ 7.676707269830769, 45.087661084433037, 0.0 ], [ 7.676655249734046, 45.087734674721212, 0.0 ], [ 7.676627077501408, 45.087771056972137, 0.0 ], [ 7.676590767788529, 45.08778827963382, 0.0 ], [ 7.67656879854244, 45.087811392371052, 0.0 ], [ 7.676569301552643, 45.087807159511527, 0.0 ], [ 7.676567149939972, 45.087802983729262, 0.0 ], [ 7.676557731677519, 45.087795332232758, 0.0 ], [ 7.676554253649663, 45.087794121426882, 0.0 ], [ 7.676550502616641, 45.087794159004403, 0.0 ], [ 7.676543377654973, 45.087796200072553, 0.0 ], [ 7.676475009955779, 45.087702240725427, 0.0 ], [ 7.676480095271083, 45.087700004408511, 0.0 ], [ 7.676485294646501, 45.087693798330633, 0.0 ], [ 7.676485952302784, 45.087690674367295, 0.0 ], [ 7.676484773051517, 45.087688319254561, 0.0 ], [ 7.676480331285848, 45.087685856143011, 0.0 ], [ 7.676470856854229, 45.087683432957832, 0.0 ], [ 7.676466156050493, 45.087683467674594, 0.0 ], [ 7.676462288568506, 45.087684755899957, 0.0 ], [ 7.676436449117007, 45.087649250055939, 0.0 ], [ 7.67639174473325, 45.087587583997419, 0.0 ], [ 7.676396695896183, 45.087585039581541, 0.0 ], [ 7.676401363474225, 45.087578279451442, 0.0 ], [ 7.676401567135464, 45.087574941483922, 0.0 ], [ 7.676399833536297, 45.087572427802861, 0.0 ], [ 7.676389467479203, 45.087568509081741, 0.0 ], [ 7.676383467458191, 45.087568062348232, 0.0 ], [ 7.676378496178425, 45.087569291590299, 0.0 ], [ 7.676310641953243, 45.08747567860096, 0.0 ], [ 7.676315622190134, 45.087471875280222, 0.0 ], [ 7.676318096906235, 45.087467043126153, 0.0 ], [ 7.676315662585186, 45.087460164902645, 0.0 ], [ 7.676308366226629, 45.087454823279316, 0.0 ] ], [ [ 7.688541482133121, 45.079417459960567, 0.0 ], [ 7.69097158606558, 45.076275175088867, 0.0 ], [ 7.691476255475437, 45.0757903104913, 0.0 ], [ 7.691765951831597, 45.075919166994922, 0.0 ], [ 7.691997479601568, 45.076022153860301, 0.0 ], [ 7.689266656385217, 45.07945180251447, 0.0 ], [ 7.689212976030075, 45.079451753238381, 0.0 ], [ 7.689088244159596, 45.079609166253157, 0.0 ], [ 7.688828050438106, 45.079530824218295, 0.0 ], [ 7.688563263450408, 45.079451089896494, 0.0 ], [ 7.68855093414126, 45.079445267874945, 0.0 ], [ 7.688542098373238, 45.079436559957806, 0.0 ], [ 7.688539085501057, 45.079427208466761, 0.0 ], [ 7.688541482133121, 45.079417459960567, 0.0 ] ] ] } },
{ "type": "Feature", "properties": { "ID_QUART": 22, "DENOM": "Borgo Po e Cavoretto", "neighborhood_name_clean": "borgo po e cavoretto", "statistical_zone_clean": "22", "n_somministrazione": 66, "neighborhood_clean": "22 borgo po e cavoretto", "total_population": 19947, "stores_per_1000_residents": 3.3087682358249362, "distance_to_nearest_metro": 3047.6538122977622, "normalized_population": 0.13003765334628933, "normalized_competition": 0.42615576473113576, "normalized_distance_to_metro": 1.0, "retail_opportunity_score": -0.29063757365006732, "opportunity_level": "Very Low Opportunity", "longitude": 7.7013518990935603, "latitude": 45.041641894689505 }, "geometry": { "type": "Polygon", "coordinates": [ [ [ 7.673914273042392, 45.019847644936412, 0.0 ], [ 7.673936404842763, 45.019984134273976, 0.0 ], [ 7.673938493907291, 45.020376296279139, 0.0 ], [ 7.67405211784714, 45.02080337581372, 0.0 ], [ 7.674132444932697, 45.021015823806486, 0.0 ], [ 7.674179241643554, 45.021241268788572, 0.0 ], [ 7.674276827061759, 45.021541272323468, 0.0 ], [ 7.67433723108229, 45.021760681692953, 0.0 ], [ 7.674346652878141, 45.021900733206358, 0.0 ], [ 7.674417524594497, 45.022079639467492, 0.0 ], [ 7.674457309751311, 45.022217909810394, 0.0 ], [ 7.674463762780179, 45.022440410795745, 0.0 ], [ 7.674476563634976, 45.022612889503414, 0.0 ], [ 7.674453926608229, 45.022792375183926, 0.0 ], [ 7.674433717953955, 45.022990460509483, 0.0 ], [ 7.674471716583978, 45.023239720930661, 0.0 ], [ 7.674524012970953, 45.02346903628564, 0.0 ], [ 7.674513866469557, 45.023691948581614, 0.0 ], [ 7.674553567209008, 45.023866963685663, 0.0 ], [ 7.674604592466877, 45.02433069960091, 0.0 ], [ 7.674646711450417, 45.024518624652572, 0.0 ], [ 7.674657889819682, 45.024632185472178, 0.0 ], [ 7.674676953197105, 45.02479288272577, 0.0 ], [ 7.674700983470407, 45.025175063794215, 0.0 ], [ 7.67416829501866, 45.025235511586402, 0.0 ], [ 7.674170101512168, 45.025251212841717, 0.0 ], [ 7.674170449178265, 45.025277998193815, 0.0 ], [ 7.674702598364414, 45.025217832571698, 0.0 ], [ 7.674714011765334, 45.025582375664541, 0.0 ], [ 7.674735109635884, 45.025937643975574, 0.0 ], [ 7.674761341088847, 45.026209641188423, 0.0 ], [ 7.674745920099365, 45.02636357350115, 0.0 ], [ 7.674735032147757, 45.026422840108644, 0.0 ], [ 7.674725954460661, 45.026486224728416, 0.0 ], [ 7.674712887550802, 45.026623332661131, 0.0 ], [ 7.674715216432486, 45.026677551258764, 0.0 ], [ 7.674658276648336, 45.026835808672388, 0.0 ], [ 7.674639551833525, 45.026949140100001, 0.0 ], [ 7.674632671423415, 45.027087732578195, 0.0 ], [ 7.674575875985225, 45.027384944234413, 0.0 ], [ 7.674581238287795, 45.027437423937705, 0.0 ], [ 7.674532972414853, 45.027622373075104, 0.0 ], [ 7.674503577401265, 45.02772504875653, 0.0 ], [ 7.674484606992961, 45.027860637764128, 0.0 ], [ 7.674472322010555, 45.027909447277899, 0.0 ], [ 7.67448378865458, 45.028054951536234, 0.0 ], [ 7.6744825985269, 45.028167558656911, 0.0 ], [ 7.674484969450863, 45.028206780747432, 0.0 ], [ 7.674468381153242, 45.028365523632537, 0.0 ], [ 7.674458749512194, 45.028518793582641, 0.0 ], [ 7.674458906679622, 45.028582437956686, 0.0 ], [ 7.674450730156909, 45.02863192591569, 0.0 ], [ 7.674436229808263, 45.028672301972442, 0.0 ], [ 7.674453101730204, 45.028833350451301, 0.0 ], [ 7.67445352932081, 45.028978690318823, 0.0 ], [ 7.674485712655414, 45.029145174525681, 0.0 ], [ 7.674496027339548, 45.029187151782516, 0.0 ], [ 7.674522648867889, 45.029295420518707, 0.0 ], [ 7.674613251825343, 45.029437674306436, 0.0 ], [ 7.674691083487236, 45.029628957396064, 0.0 ], [ 7.674708732852877, 45.029660722465152, 0.0 ], [ 7.674659029316642, 45.029675807741029, 0.0 ], [ 7.67463431123977, 45.029634581618566, 0.0 ], [ 7.674609949027936, 45.02964181545061, 0.0 ], [ 7.674712142339441, 45.029812208461948, 0.0 ], [ 7.67473644223548, 45.029804882870792, 0.0 ], [ 7.674666131488616, 45.029687638262068, 0.0 ], [ 7.674715629644663, 45.029673151927724, 0.0 ], [ 7.674740627380496, 45.029718145013391, 0.0 ], [ 7.674808099218086, 45.029821504797319, 0.0 ], [ 7.674875583675192, 45.029924853818613, 0.0 ], [ 7.674937124864789, 45.030009131768615, 0.0 ], [ 7.675008043754658, 45.030082518902169, 0.0 ], [ 7.675148218821263, 45.030178114658007, 0.0 ], [ 7.675271481737687, 45.030251838149148, 0.0 ], [ 7.675735206835163, 45.030493604651646, 0.0 ], [ 7.675809144842296, 45.03051821864144, 0.0 ], [ 7.675817080745971, 45.030514844882795, 0.0 ], [ 7.675839580850202, 45.030488684492845, 0.0 ], [ 7.675846626783986, 45.030493609427062, 0.0 ], [ 7.675831099306, 45.03051242327647, 0.0 ], [ 7.675828736186645, 45.030517454636787, 0.0 ], [ 7.675829612727989, 45.030527375849218, 0.0 ], [ 7.675833955374085, 45.030532783372124, 0.0 ], [ 7.675941017153845, 45.030624393877844, 0.0 ], [ 7.675960440703739, 45.03063976912896, 0.0 ], [ 7.676022069505144, 45.030674600483721, 0.0 ], [ 7.676089848237696, 45.030708079934627, 0.0 ], [ 7.676111154595806, 45.030726600907286, 0.0 ], [ 7.67611595989792, 45.030733407977131, 0.0 ], [ 7.676144880282859, 45.03075697772384, 0.0 ], [ 7.676190378052863, 45.030787319393333, 0.0 ], [ 7.67620945739477, 45.030808738758935, 0.0 ], [ 7.676352361820047, 45.030914961263512, 0.0 ], [ 7.676436121010847, 45.030978305005632, 0.0 ], [ 7.676659685812464, 45.031150166842679, 0.0 ], [ 7.676893612249398, 45.031317087723885, 0.0 ], [ 7.677008428631169, 45.031417653941915, 0.0 ], [ 7.677100960869439, 45.031518430985976, 0.0 ], [ 7.677199844696978, 45.031615769106594, 0.0 ], [ 7.67752437746085, 45.031887331964839, 0.0 ], [ 7.677655692633482, 45.032017470359825, 0.0 ], [ 7.67776010169569, 45.032093772511828, 0.0 ], [ 7.677878360033332, 45.032213714831123, 0.0 ], [ 7.678068560141991, 45.032393855646397, 0.0 ], [ 7.678213552775161, 45.032516121192621, 0.0 ], [ 7.678416348944778, 45.032741929291021, 0.0 ], [ 7.678472919863141, 45.03282570764199, 0.0 ], [ 7.678543745432739, 45.032927131549634, 0.0 ], [ 7.678628762281564, 45.033029871120704, 0.0 ], [ 7.678661099429069, 45.03309203357346, 0.0 ], [ 7.678703624888767, 45.033175469058961, 0.0 ], [ 7.678718660783477, 45.033208390961455, 0.0 ], [ 7.678728670768011, 45.033219651730064, 0.0 ], [ 7.678744054826498, 45.033245187844663, 0.0 ], [ 7.678754938621961, 45.033266540020342, 0.0 ], [ 7.678763277273876, 45.03328751997087, 0.0 ], [ 7.678767880769226, 45.03330214774045, 0.0 ], [ 7.678775599347973, 45.03331477573218, 0.0 ], [ 7.678786752969048, 45.033326041124681, 0.0 ], [ 7.678801860247678, 45.033345902618905, 0.0 ], [ 7.678814224048894, 45.033364769700398, 0.0 ], [ 7.678830185157334, 45.033426921937632, 0.0 ], [ 7.678876934588621, 45.033428858827911, 0.0 ], [ 7.678877003860389, 45.033439085826053, 0.0 ], [ 7.678871606930051, 45.033439760555169, 0.0 ], [ 7.67886432656052, 45.033441638789206, 0.0 ], [ 7.678858763375037, 45.033447318282832, 0.0 ], [ 7.678857783928492, 45.03345347237294, 0.0 ], [ 7.678860612227748, 45.03346407406756, 0.0 ], [ 7.67889576539648, 45.033517023613932, 0.0 ], [ 7.67891838891304, 45.033567138062907, 0.0 ], [ 7.678962585096035, 45.033603944583312, 0.0 ], [ 7.678977180702602, 45.033637806364226, 0.0 ], [ 7.678994716466916, 45.03366469949448, 0.0 ], [ 7.679015403170344, 45.033747179452099, 0.0 ], [ 7.679012280319254, 45.033779684762315, 0.0 ], [ 7.679035176277253, 45.033898621321889, 0.0 ], [ 7.679043847329178, 45.033990702150753, 0.0 ], [ 7.679058613563281, 45.034038636420917, 0.0 ], [ 7.679068599717531, 45.034122188894628, 0.0 ], [ 7.679129055251643, 45.034310927693475, 0.0 ], [ 7.679135565496808, 45.034372836524277, 0.0 ], [ 7.679140085058195, 45.034518465825371, 0.0 ], [ 7.679123420087473, 45.034623188450986, 0.0 ], [ 7.679114854534447, 45.034784141517548, 0.0 ], [ 7.679074067755487, 45.034891510230821, 0.0 ], [ 7.679028178082178, 45.034977991677714, 0.0 ], [ 7.678982658708994, 45.035046598303325, 0.0 ], [ 7.67890431947928, 45.035128040380179, 0.0 ], [ 7.678884606144874, 45.03515057808481, 0.0 ], [ 7.678852428992641, 45.035208249323453, 0.0 ], [ 7.67881619703175, 45.035240677644126, 0.0 ], [ 7.678799016664194, 45.035294391423541, 0.0 ], [ 7.678740394563227, 45.035313931415118, 0.0 ], [ 7.678703012894485, 45.035319753946219, 0.0 ], [ 7.678671002971785, 45.035330969974012, 0.0 ], [ 7.678638992009916, 45.035342175113399, 0.0 ], [ 7.678604719992049, 45.035357973615817, 0.0 ], [ 7.678618546098811, 45.035373337512397, 0.0 ], [ 7.678643638990561, 45.035395177421336, 0.0 ], [ 7.678805922043301, 45.035417454156558, 0.0 ], [ 7.678874160917158, 45.03541415573914, 0.0 ], [ 7.678927902855501, 45.035406352125115, 0.0 ], [ 7.678981657968332, 45.035398558147122, 0.0 ], [ 7.679013117687447, 45.03540131653633, 0.0 ], [ 7.679037614086457, 45.035394911507822, 0.0 ], [ 7.679057810279215, 45.035385638458145, 0.0 ], [ 7.679078186378202, 45.035403877775465, 0.0 ], [ 7.678998274124819, 45.035422893138026, 0.0 ], [ 7.678876759593503, 45.035434683925125, 0.0 ], [ 7.678829769487451, 45.035437029163397, 0.0 ], [ 7.678760835031543, 45.035433117610587, 0.0 ], [ 7.678641903671115, 45.0354214613522, 0.0 ], [ 7.678590895657962, 45.035416388299915, 0.0 ], [ 7.678574219005578, 45.035431588487313, 0.0 ], [ 7.678567725375751, 45.035457177535733, 0.0 ], [ 7.678578744746581, 45.035486470807136, 0.0 ], [ 7.678642639866856, 45.035526233109188, 0.0 ], [ 7.678650795464024, 45.035543718894239, 0.0 ], [ 7.678648025038936, 45.035568611596553, 0.0 ], [ 7.678645459422112, 45.035610575680856, 0.0 ], [ 7.678611582172701, 45.035878366287371, 0.0 ], [ 7.678525788894782, 45.036177573598273, 0.0 ], [ 7.678502283693236, 45.036277699288895, 0.0 ], [ 7.678442056764527, 45.0363917575824, 0.0 ], [ 7.678415107248004, 45.036478122886209, 0.0 ], [ 7.678413673575809, 45.036484695539585, 0.0 ], [ 7.678383247614932, 45.036605831941614, 0.0 ], [ 7.678331792004427, 45.036669141021498, 0.0 ], [ 7.678308791818206, 45.036702622503142, 0.0 ], [ 7.678279729024291, 45.03676606395959, 0.0 ], [ 7.678290892068628, 45.036823875788059, 0.0 ], [ 7.678235423366021, 45.036898263836591, 0.0 ], [ 7.678194832227553, 45.036989395902069, 0.0 ], [ 7.678181094965688, 45.037060522270451, 0.0 ], [ 7.678124944349794, 45.037248928193854, 0.0 ], [ 7.678076409099471, 45.037339825614289, 0.0 ], [ 7.678005830928196, 45.03755982250658, 0.0 ], [ 7.677979596657467, 45.037630578210894, 0.0 ], [ 7.677971473123799, 45.037712634639284, 0.0 ], [ 7.677963366452755, 45.037748674767847, 0.0 ], [ 7.677961160882655, 45.037758506384172, 0.0 ], [ 7.677948742397358, 45.037813722768021, 0.0 ], [ 7.67792764760669, 45.038047724101212, 0.0 ], [ 7.67790216043877, 45.038222729083678, 0.0 ], [ 7.677921492983432, 45.038518311081823, 0.0 ], [ 7.677909391679507, 45.038716273476005, 0.0 ], [ 7.677945834711451, 45.038965289937082, 0.0 ], [ 7.677990949237762, 45.039181161248372, 0.0 ], [ 7.678015249249438, 45.039255069402117, 0.0 ], [ 7.67806764957809, 45.039657426064366, 0.0 ], [ 7.678116981202825, 45.039898740424505, 0.0 ], [ 7.67823169705705, 45.040221739483059, 0.0 ], [ 7.678346550034988, 45.040453325584984, 0.0 ], [ 7.678601889090335, 45.040769615150609, 0.0 ], [ 7.67886734376902, 45.041021001309566, 0.0 ], [ 7.678461333346418, 45.041143587526349, 0.0 ], [ 7.678444375692514, 45.041133913574562, 0.0 ], [ 7.678403779462498, 45.041142985721251, 0.0 ], [ 7.67839730522894, 45.041163343685845, 0.0 ], [ 7.678231829776575, 45.04121337887107, 0.0 ], [ 7.678286241886958, 45.041295834916532, 0.0 ], [ 7.678338332880845, 45.04137708405554, 0.0 ], [ 7.678494615783111, 45.041328149514335, 0.0 ], [ 7.678520370941923, 45.041337783541962, 0.0 ], [ 7.678552098476004, 45.041327995621238, 0.0 ], [ 7.678559583555317, 45.041310556817287, 0.0 ], [ 7.67893375237328, 45.041195188199019, 0.0 ], [ 7.679033652997834, 45.041325809016101, 0.0 ], [ 7.679151437706459, 45.041462315261128, 0.0 ], [ 7.67927943861453, 45.041594105834299, 0.0 ], [ 7.679489778917029, 45.041782146579251, 0.0 ], [ 7.679641641881215, 45.041900529777593, 0.0 ], [ 7.679837627997029, 45.042036093423228, 0.0 ], [ 7.679886082186974, 45.042065739176849, 0.0 ], [ 7.680079392770375, 45.042183997357498, 0.0 ], [ 7.680319331942603, 45.042304937691995, 0.0 ], [ 7.680681954882273, 45.042464894294319, 0.0 ], [ 7.680767978106839, 45.042499690617504, 0.0 ], [ 7.680913783236242, 45.042558653685255, 0.0 ], [ 7.681130717059284, 45.042644227711129, 0.0 ], [ 7.681692226771371, 45.042842648227463, 0.0 ], [ 7.681691078964283, 45.04285552546974, 0.0 ], [ 7.681696919348741, 45.042867753466645, 0.0 ], [ 7.681708872478362, 45.042877488244102, 0.0 ], [ 7.681720647917983, 45.042882223797086, 0.0 ], [ 7.6817385617095, 45.042884491328131, 0.0 ], [ 7.681756363324034, 45.042881771256852, 0.0 ], [ 7.681771361862894, 45.042874455892793, 0.0 ], [ 7.681774245799869, 45.042872165835981, 0.0 ], [ 7.681999000829684, 45.042952796912161, 0.0 ], [ 7.682061214624094, 45.042975119287, 0.0 ], [ 7.682448140399154, 45.043117203633045, 0.0 ], [ 7.682692523967615, 45.043216810533821, 0.0 ], [ 7.683059225854794, 45.043376627304042, 0.0 ], [ 7.683342651483918, 45.04350692058032, 0.0 ], [ 7.683916997185914, 45.043774754787485, 0.0 ], [ 7.68414858283238, 45.043880729204233, 0.0 ], [ 7.684628925206825, 45.044166219088105, 0.0 ], [ 7.684981062951, 45.044405707945899, 0.0 ], [ 7.685036224867237, 45.044443223356872, 0.0 ], [ 7.68514877206449, 45.04451879318195, 0.0 ], [ 7.685149303390519, 45.044519995614287, 0.0 ], [ 7.685474912595831, 45.044741578693298, 0.0 ], [ 7.685497606694928, 45.04473483638742, 0.0 ], [ 7.685523662185985, 45.044775312470712, 0.0 ], [ 7.684896280460904, 45.04498759739657, 0.0 ], [ 7.684925129311743, 45.045039644647943, 0.0 ], [ 7.684954263504101, 45.045092063762006, 0.0 ], [ 7.685590636591844, 45.044872033528343, 0.0 ], [ 7.686271226465914, 45.0462390364819, 0.0 ], [ 7.686525278181159, 45.047010143769469, 0.0 ], [ 7.686834077777732, 45.048561408689693, 0.0 ], [ 7.68692463308905, 45.048878745890597, 0.0 ], [ 7.686933179833962, 45.048908693141001, 0.0 ], [ 7.687062515917166, 45.049338692333272, 0.0 ], [ 7.687263965233839, 45.05006767723804, 0.0 ], [ 7.687575364118318, 45.051101493270096, 0.0 ], [ 7.687625098598017, 45.051266778426879, 0.0 ], [ 7.687741382343566, 45.051593314050862, 0.0 ], [ 7.68786172504305, 45.051897949137732, 0.0 ], [ 7.687838940983224, 45.051933567200393, 0.0 ], [ 7.687855691954202, 45.051963574681629, 0.0 ], [ 7.68789776150643, 45.051973086588589, 0.0 ], [ 7.688112150769336, 45.052436287836677, 0.0 ], [ 7.68820920782466, 45.05261261285824, 0.0 ], [ 7.688284182253796, 45.052747655402328, 0.0 ], [ 7.688440700303115, 45.053031101105027, 0.0 ], [ 7.688684748321311, 45.053424427089361, 0.0 ], [ 7.688680062739681, 45.053428866018905, 0.0 ], [ 7.688695865453573, 45.053452549916372, 0.0 ], [ 7.688707195794435, 45.053456335981956, 0.0 ], [ 7.688831489969806, 45.053670159881165, 0.0 ], [ 7.688892408636211, 45.053769202853537, 0.0 ], [ 7.689262097690299, 45.054378367185357, 0.0 ], [ 7.689348672155011, 45.054497833412341, 0.0 ], [ 7.689454055561685, 45.054625705789519, 0.0 ], [ 7.689671961376275, 45.054853062922433, 0.0 ], [ 7.689919655838964, 45.055113535912788, 0.0 ], [ 7.690088635237074, 45.05528297039838, 0.0 ], [ 7.690179107249871, 45.055350890294037, 0.0 ], [ 7.690290670589926, 45.055436300748816, 0.0 ], [ 7.690537322746787, 45.055633684616517, 0.0 ], [ 7.691090013957052, 45.056091974083159, 0.0 ], [ 7.691368730936464, 45.056332535522984, 0.0 ], [ 7.691726306611848, 45.056655475329158, 0.0 ], [ 7.692015213542426, 45.057017019705363, 0.0 ], [ 7.69248227588553, 45.057650854402162, 0.0 ], [ 7.692492338575279, 45.057664616270756, 0.0 ], [ 7.692481415856398, 45.057667956973084, 0.0 ], [ 7.692470335584449, 45.057675995536684, 0.0 ], [ 7.692465946512081, 45.057683623499081, 0.0 ], [ 7.692465931720416, 45.057694866938533, 0.0 ], [ 7.692499099826654, 45.057746871514965, 0.0 ], [ 7.692466446406415, 45.057758640498861, 0.0 ], [ 7.692485880887733, 45.057783599787598, 0.0 ], [ 7.692127711592018, 45.057911698622227, 0.0 ], [ 7.692112441529575, 45.057889028357337, 0.0 ], [ 7.692104304962736, 45.057880482646759, 0.0 ], [ 7.692091129738574, 45.057875100933281, 0.0 ], [ 7.692075942442966, 45.057874495455444, 0.0 ], [ 7.692073034664869, 45.057874957518692, 0.0 ], [ 7.692059683014043, 45.057880115541053, 0.0 ], [ 7.69205102378019, 45.057888973298262, 0.0 ], [ 7.69204888819146, 45.057899642739535, 0.0 ], [ 7.692053734174402, 45.057909860555881, 0.0 ], [ 7.692068929725644, 45.057933052059617, 0.0 ], [ 7.691888677174942, 45.057997870256898, 0.0 ], [ 7.691883712388359, 45.057990621928248, 0.0 ], [ 7.691871277258079, 45.057995088579659, 0.0 ], [ 7.69187621670068, 45.058002355636319, 0.0 ], [ 7.691870813112033, 45.058004291963741, 0.0 ], [ 7.691934783459536, 45.058090235488415, 0.0 ], [ 7.691996699285975, 45.058179854408429, 0.0 ], [ 7.692001246635309, 45.058178205760228, 0.0 ], [ 7.692004968738992, 45.058183189859633, 0.0 ], [ 7.692019695182745, 45.058177841112297, 0.0 ], [ 7.692015948180434, 45.058172828201428, 0.0 ], [ 7.692195506556513, 45.058107875974834, 0.0 ], [ 7.692216323363088, 45.058134580403099, 0.0 ], [ 7.692219819580889, 45.058138292242496, 0.0 ], [ 7.692224764062847, 45.058141445605614, 0.0 ], [ 7.692233313589332, 45.058143649517859, 0.0 ], [ 7.692242036252423, 45.058143695531122, 0.0 ], [ 7.692251265442192, 45.058142820905076, 0.0 ], [ 7.692260381159486, 45.05814019805598, 0.0 ], [ 7.692267486438954, 45.058136002682303, 0.0 ], [ 7.692272941013463, 45.058130708916053, 0.0 ], [ 7.692277097268197, 45.058125617627418, 0.0 ], [ 7.692278675106754, 45.058120468283278, 0.0 ], [ 7.692275601292184, 45.058113752844818, 0.0 ], [ 7.692254115903044, 45.058086277340678, 0.0 ], [ 7.692416927995425, 45.058027090989732, 0.0 ], [ 7.692420877167939, 45.058032204461369, 0.0 ], [ 7.692434364098775, 45.058027165675327, 0.0 ], [ 7.692430345188869, 45.058021916469642, 0.0 ], [ 7.692613398955051, 45.057956102526845, 0.0 ], [ 7.692629722095457, 45.057979388823597, 0.0 ], [ 7.692662399108205, 45.057969419964564, 0.0 ], [ 7.692700023693983, 45.058015506622425, 0.0 ], [ 7.692706787874164, 45.05802019316728, 0.0 ], [ 7.692722660463283, 45.058025911786324, 0.0 ], [ 7.692737150806734, 45.058027021774841, 0.0 ], [ 7.692754380810132, 45.058023861475078, 0.0 ], [ 7.692766922478547, 45.058039218857218, 0.0 ], [ 7.692765529233445, 45.058056314419318, 0.0 ], [ 7.692766849237141, 45.05807256939238, 0.0 ], [ 7.692776396815236, 45.058110567174609, 0.0 ], [ 7.692783948402591, 45.058132032825483, 0.0 ], [ 7.693129489569602, 45.058635108441663, 0.0 ], [ 7.693136286412237, 45.058640525256472, 0.0 ], [ 7.693143413711263, 45.058643271132226, 0.0 ], [ 7.693155601544132, 45.058645174293552, 0.0 ], [ 7.693167394338203, 45.058644282746656, 0.0 ], [ 7.693240911844482, 45.058628408784344, 0.0 ], [ 7.69328119202767, 45.058658304793411, 0.0 ], [ 7.693208196015302, 45.058696997077668, 0.0 ], [ 7.693199357003349, 45.05871369228052, 0.0 ], [ 7.693199423996003, 45.058721884746781, 0.0 ], [ 7.693203440693482, 45.058731779228417, 0.0 ], [ 7.693241009978177, 45.058784175815731, 0.0 ], [ 7.693440441211036, 45.059025472489211, 0.0 ], [ 7.69368558881693, 45.059308970711669, 0.0 ], [ 7.693753223832842, 45.059388528457852, 0.0 ], [ 7.693818090910776, 45.059460897462458, 0.0 ], [ 7.694089009997661, 45.059772442016595, 0.0 ], [ 7.694152642073415, 45.059847712314884, 0.0 ], [ 7.69423154543141, 45.059941287977644, 0.0 ], [ 7.694501130122841, 45.060241312302644, 0.0 ], [ 7.69501549941968, 45.06081353778481, 0.0 ], [ 7.695055556136212, 45.060859400585272, 0.0 ], [ 7.695085774236123, 45.06089398793614, 0.0 ], [ 7.695100146567543, 45.060908743820491, 0.0 ], [ 7.695286763161256, 45.061099283890677, 0.0 ], [ 7.695663537603703, 45.061491743596996, 0.0 ], [ 7.695774029653024, 45.061612891210842, 0.0 ], [ 7.696089907873951, 45.06185562131332, 0.0 ], [ 7.696259271227588, 45.061975136351997, 0.0 ], [ 7.696348027232025, 45.062037758322994, 0.0 ], [ 7.696573615917583, 45.06216752873371, 0.0 ], [ 7.696558272425317, 45.062189965767857, 0.0 ], [ 7.696656595574588, 45.062243531477208, 0.0 ], [ 7.696674447107035, 45.062226506001636, 0.0 ], [ 7.696830548148565, 45.062340656574314, 0.0 ], [ 7.696864871169212, 45.062319200888524, 0.0 ], [ 7.696980427984776, 45.06238813195408, 0.0 ], [ 7.697319789958762, 45.062590465614633, 0.0 ], [ 7.697592032531716, 45.062745656908717, 0.0 ], [ 7.697735829943444, 45.062813828911601, 0.0 ], [ 7.697882342555879, 45.062854108120227, 0.0 ], [ 7.698027853423208, 45.062861969828759, 0.0 ], [ 7.698143992362374, 45.062946713314361, 0.0 ], [ 7.698131955444277, 45.062955424796492, 0.0 ], [ 7.698127230874183, 45.062966082032183, 0.0 ], [ 7.698127326089645, 45.06297078187437, 0.0 ], [ 7.698132473237061, 45.062981336574772, 0.0 ], [ 7.698143572676456, 45.062989268569403, 0.0 ], [ 7.69790900900913, 45.063140910471496, 0.0 ], [ 7.697902461911291, 45.063135003688252, 0.0 ], [ 7.697888239420978, 45.063128648043481, 0.0 ], [ 7.697871600324382, 45.063126973105256, 0.0 ], [ 7.697855446335261, 45.063130271871877, 0.0 ], [ 7.69784260758991, 45.063137965783184, 0.0 ], [ 7.697836242024842, 45.063146463884685, 0.0 ], [ 7.6978344358716, 45.063158307682215, 0.0 ], [ 7.697839615053692, 45.063169644754872, 0.0 ], [ 7.697850895263517, 45.063178479015285, 0.0 ], [ 7.697624195674459, 45.063325034897233, 0.0 ], [ 7.697616069159446, 45.063318199946046, 0.0 ], [ 7.697601437259568, 45.063312569064905, 0.0 ], [ 7.697584815931559, 45.06331171341165, 0.0 ], [ 7.697569188960603, 45.063315801048361, 0.0 ], [ 7.697557327556733, 45.063324091551479, 0.0 ], [ 7.697553100948051, 45.063330174321031, 0.0 ], [ 7.697551044031554, 45.063341888015358, 0.0 ], [ 7.697555995875158, 45.06335316183165, 0.0 ], [ 7.697567061679437, 45.063361983712625, 0.0 ], [ 7.697376117127777, 45.063485515163094, 0.0 ], [ 7.697428357614869, 45.063523575710548, 0.0 ], [ 7.697487997694767, 45.063567032492145, 0.0 ], [ 7.697679090065435, 45.063441494805232, 0.0 ], [ 7.697683791158433, 45.063446958533397, 0.0 ], [ 7.697691097778318, 45.063451353472274, 0.0 ], [ 7.697700670242501, 45.063453741158128, 0.0 ], [ 7.697710402024383, 45.063453699097913, 0.0 ], [ 7.697719382227619, 45.063452540451927, 0.0 ], [ 7.697728184543054, 45.063449733377944, 0.0 ], [ 7.697736284599904, 45.063444875691616, 0.0 ], [ 7.697742407402939, 45.063438742091513, 0.0 ], [ 7.697746554266655, 45.063432822321005, 0.0 ], [ 7.697748000041368, 45.063426833710729, 0.0 ], [ 7.697746716996983, 45.063421237805493, 0.0 ], [ 7.69774393414792, 45.063415652869871, 0.0 ], [ 7.697736489439714, 45.063405071044798, 0.0 ], [ 7.697962804536961, 45.063256512329637, 0.0 ], [ 7.697968578640369, 45.063262331054467, 0.0 ], [ 7.697976919097846, 45.063267089139998, 0.0 ], [ 7.697985496781835, 45.063269643864366, 0.0 ], [ 7.697994191336186, 45.063269977554249, 0.0 ], [ 7.698003163610059, 45.063268575639242, 0.0 ], [ 7.698011974520899, 45.063265472506892, 0.0 ], [ 7.698019939209481, 45.063260890373442, 0.0 ], [ 7.698026192654355, 45.063255191581788, 0.0 ], [ 7.698030049765381, 45.063249762507219, 0.0 ], [ 7.698031789491631, 45.063244192466811, 0.0 ], [ 7.698031333616618, 45.063236860885773, 0.0 ], [ 7.698028234692939, 45.063229577957159, 0.0 ], [ 7.698024285420768, 45.063223924939408, 0.0 ], [ 7.698019446249138, 45.063218829592302, 0.0 ], [ 7.698248309116756, 45.063069372011512, 0.0 ], [ 7.698253555652643, 45.063073212742495, 0.0 ], [ 7.698260191199483, 45.063076321726818, 0.0 ], [ 7.698268173441617, 45.063078311333648, 0.0 ], [ 7.698276190448344, 45.063078853718928, 0.0 ], [ 7.698282914697323, 45.063078561337008, 0.0 ], [ 7.698289659969025, 45.063076864140733, 0.0 ], [ 7.698296986560265, 45.063073031803548, 0.0 ], [ 7.698301962568846, 45.063068129408066, 0.0 ], [ 7.698334185761345, 45.063094485015277, 0.0 ], [ 7.698519219951169, 45.063245843125621, 0.0 ], [ 7.698505826984008, 45.06329533419526, 0.0 ], [ 7.698530730603505, 45.063323560625577, 0.0 ], [ 7.699059542260862, 45.063689890137105, 0.0 ], [ 7.699354912440945, 45.06387629714073, 0.0 ], [ 7.699347849845773, 45.063885334827184, 0.0 ], [ 7.699345812685826, 45.063896699665229, 0.0 ], [ 7.699355034511565, 45.063916301575382, 0.0 ], [ 7.699366704129021, 45.06392883002701, 0.0 ], [ 7.699373491619808, 45.063933669938535, 0.0 ], [ 7.699390001521133, 45.063942688133459, 0.0 ], [ 7.699409552209808, 45.063956575557121, 0.0 ], [ 7.699543641587999, 45.064072740682057, 0.0 ], [ 7.699572089007241, 45.064090960406666, 0.0 ], [ 7.699579000466045, 45.064099238959109, 0.0 ], [ 7.699585079946136, 45.064101181447271, 0.0 ], [ 7.699596584457868, 45.06410076321022, 0.0 ], [ 7.699601827339776, 45.06409916565093, 0.0 ], [ 7.699605744985476, 45.064096698556867, 0.0 ], [ 7.699608373864595, 45.064153295590778, 0.0 ], [ 7.699616881286619, 45.064176428918628, 0.0 ], [ 7.699627269693687, 45.064194379127471, 0.0 ], [ 7.69966409693423, 45.064221723637509, 0.0 ], [ 7.699689265822552, 45.064230345929893, 0.0 ], [ 7.699729833634985, 45.064248945430379, 0.0 ], [ 7.699755869986867, 45.064259747879284, 0.0 ], [ 7.699765856154021, 45.064266386958728, 0.0 ], [ 7.699777123173022, 45.064271908156918, 0.0 ], [ 7.699789410580134, 45.06427618896722, 0.0 ], [ 7.699818233213745, 45.064305231767712, 0.0 ], [ 7.699827603895948, 45.064303763155543, 0.0 ], [ 7.699830371382496, 45.064304343465778, 0.0 ], [ 7.699833339438156, 45.06430732184991, 0.0 ], [ 7.699849211267511, 45.064349594848792, 0.0 ], [ 7.699854866320734, 45.064353970391124, 0.0 ], [ 7.699868310859318, 45.064357067604689, 0.0 ], [ 7.699881154307194, 45.06436097573836, 0.0 ], [ 7.69990060084025, 45.064373268470938, 0.0 ], [ 7.699919254425074, 45.064386408426166, 0.0 ], [ 7.69992968864273, 45.064394592581479, 0.0 ], [ 7.699938809034329, 45.064403545582906, 0.0 ], [ 7.699943067777877, 45.064410074158729, 0.0 ], [ 7.699946164841664, 45.064416888812559, 0.0 ], [ 7.69994972191689, 45.064428073289086, 0.0 ], [ 7.700041810173865, 45.064549744349527, 0.0 ], [ 7.700079391437868, 45.064592579609453, 0.0 ], [ 7.700173593458141, 45.064683201347364, 0.0 ], [ 7.700419336641723, 45.064926121217553, 0.0 ], [ 7.700475177424967, 45.064979786047019, 0.0 ], [ 7.700520244456635, 45.065017970464602, 0.0 ], [ 7.700539087737643, 45.065029465172138, 0.0 ], [ 7.700593395705515, 45.065058915518925, 0.0 ], [ 7.700643942494488, 45.065091204238271, 0.0 ], [ 7.700668575313689, 45.065112314455185, 0.0 ], [ 7.70070586593812, 45.065134369704467, 0.0 ], [ 7.700758304204688, 45.06518462047174, 0.0 ], [ 7.700897147320653, 45.065275730500268, 0.0 ], [ 7.701071852556582, 45.065393490600776, 0.0 ], [ 7.70124333086494, 45.065497411788733, 0.0 ], [ 7.701357715804287, 45.065563498650619, 0.0 ], [ 7.70148817397838, 45.065624412401483, 0.0 ], [ 7.701599177589452, 45.065676722926924, 0.0 ], [ 7.701653017312223, 45.06569710365028, 0.0 ], [ 7.701792711713946, 45.065769805787923, 0.0 ], [ 7.701881869082229, 45.065811831704664, 0.0 ], [ 7.701973463658274, 45.065861869561154, 0.0 ], [ 7.702006758450937, 45.065875830357349, 0.0 ], [ 7.702109958046631, 45.06591374983919, 0.0 ], [ 7.702255142006318, 45.065981291606427, 0.0 ], [ 7.702333026904862, 45.066007931805267, 0.0 ], [ 7.702358249132533, 45.066017750422709, 0.0 ], [ 7.702467731495389, 45.066068261026309, 0.0 ], [ 7.702518020479076, 45.066090086645552, 0.0 ], [ 7.702544179840274, 45.066099465782109, 0.0 ], [ 7.702581145102557, 45.066108906107956, 0.0 ], [ 7.702590164470974, 45.066111735375074, 0.0 ], [ 7.702665898027439, 45.066143049657057, 0.0 ], [ 7.702673723746019, 45.066145289841458, 0.0 ], [ 7.702688205444178, 45.066146372657158, 0.0 ], [ 7.702699915286157, 45.066148701342215, 0.0 ], [ 7.702708293400495, 45.066146718151529, 0.0 ], [ 7.702712067103128, 45.066143807378992, 0.0 ], [ 7.702713933772687, 45.066140461983089, 0.0 ], [ 7.702860586721705, 45.066204330214141, 0.0 ], [ 7.702849009738376, 45.066211832991456, 0.0 ], [ 7.702836053662225, 45.066216888087581, 0.0 ], [ 7.702828174316643, 45.066221029134134, 0.0 ], [ 7.702827158540905, 45.066223196943994, 0.0 ], [ 7.702830203336465, 45.066226805066719, 0.0 ], [ 7.702838584076457, 45.066233660643483, 0.0 ], [ 7.702847229866896, 45.066237809647347, 0.0 ], [ 7.70285789261007, 45.066245923679674, 0.0 ], [ 7.702873645919414, 45.066253133779753, 0.0 ], [ 7.702885830806802, 45.066255845933803, 0.0 ], [ 7.702905386007494, 45.066269012392375, 0.0 ], [ 7.702940050293646, 45.06628699579295, 0.0 ], [ 7.703047130886348, 45.066324750218179, 0.0 ], [ 7.70308547495403, 45.066339543249185, 0.0 ], [ 7.7032703983249, 45.066425405896794, 0.0 ], [ 7.703361833872591, 45.066457338150961, 0.0 ], [ 7.703414168731671, 45.066473036159557, 0.0 ], [ 7.70350331292741, 45.066511279736474, 0.0 ], [ 7.703551921040388, 45.066534571013435, 0.0 ], [ 7.703589934542496, 45.066548792304374, 0.0 ], [ 7.703732183633529, 45.06660868540861, 0.0 ], [ 7.703768500932519, 45.06662041280746, 0.0 ], [ 7.703788251555041, 45.066628396719196, 0.0 ], [ 7.703924645726037, 45.066690489861202, 0.0 ], [ 7.703951641651164, 45.066701580262048, 0.0 ], [ 7.703982631547825, 45.066711321801392, 0.0 ], [ 7.704011080101778, 45.066721609551415, 0.0 ], [ 7.704039269229852, 45.066727204652494, 0.0 ], [ 7.704054002254995, 45.066731169531813, 0.0 ], [ 7.704117592315582, 45.066755854980734, 0.0 ], [ 7.704129958842601, 45.066760037055715, 0.0 ], [ 7.704201418526587, 45.066777167970173, 0.0 ], [ 7.704213015311117, 45.066781143425644, 0.0 ], [ 7.704245604278007, 45.06679652732543, 0.0 ], [ 7.704284287890306, 45.066813259545278, 0.0 ], [ 7.704307253725214, 45.066822269680962, 0.0 ], [ 7.704323980559439, 45.0668279506381, 0.0 ], [ 7.704386762751708, 45.066846801438551, 0.0 ], [ 7.704406724281615, 45.066855525707489, 0.0 ], [ 7.704427400820372, 45.066863033701544, 0.0 ], [ 7.70446983017167, 45.066870798450289, 0.0 ], [ 7.704503734418795, 45.066879697641006, 0.0 ], [ 7.704533169427975, 45.066890789765765, 0.0 ], [ 7.704612797144003, 45.066929310299578, 0.0 ], [ 7.704634421024492, 45.066937001068617, 0.0 ], [ 7.704722986188162, 45.066961004114084, 0.0 ], [ 7.704766504815458, 45.066974523576384, 0.0 ], [ 7.704807408613542, 45.066984629101832, 0.0 ], [ 7.704885901218866, 45.067016556865795, 0.0 ], [ 7.705000707641879, 45.067054253539041, 0.0 ], [ 7.705111462951485, 45.067086187499754, 0.0 ], [ 7.705177001331987, 45.067105132511948, 0.0 ], [ 7.705333725989196, 45.067143914542569, 0.0 ], [ 7.705345621662409, 45.067151044791508, 0.0 ], [ 7.705356538365452, 45.067154697267966, 0.0 ], [ 7.705374398241524, 45.067158059425985, 0.0 ], [ 7.705391894616589, 45.067159607147282, 0.0 ], [ 7.705409874873943, 45.067155401130066, 0.0 ], [ 7.705423382632857, 45.067157381788476, 0.0 ], [ 7.705436553415824, 45.067160816655822, 0.0 ], [ 7.705465501155452, 45.067171090684049, 0.0 ], [ 7.705483286873367, 45.067173804020932, 0.0 ], [ 7.705511255175109, 45.067180621091097, 0.0 ], [ 7.705538920745017, 45.067188055064939, 0.0 ], [ 7.705606237076478, 45.067208071850395, 0.0 ], [ 7.705755088049199, 45.067246865477955, 0.0 ], [ 7.705798276002797, 45.067256427814243, 0.0 ], [ 7.7058427266641, 45.067270317861485, 0.0 ], [ 7.705965417839055, 45.067298640666017, 0.0 ], [ 7.706076174179414, 45.067322814441667, 0.0 ], [ 7.706133966490461, 45.067342742012926, 0.0 ], [ 7.706254746312385, 45.067371341699932, 0.0 ], [ 7.706310441849888, 45.067382819638034, 0.0 ], [ 7.70632561556191, 45.067387572568336, 0.0 ], [ 7.706345432286367, 45.067396052606469, 0.0 ], [ 7.706362299440653, 45.067407964086655, 0.0 ], [ 7.706390201934847, 45.067414337352808, 0.0 ], [ 7.706422908174008, 45.067413375712555, 0.0 ], [ 7.706493780078921, 45.067421136796867, 0.0 ], [ 7.706567072890715, 45.067435307539398, 0.0 ], [ 7.706622063253936, 45.067452700927277, 0.0 ], [ 7.706668042927086, 45.067466410095498, 0.0 ], [ 7.706707670576284, 45.067475616610785, 0.0 ], [ 7.706727227865781, 45.067483732758973, 0.0 ], [ 7.706747848759684, 45.067490303301859, 0.0 ], [ 7.706769144763077, 45.06749563989667, 0.0 ], [ 7.706797331690183, 45.067499604647317, 0.0 ], [ 7.706817661762496, 45.067504479753346, 0.0 ], [ 7.706858306300827, 45.067505741956026, 0.0 ], [ 7.706879702799486, 45.067509512964428, 0.0 ], [ 7.706978970015363, 45.06753838853956, 0.0 ], [ 7.706999290794843, 45.067542543548704, 0.0 ], [ 7.707067871305684, 45.06756346671623, 0.0 ], [ 7.707137681917311, 45.067579910589991, 0.0 ], [ 7.707156778346381, 45.067583673617101, 0.0 ], [ 7.707206766359414, 45.067588660295065, 0.0 ], [ 7.707288869250466, 45.067595764683887, 0.0 ], [ 7.707320882137489, 45.067601896271164, 0.0 ], [ 7.707345773109702, 45.067610009752848, 0.0 ], [ 7.707375245362648, 45.06762462121484, 0.0 ], [ 7.707403649359657, 45.067635798732795, 0.0 ], [ 7.707447678905552, 45.067650429156359, 0.0 ], [ 7.707462879372347, 45.067654030756124, 0.0 ], [ 7.707536544067537, 45.067666297419443, 0.0 ], [ 7.70760463037669, 45.067678742697105, 0.0 ], [ 7.707663554097276, 45.067692453065675, 0.0 ], [ 7.70769378481877, 45.067698223416862, 0.0 ], [ 7.707711987033395, 45.067703902461638, 0.0 ], [ 7.70778066622255, 45.067733935386322, 0.0 ], [ 7.707798840049932, 45.06773860660585, 0.0 ], [ 7.707836798222099, 45.067743086933127, 0.0 ], [ 7.707855348367632, 45.067744584166853, 0.0 ], [ 7.707864608485479, 45.06774460699404, 0.0 ], [ 7.707873896074488, 45.067743325601427, 0.0 ], [ 7.707882280190733, 45.067737732341513, 0.0 ], [ 7.707894846886131, 45.067734697209922, 0.0 ], [ 7.707907684318191, 45.067733230032935, 0.0 ], [ 7.707919113479739, 45.067733945285759, 0.0 ], [ 7.707930542509204, 45.067738097775347, 0.0 ], [ 7.707958234359142, 45.067737556665669, 0.0 ], [ 7.707990745297499, 45.067738463807686, 0.0 ], [ 7.708021733488574, 45.067735942734927, 0.0 ], [ 7.708071756307572, 45.067735933635099, 0.0 ], [ 7.708120970010318, 45.067805136949879, 0.0 ], [ 7.708267243121327, 45.067845219869703, 0.0 ], [ 7.708026847426254, 45.068252629289063, 0.0 ], [ 7.70824298121622, 45.068308707812193, 0.0 ], [ 7.708479153413976, 45.067904327885088, 0.0 ], [ 7.708712210461253, 45.067494243102004, 0.0 ], [ 7.708753466276215, 45.067444154900222, 0.0 ], [ 7.70896204802608, 45.067238060662149, 0.0 ], [ 7.709913223746634, 45.066178861021946, 0.0 ], [ 7.710541413830025, 45.065480921838407, 0.0 ], [ 7.711571954642316, 45.064340896072885, 0.0 ], [ 7.711449906289332, 45.064295409383405, 0.0 ], [ 7.711467415044385, 45.064275956132178, 0.0 ], [ 7.711838377681635, 45.063863739021919, 0.0 ], [ 7.711868664153178, 45.063830089068389, 0.0 ], [ 7.712424156765894, 45.064003265571557, 0.0 ], [ 7.712460197869015, 45.064014267136209, 0.0 ], [ 7.712696865379539, 45.064075194644971, 0.0 ], [ 7.712916375588122, 45.064077669048736, 0.0 ], [ 7.713266840219956, 45.063985759057154, 0.0 ], [ 7.713938782994046, 45.063728713238064, 0.0 ], [ 7.71400344487617, 45.063702877222312, 0.0 ], [ 7.714158542407508, 45.063644753045686, 0.0 ], [ 7.714343830239896, 45.063575310657811, 0.0 ], [ 7.71475576778831, 45.063466310617208, 0.0 ], [ 7.715251597467412, 45.063241804247419, 0.0 ], [ 7.715350566439721, 45.06318518915225, 0.0 ], [ 7.715419152992594, 45.063134831819184, 0.0 ], [ 7.715465903566577, 45.063072668702397, 0.0 ], [ 7.715506714387829, 45.062989348909603, 0.0 ], [ 7.715553765234426, 45.062785016084611, 0.0 ], [ 7.715591154526015, 45.062594014264057, 0.0 ], [ 7.715565624506107, 45.062531659314487, 0.0 ], [ 7.715558882204022, 45.062353970278963, 0.0 ], [ 7.71557004880369, 45.062160495043642, 0.0 ], [ 7.715578884111505, 45.06207342946584, 0.0 ], [ 7.715606371374465, 45.061722210728085, 0.0 ], [ 7.7155852968598, 45.06159705700513, 0.0 ], [ 7.715593513883678, 45.061508608389026, 0.0 ], [ 7.715614761934572, 45.061437706281012, 0.0 ], [ 7.71563170979436, 45.061402996957852, 0.0 ], [ 7.715638470936275, 45.061389146532925, 0.0 ], [ 7.715656409006757, 45.061356636750062, 0.0 ], [ 7.715914175535326, 45.060945670492529, 0.0 ], [ 7.715941748461268, 45.060906570209369, 0.0 ], [ 7.715964775740726, 45.060890751850266, 0.0 ], [ 7.716009347707072, 45.060866778021278, 0.0 ], [ 7.716389887051663, 45.060705675130123, 0.0 ], [ 7.716457692939439, 45.060661734586624, 0.0 ], [ 7.716635814917086, 45.060523146968762, 0.0 ], [ 7.716942750500809, 45.060350026618536, 0.0 ], [ 7.717032552063419, 45.06027939957459, 0.0 ], [ 7.717124601652255, 45.060190604910467, 0.0 ], [ 7.717213922212292, 45.06007390211267, 0.0 ], [ 7.71725268681614, 45.06000230443253, 0.0 ], [ 7.717312244041636, 45.05985624556498, 0.0 ], [ 7.717368294931997, 45.059718779102965, 0.0 ], [ 7.717731681238227, 45.059343831967567, 0.0 ], [ 7.717861027894662, 45.059224480009853, 0.0 ], [ 7.717945896809079, 45.05909146006254, 0.0 ], [ 7.718001731161951, 45.059036329394047, 0.0 ], [ 7.718063908476612, 45.058990561016437, 0.0 ], [ 7.718125790197703, 45.05895795822051, 0.0 ], [ 7.718363380311175, 45.058880859397206, 0.0 ], [ 7.718551247258389, 45.058827625047897, 0.0 ], [ 7.718742454966874, 45.058766848366893, 0.0 ], [ 7.719113258531907, 45.058784304048132, 0.0 ], [ 7.719194343230468, 45.058789301031311, 0.0 ], [ 7.719277287018324, 45.058783254964922, 0.0 ], [ 7.719342930638062, 45.058771118838862, 0.0 ], [ 7.719400274312716, 45.05875115613388, 0.0 ], [ 7.719439578091688, 45.0587258427013, 0.0 ], [ 7.719478075791455, 45.058682489963921, 0.0 ], [ 7.719527966772175, 45.05861694122126, 0.0 ], [ 7.719554634061017, 45.058561438344881, 0.0 ], [ 7.719575452613058, 45.05849642572025, 0.0 ], [ 7.719578685989091, 45.058435259912379, 0.0 ], [ 7.719576565100033, 45.05819002713578, 0.0 ], [ 7.719593774394474, 45.05813363574503, 0.0 ], [ 7.719614675792196, 45.058082676396737, 0.0 ], [ 7.719641486638798, 45.058038787296425, 0.0 ], [ 7.71968614694783, 45.057987357614955, 0.0 ], [ 7.719729308302277, 45.057951933625034, 0.0 ], [ 7.719819472567417, 45.057889147845096, 0.0 ], [ 7.719937542306431, 45.057812669547026, 0.0 ], [ 7.720104285465434, 45.057715510083398, 0.0 ], [ 7.720143278795505, 45.057681758972684, 0.0 ], [ 7.720182496470684, 45.057637406115148, 0.0 ], [ 7.72025564162307, 45.057562772672114, 0.0 ], [ 7.720464155787656, 45.057381211500946, 0.0 ], [ 7.72058307160123, 45.057285559816435, 0.0 ], [ 7.720617733409478, 45.05726089535748, 0.0 ], [ 7.720787052014874, 45.05714039581683, 0.0 ], [ 7.720902821818534, 45.057093389203814, 0.0 ], [ 7.720997156352043, 45.057042325689686, 0.0 ], [ 7.721066099762556, 45.056995405701933, 0.0 ], [ 7.721142703607999, 45.056930056252874, 0.0 ], [ 7.721175594459942, 45.056885198857188, 0.0 ], [ 7.721295498537907, 45.05673083814078, 0.0 ], [ 7.721329838582066, 45.056679021460205, 0.0 ], [ 7.721360039338278, 45.05661697799566, 0.0 ], [ 7.721379824503726, 45.05655604092388, 0.0 ], [ 7.721384512520221, 45.056537747553278, 0.0 ], [ 7.721492364308813, 45.056063589602445, 0.0 ], [ 7.721569741450556, 45.055880928887412, 0.0 ], [ 7.721575228242245, 45.055818787977408, 0.0 ], [ 7.721510052562095, 45.055439136623924, 0.0 ], [ 7.721521096329819, 45.05536700292987, 0.0 ], [ 7.721571707866168, 45.055297950271239, 0.0 ], [ 7.721613278694411, 45.055257385610354, 0.0 ], [ 7.721837753035198, 45.055076613183232, 0.0 ], [ 7.721957421281981, 45.054986638483129, 0.0 ], [ 7.722195046210747, 45.054833433073632, 0.0 ], [ 7.722319809148349, 45.05476397501846, 0.0 ], [ 7.72249585596071, 45.054634483008101, 0.0 ], [ 7.722557129603877, 45.054578655190085, 0.0 ], [ 7.722833645009749, 45.054300839885961, 0.0 ], [ 7.722860774084917, 45.054214023969969, 0.0 ], [ 7.722869738184679, 45.05415642230642, 0.0 ], [ 7.722864466967694, 45.0541171784621, 0.0 ], [ 7.722851379527952, 45.054084374390229, 0.0 ], [ 7.72273241057485, 45.053843550775049, 0.0 ], [ 7.722652714371394, 45.053700053162537, 0.0 ], [ 7.722600574298205, 45.053615925455667, 0.0 ], [ 7.722558331180746, 45.053576771064485, 0.0 ], [ 7.722486989115305, 45.053526932279162, 0.0 ], [ 7.722414561810509, 45.05348942976935, 0.0 ], [ 7.721718579394389, 45.053316873460375, 0.0 ], [ 7.721655577967086, 45.053299235516612, 0.0 ], [ 7.721593990728415, 45.053292127064822, 0.0 ], [ 7.721513509680796, 45.053292802233059, 0.0 ], [ 7.721436713970003, 45.053304282704474, 0.0 ], [ 7.721268850859325, 45.053341884985699, 0.0 ], [ 7.721037079084825, 45.053397900015362, 0.0 ], [ 7.720811390036321, 45.053453983167287, 0.0 ], [ 7.720738114287757, 45.053463036620478, 0.0 ], [ 7.720681525408105, 45.053465796423652, 0.0 ], [ 7.720643226351869, 45.053466295135486, 0.0 ], [ 7.720612916820476, 45.053459780640367, 0.0 ], [ 7.720567132723265, 45.053445701608268, 0.0 ], [ 7.72052834535813, 45.053429225919089, 0.0 ], [ 7.720450311296396, 45.053388086703357, 0.0 ], [ 7.72043664299481, 45.053367733430633, 0.0 ], [ 7.720432754402958, 45.053346715899316, 0.0 ], [ 7.72043661831621, 45.05332948466139, 0.0 ], [ 7.720457248226861, 45.053301953409623, 0.0 ], [ 7.720483013809948, 45.053277560136976, 0.0 ], [ 7.720653472015627, 45.053162870301705, 0.0 ], [ 7.721055483817219, 45.052918132155177, 0.0 ], [ 7.721358134353882, 45.052718225316781, 0.0 ], [ 7.721539603528845, 45.05261427935843, 0.0 ], [ 7.721628206842367, 45.052569272145739, 0.0 ], [ 7.721673551197907, 45.052537526422455, 0.0 ], [ 7.72170042753259, 45.052503179505678, 0.0 ], [ 7.72169022974507, 45.052431383485356, 0.0 ], [ 7.72177671216988, 45.052407407426514, 0.0 ], [ 7.721840139175122, 45.052395146780285, 0.0 ], [ 7.721799774873094, 45.052024865884725, 0.0 ], [ 7.722014011809213, 45.052038623310089, 0.0 ], [ 7.721817917390394, 45.051746319930352, 0.0 ], [ 7.721596550104932, 45.051447412546153, 0.0 ], [ 7.721560273458465, 45.05140215916466, 0.0 ], [ 7.721843532181343, 45.051256612829157, 0.0 ], [ 7.721625068319264, 45.051048116657945, 0.0 ], [ 7.721548178457868, 45.051009717329634, 0.0 ], [ 7.721431995942276, 45.050964713956311, 0.0 ], [ 7.721393685921202, 45.050978822781978, 0.0 ], [ 7.721073604427263, 45.050892872035028, 0.0 ], [ 7.720748182770018, 45.050804898103983, 0.0 ], [ 7.720722451364792, 45.05078566942079, 0.0 ], [ 7.720826114040832, 45.050658699338996, 0.0 ], [ 7.720929774136192, 45.050531738187566, 0.0 ], [ 7.721021379277587, 45.050441891993508, 0.0 ], [ 7.721128023823033, 45.050334264029296, 0.0 ], [ 7.721163880491043, 45.050279861600494, 0.0 ], [ 7.72117159728344, 45.050232698634439, 0.0 ], [ 7.721175297625606, 45.050125969353253, 0.0 ], [ 7.721236562111333, 45.050041354511983, 0.0 ], [ 7.721278102982849, 45.049839505572983, 0.0 ], [ 7.721302163081808, 45.049785556926103, 0.0 ], [ 7.721476684265825, 45.049332965468729, 0.0 ], [ 7.721487695452268, 45.049271409339269, 0.0 ], [ 7.721478141155254, 45.04918555948251, 0.0 ], [ 7.721468858945883, 45.049138241929604, 0.0 ], [ 7.721431209533177, 45.049051520544268, 0.0 ], [ 7.721393573033989, 45.048964797931454, 0.0 ], [ 7.721391460996418, 45.048931872947463, 0.0 ], [ 7.721389350217881, 45.048898948882943, 0.0 ], [ 7.721397595703552, 45.048866282507682, 0.0 ], [ 7.721405840947432, 45.048833626543491, 0.0 ], [ 7.721440092720811, 45.048732569743827, 0.0 ], [ 7.721474291328157, 45.048631628708073, 0.0 ], [ 7.721572174912815, 45.048377919808956, 0.0 ], [ 7.721750726809531, 45.048143639050728, 0.0 ], [ 7.721804135119125, 45.048075842353235, 0.0 ], [ 7.722049084688961, 45.047593026886815, 0.0 ], [ 7.722177429421572, 45.047347121928055, 0.0 ], [ 7.722394072526647, 45.047050047843783, 0.0 ], [ 7.722654214418531, 45.046768509390965, 0.0 ], [ 7.722681375094572, 45.046726947208029, 0.0 ], [ 7.722685711916381, 45.046700412376026, 0.0 ], [ 7.722678108838254, 45.046663114813782, 0.0 ], [ 7.722638285986828, 45.046557662697879, 0.0 ], [ 7.722623971689746, 45.046527599254297, 0.0 ], [ 7.722634199329311, 45.046489167181583, 0.0 ], [ 7.722726140819591, 45.046325679830936, 0.0 ], [ 7.722728529549941, 45.04631076304068, 0.0 ], [ 7.722713947589924, 45.046287015070625, 0.0 ], [ 7.722590412012924, 45.046172121462355, 0.0 ], [ 7.722455419593468, 45.046038654027583, 0.0 ], [ 7.722415794279066, 45.04595913896123, 0.0 ], [ 7.72241681422561, 45.045900269717691, 0.0 ], [ 7.722434306675849, 45.04581889148151, 0.0 ], [ 7.722451801456919, 45.045737520965304, 0.0 ], [ 7.722496928242772, 45.045588660000419, 0.0 ], [ 7.72256094699735, 45.04539658397664, 0.0 ], [ 7.722627851109171, 45.04521185165023, 0.0 ], [ 7.722699662365755, 45.04500563960832, 0.0 ], [ 7.722704570954869, 45.044984172179383, 0.0 ], [ 7.722698005581035, 45.044967067338256, 0.0 ], [ 7.722602692818604, 45.044785821379982, 0.0 ], [ 7.722513958951743, 45.044621697547662, 0.0 ], [ 7.722511451687241, 45.04455003418164, 0.0 ], [ 7.722542890496762, 45.044510750854066, 0.0 ], [ 7.72256575977142, 45.044471920905139, 0.0 ], [ 7.722594108013732, 45.044427633439611, 0.0 ], [ 7.722608090955068, 45.044386472643133, 0.0 ], [ 7.72258014529963, 45.044323632451317, 0.0 ], [ 7.722477970164346, 45.044216854202951, 0.0 ], [ 7.722447917750739, 45.044140867173766, 0.0 ], [ 7.722418788250256, 45.044010312353841, 0.0 ], [ 7.722389161481559, 45.043985306102591, 0.0 ], [ 7.722342613303399, 45.043965872473905, 0.0 ], [ 7.722275607964199, 45.043953411355361, 0.0 ], [ 7.722167168273861, 45.043959832235664, 0.0 ], [ 7.722098842641408, 45.043965477096222, 0.0 ], [ 7.72200837337989, 45.043965453998524, 0.0 ], [ 7.721938557680979, 45.043948065033959, 0.0 ], [ 7.721683763708012, 45.043854212944936, 0.0 ], [ 7.721629106086175, 45.043839774615989, 0.0 ], [ 7.721589558953506, 45.043834399453729, 0.0 ], [ 7.721421386360253, 45.043856901536984, 0.0 ], [ 7.721375981681772, 45.043855682227601, 0.0 ], [ 7.721328891668111, 45.043840635698153, 0.0 ], [ 7.721292736839584, 45.043805528211934, 0.0 ], [ 7.7212653722997, 45.043768053167469, 0.0 ], [ 7.721206207116706, 45.043483465152484, 0.0 ], [ 7.721177990237771, 45.043254476939858, 0.0 ], [ 7.721174270291196, 45.043213981102312, 0.0 ], [ 7.721237739269064, 45.042329194465523, 0.0 ], [ 7.72125661814532, 45.042277457656937, 0.0 ], [ 7.721294121482307, 45.042247378394883, 0.0 ], [ 7.72162212731407, 45.04209742730044, 0.0 ], [ 7.721738898122622, 45.042046884094518, 0.0 ], [ 7.721932491279586, 45.041921990825308, 0.0 ], [ 7.721982948445598, 45.041904389863717, 0.0 ], [ 7.722042620744905, 45.041901149982927, 0.0 ], [ 7.722091020081702, 45.041910883607024, 0.0 ], [ 7.722399344018302, 45.042018106510348, 0.0 ], [ 7.722557404454906, 45.042073075079315, 0.0 ], [ 7.722612442194367, 45.042086382487156, 0.0 ], [ 7.722669358525749, 45.04208266317066, 0.0 ], [ 7.722844562189098, 45.042038244616883, 0.0 ], [ 7.722892315593517, 45.042034881851897, 0.0 ], [ 7.722959704169709, 45.042055141509451, 0.0 ], [ 7.723013848138957, 45.042097227259795, 0.0 ], [ 7.723113678847916, 45.042214584031441, 0.0 ], [ 7.723158296599581, 45.042231683283163, 0.0 ], [ 7.723213559835069, 45.042242877410381, 0.0 ], [ 7.723260832251451, 45.042240471327069, 0.0 ], [ 7.723309666702927, 45.042213093656862, 0.0 ], [ 7.72339176964288, 45.042163781748926, 0.0 ], [ 7.723424376652375, 45.042150626384682, 0.0 ], [ 7.723487430512805, 45.04214663204683, 0.0 ], [ 7.723648785550477, 45.042157508582441, 0.0 ], [ 7.723676214259071, 45.042151091891384, 0.0 ], [ 7.723713901968119, 45.042132708527774, 0.0 ], [ 7.723781151503515, 45.042086137793966, 0.0 ], [ 7.723802399698047, 45.042053950700264, 0.0 ], [ 7.723814372406278, 45.042020290653127, 0.0 ], [ 7.723819597400182, 45.041929152006155, 0.0 ], [ 7.723830630238756, 45.041864139091487, 0.0 ], [ 7.723846983555413, 45.041825857297624, 0.0 ], [ 7.723881053249525, 45.041778356473245, 0.0 ], [ 7.724160583202043, 45.041485664204629, 0.0 ], [ 7.724522620798283, 45.041150384941702, 0.0 ], [ 7.724621515040932, 45.041005966551005, 0.0 ], [ 7.724676213303102, 45.040896756467255, 0.0 ], [ 7.724725262836418, 45.040818969629647, 0.0 ], [ 7.724780218840436, 45.040774205353436, 0.0 ], [ 7.724823809677183, 45.040744932339578, 0.0 ], [ 7.724880700321118, 45.040719993568345, 0.0 ], [ 7.725189793317876, 45.040672395723092, 0.0 ], [ 7.72540729273421, 45.040596814599823, 0.0 ], [ 7.725630757562117, 45.040516680555577, 0.0 ], [ 7.725764194186701, 45.040457471368114, 0.0 ], [ 7.725915614090577, 45.040388280865848, 0.0 ], [ 7.725977816391699, 45.040356261409457, 0.0 ], [ 7.726055616831782, 45.040313506921322, 0.0 ], [ 7.726154787872722, 45.040238133773698, 0.0 ], [ 7.726231057423141, 45.040157492056629, 0.0 ], [ 7.726227831319976, 45.040122591316774, 0.0 ], [ 7.72621021972564, 45.040091239951998, 0.0 ], [ 7.726173146524055, 45.040057942669364, 0.0 ], [ 7.726056827864454, 45.039966636129208, 0.0 ], [ 7.725991709999269, 45.039932152895915, 0.0 ], [ 7.725953215299699, 45.0399074905527, 0.0 ], [ 7.725920853490848, 45.039881169167167, 0.0 ], [ 7.725892272010662, 45.039849694901683, 0.0 ], [ 7.72588706975262, 45.039815817178614, 0.0 ], [ 7.725890690945138, 45.039756201662748, 0.0 ], [ 7.725903296031301, 45.039628256882189, 0.0 ], [ 7.725951740621316, 45.039413933382477, 0.0 ], [ 7.725948898124094, 45.039354363925924, 0.0 ], [ 7.725903218283398, 45.039304497416289, 0.0 ], [ 7.725840540506533, 45.039061208671541, 0.0 ], [ 7.725969863582229, 45.038998468528497, 0.0 ], [ 7.725958256765407, 45.038702233757959, 0.0 ], [ 7.725966842507835, 45.038617388889641, 0.0 ], [ 7.725961661352466, 45.038543659422359, 0.0 ], [ 7.725959975763004, 45.038466351028596, 0.0 ], [ 7.725960967265698, 45.038421678213048, 0.0 ], [ 7.725980545879359, 45.038383250954006, 0.0 ], [ 7.72600695682659, 45.03834369545249, 0.0 ], [ 7.726040103309392, 45.038307833016063, 0.0 ], [ 7.726080159868125, 45.038267223003608, 0.0 ], [ 7.726128395499424, 45.038225892790919, 0.0 ], [ 7.72617344346591, 45.038195446886682, 0.0 ], [ 7.726198867760077, 45.038182615857401, 0.0 ], [ 7.726296494840091, 45.038148039077349, 0.0 ], [ 7.726500468127308, 45.03808579000377, 0.0 ], [ 7.726649892685745, 45.038064537543598, 0.0 ], [ 7.726648906346032, 45.038044281552615, 0.0 ], [ 7.726826036561556, 45.037994280290647, 0.0 ], [ 7.727017342222781, 45.038019998011926, 0.0 ], [ 7.727111858894218, 45.038068400741565, 0.0 ], [ 7.727175058669486, 45.038086874716861, 0.0 ], [ 7.727419641729813, 45.038114778132659, 0.0 ], [ 7.727827501646144, 45.038266312908682, 0.0 ], [ 7.728483041781701, 45.038405265608759, 0.0 ], [ 7.728944791207701, 45.038153035908678, 0.0 ], [ 7.729083431403554, 45.038132453538829, 0.0 ], [ 7.729399106252678, 45.038159083208207, 0.0 ], [ 7.729551744696377, 45.038317727076574, 0.0 ], [ 7.729595647579638, 45.038517452312654, 0.0 ], [ 7.729856806130412, 45.038630693373797, 0.0 ], [ 7.73019103483022, 45.038853991470511, 0.0 ], [ 7.730333290159296, 45.038587445574798, 0.0 ], [ 7.730380418755424, 45.038355542509265, 0.0 ], [ 7.730426437319015, 45.038286947238468, 0.0 ], [ 7.730599365776272, 45.038299852569068, 0.0 ], [ 7.73064369216068, 45.038299103268741, 0.0 ], [ 7.730716754440404, 45.038290696725525, 0.0 ], [ 7.730741617592521, 45.038290577789851, 0.0 ], [ 7.730762474127424, 45.038292412098265, 0.0 ], [ 7.730819167555508, 45.038309469616891, 0.0 ], [ 7.730857407453988, 45.038317510843392, 0.0 ], [ 7.731004494249988, 45.03833473655969, 0.0 ], [ 7.731065765047905, 45.038334831514852, 0.0 ], [ 7.731100041577907, 45.038340676426486, 0.0 ], [ 7.731423460688813, 45.038417392721442, 0.0 ], [ 7.731679205991935, 45.038471236848089, 0.0 ], [ 7.731700731718417, 45.038472646892963, 0.0 ], [ 7.731724376080677, 45.038468524978576, 0.0 ], [ 7.731785558516645, 45.038465630494095, 0.0 ], [ 7.731899396691534, 45.038464905564098, 0.0 ], [ 7.73203949424957, 45.038466920432768, 0.0 ], [ 7.732066723654675, 45.038468825719505, 0.0 ], [ 7.732086693001825, 45.038472404561077, 0.0 ], [ 7.732138767945126, 45.038497314337157, 0.0 ], [ 7.732382436518074, 45.038752601951757, 0.0 ], [ 7.732435562868711, 45.038788018870477, 0.0 ], [ 7.732579622145469, 45.038854998672825, 0.0 ], [ 7.732593336805987, 45.038866961452285, 0.0 ], [ 7.73259944607196, 45.038877146320466, 0.0 ], [ 7.732602850655901, 45.03890127297376, 0.0 ], [ 7.732727506202154, 45.039012109356243, 0.0 ], [ 7.732763879920203, 45.039052499026987, 0.0 ], [ 7.732881833142353, 45.039167311667072, 0.0 ], [ 7.732906105891687, 45.039192740761244, 0.0 ], [ 7.733273870574919, 45.039197379328606, 0.0 ], [ 7.733730989090521, 45.039212054228052, 0.0 ], [ 7.73377443805304, 45.039205019439663, 0.0 ], [ 7.733911685628435, 45.03916705923271, 0.0 ], [ 7.733942087524752, 45.039144964719171, 0.0 ], [ 7.733956336738046, 45.039137803535546, 0.0 ], [ 7.733990684876203, 45.03912731925638, 0.0 ], [ 7.732720435334175, 45.037899894435192, 0.0 ], [ 7.732618017098814, 45.037795678997547, 0.0 ], [ 7.731764931059895, 45.0372385910593, 0.0 ], [ 7.728878881827772, 45.035343669182438, 0.0 ], [ 7.727132673185222, 45.034195166358835, 0.0 ], [ 7.725342439700739, 45.033033740978134, 0.0 ], [ 7.722617958529538, 45.031252309013738, 0.0 ], [ 7.722552989586534, 45.031234567985166, 0.0 ], [ 7.71963582549305, 45.030369219695871, 0.0 ], [ 7.718179738624494, 45.029941034237972, 0.0 ], [ 7.716818849018207, 45.02951718418889, 0.0 ], [ 7.715827961781949, 45.029224044197278, 0.0 ], [ 7.714720613308314, 45.028908378464763, 0.0 ], [ 7.713909513151742, 45.028683553955688, 0.0 ], [ 7.713204053496347, 45.028493606686368, 0.0 ], [ 7.710417993746174, 45.027747450264414, 0.0 ], [ 7.710373184535437, 45.027732775406008, 0.0 ], [ 7.71032669057773, 45.027720674278385, 0.0 ], [ 7.710234014342006, 45.027690074598617, 0.0 ], [ 7.708184039284011, 45.027008923823274, 0.0 ], [ 7.708105652758038, 45.026984713344568, 0.0 ], [ 7.707993698108257, 45.026229057326177, 0.0 ], [ 7.70764703370076, 45.023965020898885, 0.0 ], [ 7.707651209444935, 45.023942546400669, 0.0 ], [ 7.707540033344205, 45.023987538798259, 0.0 ], [ 7.70743329497024, 45.024072172575714, 0.0 ], [ 7.707370780239142, 45.024091457293515, 0.0 ], [ 7.707284339134304, 45.024098842101459, 0.0 ], [ 7.707144846822978, 45.02408957552705, 0.0 ], [ 7.707076490186237, 45.024077306135382, 0.0 ], [ 7.706990332759978, 45.024067580965244, 0.0 ], [ 7.706948717839571, 45.024051032338683, 0.0 ], [ 7.706917469599788, 45.024021061682305, 0.0 ], [ 7.706878426890697, 45.024001832555562, 0.0 ], [ 7.706671183263849, 45.024021711985341, 0.0 ], [ 7.706532855607876, 45.024018749166558, 0.0 ], [ 7.706454293680856, 45.024009992604277, 0.0 ], [ 7.706361722003916, 45.024003820836249, 0.0 ], [ 7.706260230233667, 45.024000277456331, 0.0 ], [ 7.706169143813097, 45.023980610573048, 0.0 ], [ 7.706119699481529, 45.023977493774673, 0.0 ], [ 7.706033265929278, 45.023983977086104, 0.0 ], [ 7.705984022992307, 45.023967359780542, 0.0 ], [ 7.705922081697563, 45.023951544462385, 0.0 ], [ 7.7058265481404, 45.023971444425989, 0.0 ], [ 7.705706590722309, 45.024010062765953, 0.0 ], [ 7.705654462721073, 45.024015025136421, 0.0 ], [ 7.705599344972122, 45.024047878706256, 0.0 ], [ 7.705480770440882, 45.024079291557314, 0.0 ], [ 7.70538986230986, 45.024127149687132, 0.0 ], [ 7.705333698432203, 45.024145587902645, 0.0 ], [ 7.705261237212621, 45.02415218376499, 0.0 ], [ 7.705209218980889, 45.024149947531768, 0.0 ], [ 7.705121453586334, 45.024160915508055, 0.0 ], [ 7.705039954837404, 45.024176445885004, 0.0 ], [ 7.7049814812599, 45.024181355003748, 0.0 ], [ 7.704916567169869, 45.024191618854815, 0.0 ], [ 7.704877233397029, 45.024190389383222, 0.0 ], [ 7.704786588607206, 45.024222039044744, 0.0 ], [ 7.704720914907845, 45.024201687980309, 0.0 ], [ 7.704650812630153, 45.024219103341132, 0.0 ], [ 7.704603954684341, 45.024211514316015, 0.0 ], [ 7.704547111497138, 45.024194836434148, 0.0 ], [ 7.704484440542852, 45.024223120524162, 0.0 ], [ 7.704354781967579, 45.024233739848604, 0.0 ], [ 7.704323824091047, 45.024264084424644, 0.0 ], [ 7.704253984149775, 45.024265307392895, 0.0 ], [ 7.704224540336575, 45.024280358330905, 0.0 ], [ 7.704188902331571, 45.024286362507326, 0.0 ], [ 7.704137632335317, 45.024315648797007, 0.0 ], [ 7.704104790438706, 45.024306364377978, 0.0 ], [ 7.704078646272869, 45.024274642808493, 0.0 ], [ 7.704044493960699, 45.02426715292038, 0.0 ], [ 7.704014328082208, 45.024248896120326, 0.0 ], [ 7.703924559210615, 45.024226542759884, 0.0 ], [ 7.703862672877863, 45.024207116711779, 0.0 ], [ 7.70380311741971, 45.024200320542363, 0.0 ], [ 7.70376929844391, 45.024173029898606, 0.0 ], [ 7.70372877929569, 45.024166385936077, 0.0 ], [ 7.703684708961552, 45.024144407153933, 0.0 ], [ 7.703658783026897, 45.024099183876153, 0.0 ], [ 7.703631487734755, 45.02406113835174, 0.0 ], [ 7.703594963954032, 45.024042829183358, 0.0 ], [ 7.70353883905943, 45.024034261044889, 0.0 ], [ 7.703368101209056, 45.024074261935944, 0.0 ], [ 7.703263307679008, 45.024042789057674, 0.0 ], [ 7.703143929838692, 45.024047203463198, 0.0 ], [ 7.70306691025272, 45.024024059173641, 0.0 ], [ 7.702974406212759, 45.024016095024571, 0.0 ], [ 7.702861588215797, 45.024008862260871, 0.0 ], [ 7.702700086976398, 45.024028228023681, 0.0 ], [ 7.702394326912784, 45.024022998337948, 0.0 ], [ 7.702307051608612, 45.024006073132938, 0.0 ], [ 7.702172812497949, 45.023989658725817, 0.0 ], [ 7.70187443871168, 45.023923271596665, 0.0 ], [ 7.70159946639062, 45.023748138545884, 0.0 ], [ 7.701496906492806, 45.02373468538589, 0.0 ], [ 7.701319329234258, 45.023804337710786, 0.0 ], [ 7.701157152477527, 45.023788585149603, 0.0 ], [ 7.701051414473286, 45.023812921651931, 0.0 ], [ 7.700966827268119, 45.02386173929041, 0.0 ], [ 7.700897766772155, 45.023968300333884, 0.0 ], [ 7.700864457557933, 45.023986932515385, 0.0 ], [ 7.700727375815509, 45.023999668440105, 0.0 ], [ 7.700658765748764, 45.024007132480385, 0.0 ], [ 7.700578833109921, 45.024006143214066, 0.0 ], [ 7.700375921638295, 45.024052164432966, 0.0 ], [ 7.70032695963455, 45.024082113739397, 0.0 ], [ 7.700326551350559, 45.024064267104279, 0.0 ], [ 7.70010942227373, 45.023524801204857, 0.0 ], [ 7.699621234487794, 45.023354446511085, 0.0 ], [ 7.698603364209522, 45.023258566185838, 0.0 ], [ 7.698041735842696, 45.023140046480741, 0.0 ], [ 7.697896894931883, 45.023056154152137, 0.0 ], [ 7.697762368683244, 45.023087783712462, 0.0 ], [ 7.697527806226324, 45.023145383988421, 0.0 ], [ 7.697360796390411, 45.023200577073794, 0.0 ], [ 7.696697428241945, 45.023175887376013, 0.0 ], [ 7.696315906265825, 45.023204929052504, 0.0 ], [ 7.696023888062625, 45.023176074472936, 0.0 ], [ 7.695755902172116, 45.023085487934956, 0.0 ], [ 7.695656386924687, 45.022971117563671, 0.0 ], [ 7.695561952533232, 45.023047590338329, 0.0 ], [ 7.694878333089658, 45.02335394160712, 0.0 ], [ 7.694519633786751, 45.023469449585008, 0.0 ], [ 7.693909334543108, 45.023751104847896, 0.0 ], [ 7.693467604182566, 45.023879412452523, 0.0 ], [ 7.693356221828322, 45.023903380202178, 0.0 ], [ 7.692986149459537, 45.023953893011019, 0.0 ], [ 7.692509166810482, 45.024011346001558, 0.0 ], [ 7.691957186829152, 45.024071871914835, 0.0 ], [ 7.691747778787146, 45.024135348322517, 0.0 ], [ 7.691695203427407, 45.024148735455931, 0.0 ], [ 7.691159494003982, 45.024341824111886, 0.0 ], [ 7.690978115264162, 45.024393863673389, 0.0 ], [ 7.690850373664842, 45.024447761308679, 0.0 ], [ 7.690629267385023, 45.024518059839636, 0.0 ], [ 7.690292159435408, 45.024612205875002, 0.0 ], [ 7.690090672595445, 45.024657540500698, 0.0 ], [ 7.689935452213597, 45.024677336988127, 0.0 ], [ 7.689846646998786, 45.024678109414751, 0.0 ], [ 7.688882938264996, 45.024613010957772, 0.0 ], [ 7.688371745738683, 45.024561239149357, 0.0 ], [ 7.688105665741301, 45.024549163026386, 0.0 ], [ 7.687039146134294, 45.024593490085877, 0.0 ], [ 7.685123321446194, 45.024033497539094, 0.0 ], [ 7.683929381421347, 45.023362222577035, 0.0 ], [ 7.682820772117906, 45.022095647796007, 0.0 ], [ 7.682579145617792, 45.022069465562311, 0.0 ], [ 7.682438022232969, 45.021977890154055, 0.0 ], [ 7.682339909562987, 45.021571685934916, 0.0 ], [ 7.6824754862913, 45.021433578058371, 0.0 ], [ 7.682524689366952, 45.021381818356915, 0.0 ], [ 7.682483961035471, 45.021345826096614, 0.0 ], [ 7.682464157526279, 45.021324389428564, 0.0 ], [ 7.682453461193799, 45.021306533141264, 0.0 ], [ 7.682450429096692, 45.021300385246874, 0.0 ], [ 7.682446380742519, 45.021286520644253, 0.0 ], [ 7.682442330905962, 45.021272665080559, 0.0 ], [ 7.682440646427362, 45.021258675609651, 0.0 ], [ 7.682438976209871, 45.021244676794304, 0.0 ], [ 7.682438982734281, 45.021191845034814, 0.0 ], [ 7.682439001384975, 45.021139013414789, 0.0 ], [ 7.682437331854541, 45.021103832245018, 0.0 ], [ 7.682430978152115, 45.021058290661635, 0.0 ], [ 7.682421317722033, 45.021024558193218, 0.0 ], [ 7.682409496109027, 45.020996560505345, 0.0 ], [ 7.682401709414107, 45.02097972807713, 0.0 ], [ 7.682375370244466, 45.020930543064452, 0.0 ], [ 7.682340264060371, 45.020871833490453, 0.0 ], [ 7.682282899291324, 45.020779299475663, 0.0 ], [ 7.682258015815236, 45.02074631776425, 0.0 ], [ 7.682220890654805, 45.020705381117018, 0.0 ], [ 7.682167178984845, 45.020609026746442, 0.0 ], [ 7.682113456200319, 45.020512663617424, 0.0 ], [ 7.682014426497163, 45.020393308735549, 0.0 ], [ 7.681815308754485, 45.02031541262334, 0.0 ], [ 7.681616203882117, 45.02023750770806, 0.0 ], [ 7.68153757402484, 45.020184956621044, 0.0 ], [ 7.681425790604633, 45.02004802628128, 0.0 ], [ 7.681338800095078, 45.019901425344784, 0.0 ], [ 7.681288571262351, 45.01945223915444, 0.0 ], [ 7.680949824242481, 45.019075623779486, 0.0 ], [ 7.680880533721681, 45.01870058140284, 0.0 ], [ 7.680854520461987, 45.018648953262471, 0.0 ], [ 7.680534602084924, 45.018369621274289, 0.0 ], [ 7.680433804213266, 45.018270147282934, 0.0 ], [ 7.680070742730191, 45.018054704293547, 0.0 ], [ 7.679707694599997, 45.017839270257852, 0.0 ], [ 7.679658703312423, 45.017799014685842, 0.0 ], [ 7.679586045694864, 45.017739330731168, 0.0 ], [ 7.679306709533731, 45.01765285056657, 0.0 ], [ 7.678973477382109, 45.017347057437441, 0.0 ], [ 7.677787800357204, 45.016240881076889, 0.0 ], [ 7.677438996186811, 45.016285856353811, 0.0 ], [ 7.677288846031911, 45.016303480163636, 0.0 ], [ 7.677260701723974, 45.016326955117151, 0.0 ], [ 7.67708549934951, 45.01649327691981, 0.0 ], [ 7.676974484478623, 45.016573853948451, 0.0 ], [ 7.676814657775504, 45.016658301874479, 0.0 ], [ 7.676590913904897, 45.016869539127725, 0.0 ], [ 7.676457144430053, 45.01698415668978, 0.0 ], [ 7.676322281978654, 45.017131250424406, 0.0 ], [ 7.676282129412678, 45.017192303511315, 0.0 ], [ 7.675651820605589, 45.017669796483069, 0.0 ], [ 7.675360679735305, 45.017862147229792, 0.0 ], [ 7.675134526647602, 45.018034959568006, 0.0 ], [ 7.675066889308647, 45.018035623772413, 0.0 ], [ 7.674872344991684, 45.018176684648488, 0.0 ], [ 7.67481151944657, 45.018241799884294, 0.0 ], [ 7.67479638771902, 45.018257954805826, 0.0 ], [ 7.67478166979083, 45.018273662172227, 0.0 ], [ 7.67476280646259, 45.01828314829077, 0.0 ], [ 7.674554365006012, 45.018482405715474, 0.0 ], [ 7.674517778936846, 45.018585627036742, 0.0 ], [ 7.674460639452587, 45.018686846518705, 0.0 ], [ 7.674336665772606, 45.018850177900589, 0.0 ], [ 7.674241741557943, 45.018916210549008, 0.0 ], [ 7.674176343241794, 45.01899527046082, 0.0 ], [ 7.674106534132957, 45.019174578405305, 0.0 ], [ 7.67407375334821, 45.019278951779064, 0.0 ], [ 7.674063178096692, 45.01935004167629, 0.0 ], [ 7.674002153315977, 45.01951882912099, 0.0 ], [ 7.673952578271238, 45.019629885134414, 0.0 ], [ 7.673928005652646, 45.019781090827635, 0.0 ], [ 7.673914273042392, 45.019847644936412, 0.0 ] ] ] } },
{ "type": "Feature", "properties": { "ID_QUART": 21, "DENOM": "Madonna del Pilone", "neighborhood_name_clean": "madonna del pilone", "statistical_zone_clean": "21", "n_somministrazione": 24, "neighborhood_clean": "21 madonna del pilone", "total_population": 14594, "stores_per_1000_residents": 1.6445114430587913, "distance_to_nearest_metro": 2040.377948074939, "normalized_population": 0.0, "normalized_competition": 0.19588890829999406, "normalized_distance_to_metro": 0.64210978887056447, "retail_opportunity_score": -0.1969830756791108, "opportunity_level": "Very Low Opportunity", "longitude": 7.7394494326868548, "latitude": 45.067526659459176 }, "geometry": { "type": "Polygon", "coordinates": [ [ [ 7.708453514203605, 45.068376045860084, 0.0 ], [ 7.708687466748652, 45.06796970511455, 0.0 ], [ 7.708825417355166, 45.068009306507896, 0.0 ], [ 7.708863444714876, 45.067988079298431, 0.0 ], [ 7.708864447136048, 45.067956017128914, 0.0 ], [ 7.708881533653161, 45.067957109593202, 0.0 ], [ 7.708889457055626, 45.068009095561692, 0.0 ], [ 7.708895814451314, 45.068026368581293, 0.0 ], [ 7.708900396256603, 45.068032766894333, 0.0 ], [ 7.708910158661678, 45.068040934477345, 0.0 ], [ 7.708938728083556, 45.068057756785777, 0.0 ], [ 7.708957066861007, 45.068065894998654, 0.0 ], [ 7.708979390640391, 45.068073592403451, 0.0 ], [ 7.709002854926458, 45.06807851161097, 0.0 ], [ 7.709017079556935, 45.068079743764976, 0.0 ], [ 7.709046230374073, 45.068080478588058, 0.0 ], [ 7.709061121620702, 45.06808031276762, 0.0 ], [ 7.709067480739052, 45.068079403431078, 0.0 ], [ 7.709073838474654, 45.068081393838725, 0.0 ], [ 7.709085790997598, 45.068093833472545, 0.0 ], [ 7.709103345355364, 45.068107355243171, 0.0 ], [ 7.709124723813304, 45.068128265183361, 0.0 ], [ 7.709151951844573, 45.068142687352818, 0.0 ], [ 7.709164169147747, 45.068151881551849, 0.0 ], [ 7.709183501105321, 45.068159814514843, 0.0 ], [ 7.709257788981317, 45.06818125911925, 0.0 ], [ 7.709336662601903, 45.068205951401239, 0.0 ], [ 7.709418838532494, 45.068222353423714, 0.0 ], [ 7.709557490117063, 45.068240367152967, 0.0 ], [ 7.70959236692631, 45.068245729456031, 0.0 ], [ 7.70965749961594, 45.068260707079283, 0.0 ], [ 7.709687499993942, 45.068269921047026, 0.0 ], [ 7.70980834376056, 45.068296951441305, 0.0 ], [ 7.70992792465596, 45.068329394302197, 0.0 ], [ 7.709960992647956, 45.068337140449216, 0.0 ], [ 7.709991786683776, 45.06834777650591, 0.0 ], [ 7.710006286520644, 45.068349759678682, 0.0 ], [ 7.710071064663278, 45.068367072701292, 0.0 ], [ 7.710093290036297, 45.068371742683695, 0.0 ], [ 7.710104198592557, 45.068373054066853, 0.0 ], [ 7.710129676785838, 45.068373729014795, 0.0 ], [ 7.710137299931923, 45.068374291927427, 0.0 ], [ 7.710144682571858, 45.068375888592378, 0.0 ], [ 7.710198113147245, 45.068394990990683, 0.0 ], [ 7.710248239965686, 45.068422571037388, 0.0 ], [ 7.710260960064613, 45.068430330426445, 0.0 ], [ 7.710292827579035, 45.068439494233218, 0.0 ], [ 7.710312096423642, 45.068442943074508, 0.0 ], [ 7.71032533378112, 45.068447989660172, 0.0 ], [ 7.710341610429669, 45.068450693346357, 0.0 ], [ 7.71039326117138, 45.068472683462154, 0.0 ], [ 7.710444402489579, 45.068488544979139, 0.0 ], [ 7.710483077895404, 45.068496112049068, 0.0 ], [ 7.710529128150287, 45.068510710217531, 0.0 ], [ 7.71061333309938, 45.068524407502878, 0.0 ], [ 7.710682170805821, 45.068536815958325, 0.0 ], [ 7.710749696723231, 45.068552691175348, 0.0 ], [ 7.710800117514159, 45.068569032520955, 0.0 ], [ 7.710837481661866, 45.068576663907436, 0.0 ], [ 7.710888367425169, 45.068585853888393, 0.0 ], [ 7.710927030418143, 45.068597389499004, 0.0 ], [ 7.71093637027276, 45.068596117050681, 0.0 ], [ 7.710958002331243, 45.068596659193105, 0.0 ], [ 7.710990011423021, 45.068588846046019, 0.0 ], [ 7.711004049564895, 45.068587096846464, 0.0 ], [ 7.711021215619635, 45.068588100685695, 0.0 ], [ 7.711044789271353, 45.068593316841707, 0.0 ], [ 7.71106062732296, 45.068599076885661, 0.0 ], [ 7.711068997377398, 45.068604221039458, 0.0 ], [ 7.711076627148161, 45.068613417134493, 0.0 ], [ 7.711083496842029, 45.068617482525298, 0.0 ], [ 7.711091385842376, 45.068619722845995, 0.0 ], [ 7.711108553775427, 45.068618369393135, 0.0 ], [ 7.71119912647698, 45.068627916171316, 0.0 ], [ 7.711360419834532, 45.068650971660041, 0.0 ], [ 7.711385744189061, 45.068653408717815, 0.0 ], [ 7.711398468506866, 45.068655928173911, 0.0 ], [ 7.711417033283919, 45.068662961886929, 0.0 ], [ 7.71144299393862, 45.068668276892794, 0.0 ], [ 7.711469446657763, 45.068671969160327, 0.0 ], [ 7.711519617402664, 45.068676190771086, 0.0 ], [ 7.711595437125619, 45.068688253180099, 0.0 ], [ 7.711667950547898, 45.06869546266023, 0.0 ], [ 7.711839166963292, 45.068730781793832, 0.0 ], [ 7.711944245543694, 45.068742120356049, 0.0 ], [ 7.712157757768946, 45.068767032941885, 0.0 ], [ 7.712197706756738, 45.06877387481714, 0.0 ], [ 7.712291057310136, 45.068783659893718, 0.0 ], [ 7.712329864011043, 45.068785456825111, 0.0 ], [ 7.712345009554852, 45.068784673554596, 0.0 ], [ 7.712375579272455, 45.06878105668109, 0.0 ], [ 7.712399116303706, 45.068782249882169, 0.0 ], [ 7.71269609760326, 45.068826997248109, 0.0 ], [ 7.712810336279544, 45.068837799370321, 0.0 ], [ 7.712842026950956, 45.068837391354464, 0.0 ], [ 7.712890728036802, 45.068841936758155, 0.0 ], [ 7.712935753857378, 45.068843371607585, 0.0 ], [ 7.713024501079839, 45.068851690543333, 0.0 ], [ 7.713270253888688, 45.068871490909252, 0.0 ], [ 7.713419603692032, 45.068886253441853, 0.0 ], [ 7.713469875102383, 45.06889847729002, 0.0 ], [ 7.713553062897375, 45.068909406536527, 0.0 ], [ 7.713648319669785, 45.068916870526195, 0.0 ], [ 7.713706083508709, 45.068914470677612, 0.0 ], [ 7.713757734801674, 45.068909336288115, 0.0 ], [ 7.713902012096119, 45.068924860175642, 0.0 ], [ 7.714089293148984, 45.068943550573749, 0.0 ], [ 7.714166062060809, 45.068958574701625, 0.0 ], [ 7.714257597517236, 45.068984819360402, 0.0 ], [ 7.714449401806232, 45.069011966865119, 0.0 ], [ 7.71455245132481, 45.069030518261982, 0.0 ], [ 7.714622158663105, 45.069038261187906, 0.0 ], [ 7.714708152014271, 45.069049248341273, 0.0 ], [ 7.714765439868071, 45.069062415449963, 0.0 ], [ 7.714856089398761, 45.069074921984459, 0.0 ], [ 7.715039773297271, 45.069093119345546, 0.0 ], [ 7.715475146143188, 45.069134574398305, 0.0 ], [ 7.715541632940994, 45.069140219368869, 0.0 ], [ 7.71562483499503, 45.06914327073217, 0.0 ], [ 7.715670894134212, 45.069148424593543, 0.0 ], [ 7.715716674370761, 45.06915479062669, 0.0 ], [ 7.715819964598579, 45.069171183256053, 0.0 ], [ 7.715910538455769, 45.069188656272324, 0.0 ], [ 7.715939277574122, 45.069192481887725, 0.0 ], [ 7.716011303288584, 45.069197639617506, 0.0 ], [ 7.716054383330134, 45.069199150069174, 0.0 ], [ 7.716192029601675, 45.069217513016028, 0.0 ], [ 7.716409302825022, 45.069244161117638, 0.0 ], [ 7.716473581738946, 45.069261698992491, 0.0 ], [ 7.716523202223756, 45.069278639192959, 0.0 ], [ 7.716551451450071, 45.069286113279688, 0.0 ], [ 7.716580696940766, 45.069290529448274, 0.0 ], [ 7.716640994661968, 45.069294123650643, 0.0 ], [ 7.716781392246218, 45.069304261277466, 0.0 ], [ 7.716830556904411, 45.069309738458408, 0.0 ], [ 7.717058518339443, 45.06934701909428, 0.0 ], [ 7.717115670223284, 45.069353305848637, 0.0 ], [ 7.717173260841892, 45.069355834245549, 0.0 ], [ 7.717218041175888, 45.069355697491794, 0.0 ], [ 7.71726281629867, 45.06935419409816, 0.0 ], [ 7.717337673179347, 45.069348634575512, 0.0 ], [ 7.717385928563964, 45.069349887505581, 0.0 ], [ 7.717434088978728, 45.06935492932169, 0.0 ], [ 7.717492670748238, 45.069363625924566, 0.0 ], [ 7.717550614836892, 45.069373664692861, 0.0 ], [ 7.717651375120954, 45.069394735058751, 0.0 ], [ 7.71773440270636, 45.069406038455369, 0.0 ], [ 7.717818012766815, 45.069414727047018, 0.0 ], [ 7.717883800100743, 45.069419300520032, 0.0 ], [ 7.717949294823091, 45.069425158445675, 0.0 ], [ 7.718289297375996, 45.069473857232161, 0.0 ], [ 7.718715720718473, 45.069542474144136, 0.0 ], [ 7.718912266689846, 45.06956966916318, 0.0 ], [ 7.718991765908144, 45.069582046412165, 0.0 ], [ 7.719071063417966, 45.069595016328073, 0.0 ], [ 7.719162908460114, 45.069611952675842, 0.0 ], [ 7.719199060347337, 45.069615491581175, 0.0 ], [ 7.719322419611776, 45.069622374467734, 0.0 ], [ 7.719455415412678, 45.069625458943065, 0.0 ], [ 7.719518570908423, 45.06963144323641, 0.0 ], [ 7.719659250120811, 45.069650032981059, 0.0 ], [ 7.719738116146949, 45.069654320957454, 0.0 ], [ 7.719846002798674, 45.069665189264825, 0.0 ], [ 7.720006519459302, 45.069675549377266, 0.0 ], [ 7.720170196649952, 45.069688743470813, 0.0 ], [ 7.720578726203654, 45.069722594836335, 0.0 ], [ 7.72067917965084, 45.069732434974974, 0.0 ], [ 7.720779235436536, 45.069744204950744, 0.0 ], [ 7.720880035405017, 45.069760141277719, 0.0 ], [ 7.720991495774475, 45.069774244880008, 0.0 ], [ 7.721160783073532, 45.069804234681932, 0.0 ], [ 7.721292117148955, 45.069824950986643, 0.0 ], [ 7.721516030638939, 45.069862277005392, 0.0 ], [ 7.721575952165119, 45.069874272966288, 0.0 ], [ 7.721616643889344, 45.069884342468129, 0.0 ], [ 7.721693098460396, 45.069905127193131, 0.0 ], [ 7.721716521864817, 45.069908666349974, 0.0 ], [ 7.721783024029429, 45.069931375865139, 0.0 ], [ 7.72184312556328, 45.069946711321705, 0.0 ], [ 7.72190504813562, 45.069967442369759, 0.0 ], [ 7.721963862174246, 45.069980082297398, 0.0 ], [ 7.722165574069956, 45.070033236280352, 0.0 ], [ 7.72226385402917, 45.070054049772914, 0.0 ], [ 7.72236480012375, 45.070080591554294, 0.0 ], [ 7.722593283883643, 45.070144862720198, 0.0 ], [ 7.722656064013139, 45.070164811451292, 0.0 ], [ 7.722686479659735, 45.070176089168889, 0.0 ], [ 7.722716017918041, 45.070188516696241, 0.0 ], [ 7.72298603660669, 45.070311791112132, 0.0 ], [ 7.723017343604946, 45.070323565474119, 0.0 ], [ 7.723080885211472, 45.07034293655768, 0.0 ], [ 7.723112144976151, 45.07035163989908, 0.0 ], [ 7.723175820905736, 45.070366789578301, 0.0 ], [ 7.723240221064738, 45.070380122065202, 0.0 ], [ 7.723283749236533, 45.07038666590794, 0.0 ], [ 7.723318141297943, 45.070397384779994, 0.0 ], [ 7.723342082862111, 45.070403810590243, 0.0 ], [ 7.723352833474315, 45.070404784771426, 0.0 ], [ 7.72336370223774, 45.070403925056482, 0.0 ], [ 7.723387321455784, 45.070399716312892, 0.0 ], [ 7.723405881686819, 45.070398033350706, 0.0 ], [ 7.723422707918288, 45.070400012752657, 0.0 ], [ 7.723422403843808, 45.070414187110309, 0.0 ], [ 7.723425644172252, 45.070428454070218, 0.0 ], [ 7.723429669556293, 45.070439949587659, 0.0 ], [ 7.7234356825542, 45.070451144022698, 0.0 ], [ 7.723442294042743, 45.070458877119577, 0.0 ], [ 7.723451537179702, 45.070465336917493, 0.0 ], [ 7.723463291940019, 45.070470346385974, 0.0 ], [ 7.723475997610546, 45.070473027748939, 0.0 ], [ 7.723499649990721, 45.070474219044698, 0.0 ], [ 7.723521514180256, 45.070473068365587, 0.0 ], [ 7.723536943618838, 45.070485293135874, 0.0 ], [ 7.723554449103065, 45.07049605772351, 0.0 ], [ 7.723581524155598, 45.070508494169104, 0.0 ], [ 7.723683941120324, 45.070548338313827, 0.0 ], [ 7.723808553500993, 45.070593776685129, 0.0 ], [ 7.723906073618704, 45.070621295358102, 0.0 ], [ 7.724006431166742, 45.070641886956871, 0.0 ], [ 7.724210111266245, 45.070726042450389, 0.0 ], [ 7.724233576965846, 45.070739133017227, 0.0 ], [ 7.724260592803189, 45.07074789549101, 0.0 ], [ 7.724287589731137, 45.070755210584515, 0.0 ], [ 7.724308077908287, 45.070762748186972, 0.0 ], [ 7.724327103906173, 45.070772043991234, 0.0 ], [ 7.724377641720016, 45.070803808136787, 0.0 ], [ 7.724434105281324, 45.070848547451838, 0.0 ], [ 7.724462427903699, 45.070865959000663, 0.0 ], [ 7.724501459646483, 45.070886215592076, 0.0 ], [ 7.724524829531256, 45.070899511507228, 0.0 ], [ 7.724546378807433, 45.070914218849445, 0.0 ], [ 7.724620229939403, 45.070977290716201, 0.0 ], [ 7.724630175812917, 45.070984773454164, 0.0 ], [ 7.724641671154404, 45.070991112959341, 0.0 ], [ 7.724665615820812, 45.070998077815922, 0.0 ], [ 7.724730504120363, 45.071028985983439, 0.0 ], [ 7.724794680459267, 45.071064412847761, 0.0 ], [ 7.724817671881025, 45.071082204898062, 0.0 ], [ 7.724869213749039, 45.071111802048065, 0.0 ], [ 7.725003521342384, 45.071183452446746, 0.0 ], [ 7.725141010309558, 45.071231563402044, 0.0 ], [ 7.725336873784129, 45.071313856427572, 0.0 ], [ 7.725453324975263, 45.07133449191479, 0.0 ], [ 7.725487220804379, 45.071332133038943, 0.0 ], [ 7.725523528931312, 45.071324023294004, 0.0 ], [ 7.725553626989682, 45.071298785280447, 0.0 ], [ 7.725559918675742, 45.071303185214454, 0.0 ], [ 7.725580470924625, 45.071317573778899, 0.0 ], [ 7.725552585281118, 45.071347347327837, 0.0 ], [ 7.725548171462887, 45.071363051127243, 0.0 ], [ 7.725548444864044, 45.071372973761903, 0.0 ], [ 7.725559499353797, 45.071384349324006, 0.0 ], [ 7.725621912407943, 45.071456915877128, 0.0 ], [ 7.725690179135497, 45.071502190644146, 0.0 ], [ 7.725776876082615, 45.071539516930414, 0.0 ], [ 7.725850539735995, 45.071596887813755, 0.0 ], [ 7.725898407453975, 45.071644321117553, 0.0 ], [ 7.725946060441784, 45.071678041545148, 0.0 ], [ 7.726075443043328, 45.071754848408744, 0.0 ], [ 7.726101171677405, 45.071769493407707, 0.0 ], [ 7.726148044292481, 45.071793680760024, 0.0 ], [ 7.726172361879097, 45.071807842707933, 0.0 ], [ 7.726255520988223, 45.071861609879086, 0.0 ], [ 7.726370454899043, 45.071934015630269, 0.0 ], [ 7.726467715587384, 45.071990028713344, 0.0 ], [ 7.726530715943167, 45.072024812082674, 0.0 ], [ 7.726575652057789, 45.072052740465345, 0.0 ], [ 7.726628140260966, 45.072083167850849, 0.0 ], [ 7.72663406736913, 45.072086842342443, 0.0 ], [ 7.726733425638569, 45.072148533207347, 0.0 ], [ 7.726783424547536, 45.072177284104257, 0.0 ], [ 7.726950695405762, 45.072283722361057, 0.0 ], [ 7.726974518577601, 45.072300110044097, 0.0 ], [ 7.726996680269269, 45.07231762162484, 0.0 ], [ 7.727069040025099, 45.072379450883908, 0.0 ], [ 7.727090848674793, 45.072399597906298, 0.0 ], [ 7.727149424703215, 45.072456943748577, 0.0 ], [ 7.727188215139678, 45.072492680365471, 0.0 ], [ 7.727247221153227, 45.072557494068043, 0.0 ], [ 7.727274186250483, 45.072589759872827, 0.0 ], [ 7.727334659216647, 45.072649728573587, 0.0 ], [ 7.727352515597243, 45.07267460043019, 0.0 ], [ 7.727387413452007, 45.072706100175949, 0.0 ], [ 7.727396695183716, 45.072715492441915, 0.0 ], [ 7.727401824565448, 45.072724191374149, 0.0 ], [ 7.727403107725458, 45.07273328937886, 0.0 ], [ 7.727398635468663, 45.072749973821544, 0.0 ], [ 7.727384855163832, 45.072777797656897, 0.0 ], [ 7.727378793716669, 45.072801934750849, 0.0 ], [ 7.727382683403398, 45.072832224965772, 0.0 ], [ 7.727400927854918, 45.072853320676998, 0.0 ], [ 7.727425520328278, 45.072868231640165, 0.0 ], [ 7.727458166240026, 45.072879325551618, 0.0 ], [ 7.727497687662933, 45.072883357614721, 0.0 ], [ 7.727571833158049, 45.07294485552562, 0.0 ], [ 7.727680836153234, 45.073051760471834, 0.0 ], [ 7.727818712591655, 45.073200096172791, 0.0 ], [ 7.727839683776532, 45.073223653296104, 0.0 ], [ 7.727873606174509, 45.073266511482039, 0.0 ], [ 7.727908982546771, 45.073305072895643, 0.0 ], [ 7.727942477067073, 45.073345935767009, 0.0 ], [ 7.727984355847857, 45.073393823549765, 0.0 ], [ 7.728037928425501, 45.073463112500093, 0.0 ], [ 7.72805158784759, 45.073482410567181, 0.0 ], [ 7.728090745976488, 45.073553852759922, 0.0 ], [ 7.728141525451328, 45.073634497666461, 0.0 ], [ 7.728170023241342, 45.07368540506328, 0.0 ], [ 7.728235880886759, 45.073770178539796, 0.0 ], [ 7.72826112171623, 45.07380114663539, 0.0 ], [ 7.728272056031504, 45.073816256225534, 0.0 ], [ 7.728281543797429, 45.073831845072355, 0.0 ], [ 7.728290733716848, 45.073849366791599, 0.0 ], [ 7.728316390439963, 45.073902843869298, 0.0 ], [ 7.728323720302497, 45.073916093946394, 0.0 ], [ 7.72833189117039, 45.07392911249697, 0.0 ], [ 7.728350542003513, 45.073953093770506, 0.0 ], [ 7.728369018087203, 45.07399420267317, 0.0 ], [ 7.728378303345225, 45.074023418659017, 0.0 ], [ 7.728388230277665, 45.074049030224295, 0.0 ], [ 7.728395825929265, 45.074061131775487, 0.0 ], [ 7.728405622407661, 45.074072457276344, 0.0 ], [ 7.728426686434331, 45.074093063492491, 0.0 ], [ 7.728436371112842, 45.074103811778912, 0.0 ], [ 7.728454986874948, 45.074128197450989, 0.0 ], [ 7.728461383281258, 45.074142248549336, 0.0 ], [ 7.728474877169093, 45.074193716901853, 0.0 ], [ 7.728480065538184, 45.074207232011489, 0.0 ], [ 7.728487577434112, 45.074220288040188, 0.0 ], [ 7.728505268837832, 45.074235959158436, 0.0 ], [ 7.728513273641629, 45.074252521754808, 0.0 ], [ 7.728524505832011, 45.074270775285342, 0.0 ], [ 7.728541358905369, 45.074288777154678, 0.0 ], [ 7.728555073417962, 45.074308517708992, 0.0 ], [ 7.728559890225958, 45.074318185276844, 0.0 ], [ 7.728563468910145, 45.074328154210406, 0.0 ], [ 7.728566157399247, 45.074339823473032, 0.0 ], [ 7.728566354852502, 45.074351465452487, 0.0 ], [ 7.728562446916583, 45.07436671630267, 0.0 ], [ 7.72856078112619, 45.074383448788168, 0.0 ], [ 7.728528379734734, 45.074453545682928, 0.0 ], [ 7.728526520731612, 45.074474984272754, 0.0 ], [ 7.728536368741111, 45.074505745590365, 0.0 ], [ 7.728552047674666, 45.074521195511629, 0.0 ], [ 7.728572698203931, 45.074532966510908, 0.0 ], [ 7.728594149442813, 45.074542980938638, 0.0 ], [ 7.728637589993673, 45.074661881910359, 0.0 ], [ 7.728642480846901, 45.074679652773774, 0.0 ], [ 7.728629151510655, 45.074783509377568, 0.0 ], [ 7.728635133008858, 45.074841979541446, 0.0 ], [ 7.728647148186051, 45.074884007194164, 0.0 ], [ 7.728643520214651, 45.074931875277038, 0.0 ], [ 7.728653272700152, 45.074948132659209, 0.0 ], [ 7.728659905852537, 45.074993241490063, 0.0 ], [ 7.728659933269759, 45.075011543227433, 0.0 ], [ 7.728649629958546, 45.075111761730419, 0.0 ], [ 7.728625246928394, 45.075236848588887, 0.0 ], [ 7.728628590208313, 45.075290545348004, 0.0 ], [ 7.728633294609775, 45.075313354295105, 0.0 ], [ 7.728632606264132, 45.075330647818404, 0.0 ], [ 7.728639725494495, 45.075355625866706, 0.0 ], [ 7.728612763042457, 45.075355163568965, 0.0 ], [ 7.728612796447221, 45.075360573137175, 0.0 ], [ 7.728310358058164, 45.075354604060593, 0.0 ], [ 7.728310209996195, 45.075346384472361, 0.0 ], [ 7.728285436952895, 45.07534586497502, 0.0 ], [ 7.728268477603691, 45.075325701106919, 0.0 ], [ 7.728238217767395, 45.075325607257554, 0.0 ], [ 7.728223098479445, 45.075344612401949, 0.0 ], [ 7.728194943192445, 45.075344137626125, 0.0 ], [ 7.72819488665175, 45.075352418781122, 0.0 ], [ 7.72806972070129, 45.075349025993042, 0.0 ], [ 7.728064645069812, 45.075431731608809, 0.0 ], [ 7.728058593588784, 45.075530422559005, 0.0 ], [ 7.728190682562629, 45.075533829072626, 0.0 ], [ 7.728190298569045, 45.075539125771826, 0.0 ], [ 7.728218020035532, 45.075539686730743, 0.0 ], [ 7.728218226511179, 45.07554754834868, 0.0 ], [ 7.728229803131407, 45.075563447537249, 0.0 ], [ 7.728262645153182, 45.075564048307555, 0.0 ], [ 7.728277089201521, 45.075548059010657, 0.0 ], [ 7.728277247717017, 45.075540913265492, 0.0 ], [ 7.728308347076059, 45.075541539895305, 0.0 ], [ 7.728308479962912, 45.075536067880911, 0.0 ], [ 7.728609056741392, 45.075541764476228, 0.0 ], [ 7.728608594901045, 45.075547691518807, 0.0 ], [ 7.728617751784137, 45.075547873616848, 0.0 ], [ 7.728616772797166, 45.075632129080468, 0.0 ], [ 7.728609936338231, 45.075659696192574, 0.0 ], [ 7.728603115306946, 45.075693944145385, 0.0 ], [ 7.728605689863495, 45.07572850409224, 0.0 ], [ 7.728610984662722, 45.075749906410948, 0.0 ], [ 7.728611187646847, 45.075760809473117, 0.0 ], [ 7.728602997540479, 45.075814458867924, 0.0 ], [ 7.728603594704548, 45.075841388786124, 0.0 ], [ 7.72860116065953, 45.075878323618007, 0.0 ], [ 7.728594831902059, 45.075902475899895, 0.0 ], [ 7.728589340605207, 45.075932435660071, 0.0 ], [ 7.728589008189991, 45.075961687620818, 0.0 ], [ 7.728580780157876, 45.076063523077792, 0.0 ], [ 7.728575656224981, 45.076163304309752, 0.0 ], [ 7.728555984137363, 45.076332516798978, 0.0 ], [ 7.728557978028552, 45.076379599361694, 0.0 ], [ 7.728520214099238, 45.076404410469294, 0.0 ], [ 7.728505511266818, 45.076415464067544, 0.0 ], [ 7.72849132659162, 45.076445020925362, 0.0 ], [ 7.728463651863387, 45.076485291691377, 0.0 ], [ 7.728445441638441, 45.076504937573887, 0.0 ], [ 7.728412996298856, 45.076538000450448, 0.0 ], [ 7.728416597969741, 45.076553765983391, 0.0 ], [ 7.728404457324923, 45.07656898763296, 0.0 ], [ 7.728396015442359, 45.07658534082163, 0.0 ], [ 7.728390361891312, 45.076595035788344, 0.0 ], [ 7.728394127236105, 45.076601117669533, 0.0 ], [ 7.728416220457583, 45.076621751640701, 0.0 ], [ 7.728403924716252, 45.076657793749199, 0.0 ], [ 7.728393127187534, 45.076669681869213, 0.0 ], [ 7.728385775053987, 45.076686748585274, 0.0 ], [ 7.728383632048087, 45.076702026775088, 0.0 ], [ 7.728386107328411, 45.076724981610745, 0.0 ], [ 7.728390874764051, 45.07673227277008, 0.0 ], [ 7.72840149816808, 45.076740249028425, 0.0 ], [ 7.728414668214683, 45.076745059112959, 0.0 ], [ 7.728446036010427, 45.07674960363655, 0.0 ], [ 7.728454961687127, 45.076751574465142, 0.0 ], [ 7.728463912671681, 45.076758137911682, 0.0 ], [ 7.728465306776383, 45.076761726510625, 0.0 ], [ 7.728464019780392, 45.076774485776781, 0.0 ], [ 7.728431440280184, 45.076816557960093, 0.0 ], [ 7.728400178505461, 45.076865602138987, 0.0 ], [ 7.728373653484943, 45.076897505189429, 0.0 ], [ 7.728349767907648, 45.076917592278029, 0.0 ], [ 7.72832990763807, 45.076931494966338, 0.0 ], [ 7.728316193938321, 45.076948338237358, 0.0 ], [ 7.7283028978128, 45.076962980096681, 0.0 ], [ 7.728250867829947, 45.077016401129036, 0.0 ], [ 7.728224747686419, 45.077046150137264, 0.0 ], [ 7.7281820700727, 45.077104024025274, 0.0 ], [ 7.728156495196847, 45.07713500211365, 0.0 ], [ 7.728099389972678, 45.077201213045441, 0.0 ], [ 7.728048312514912, 45.077247776011632, 0.0 ], [ 7.728005604858223, 45.077274414636264, 0.0 ], [ 7.727981132092872, 45.077302604822208, 0.0 ], [ 7.727915888579655, 45.077358931763179, 0.0 ], [ 7.727837088486099, 45.077410605861971, 0.0 ], [ 7.727717165667072, 45.077514266378031, 0.0 ], [ 7.727588868076123, 45.077647745666873, 0.0 ], [ 7.727546928375309, 45.077688478495894, 0.0 ], [ 7.727465503639516, 45.077760467109961, 0.0 ], [ 7.727424560697176, 45.077804857882789, 0.0 ], [ 7.727413016034616, 45.077814397038743, 0.0 ], [ 7.727386832776968, 45.077833278762654, 0.0 ], [ 7.727378300913643, 45.077842177266696, 0.0 ], [ 7.727372387950039, 45.077852057656266, 0.0 ], [ 7.727361332287646, 45.077864239838746, 0.0 ], [ 7.727349055480206, 45.0778758682156, 0.0 ], [ 7.727329984659631, 45.077890715471518, 0.0 ], [ 7.727309676873418, 45.077904684988255, 0.0 ], [ 7.727281914090942, 45.077921938007663, 0.0 ], [ 7.727261423629688, 45.077940766328268, 0.0 ], [ 7.727211934619361, 45.077990679254675, 0.0 ], [ 7.727101127430446, 45.078119689508263, 0.0 ], [ 7.727063879178061, 45.078157891660055, 0.0 ], [ 7.727028571457547, 45.078182496453351, 0.0 ], [ 7.72701822255028, 45.078190762030481, 0.0 ], [ 7.727008227496174, 45.078199238029924, 0.0 ], [ 7.726977412113525, 45.078229760771357, 0.0 ], [ 7.72692760362119, 45.078267130516117, 0.0 ], [ 7.726908934067558, 45.078283466917803, 0.0 ], [ 7.726891278201591, 45.078300374283408, 0.0 ], [ 7.726864009757748, 45.078330288123425, 0.0 ], [ 7.72683220159585, 45.078360413514709, 0.0 ], [ 7.726804843441448, 45.078389759882569, 0.0 ], [ 7.726779322878803, 45.078419901480004, 0.0 ], [ 7.726706633262063, 45.078473759325348, 0.0 ], [ 7.72665355257236, 45.07851030775317, 0.0 ], [ 7.726626032982102, 45.078533766281524, 0.0 ], [ 7.726601350153784, 45.078558785102778, 0.0 ], [ 7.726556112767819, 45.078609465109601, 0.0 ], [ 7.726525843508049, 45.078639462678602, 0.0 ], [ 7.726478961438078, 45.078692077254821, 0.0 ], [ 7.726395783370101, 45.07876855546467, 0.0 ], [ 7.726320278815572, 45.078836486500585, 0.0 ], [ 7.726301070881823, 45.078855176809199, 0.0 ], [ 7.726258369063578, 45.078906109568202, 0.0 ], [ 7.726228122459381, 45.078947584072147, 0.0 ], [ 7.726200499931026, 45.078990008389354, 0.0 ], [ 7.726152432799395, 45.079067336313173, 0.0 ], [ 7.726125943041912, 45.079103875932766, 0.0 ], [ 7.726096981922967, 45.079139578362721, 0.0 ], [ 7.726073822490553, 45.079164642136071, 0.0 ], [ 7.726048023786883, 45.079188343858796, 0.0 ], [ 7.726034880527375, 45.079196603980385, 0.0 ], [ 7.726020525627062, 45.079203997047721, 0.0 ], [ 7.726012378119123, 45.079209874554337, 0.0 ], [ 7.725982837302936, 45.079244767666289, 0.0 ], [ 7.725943558714262, 45.079280454561591, 0.0 ], [ 7.725891950088243, 45.07933131361375, 0.0 ], [ 7.72573657613956, 45.079497048872533, 0.0 ], [ 7.72568860940209, 45.07954638358158, 0.0 ], [ 7.725651027162412, 45.079588082161195, 0.0 ], [ 7.725618321014173, 45.079611680889187, 0.0 ], [ 7.725588199759661, 45.079638970732063, 0.0 ], [ 7.725568212298011, 45.07965843465972, 0.0 ], [ 7.725542622230809, 45.079677907144678, 0.0 ], [ 7.72553134502926, 45.079696541389652, 0.0 ], [ 7.725496606591959, 45.079741746924661, 0.0 ], [ 7.725467012129414, 45.079770546828293, 0.0 ], [ 7.725460181272616, 45.079781127772343, 0.0 ], [ 7.725426135042815, 45.079862655410018, 0.0 ], [ 7.725420520236669, 45.079872927075868, 0.0 ], [ 7.725413111172327, 45.079882665234749, 0.0 ], [ 7.725379557042877, 45.079918116524773, 0.0 ], [ 7.725362837037065, 45.079934655098988, 0.0 ], [ 7.725329252310091, 45.079964553301537, 0.0 ], [ 7.725322444298316, 45.07997582909276, 0.0 ], [ 7.725317975028289, 45.079987697447727, 0.0 ], [ 7.72530744839532, 45.080024046028051, 0.0 ], [ 7.725299695496211, 45.080033293577266, 0.0 ], [ 7.725289696502758, 45.080041805603926, 0.0 ], [ 7.725284651472569, 45.080048123402726, 0.0 ], [ 7.725275373145264, 45.080067193344462, 0.0 ], [ 7.725270285106878, 45.080086796373429, 0.0 ], [ 7.725207965211125, 45.080188477301981, 0.0 ], [ 7.725168977324904, 45.080248254963841, 0.0 ], [ 7.725138041486067, 45.080289874522649, 0.0 ], [ 7.725108222439698, 45.080341824576877, 0.0 ], [ 7.725048029041884, 45.080434680014676, 0.0 ], [ 7.725038096296617, 45.080445380705363, 0.0 ], [ 7.725019142314761, 45.080459535178306, 0.0 ], [ 7.72500140514164, 45.080474353007517, 0.0 ], [ 7.724988068585161, 45.080488984059045, 0.0 ], [ 7.724928162400542, 45.080555782886641, 0.0 ], [ 7.724833699664408, 45.080670472353376, 0.0 ], [ 7.724825212497422, 45.080678416198786, 0.0 ], [ 7.724809373459288, 45.080688519321654, 0.0 ], [ 7.724792109862451, 45.080697500334637, 0.0 ], [ 7.724794277424006, 45.080709091860534, 0.0 ], [ 7.72479508500358, 45.080720766910183, 0.0 ], [ 7.724792445122049, 45.080741206415027, 0.0 ], [ 7.724783053131368, 45.080761293400428, 0.0 ], [ 7.724767382250964, 45.080775241339055, 0.0 ], [ 7.724750131272581, 45.080805916305202, 0.0 ], [ 7.724726902784937, 45.080830636707674, 0.0 ], [ 7.724720504923693, 45.080840674548938, 0.0 ], [ 7.724715408232997, 45.080851031658149, 0.0 ], [ 7.724711350894692, 45.080870574174739, 0.0 ], [ 7.724706625112739, 45.080876813555051, 0.0 ], [ 7.724699660170475, 45.080882119603963, 0.0 ], [ 7.724683668977431, 45.080891014741077, 0.0 ], [ 7.724666085922912, 45.080897172559183, 0.0 ], [ 7.724658864997947, 45.080910478596643, 0.0 ], [ 7.724659995871408, 45.080920806997383, 0.0 ], [ 7.724678903304198, 45.080924123037605, 0.0 ], [ 7.724677004658763, 45.080932933313363, 0.0 ], [ 7.724673460759066, 45.080941463493801, 0.0 ], [ 7.724628224471808, 45.081007355116775, 0.0 ], [ 7.724614802518975, 45.08102185023413, 0.0 ], [ 7.724599781362799, 45.081035689940975, 0.0 ], [ 7.724591618169911, 45.08104567183333, 0.0 ], [ 7.724573282425904, 45.081077639182489, 0.0 ], [ 7.724557625721806, 45.081109239343142, 0.0 ], [ 7.724540728724737, 45.081140511855089, 0.0 ], [ 7.724518206999576, 45.081172234564157, 0.0 ], [ 7.724465702099688, 45.081236983559897, 0.0 ], [ 7.724393162989585, 45.081324453193631, 0.0 ], [ 7.724369125741116, 45.08135571655356, 0.0 ], [ 7.724346574648782, 45.081387601908816, 0.0 ], [ 7.724329625566797, 45.08141333737764, 0.0 ], [ 7.72431521104693, 45.081439856887862, 0.0 ], [ 7.724304593421585, 45.081465348838982, 0.0 ], [ 7.724296647669313, 45.081491256426972, 0.0 ], [ 7.724290615193184, 45.081515682534068, 0.0 ], [ 7.724281515541707, 45.081539706698429, 0.0 ], [ 7.724270701436261, 45.081560298928217, 0.0 ], [ 7.724244586903061, 45.081603304246819, 0.0 ], [ 7.724228429100684, 45.08162538626528, 0.0 ], [ 7.724218717987023, 45.081634756305178, 0.0 ], [ 7.724207199269243, 45.081643070587226, 0.0 ], [ 7.724182468022001, 45.081658727977647, 0.0 ], [ 7.724167726786953, 45.081670201685746, 0.0 ], [ 7.724117228833332, 45.081719490229254, 0.0 ], [ 7.72406908944347, 45.081770144949402, 0.0 ], [ 7.724046117823952, 45.081795813080426, 0.0 ], [ 7.724025993009237, 45.081822565785203, 0.0 ], [ 7.723998083785228, 45.081876553210527, 0.0 ], [ 7.72398327046654, 45.081902140878974, 0.0 ], [ 7.723967323328092, 45.081927383517673, 0.0 ], [ 7.723955363062461, 45.081940627039273, 0.0 ], [ 7.723942020150357, 45.081953305405413, 0.0 ], [ 7.723935004429477, 45.081962461932804, 0.0 ], [ 7.723893827076337, 45.08203488909642, 0.0 ], [ 7.723888744509419, 45.082040035914979, 0.0 ], [ 7.723881426016882, 45.082043959175358, 0.0 ], [ 7.723875720620986, 45.082046335573445, 0.0 ], [ 7.723864831349363, 45.082050859191995, 0.0 ], [ 7.723856145049507, 45.082056909378053, 0.0 ], [ 7.723840590589881, 45.082076998049722, 0.0 ], [ 7.723818845010789, 45.082113842346494, 0.0 ], [ 7.723744345263331, 45.082195006542548, 0.0 ], [ 7.723725314755159, 45.082222258186825, 0.0 ], [ 7.723706225349773, 45.08226590201285, 0.0 ], [ 7.723688328802353, 45.082290734770226, 0.0 ], [ 7.723665713310179, 45.082313509766436, 0.0 ], [ 7.723632474371638, 45.082339170818607, 0.0 ], [ 7.723601082921471, 45.082358929842776, 0.0 ], [ 7.7234916732565, 45.082484873509522, 0.0 ], [ 7.723346417834985, 45.082702828968834, 0.0 ], [ 7.723247513464744, 45.082966905226307, 0.0 ], [ 7.723108870528105, 45.083202668343461, 0.0 ], [ 7.723043293593514, 45.083345296661271, 0.0 ], [ 7.72302641471004, 45.083452164661729, 0.0 ], [ 7.721951138662501, 45.084884417700849, 0.0 ], [ 7.721546191450873, 45.085462629349067, 0.0 ], [ 7.72135966568012, 45.085765168323249, 0.0 ], [ 7.721232494521643, 45.085944103922252, 0.0 ], [ 7.721200540886236, 45.085984289174718, 0.0 ], [ 7.721157184419527, 45.086143764947145, 0.0 ], [ 7.721124928966799, 45.086208351075804, 0.0 ], [ 7.721096238998723, 45.086273786739177, 0.0 ], [ 7.721014925818143, 45.08640993636773, 0.0 ], [ 7.721018450436269, 45.086422758930297, 0.0 ], [ 7.721016260305188, 45.086450351768825, 0.0 ], [ 7.721010941005031, 45.086464901883453, 0.0 ], [ 7.721001151171819, 45.086487331866785, 0.0 ], [ 7.720989799879073, 45.086509214580133, 0.0 ], [ 7.720960991943226, 45.086545699369807, 0.0 ], [ 7.720909259817533, 45.086667057076127, 0.0 ], [ 7.720834410772077, 45.086896078706403, 0.0 ], [ 7.720699812141903, 45.08733580753529, 0.0 ], [ 7.720690543144363, 45.087431068093281, 0.0 ], [ 7.720676923198388, 45.087743491335921, 0.0 ], [ 7.720635948647621, 45.088083594485738, 0.0 ], [ 7.720639259082428, 45.088251135632277, 0.0 ], [ 7.720660366198881, 45.088803781779895, 0.0 ], [ 7.720665259607877, 45.088860142197873, 0.0 ], [ 7.720692068004748, 45.088977527875734, 0.0 ], [ 7.720765088670032, 45.089297267251524, 0.0 ], [ 7.720884370124803, 45.089770005686205, 0.0 ], [ 7.721125007388494, 45.090410320725773, 0.0 ], [ 7.721398250069903, 45.090962151315203, 0.0 ], [ 7.721604436940931, 45.091254261293329, 0.0 ], [ 7.721807830959774, 45.091542424690452, 0.0 ], [ 7.721864595167791, 45.091619457396781, 0.0 ], [ 7.721913140518521, 45.091674065400433, 0.0 ], [ 7.722025713982198, 45.091778663968668, 0.0 ], [ 7.722194847658073, 45.091928535813047, 0.0 ], [ 7.722249197638904, 45.091977079034677, 0.0 ], [ 7.722304564795904, 45.092025046779021, 0.0 ], [ 7.722366424801023, 45.092076427920375, 0.0 ], [ 7.722488985256242, 45.092175476372219, 0.0 ], [ 7.72251964684816, 45.092199063115622, 0.0 ], [ 7.722551778245071, 45.092221610810249, 0.0 ], [ 7.722678275039959, 45.092304321143452, 0.0 ], [ 7.722750822971571, 45.092352904672111, 0.0 ], [ 7.722824728050533, 45.092400431549429, 0.0 ], [ 7.722900267510776, 45.092443756083462, 0.0 ], [ 7.722976777278774, 45.092486199849894, 0.0 ], [ 7.723119671333009, 45.092567047753661, 0.0 ], [ 7.72318956926744, 45.092602883047753, 0.0 ], [ 7.723330681577654, 45.092669047202001, 0.0 ], [ 7.723400483772354, 45.092700641251817, 0.0 ], [ 7.723474302422372, 45.092732179636094, 0.0 ], [ 7.723620807888663, 45.092791897398115, 0.0 ], [ 7.723693968999672, 45.09281936031114, 0.0 ], [ 7.723765030531204, 45.092843423615008, 0.0 ], [ 7.724023957683035, 45.092925325349178, 0.0 ], [ 7.724081750942352, 45.092942651463112, 0.0 ], [ 7.724147608631405, 45.092960714706571, 0.0 ], [ 7.724356594646586, 45.093016852877085, 0.0 ], [ 7.724394897245105, 45.09302599494093, 0.0 ], [ 7.724453299594991, 45.093037593377908, 0.0 ], [ 7.724591156481611, 45.093062879071653, 0.0 ], [ 7.724670506707775, 45.093076629435984, 0.0 ], [ 7.72476208110603, 45.093091056001008, 0.0 ], [ 7.724854151533714, 45.093103705347609, 0.0 ], [ 7.724922720517028, 45.093111897437495, 0.0 ], [ 7.72504959666899, 45.093126438572696, 0.0 ], [ 7.725108037904598, 45.09313178979081, 0.0 ], [ 7.725432972570021, 45.093148100533057, 0.0 ], [ 7.725510081332926, 45.09315115681234, 0.0 ], [ 7.725587260568698, 45.093152252285051, 0.0 ], [ 7.725755031869835, 45.093150766564762, 0.0 ], [ 7.725913204183861, 45.093148328115106, 0.0 ], [ 7.726068608946144, 45.09314003371815, 0.0 ], [ 7.726237113062481, 45.093134740149793, 0.0 ], [ 7.726304899011879, 45.093131984774658, 0.0 ], [ 7.726372635959658, 45.093128500253322, 0.0 ], [ 7.726453543310346, 45.093123039387429, 0.0 ], [ 7.726607632772383, 45.093110526220578, 0.0 ], [ 7.726680854613544, 45.093103843407206, 0.0 ], [ 7.726754151016553, 45.093096594922145, 0.0 ], [ 7.726827020611978, 45.09308752362876, 0.0 ], [ 7.727258452826804, 45.093023668715041, 0.0 ], [ 7.727326789934788, 45.093013187271083, 0.0 ], [ 7.72739462617344, 45.093001223162084, 0.0 ], [ 7.72781518591392, 45.09291704499563, 0.0 ], [ 7.727932666043467, 45.092887675930392, 0.0 ], [ 7.728073173011028, 45.092854889644819, 0.0 ], [ 7.728268795633207, 45.092811817149652, 0.0 ], [ 7.728527660019923, 45.092756405527595, 0.0 ], [ 7.72889403715311, 45.092655749335442, 0.0 ], [ 7.728906851330991, 45.092660716133892, 0.0 ], [ 7.729043567112914, 45.092886444465471, 0.0 ], [ 7.729036494121377, 45.092892566874518, 0.0 ], [ 7.72903589936654, 45.09290047388663, 0.0 ], [ 7.729041990969341, 45.092907094646762, 0.0 ], [ 7.729052439510163, 45.092909892436737, 0.0 ], [ 7.729059815799747, 45.092909030441099, 0.0 ], [ 7.729195974169308, 45.093131294775887, 0.0 ], [ 7.729187277728848, 45.093135473810293, 0.0 ], [ 7.729184147824249, 45.093142568355475, 0.0 ], [ 7.729187919419709, 45.093149514663338, 0.0 ], [ 7.729196961744912, 45.093153287975412, 0.0 ], [ 7.729208495510182, 45.093151804353695, 0.0 ], [ 7.729284725018791, 45.093275877910656, 0.0 ], [ 7.729413723177815, 45.093233195860115, 0.0 ], [ 7.729619872394921, 45.093184170624383, 0.0 ], [ 7.729261254566427, 45.092599695134574, 0.0 ], [ 7.729275729558193, 45.092566442546584, 0.0 ], [ 7.729349633182624, 45.092543355586123, 0.0 ], [ 7.72937410715944, 45.092564008563372, 0.0 ], [ 7.729399020539953, 45.092559198991204, 0.0 ], [ 7.729446444022074, 45.092557665955823, 0.0 ], [ 7.729591322004435, 45.092520227700767, 0.0 ], [ 7.729628536122143, 45.092506868813295, 0.0 ], [ 7.729668591981627, 45.092498916747488, 0.0 ], [ 7.729790307047493, 45.092491124100441, 0.0 ], [ 7.729823363219126, 45.092484723755618, 0.0 ], [ 7.730030753648351, 45.092396175112142, 0.0 ], [ 7.730006125061949, 45.092364638348698, 0.0 ], [ 7.73003096994087, 45.092354895496975, 0.0 ], [ 7.730155862574088, 45.092278851531233, 0.0 ], [ 7.730229291224068, 45.092240358445935, 0.0 ], [ 7.730298604926905, 45.092221856530863, 0.0 ], [ 7.730606039430699, 45.092179004863809, 0.0 ], [ 7.730868443865748, 45.09213459144506, 0.0 ], [ 7.73100816287431, 45.092093034222785, 0.0 ], [ 7.73113448989229, 45.09209091837316, 0.0 ], [ 7.731287916941803, 45.092062738136526, 0.0 ], [ 7.73143444927019, 45.092040664573155, 0.0 ], [ 7.73155624373315, 45.09202345579795, 0.0 ], [ 7.73167686701041, 45.091979363213035, 0.0 ], [ 7.731919758708753, 45.091851248767369, 0.0 ], [ 7.73203797703532, 45.091821055493526, 0.0 ], [ 7.732311738594416, 45.091765232881862, 0.0 ], [ 7.732433000335091, 45.091723262531147, 0.0 ], [ 7.732511620721582, 45.091696985169079, 0.0 ], [ 7.732624667161734, 45.09164901027566, 0.0 ], [ 7.732772070693489, 45.091578775507422, 0.0 ], [ 7.733046228864516, 45.0914962302097, 0.0 ], [ 7.733266228093813, 45.091446911010578, 0.0 ], [ 7.733338969744617, 45.091434781795265, 0.0 ], [ 7.733748326358828, 45.091267793805777, 0.0 ], [ 7.734143075335128, 45.09109698829463, 0.0 ], [ 7.734319605533159, 45.091024258418543, 0.0 ], [ 7.734453854294616, 45.090978775290374, 0.0 ], [ 7.735206814409703, 45.090775433228011, 0.0 ], [ 7.735608864820628, 45.0906602619579, 0.0 ], [ 7.735746607906673, 45.090626760483268, 0.0 ], [ 7.736072818517814, 45.090578404792915, 0.0 ], [ 7.736493801874229, 45.090518008134239, 0.0 ], [ 7.736643048748242, 45.090498632168824, 0.0 ], [ 7.736816624822209, 45.090479037471589, 0.0 ], [ 7.736953924502952, 45.090466208233742, 0.0 ], [ 7.737093499464887, 45.09044869439218, 0.0 ], [ 7.737259507688131, 45.090407421157011, 0.0 ], [ 7.737354031816596, 45.090379634608752, 0.0 ], [ 7.737534738778691, 45.090338586439664, 0.0 ], [ 7.737563428038096, 45.090334195824838, 0.0 ], [ 7.737640245399854, 45.090348682565242, 0.0 ], [ 7.737803097573821, 45.090356108818696, 0.0 ], [ 7.738002844954556, 45.090374285519161, 0.0 ], [ 7.738165572752662, 45.090387335956102, 0.0 ], [ 7.738346118280738, 45.090389330872917, 0.0 ], [ 7.738491891388502, 45.090379473230264, 0.0 ], [ 7.738677531269143, 45.090384412783813, 0.0 ], [ 7.738919730900374, 45.090395316121906, 0.0 ], [ 7.739195464602505, 45.090420793177799, 0.0 ], [ 7.739323709663865, 45.090430652493382, 0.0 ], [ 7.739524495949885, 45.090483143700986, 0.0 ], [ 7.740108731500595, 45.090574692728971, 0.0 ], [ 7.740280291323186, 45.09064676354258, 0.0 ], [ 7.740381757440781, 45.090687552437437, 0.0 ], [ 7.740593936047578, 45.090744957175133, 0.0 ], [ 7.74067138285255, 45.090758611131655, 0.0 ], [ 7.740727077375452, 45.090772089457275, 0.0 ], [ 7.740774179459756, 45.090797228670731, 0.0 ], [ 7.740896361031034, 45.090839154769235, 0.0 ], [ 7.741196265527787, 45.090926006935462, 0.0 ], [ 7.741497661837189, 45.090990090623244, 0.0 ], [ 7.741630144888433, 45.091029312128043, 0.0 ], [ 7.741713503170674, 45.091075806196557, 0.0 ], [ 7.74180411417059, 45.091113865613302, 0.0 ], [ 7.741905236364985, 45.091147260072837, 0.0 ], [ 7.741969522101606, 45.091154367778849, 0.0 ], [ 7.742021116063476, 45.091168861666546, 0.0 ], [ 7.74206890432055, 45.091217205441851, 0.0 ], [ 7.742096810814314, 45.091239738679612, 0.0 ], [ 7.742166112283452, 45.091280091969246, 0.0 ], [ 7.742275359278766, 45.091314348529721, 0.0 ], [ 7.742353891089762, 45.091341733217426, 0.0 ], [ 7.742428447047768, 45.091382422238105, 0.0 ], [ 7.742875139948917, 45.091548886247594, 0.0 ], [ 7.742916665987078, 45.091574620204106, 0.0 ], [ 7.743425848734873, 45.091185390392695, 0.0 ], [ 7.743849155454789, 45.09087392526358, 0.0 ], [ 7.743946266506749, 45.09074414524548, 0.0 ], [ 7.743943530945924, 45.090738560170749, 0.0 ], [ 7.743970127962378, 45.090694529214908, 0.0 ], [ 7.743995339600311, 45.090668467436636, 0.0 ], [ 7.743996951877551, 45.090619849167538, 0.0 ], [ 7.743980397194949, 45.09044692325724, 0.0 ], [ 7.743985807410673, 45.09040012853999, 0.0 ], [ 7.744013221085205, 45.090298477431837, 0.0 ], [ 7.744087770345084, 45.090181689983453, 0.0 ], [ 7.744128204080901, 45.090036873259855, 0.0 ], [ 7.744222941471783, 45.08993996708621, 0.0 ], [ 7.744327084392884, 45.089772862083656, 0.0 ], [ 7.744373133080459, 45.08973070942303, 0.0 ], [ 7.744404273164622, 45.08964168167099, 0.0 ], [ 7.744343118542373, 45.089483002299644, 0.0 ], [ 7.744353589669465, 45.089440728296815, 0.0 ], [ 7.744390719691822, 45.089403041357514, 0.0 ], [ 7.74449159027168, 45.089337663587926, 0.0 ], [ 7.744538907852782, 45.089295515752482, 0.0 ], [ 7.744588497295531, 45.089113812750909, 0.0 ], [ 7.744774638275792, 45.089030729802033, 0.0 ], [ 7.744837607363028, 45.088933707537748, 0.0 ], [ 7.744938761225362, 45.088834964074159, 0.0 ], [ 7.745009074022414, 45.088770438136123, 0.0 ], [ 7.745036049299349, 45.088730010858143, 0.0 ], [ 7.745124231361983, 45.088660091377207, 0.0 ], [ 7.745250192914912, 45.088640725831311, 0.0 ], [ 7.745485187366479, 45.088657746264062, 0.0 ], [ 7.745567925015806, 45.088640922977959, 0.0 ], [ 7.745649612871882, 45.088590789423058, 0.0 ], [ 7.745811065035916, 45.08840587620881, 0.0 ], [ 7.746034794332893, 45.088219377209398, 0.0 ], [ 7.74609124447642, 45.088144842205274, 0.0 ], [ 7.746155156930342, 45.088092839083146, 0.0 ], [ 7.74624431098277, 45.088064336426022, 0.0 ], [ 7.746398201015933, 45.088049570630041, 0.0 ], [ 7.746547088615421, 45.088021274298654, 0.0 ], [ 7.74660602913304, 45.087954850265959, 0.0 ], [ 7.746630532357095, 45.087903611515166, 0.0 ], [ 7.746725697793626, 45.087745478544541, 0.0 ], [ 7.746739187413755, 45.087636578945897, 0.0 ], [ 7.746695302707455, 45.087550896973603, 0.0 ], [ 7.746651874408786, 45.087403088168884, 0.0 ], [ 7.746656116241199, 45.087340978450683, 0.0 ], [ 7.746631676686216, 45.0872040370325, 0.0 ], [ 7.746657786917483, 45.087105988825002, 0.0 ], [ 7.746725595238546, 45.087041398551044, 0.0 ], [ 7.746828848592682, 45.086998539193708, 0.0 ], [ 7.74694491595716, 45.086938620176845, 0.0 ], [ 7.746959309512659, 45.086880140119824, 0.0 ], [ 7.746907826799412, 45.086792627476861, 0.0 ], [ 7.74693122086064, 45.086718881674493, 0.0 ], [ 7.746993907374407, 45.08666057156006, 0.0 ], [ 7.747051787850231, 45.08656173758731, 0.0 ], [ 7.747222827928586, 45.086456979486357, 0.0 ], [ 7.747305051661332, 45.086332119525593, 0.0 ], [ 7.74740387622573, 45.086253501191692, 0.0 ], [ 7.747608699545166, 45.086225557117906, 0.0 ], [ 7.747881311659627, 45.086144767658737, 0.0 ], [ 7.747982409966831, 45.086061466864486, 0.0 ], [ 7.748068069343938, 45.085999699119597, 0.0 ], [ 7.748098106308246, 45.085904395037076, 0.0 ], [ 7.748094831318013, 45.085841364249895, 0.0 ], [ 7.748166320406779, 45.085802946089338, 0.0 ], [ 7.74842484351354, 45.085736501895717, 0.0 ], [ 7.748445198638914, 45.085732989366214, 0.0 ], [ 7.748492347895422, 45.085716979708188, 0.0 ], [ 7.748530706588757, 45.085689232574687, 0.0 ], [ 7.748537160907654, 45.085677556236853, 0.0 ], [ 7.748508518915528, 45.085609009423642, 0.0 ], [ 7.748487476374363, 45.085543201128871, 0.0 ], [ 7.748522217455247, 45.085492028875137, 0.0 ], [ 7.748548087865793, 45.085439021989103, 0.0 ], [ 7.748569271687405, 45.085338281746999, 0.0 ], [ 7.748668152714854, 45.085216258113356, 0.0 ], [ 7.748797193574178, 45.085133965531469, 0.0 ], [ 7.748860145050727, 45.085054098865299, 0.0 ], [ 7.748896223445438, 45.084993929908627, 0.0 ], [ 7.749022115312224, 45.084983652620259, 0.0 ], [ 7.74912656835177, 45.084952579913747, 0.0 ], [ 7.749208371159894, 45.084896206770445, 0.0 ], [ 7.74924490279917, 45.084783824037132, 0.0 ], [ 7.749367583547651, 45.084702406141652, 0.0 ], [ 7.749519222318205, 45.084651720929301, 0.0 ], [ 7.749577971321738, 45.084467406348161, 0.0 ], [ 7.749749115989228, 45.084363680226389, 0.0 ], [ 7.749880412459284, 45.084314717956069, 0.0 ], [ 7.74997264594226, 45.084226871344072, 0.0 ], [ 7.750047181876361, 45.084129046311801, 0.0 ], [ 7.75011754207785, 45.084071718626639, 0.0 ], [ 7.750631919472594, 45.08380017625521, 0.0 ], [ 7.750749787846632, 45.083686324695044, 0.0 ], [ 7.75079219439238, 45.083630689448682, 0.0 ], [ 7.75092594907859, 45.083590726971188, 0.0 ], [ 7.751012288743561, 45.083598286361223, 0.0 ], [ 7.75116932981369, 45.083659263192878, 0.0 ], [ 7.751283874586466, 45.083637227700294, 0.0 ], [ 7.751383288998859, 45.083601623673275, 0.0 ], [ 7.751573589480733, 45.083486276580764, 0.0 ], [ 7.751765743771306, 45.08345196546248, 0.0 ], [ 7.75193716331331, 45.083402917317308, 0.0 ], [ 7.752191552086891, 45.083341776044428, 0.0 ], [ 7.752339866409637, 45.083270239450968, 0.0 ], [ 7.752506336374033, 45.083267070555415, 0.0 ], [ 7.752600162779549, 45.083227200593306, 0.0 ], [ 7.752639549923344, 45.08322439012786, 0.0 ], [ 7.75280604281179, 45.083226622537104, 0.0 ], [ 7.753053635792978, 45.083184516137145, 0.0 ], [ 7.753141345158741, 45.083186977176965, 0.0 ], [ 7.753279434514114, 45.083106461823874, 0.0 ], [ 7.753349318977045, 45.083101768958755, 0.0 ], [ 7.753475301292921, 45.083135622489131, 0.0 ], [ 7.753570576433343, 45.083127255490112, 0.0 ], [ 7.753713868847454, 45.083067436992721, 0.0 ], [ 7.753998535640245, 45.083065736527296, 0.0 ], [ 7.75426984467474, 45.083184729721914, 0.0 ], [ 7.754500050416352, 45.083218296803587, 0.0 ], [ 7.754585124692305, 45.083204551592381, 0.0 ], [ 7.754628351971492, 45.083206229304501, 0.0 ], [ 7.754680335167487, 45.083184480258801, 0.0 ], [ 7.754770113433906, 45.083098692666418, 0.0 ], [ 7.754800264658391, 45.083033784711759, 0.0 ], [ 7.754778434138133, 45.082990626331906, 0.0 ], [ 7.754873450613983, 45.082932746354672, 0.0 ], [ 7.754882086063504, 45.082884997307097, 0.0 ], [ 7.754952997754264, 45.082837088689843, 0.0 ], [ 7.755058259690418, 45.082795370333919, 0.0 ], [ 7.755181044459067, 45.082703198650769, 0.0 ], [ 7.755324341656073, 45.082644269296935, 0.0 ], [ 7.755469195833904, 45.082639365764791, 0.0 ], [ 7.755595070124484, 45.082650711451436, 0.0 ], [ 7.755662293511407, 45.082628012780894, 0.0 ], [ 7.755822010978989, 45.082550141653584, 0.0 ], [ 7.755908072223137, 45.082483270179353, 0.0 ], [ 7.756001883063974, 45.082439796553729, 0.0 ], [ 7.756065089124507, 45.08237569073971, 0.0 ], [ 7.756109442394925, 45.082351257021259, 0.0 ], [ 7.756186435878518, 45.082252005296347, 0.0 ], [ 7.756265109272711, 45.082229277938445, 0.0 ], [ 7.756510234696977, 45.082203375143351, 0.0 ], [ 7.756548200727884, 45.082173552617597, 0.0 ], [ 7.756606617592445, 45.082166184959583, 0.0 ], [ 7.756712095717654, 45.082164093163826, 0.0 ], [ 7.75681638577329, 45.082180001310356, 0.0 ], [ 7.756920379698276, 45.082139194316952, 0.0 ], [ 7.757336129625096, 45.082313878832693, 0.0 ], [ 7.757340864713618, 45.082315866095762, 0.0 ], [ 7.757805141176854, 45.082355780204551, 0.0 ], [ 7.758182528435338, 45.082348434363091, 0.0 ], [ 7.758394544991511, 45.08232483402319, 0.0 ], [ 7.759955720287466, 45.082375274199151, 0.0 ], [ 7.760482101842787, 45.082397759607929, 0.0 ], [ 7.761541915333196, 45.082512886333653, 0.0 ], [ 7.762235462692828, 45.082602907272928, 0.0 ], [ 7.762757840204695, 45.08260559746261, 0.0 ], [ 7.763085035525434, 45.082535472773195, 0.0 ], [ 7.763203597222244, 45.082520616329205, 0.0 ], [ 7.763324937443707, 45.08250542217651, 0.0 ], [ 7.76356410906871, 45.082401547606054, 0.0 ], [ 7.763808592980814, 45.082448888958702, 0.0 ], [ 7.764457051942361, 45.082604849036841, 0.0 ], [ 7.76506294184135, 45.082443241403205, 0.0 ], [ 7.765457523890956, 45.08212250149667, 0.0 ], [ 7.765631255965836, 45.081994843853366, 0.0 ], [ 7.765990888464705, 45.081700206042463, 0.0 ], [ 7.76623282065608, 45.081493682958879, 0.0 ], [ 7.766261814238489, 45.081470124410785, 0.0 ], [ 7.766356315036442, 45.081387707716232, 0.0 ], [ 7.76642542974817, 45.081334740994976, 0.0 ], [ 7.766480518432533, 45.081285917562248, 0.0 ], [ 7.766722558270549, 45.08107948424442, 0.0 ], [ 7.766893590673505, 45.080995634128676, 0.0 ], [ 7.768951967525409, 45.081691281395408, 0.0 ], [ 7.769057343049273, 45.081562099145827, 0.0 ], [ 7.769176479836418, 45.08090081088185, 0.0 ], [ 7.769020761137412, 45.080700194020089, 0.0 ], [ 7.767877187912656, 45.080424171878072, 0.0 ], [ 7.76770101924233, 45.080377145395886, 0.0 ], [ 7.767373350621497, 45.080222551811005, 0.0 ], [ 7.767406103245632, 45.079976877679783, 0.0 ], [ 7.767489368807528, 45.079763860217923, 0.0 ], [ 7.767751962024994, 45.079394076163688, 0.0 ], [ 7.7679918189607, 45.079146658177166, 0.0 ], [ 7.768565217895797, 45.078828736628125, 0.0 ], [ 7.768808289312987, 45.078785736748905, 0.0 ], [ 7.769096390647983, 45.07868171198777, 0.0 ], [ 7.76949729996125, 45.078606116098982, 0.0 ], [ 7.76958045287944, 45.078545268240134, 0.0 ], [ 7.769694648052003, 45.078423327872599, 0.0 ], [ 7.769785251426874, 45.078378720246313, 0.0 ], [ 7.769926777080442, 45.078325342391743, 0.0 ], [ 7.769984115543915, 45.078307596570205, 0.0 ], [ 7.770661217366111, 45.078179240622887, 0.0 ], [ 7.770700775998413, 45.07816051152907, 0.0 ], [ 7.770920465604198, 45.078173227413139, 0.0 ], [ 7.771134945131477, 45.078200327624003, 0.0 ], [ 7.771133753473634, 45.078191313061566, 0.0 ], [ 7.771324147168126, 45.078263853387838, 0.0 ], [ 7.771388244131908, 45.078346207549345, 0.0 ], [ 7.771570516932225, 45.078446161575854, 0.0 ], [ 7.771640397356611, 45.07846324230659, 0.0 ], [ 7.772292534580979, 45.078459371417637, 0.0 ], [ 7.77269273029762, 45.078378896236757, 0.0 ], [ 7.772947851627819, 45.078306977386717, 0.0 ], [ 7.773069264365302, 45.078224286869677, 0.0 ], [ 7.773351109749691, 45.077929428333832, 0.0 ], [ 7.773325725165679, 45.077880781265051, 0.0 ], [ 7.773262642228724, 45.077830971218688, 0.0 ], [ 7.772926795302331, 45.077445293755929, 0.0 ], [ 7.771695285217484, 45.07603098661297, 0.0 ], [ 7.769885181493366, 45.073945097817024, 0.0 ], [ 7.767206201184695, 45.070858826018416, 0.0 ], [ 7.765145231309607, 45.068489162483196, 0.0 ], [ 7.761902365370505, 45.064775751148026, 0.0 ], [ 7.759708944326468, 45.062280955960475, 0.0 ], [ 7.759674921136259, 45.062236720931068, 0.0 ], [ 7.759627207525568, 45.062202436998255, 0.0 ], [ 7.759431084471164, 45.061964459400485, 0.0 ], [ 7.75936310058072, 45.061884334130163, 0.0 ], [ 7.758832638815841, 45.061277297134929, 0.0 ], [ 7.757935366539087, 45.060247200431668, 0.0 ], [ 7.756147586225585, 45.058193565371759, 0.0 ], [ 7.755804986384621, 45.057799993468969, 0.0 ], [ 7.755785299848418, 45.05778302788876, 0.0 ], [ 7.754721225429928, 45.0568654274322, 0.0 ], [ 7.751266910508857, 45.053871396016071, 0.0 ], [ 7.748161266100468, 45.051179231005662, 0.0 ], [ 7.745957347703229, 45.049391330105486, 0.0 ], [ 7.745411146009727, 45.04894722162333, 0.0 ], [ 7.743061826210669, 45.047037006410562, 0.0 ], [ 7.740266985466182, 45.044768661919875, 0.0 ], [ 7.740247180105105, 45.044748207514758, 0.0 ], [ 7.74022739010342, 45.044727752370001, 0.0 ], [ 7.737705906386762, 45.042551458432413, 0.0 ], [ 7.737402004930074, 45.042288513714148, 0.0 ], [ 7.736032355794872, 45.041093730593801, 0.0 ], [ 7.735163139717745, 45.040257075525005, 0.0 ], [ 7.735162590742426, 45.040254918159903, 0.0 ], [ 7.7351040032101, 45.040197016776283, 0.0 ], [ 7.734466093968874, 45.039582625492031, 0.0 ], [ 7.734451182099579, 45.039564483801918, 0.0 ], [ 7.73442644679427, 45.039544441027772, 0.0 ], [ 7.734401301212256, 45.039524034172523, 0.0 ], [ 7.733990684876203, 45.03912731925638, 0.0 ], [ 7.733956336738046, 45.039137803535546, 0.0 ], [ 7.733942087524752, 45.039144964719171, 0.0 ], [ 7.733911685628435, 45.03916705923271, 0.0 ], [ 7.73377443805304, 45.039205019439663, 0.0 ], [ 7.733730989090521, 45.039212054228052, 0.0 ], [ 7.733273870574919, 45.039197379328606, 0.0 ], [ 7.732906105891687, 45.039192740761244, 0.0 ], [ 7.732881833142353, 45.039167311667072, 0.0 ], [ 7.732763879920203, 45.039052499026987, 0.0 ], [ 7.732727506202154, 45.039012109356243, 0.0 ], [ 7.732602850655901, 45.03890127297376, 0.0 ], [ 7.73259944607196, 45.038877146320466, 0.0 ], [ 7.732593336805987, 45.038866961452285, 0.0 ], [ 7.732579622145469, 45.038854998672825, 0.0 ], [ 7.732435562868711, 45.038788018870477, 0.0 ], [ 7.732382436518074, 45.038752601951757, 0.0 ], [ 7.732138767945126, 45.038497314337157, 0.0 ], [ 7.732086693001825, 45.038472404561077, 0.0 ], [ 7.732066723654675, 45.038468825719505, 0.0 ], [ 7.73203949424957, 45.038466920432768, 0.0 ], [ 7.731899396691534, 45.038464905564098, 0.0 ], [ 7.731785558516645, 45.038465630494095, 0.0 ], [ 7.731724376080677, 45.038468524978576, 0.0 ], [ 7.731700731718417, 45.038472646892963, 0.0 ], [ 7.731679205991935, 45.038471236848089, 0.0 ], [ 7.731423460688813, 45.038417392721442, 0.0 ], [ 7.731100041577907, 45.038340676426486, 0.0 ], [ 7.731065765047905, 45.038334831514852, 0.0 ], [ 7.731004494249988, 45.03833473655969, 0.0 ], [ 7.730857407453988, 45.038317510843392, 0.0 ], [ 7.730819167555508, 45.038309469616891, 0.0 ], [ 7.730762474127424, 45.038292412098265, 0.0 ], [ 7.730741617592521, 45.038290577789851, 0.0 ], [ 7.730716754440404, 45.038290696725525, 0.0 ], [ 7.73064369216068, 45.038299103268741, 0.0 ], [ 7.730599365776272, 45.038299852569068, 0.0 ], [ 7.730426437319015, 45.038286947238468, 0.0 ], [ 7.730380418755424, 45.038355542509265, 0.0 ], [ 7.730333290159296, 45.038587445574798, 0.0 ], [ 7.73019103483022, 45.038853991470511, 0.0 ], [ 7.729856806130412, 45.038630693373797, 0.0 ], [ 7.729595647579638, 45.038517452312654, 0.0 ], [ 7.729551744696377, 45.038317727076574, 0.0 ], [ 7.729399106252678, 45.038159083208207, 0.0 ], [ 7.729083431403554, 45.038132453538829, 0.0 ], [ 7.728944791207701, 45.038153035908678, 0.0 ], [ 7.728483041781701, 45.038405265608759, 0.0 ], [ 7.727827501646144, 45.038266312908682, 0.0 ], [ 7.727419641729813, 45.038114778132659, 0.0 ], [ 7.727175058669486, 45.038086874716861, 0.0 ], [ 7.727111858894218, 45.038068400741565, 0.0 ], [ 7.727017342222781, 45.038019998011926, 0.0 ], [ 7.726826036561556, 45.037994280290647, 0.0 ], [ 7.726648906346032, 45.038044281552615, 0.0 ], [ 7.726649892685745, 45.038064537543598, 0.0 ], [ 7.726500468127308, 45.03808579000377, 0.0 ], [ 7.726296494840091, 45.038148039077349, 0.0 ], [ 7.726198867760077, 45.038182615857401, 0.0 ], [ 7.72617344346591, 45.038195446886682, 0.0 ], [ 7.726128395499424, 45.038225892790919, 0.0 ], [ 7.726080159868125, 45.038267223003608, 0.0 ], [ 7.726040103309392, 45.038307833016063, 0.0 ], [ 7.72600695682659, 45.03834369545249, 0.0 ], [ 7.725980545879359, 45.038383250954006, 0.0 ], [ 7.725960967265698, 45.038421678213048, 0.0 ], [ 7.725959975763004, 45.038466351028596, 0.0 ], [ 7.725961661352466, 45.038543659422359, 0.0 ], [ 7.725966842507835, 45.038617388889641, 0.0 ], [ 7.725958256765407, 45.038702233757959, 0.0 ], [ 7.725969863582229, 45.038998468528497, 0.0 ], [ 7.725840540506533, 45.039061208671541, 0.0 ], [ 7.725903218283398, 45.039304497416289, 0.0 ], [ 7.725948898124094, 45.039354363925924, 0.0 ], [ 7.725951740621316, 45.039413933382477, 0.0 ], [ 7.725903296031301, 45.039628256882189, 0.0 ], [ 7.725890690945138, 45.039756201662748, 0.0 ], [ 7.72588706975262, 45.039815817178614, 0.0 ], [ 7.725892272010662, 45.039849694901683, 0.0 ], [ 7.725920853490848, 45.039881169167167, 0.0 ], [ 7.725953215299699, 45.0399074905527, 0.0 ], [ 7.725991709999269, 45.039932152895915, 0.0 ], [ 7.726056827864454, 45.039966636129208, 0.0 ], [ 7.726173146524055, 45.040057942669364, 0.0 ], [ 7.72621021972564, 45.040091239951998, 0.0 ], [ 7.726227831319976, 45.040122591316774, 0.0 ], [ 7.726231057423141, 45.040157492056629, 0.0 ], [ 7.726154787872722, 45.040238133773698, 0.0 ], [ 7.726055616831782, 45.040313506921322, 0.0 ], [ 7.725977816391699, 45.040356261409457, 0.0 ], [ 7.725915614090577, 45.040388280865848, 0.0 ], [ 7.725764194186701, 45.040457471368114, 0.0 ], [ 7.725630757562117, 45.040516680555577, 0.0 ], [ 7.72540729273421, 45.040596814599823, 0.0 ], [ 7.725189793317876, 45.040672395723092, 0.0 ], [ 7.724880700321118, 45.040719993568345, 0.0 ], [ 7.724823809677183, 45.040744932339578, 0.0 ], [ 7.724780218840436, 45.040774205353436, 0.0 ], [ 7.724725262836418, 45.040818969629647, 0.0 ], [ 7.724676213303102, 45.040896756467255, 0.0 ], [ 7.724621515040932, 45.041005966551005, 0.0 ], [ 7.724522620798283, 45.041150384941702, 0.0 ], [ 7.724160583202043, 45.041485664204629, 0.0 ], [ 7.723881053249525, 45.041778356473245, 0.0 ], [ 7.723846983555413, 45.041825857297624, 0.0 ], [ 7.723830630238756, 45.041864139091487, 0.0 ], [ 7.723819597400182, 45.041929152006155, 0.0 ], [ 7.723814372406278, 45.042020290653127, 0.0 ], [ 7.723802399698047, 45.042053950700264, 0.0 ], [ 7.723781151503515, 45.042086137793966, 0.0 ], [ 7.723713901968119, 45.042132708527774, 0.0 ], [ 7.723676214259071, 45.042151091891384, 0.0 ], [ 7.723648785550477, 45.042157508582441, 0.0 ], [ 7.723487430512805, 45.04214663204683, 0.0 ], [ 7.723424376652375, 45.042150626384682, 0.0 ], [ 7.72339176964288, 45.042163781748926, 0.0 ], [ 7.723309666702927, 45.042213093656862, 0.0 ], [ 7.723260832251451, 45.042240471327069, 0.0 ], [ 7.723213559835069, 45.042242877410381, 0.0 ], [ 7.723158296599581, 45.042231683283163, 0.0 ], [ 7.723113678847916, 45.042214584031441, 0.0 ], [ 7.723013848138957, 45.042097227259795, 0.0 ], [ 7.722959704169709, 45.042055141509451, 0.0 ], [ 7.722892315593517, 45.042034881851897, 0.0 ], [ 7.722844562189098, 45.042038244616883, 0.0 ], [ 7.722669358525749, 45.04208266317066, 0.0 ], [ 7.722612442194367, 45.042086382487156, 0.0 ], [ 7.722557404454906, 45.042073075079315, 0.0 ], [ 7.722399344018302, 45.042018106510348, 0.0 ], [ 7.722091020081702, 45.041910883607024, 0.0 ], [ 7.722042620744905, 45.041901149982927, 0.0 ], [ 7.721982948445598, 45.041904389863717, 0.0 ], [ 7.721932491279586, 45.041921990825308, 0.0 ], [ 7.721738898122622, 45.042046884094518, 0.0 ], [ 7.72162212731407, 45.04209742730044, 0.0 ], [ 7.721294121482307, 45.042247378394883, 0.0 ], [ 7.72125661814532, 45.042277457656937, 0.0 ], [ 7.721237739269064, 45.042329194465523, 0.0 ], [ 7.721174270291196, 45.043213981102312, 0.0 ], [ 7.721177990237771, 45.043254476939858, 0.0 ], [ 7.721206207116706, 45.043483465152484, 0.0 ], [ 7.7212653722997, 45.043768053167469, 0.0 ], [ 7.721292736839584, 45.043805528211934, 0.0 ], [ 7.721328891668111, 45.043840635698153, 0.0 ], [ 7.721375981681772, 45.043855682227601, 0.0 ], [ 7.721421386360253, 45.043856901536984, 0.0 ], [ 7.721589558953506, 45.043834399453729, 0.0 ], [ 7.721629106086175, 45.043839774615989, 0.0 ], [ 7.721683763708012, 45.043854212944936, 0.0 ], [ 7.721938557680979, 45.043948065033959, 0.0 ], [ 7.72200837337989, 45.043965453998524, 0.0 ], [ 7.722098842641408, 45.043965477096222, 0.0 ], [ 7.722167168273861, 45.043959832235664, 0.0 ], [ 7.722275607964199, 45.043953411355361, 0.0 ], [ 7.722342613303399, 45.043965872473905, 0.0 ], [ 7.722389161481559, 45.043985306102591, 0.0 ], [ 7.722418788250256, 45.044010312353841, 0.0 ], [ 7.722447917750739, 45.044140867173766, 0.0 ], [ 7.722477970164346, 45.044216854202951, 0.0 ], [ 7.72258014529963, 45.044323632451317, 0.0 ], [ 7.722608090955068, 45.044386472643133, 0.0 ], [ 7.722594108013732, 45.044427633439611, 0.0 ], [ 7.72256575977142, 45.044471920905139, 0.0 ], [ 7.722542890496762, 45.044510750854066, 0.0 ], [ 7.722511451687241, 45.04455003418164, 0.0 ], [ 7.722513958951743, 45.044621697547662, 0.0 ], [ 7.722602692818604, 45.044785821379982, 0.0 ], [ 7.722698005581035, 45.044967067338256, 0.0 ], [ 7.722704570954869, 45.044984172179383, 0.0 ], [ 7.722699662365755, 45.04500563960832, 0.0 ], [ 7.722627851109171, 45.04521185165023, 0.0 ], [ 7.72256094699735, 45.04539658397664, 0.0 ], [ 7.722496928242772, 45.045588660000419, 0.0 ], [ 7.722451801456919, 45.045737520965304, 0.0 ], [ 7.722434306675849, 45.04581889148151, 0.0 ], [ 7.72241681422561, 45.045900269717691, 0.0 ], [ 7.722415794279066, 45.04595913896123, 0.0 ], [ 7.722455419593468, 45.046038654027583, 0.0 ], [ 7.722590412012924, 45.046172121462355, 0.0 ], [ 7.722713947589924, 45.046287015070625, 0.0 ], [ 7.722728529549941, 45.04631076304068, 0.0 ], [ 7.722726140819591, 45.046325679830936, 0.0 ], [ 7.722634199329311, 45.046489167181583, 0.0 ], [ 7.722623971689746, 45.046527599254297, 0.0 ], [ 7.722638285986828, 45.046557662697879, 0.0 ], [ 7.722678108838254, 45.046663114813782, 0.0 ], [ 7.722685711916381, 45.046700412376026, 0.0 ], [ 7.722681375094572, 45.046726947208029, 0.0 ], [ 7.722654214418531, 45.046768509390965, 0.0 ], [ 7.722394072526647, 45.047050047843783, 0.0 ], [ 7.722177429421572, 45.047347121928055, 0.0 ], [ 7.722049084688961, 45.047593026886815, 0.0 ], [ 7.721804135119125, 45.048075842353235, 0.0 ], [ 7.721750726809531, 45.048143639050728, 0.0 ], [ 7.721572174912815, 45.048377919808956, 0.0 ], [ 7.721474291328157, 45.048631628708073, 0.0 ], [ 7.721440092720811, 45.048732569743827, 0.0 ], [ 7.721405840947432, 45.048833626543491, 0.0 ], [ 7.721397595703552, 45.048866282507682, 0.0 ], [ 7.721389350217881, 45.048898948882943, 0.0 ], [ 7.721391460996418, 45.048931872947463, 0.0 ], [ 7.721393573033989, 45.048964797931454, 0.0 ], [ 7.721431209533177, 45.049051520544268, 0.0 ], [ 7.721468858945883, 45.049138241929604, 0.0 ], [ 7.721478141155254, 45.04918555948251, 0.0 ], [ 7.721487695452268, 45.049271409339269, 0.0 ], [ 7.721476684265825, 45.049332965468729, 0.0 ], [ 7.721302163081808, 45.049785556926103, 0.0 ], [ 7.721278102982849, 45.049839505572983, 0.0 ], [ 7.721236562111333, 45.050041354511983, 0.0 ], [ 7.721175297625606, 45.050125969353253, 0.0 ], [ 7.72117159728344, 45.050232698634439, 0.0 ], [ 7.721163880491043, 45.050279861600494, 0.0 ], [ 7.721128023823033, 45.050334264029296, 0.0 ], [ 7.721021379277587, 45.050441891993508, 0.0 ], [ 7.720929774136192, 45.050531738187566, 0.0 ], [ 7.720826114040832, 45.050658699338996, 0.0 ], [ 7.720722451364792, 45.05078566942079, 0.0 ], [ 7.720748182770018, 45.050804898103983, 0.0 ], [ 7.721073604427263, 45.050892872035028, 0.0 ], [ 7.721393685921202, 45.050978822781978, 0.0 ], [ 7.721431995942276, 45.050964713956311, 0.0 ], [ 7.721548178457868, 45.051009717329634, 0.0 ], [ 7.721625068319264, 45.051048116657945, 0.0 ], [ 7.721843532181343, 45.051256612829157, 0.0 ], [ 7.721560273458465, 45.05140215916466, 0.0 ], [ 7.721596550104932, 45.051447412546153, 0.0 ], [ 7.721817917390394, 45.051746319930352, 0.0 ], [ 7.722014011809213, 45.052038623310089, 0.0 ], [ 7.721799774873094, 45.052024865884725, 0.0 ], [ 7.721840139175122, 45.052395146780285, 0.0 ], [ 7.72177671216988, 45.052407407426514, 0.0 ], [ 7.72169022974507, 45.052431383485356, 0.0 ], [ 7.72170042753259, 45.052503179505678, 0.0 ], [ 7.721673551197907, 45.052537526422455, 0.0 ], [ 7.721628206842367, 45.052569272145739, 0.0 ], [ 7.721539603528845, 45.05261427935843, 0.0 ], [ 7.721358134353882, 45.052718225316781, 0.0 ], [ 7.721055483817219, 45.052918132155177, 0.0 ], [ 7.720653472015627, 45.053162870301705, 0.0 ], [ 7.720483013809948, 45.053277560136976, 0.0 ], [ 7.720457248226861, 45.053301953409623, 0.0 ], [ 7.72043661831621, 45.05332948466139, 0.0 ], [ 7.720432754402958, 45.053346715899316, 0.0 ], [ 7.72043664299481, 45.053367733430633, 0.0 ], [ 7.720450311296396, 45.053388086703357, 0.0 ], [ 7.72052834535813, 45.053429225919089, 0.0 ], [ 7.720567132723265, 45.053445701608268, 0.0 ], [ 7.720612916820476, 45.053459780640367, 0.0 ], [ 7.720643226351869, 45.053466295135486, 0.0 ], [ 7.720681525408105, 45.053465796423652, 0.0 ], [ 7.720738114287757, 45.053463036620478, 0.0 ], [ 7.720811390036321, 45.053453983167287, 0.0 ], [ 7.721037079084825, 45.053397900015362, 0.0 ], [ 7.721268850859325, 45.053341884985699, 0.0 ], [ 7.721436713970003, 45.053304282704474, 0.0 ], [ 7.721513509680796, 45.053292802233059, 0.0 ], [ 7.721593990728415, 45.053292127064822, 0.0 ], [ 7.721655577967086, 45.053299235516612, 0.0 ], [ 7.721718579394389, 45.053316873460375, 0.0 ], [ 7.722414561810509, 45.05348942976935, 0.0 ], [ 7.722486989115305, 45.053526932279162, 0.0 ], [ 7.722558331180746, 45.053576771064485, 0.0 ], [ 7.722600574298205, 45.053615925455667, 0.0 ], [ 7.722652714371394, 45.053700053162537, 0.0 ], [ 7.72273241057485, 45.053843550775049, 0.0 ], [ 7.722851379527952, 45.054084374390229, 0.0 ], [ 7.722864466967694, 45.0541171784621, 0.0 ], [ 7.722869738184679, 45.05415642230642, 0.0 ], [ 7.722860774084917, 45.054214023969969, 0.0 ], [ 7.722833645009749, 45.054300839885961, 0.0 ], [ 7.722557129603877, 45.054578655190085, 0.0 ], [ 7.72249585596071, 45.054634483008101, 0.0 ], [ 7.722319809148349, 45.05476397501846, 0.0 ], [ 7.722195046210747, 45.054833433073632, 0.0 ], [ 7.721957421281981, 45.054986638483129, 0.0 ], [ 7.721837753035198, 45.055076613183232, 0.0 ], [ 7.721613278694411, 45.055257385610354, 0.0 ], [ 7.721571707866168, 45.055297950271239, 0.0 ], [ 7.721521096329819, 45.05536700292987, 0.0 ], [ 7.721510052562095, 45.055439136623924, 0.0 ], [ 7.721575228242245, 45.055818787977408, 0.0 ], [ 7.721569741450556, 45.055880928887412, 0.0 ], [ 7.721492364308813, 45.056063589602445, 0.0 ], [ 7.721384512520221, 45.056537747553278, 0.0 ], [ 7.721379824503726, 45.05655604092388, 0.0 ], [ 7.721360039338278, 45.05661697799566, 0.0 ], [ 7.721329838582066, 45.056679021460205, 0.0 ], [ 7.721295498537907, 45.05673083814078, 0.0 ], [ 7.721175594459942, 45.056885198857188, 0.0 ], [ 7.721142703607999, 45.056930056252874, 0.0 ], [ 7.721066099762556, 45.056995405701933, 0.0 ], [ 7.720997156352043, 45.057042325689686, 0.0 ], [ 7.720902821818534, 45.057093389203814, 0.0 ], [ 7.720787052014874, 45.05714039581683, 0.0 ], [ 7.720617733409478, 45.05726089535748, 0.0 ], [ 7.72058307160123, 45.057285559816435, 0.0 ], [ 7.720464155787656, 45.057381211500946, 0.0 ], [ 7.72025564162307, 45.057562772672114, 0.0 ], [ 7.720182496470684, 45.057637406115148, 0.0 ], [ 7.720143278795505, 45.057681758972684, 0.0 ], [ 7.720104285465434, 45.057715510083398, 0.0 ], [ 7.719937542306431, 45.057812669547026, 0.0 ], [ 7.719819472567417, 45.057889147845096, 0.0 ], [ 7.719729308302277, 45.057951933625034, 0.0 ], [ 7.71968614694783, 45.057987357614955, 0.0 ], [ 7.719641486638798, 45.058038787296425, 0.0 ], [ 7.719614675792196, 45.058082676396737, 0.0 ], [ 7.719593774394474, 45.05813363574503, 0.0 ], [ 7.719576565100033, 45.05819002713578, 0.0 ], [ 7.719578685989091, 45.058435259912379, 0.0 ], [ 7.719575452613058, 45.05849642572025, 0.0 ], [ 7.719554634061017, 45.058561438344881, 0.0 ], [ 7.719527966772175, 45.05861694122126, 0.0 ], [ 7.719478075791455, 45.058682489963921, 0.0 ], [ 7.719439578091688, 45.0587258427013, 0.0 ], [ 7.719400274312716, 45.05875115613388, 0.0 ], [ 7.719342930638062, 45.058771118838862, 0.0 ], [ 7.719277287018324, 45.058783254964922, 0.0 ], [ 7.719194343230468, 45.058789301031311, 0.0 ], [ 7.719113258531907, 45.058784304048132, 0.0 ], [ 7.718742454966874, 45.058766848366893, 0.0 ], [ 7.718551247258389, 45.058827625047897, 0.0 ], [ 7.718363380311175, 45.058880859397206, 0.0 ], [ 7.718125790197703, 45.05895795822051, 0.0 ], [ 7.718063908476612, 45.058990561016437, 0.0 ], [ 7.718001731161951, 45.059036329394047, 0.0 ], [ 7.717945896809079, 45.05909146006254, 0.0 ], [ 7.717861027894662, 45.059224480009853, 0.0 ], [ 7.717731681238227, 45.059343831967567, 0.0 ], [ 7.717368294931997, 45.059718779102965, 0.0 ], [ 7.717312244041636, 45.05985624556498, 0.0 ], [ 7.71725268681614, 45.06000230443253, 0.0 ], [ 7.717213922212292, 45.06007390211267, 0.0 ], [ 7.717124601652255, 45.060190604910467, 0.0 ], [ 7.717032552063419, 45.06027939957459, 0.0 ], [ 7.716942750500809, 45.060350026618536, 0.0 ], [ 7.716635814917086, 45.060523146968762, 0.0 ], [ 7.716457692939439, 45.060661734586624, 0.0 ], [ 7.716389887051663, 45.060705675130123, 0.0 ], [ 7.716009347707072, 45.060866778021278, 0.0 ], [ 7.715964775740726, 45.060890751850266, 0.0 ], [ 7.715941748461268, 45.060906570209369, 0.0 ], [ 7.715914175535326, 45.060945670492529, 0.0 ], [ 7.715656409006757, 45.061356636750062, 0.0 ], [ 7.715638470936275, 45.061389146532925, 0.0 ], [ 7.71563170979436, 45.061402996957852, 0.0 ], [ 7.715614761934572, 45.061437706281012, 0.0 ], [ 7.715593513883678, 45.061508608389026, 0.0 ], [ 7.7155852968598, 45.06159705700513, 0.0 ], [ 7.715606371374465, 45.061722210728085, 0.0 ], [ 7.715578884111505, 45.06207342946584, 0.0 ], [ 7.71557004880369, 45.062160495043642, 0.0 ], [ 7.715558882204022, 45.062353970278963, 0.0 ], [ 7.715565624506107, 45.062531659314487, 0.0 ], [ 7.715591154526015, 45.062594014264057, 0.0 ], [ 7.715553765234426, 45.062785016084611, 0.0 ], [ 7.715506714387829, 45.062989348909603, 0.0 ], [ 7.715465903566577, 45.063072668702397, 0.0 ], [ 7.715419152992594, 45.063134831819184, 0.0 ], [ 7.715350566439721, 45.06318518915225, 0.0 ], [ 7.715251597467412, 45.063241804247419, 0.0 ], [ 7.71475576778831, 45.063466310617208, 0.0 ], [ 7.714343830239896, 45.063575310657811, 0.0 ], [ 7.714158542407508, 45.063644753045686, 0.0 ], [ 7.71400344487617, 45.063702877222312, 0.0 ], [ 7.713938782994046, 45.063728713238064, 0.0 ], [ 7.713266840219956, 45.063985759057154, 0.0 ], [ 7.712916375588122, 45.064077669048736, 0.0 ], [ 7.712696865379539, 45.064075194644971, 0.0 ], [ 7.712460197869015, 45.064014267136209, 0.0 ], [ 7.712424156765894, 45.064003265571557, 0.0 ], [ 7.711868664153178, 45.063830089068389, 0.0 ], [ 7.711838377681635, 45.063863739021919, 0.0 ], [ 7.711467415044385, 45.064275956132178, 0.0 ], [ 7.711449906289332, 45.064295409383405, 0.0 ], [ 7.711571954642316, 45.064340896072885, 0.0 ], [ 7.710541413830025, 45.065480921838407, 0.0 ], [ 7.709913223746634, 45.066178861021946, 0.0 ], [ 7.70896204802608, 45.067238060662149, 0.0 ], [ 7.708753466276215, 45.067444154900222, 0.0 ], [ 7.708712210461253, 45.067494243102004, 0.0 ], [ 7.708479153413976, 45.067904327885088, 0.0 ], [ 7.70824298121622, 45.068308707812193, 0.0 ], [ 7.708453514203605, 45.068376045860084, 0.0 ] ] ] } },
{ "type": "Feature", "properties": { "ID_QUART": 6, "DENOM": "San Donato", "neighborhood_name_clean": "san donato", "statistical_zone_clean": "06", "n_somministrazione": 160, "neighborhood_clean": "6 san donato", "total_population": 49381, "stores_per_1000_residents": 3.2401125939126385, "distance_to_nearest_metro": 1235.2540887838979, "normalized_population": 0.84506255313980327, "normalized_competition": 0.41665655829369003, "normalized_distance_to_metro": 0.35604520793340538, "retail_opportunity_score": 0.16323931192343893, "opportunity_level": "High Opportunity", "longitude": 7.6602126048013615, "latitude": 45.083276541632948 }, "geometry": { "type": "Polygon", "coordinates": [ [ [ 7.643572082203154, 45.075929740219557, 0.0 ], [ 7.643710806277007, 45.076119120537783, 0.0 ], [ 7.643901446241181, 45.076375539958974, 0.0 ], [ 7.644948054161024, 45.07779524285823, 0.0 ], [ 7.645041723679779, 45.077934098655589, 0.0 ], [ 7.646206137058717, 45.079519045349926, 0.0 ], [ 7.646357293175818, 45.079722350356157, 0.0 ], [ 7.646405929124352, 45.079780456963228, 0.0 ], [ 7.646796933386726, 45.080367900273437, 0.0 ], [ 7.647106957670672, 45.080828888261031, 0.0 ], [ 7.647146952490327, 45.080886046777692, 0.0 ], [ 7.647189178219552, 45.080943923593701, 0.0 ], [ 7.647239579727974, 45.081035051074473, 0.0 ], [ 7.647673810628999, 45.081684971317216, 0.0 ], [ 7.648111560947433, 45.082331060487448, 0.0 ], [ 7.648609879034932, 45.083072022481986, 0.0 ], [ 7.648667148036189, 45.083159206510935, 0.0 ], [ 7.648732357013512, 45.083263129069231, 0.0 ], [ 7.649162378305181, 45.08389797818019, 0.0 ], [ 7.649467134151301, 45.084344683211469, 0.0 ], [ 7.649758164337721, 45.084775050056308, 0.0 ], [ 7.64978856698418, 45.084822623804449, 0.0 ], [ 7.649874251423022, 45.08494980513845, 0.0 ], [ 7.649947202448267, 45.085065116404806, 0.0 ], [ 7.651148768321897, 45.086861108091931, 0.0 ], [ 7.65141992360223, 45.087261134753838, 0.0 ], [ 7.651452137355565, 45.087304327729626, 0.0 ], [ 7.651509620535691, 45.087391377864854, 0.0 ], [ 7.651781744718492, 45.087788902922512, 0.0 ], [ 7.651877390579243, 45.087933645446057, 0.0 ], [ 7.652384343079966, 45.088694631386488, 0.0 ], [ 7.653080507925413, 45.089729265672126, 0.0 ], [ 7.653484607006802, 45.090337192592486, 0.0 ], [ 7.653811947874778, 45.090821302976636, 0.0 ], [ 7.653858822078305, 45.090882598166765, 0.0 ], [ 7.654098966557019, 45.091245471442463, 0.0 ], [ 7.654364156570884, 45.091642079274756, 0.0 ], [ 7.65444220486049, 45.091737031636235, 0.0 ], [ 7.654886043468163, 45.091437850100952, 0.0 ], [ 7.654963858828859, 45.091535642966512, 0.0 ], [ 7.655947753817641, 45.091593163102836, 0.0 ], [ 7.656829906542781, 45.09164472587436, 0.0 ], [ 7.657220286394497, 45.091667546514529, 0.0 ], [ 7.662201792803451, 45.091972266727851, 0.0 ], [ 7.662221473860826, 45.091973469469785, 0.0 ], [ 7.662646487363362, 45.091990312247177, 0.0 ], [ 7.662867907783848, 45.091999296562065, 0.0 ], [ 7.662890390913695, 45.091771033005671, 0.0 ], [ 7.662927869225285, 45.091286784074107, 0.0 ], [ 7.662943208815965, 45.091078168169318, 0.0 ], [ 7.66297434086618, 45.090918761223584, 0.0 ], [ 7.663090983552331, 45.090923764283481, 0.0 ], [ 7.663130737493451, 45.090780364292193, 0.0 ], [ 7.663309241188418, 45.090857410511752, 0.0 ], [ 7.663489022390598, 45.090922131621262, 0.0 ], [ 7.663523707432085, 45.090926254640678, 0.0 ], [ 7.663669842728608, 45.090923733934048, 0.0 ], [ 7.664654795468781, 45.090889906357212, 0.0 ], [ 7.665649387731751, 45.09069587080041, 0.0 ], [ 7.666032223234711, 45.090664345934279, 0.0 ], [ 7.666144517457927, 45.090653595495063, 0.0 ], [ 7.666256471242184, 45.090641156542439, 0.0 ], [ 7.66679853279693, 45.09057750727986, 0.0 ], [ 7.666904058610357, 45.090562771192083, 0.0 ], [ 7.667353989297246, 45.090492398583706, 0.0 ], [ 7.668160501032779, 45.090367836450078, 0.0 ], [ 7.668568236571089, 45.090303106006125, 0.0 ], [ 7.668693841230275, 45.09028111301879, 0.0 ], [ 7.668818805110255, 45.090257256836992, 0.0 ], [ 7.669073060753075, 45.090206984550534, 0.0 ], [ 7.669183972706866, 45.090183522492289, 0.0 ], [ 7.669293881961655, 45.090157789154901, 0.0 ], [ 7.669494589954997, 45.090103048054338, 0.0 ], [ 7.670143987778872, 45.089941218368097, 0.0 ], [ 7.670158039162702, 45.089938627610643, 0.0 ], [ 7.670178393726628, 45.089945876762407, 0.0 ], [ 7.670211203578221, 45.090141433647958, 0.0 ], [ 7.670305076818591, 45.090097518202398, 0.0 ], [ 7.676000260158898, 45.087868209990745, 0.0 ], [ 7.676204136086955, 45.087788407156658, 0.0 ], [ 7.675140294896527, 45.086274986062548, 0.0 ], [ 7.674834031125044, 45.085839267423658, 0.0 ], [ 7.674343491381281, 45.085141396016787, 0.0 ], [ 7.673877268482528, 45.084476596838414, 0.0 ], [ 7.673303711574353, 45.083658742283021, 0.0 ], [ 7.672876993457995, 45.083050253846835, 0.0 ], [ 7.672460845902785, 45.082453220315429, 0.0 ], [ 7.672020719824345, 45.081810031919993, 0.0 ], [ 7.671329071859775, 45.080826369363365, 0.0 ], [ 7.670888274940745, 45.080199453702861, 0.0 ], [ 7.670611996048106, 45.079806526264711, 0.0 ], [ 7.670086189456824, 45.079058678588403, 0.0 ], [ 7.669678752223601, 45.078479162565856, 0.0 ], [ 7.669396709604534, 45.078078008570074, 0.0 ], [ 7.66927526761994, 45.077920097151434, 0.0 ], [ 7.668966765576227, 45.077518993681345, 0.0 ], [ 7.668611540194442, 45.077057114883225, 0.0 ], [ 7.668316204096714, 45.076673113365615, 0.0 ], [ 7.668241224925673, 45.076575623253497, 0.0 ], [ 7.666771305551682, 45.07651742152111, 0.0 ], [ 7.665612853278859, 45.076471466033993, 0.0 ], [ 7.664967295125625, 45.076442333827266, 0.0 ], [ 7.66451827837469, 45.076427902687442, 0.0 ], [ 7.66358879645318, 45.076391057233231, 0.0 ], [ 7.663088626748729, 45.076371367416606, 0.0 ], [ 7.662305175389106, 45.076340507370759, 0.0 ], [ 7.661178469381132, 45.076296120362848, 0.0 ], [ 7.65993030373745, 45.07624692984875, 0.0 ], [ 7.658614298296696, 45.076195056893106, 0.0 ], [ 7.657707781430258, 45.076159317645747, 0.0 ], [ 7.657150271786368, 45.076137332531005, 0.0 ], [ 7.656253924181293, 45.076101979348209, 0.0 ], [ 7.655066625005992, 45.076053749841527, 0.0 ], [ 7.654004377286395, 45.076010591396745, 0.0 ], [ 7.652750079038529, 45.075959621794695, 0.0 ], [ 7.652080068634446, 45.07593238769087, 0.0 ], [ 7.650690690134441, 45.075875894050974, 0.0 ], [ 7.650030558106793, 45.075849052627532, 0.0 ], [ 7.649101283449681, 45.075811255773353, 0.0 ], [ 7.648591645420787, 45.075790526466449, 0.0 ], [ 7.648066661817606, 45.075769179867564, 0.0 ], [ 7.64780846190369, 45.075758677611304, 0.0 ], [ 7.64708466557759, 45.075729229114309, 0.0 ], [ 7.646203563347338, 45.075693383556057, 0.0 ], [ 7.64444929248253, 45.075621981751098, 0.0 ], [ 7.643319068950222, 45.075575972549331, 0.0 ], [ 7.643572082203154, 45.075929740219557, 0.0 ] ], [ [ 7.654048245702266, 45.09050284388541, 0.0 ], [ 7.654137981487293, 45.09053566886179, 0.0 ], [ 7.654158329347797, 45.090540894497856, 0.0 ], [ 7.654168951913646, 45.090541497855874, 0.0 ], [ 7.654178964677361, 45.090539977625326, 0.0 ], [ 7.654230706605172, 45.090522844813435, 0.0 ], [ 7.654290622341928, 45.090504512384541, 0.0 ], [ 7.65430984948493, 45.090496925407876, 0.0 ], [ 7.654336988264197, 45.090483571035939, 0.0 ], [ 7.654363261771232, 45.090469280479056, 0.0 ], [ 7.654430624669873, 45.090429296670926, 0.0 ], [ 7.654454480590816, 45.090419360736391, 0.0 ], [ 7.654473272484155, 45.090405943747363, 0.0 ], [ 7.654536265549763, 45.090376764333683, 0.0 ], [ 7.654577003428765, 45.090351472152236, 0.0 ], [ 7.65458853657895, 45.090345145637883, 0.0 ], [ 7.654600383587736, 45.09033911850058, 0.0 ], [ 7.654623191348245, 45.090330016469508, 0.0 ], [ 7.654639759442351, 45.090319806264404, 0.0 ], [ 7.654690086183279, 45.090294788667535, 0.0 ], [ 7.654709522553476, 45.090283703016503, 0.0 ], [ 7.65472509821709, 45.090273615589297, 0.0 ], [ 7.654780313142514, 45.09022760111295, 0.0 ], [ 7.654871073714936, 45.090157115669619, 0.0 ], [ 7.654910818343862, 45.090129246539476, 0.0 ], [ 7.65495804774998, 45.090085549538358, 0.0 ], [ 7.655035698734605, 45.090027890042833, 0.0 ], [ 7.655119401763385, 45.089954432390336, 0.0 ], [ 7.655177470294923, 45.089908603470057, 0.0 ], [ 7.65519754539939, 45.089885436326043, 0.0 ], [ 7.655231486120616, 45.089834120516556, 0.0 ], [ 7.655247626022843, 45.089807009292272, 0.0 ], [ 7.65530585989899, 45.089696216808449, 0.0 ], [ 7.655321611547659, 45.089661268416215, 0.0 ], [ 7.655335719471071, 45.089625977816958, 0.0 ], [ 7.655356269356812, 45.089561407407977, 0.0 ], [ 7.655364585801602, 45.08954660631165, 0.0 ], [ 7.655374514173154, 45.089532302808536, 0.0 ], [ 7.655385466040954, 45.089520010028679, 0.0 ], [ 7.655394991700001, 45.089507231802749, 0.0 ], [ 7.655401279063359, 45.089487780975894, 0.0 ], [ 7.655418960456551, 45.089387998064431, 0.0 ], [ 7.655431131630561, 45.089312274248272, 0.0 ], [ 7.655448780923471, 45.08923112515091, 0.0 ], [ 7.655469945071869, 45.08912086009537, 0.0 ], [ 7.655470581264682, 45.089098623641199, 0.0 ], [ 7.655467501026524, 45.089019292065764, 0.0 ], [ 7.655469582548431, 45.088990105803077, 0.0 ], [ 7.655484791279662, 45.088875908208053, 0.0 ], [ 7.655486749631006, 45.08881146208482, 0.0 ], [ 7.655489498821268, 45.088790106306433, 0.0 ], [ 7.65552852717251, 45.088618848002987, 0.0 ], [ 7.655549796391279, 45.088516074425733, 0.0 ], [ 7.655565187219161, 45.088434205014423, 0.0 ], [ 7.655573443342329, 45.088401805001041, 0.0 ], [ 7.655593741384187, 45.088332353524194, 0.0 ], [ 7.655606146323238, 45.088295412742717, 0.0 ], [ 7.655643126929605, 45.088211897087312, 0.0 ], [ 7.65568031777959, 45.088118842881322, 0.0 ], [ 7.65574134586812, 45.087977137121918, 0.0 ], [ 7.655752715851873, 45.087944225405714, 0.0 ], [ 7.655757664727813, 45.087914244257846, 0.0 ], [ 7.655765176576878, 45.087889775820337, 0.0 ], [ 7.655774700524975, 45.087865638069054, 0.0 ], [ 7.655805698158576, 45.087809679249062, 0.0 ], [ 7.655809203735015, 45.087796208872476, 0.0 ], [ 7.65582346775901, 45.0877753481561, 0.0 ], [ 7.655846427971362, 45.087745579475879, 0.0 ], [ 7.655855759551354, 45.0877296673372, 0.0 ], [ 7.655893454904574, 45.087654180507002, 0.0 ], [ 7.655904058586323, 45.08763551037196, 0.0 ], [ 7.655916104860151, 45.087620358289563, 0.0 ], [ 7.655963582807028, 45.087568122102631, 0.0 ], [ 7.656009923067501, 45.087521111436651, 0.0 ], [ 7.656025882064995, 45.087503276803311, 0.0 ], [ 7.656074926121908, 45.087461303218646, 0.0 ], [ 7.656107553172866, 45.087420280181973, 0.0 ], [ 7.656140787238451, 45.087385996555746, 0.0 ], [ 7.656165337994776, 45.087358875050086, 0.0 ], [ 7.656249416646002, 45.087307519559069, 0.0 ], [ 7.65639656918677, 45.087416866570827, 0.0 ], [ 7.656493373435989, 45.087491026866189, 0.0 ], [ 7.656441217024672, 45.087521622198778, 0.0 ], [ 7.656390489019472, 45.08755533103502, 0.0 ], [ 7.656338753419658, 45.087592863234129, 0.0 ], [ 7.656244178171733, 45.087664772518579, 0.0 ], [ 7.656200948038169, 45.087698902313562, 0.0 ], [ 7.656173201449793, 45.087723095520673, 0.0 ], [ 7.656148904812523, 45.087749077594907, 0.0 ], [ 7.656121398253761, 45.087784156735445, 0.0 ], [ 7.656095211953781, 45.087819711455367, 0.0 ], [ 7.656038837162884, 45.087900199320465, 0.0 ], [ 7.656025786649667, 45.087920721612484, 0.0 ], [ 7.656015139560844, 45.087941841364305, 0.0 ], [ 7.656010262483525, 45.087956366936488, 0.0 ], [ 7.656005693835172, 45.087977718521984, 0.0 ], [ 7.655998026671543, 45.088024510147818, 0.0 ], [ 7.65598960824892, 45.0880465101148, 0.0 ], [ 7.655977357208418, 45.088067636793795, 0.0 ], [ 7.65594816870933, 45.088108872327282, 0.0 ], [ 7.655930724706783, 45.088136896554445, 0.0 ], [ 7.655892983273986, 45.088205179658026, 0.0 ], [ 7.655882489037043, 45.088228335186876, 0.0 ], [ 7.655873246343242, 45.088259965618278, 0.0 ], [ 7.655867639287522, 45.088295852629294, 0.0 ], [ 7.655850872865834, 45.088422895630877, 0.0 ], [ 7.655831067649033, 45.088530997878408, 0.0 ], [ 7.65582187178008, 45.088622292441592, 0.0 ], [ 7.655808531964501, 45.088710532515414, 0.0 ], [ 7.6558056681331, 45.088736126546564, 0.0 ], [ 7.655803644390643, 45.088761740428481, 0.0 ], [ 7.655803105070982, 45.088790125732146, 0.0 ], [ 7.655806530523955, 45.088818548198887, 0.0 ], [ 7.655812589521124, 45.088840321917075, 0.0 ], [ 7.655821643327709, 45.088860646600253, 0.0 ], [ 7.655760486204811, 45.08919203681257, 0.0 ], [ 7.655789230466526, 45.089258132137886, 0.0 ], [ 7.655729330008845, 45.089559660715466, 0.0 ], [ 7.655549294404898, 45.089891927928456, 0.0 ], [ 7.655406720181244, 45.090102329827914, 0.0 ], [ 7.655227737081492, 45.090255923832324, 0.0 ], [ 7.6547207107899, 45.090530778563085, 0.0 ], [ 7.654644480544114, 45.090578823461996, 0.0 ], [ 7.654558017767152, 45.09062146308225, 0.0 ], [ 7.654453845393331, 45.090683958103213, 0.0 ], [ 7.654324924602733, 45.090746171794187, 0.0 ], [ 7.654256016583264, 45.090788073060295, 0.0 ], [ 7.654240571659425, 45.090800232178019, 0.0 ], [ 7.654220495346046, 45.090827693065179, 0.0 ], [ 7.654215705210861, 45.090841725117699, 0.0 ], [ 7.654121989015356, 45.090704702751985, 0.0 ], [ 7.654003465479351, 45.090531435800045, 0.0 ], [ 7.654048245702266, 45.09050284388541, 0.0 ] ], [ [ 7.656821452622149, 45.086921612385396, 0.0 ], [ 7.65703458404875, 45.086882648326743, 0.0 ], [ 7.657073661285276, 45.086878722958886, 0.0 ], [ 7.657237160001163, 45.086871302994382, 0.0 ], [ 7.657265457850883, 45.086868556235366, 0.0 ], [ 7.657293348981138, 45.086863717264478, 0.0 ], [ 7.657336476499647, 45.086851234814688, 0.0 ], [ 7.657378737675137, 45.086837779955552, 0.0 ], [ 7.657459956050706, 45.086815752409201, 0.0 ], [ 7.657543848002622, 45.086798448182812, 0.0 ], [ 7.657567362563864, 45.086791099423706, 0.0 ], [ 7.657601051236488, 45.086777929942379, 0.0 ], [ 7.657632746487015, 45.086762568542845, 0.0 ], [ 7.657740870089866, 45.086752865421481, 0.0 ], [ 7.657937015486824, 45.086722432317707, 0.0 ], [ 7.658420693174032, 45.086650881333163, 0.0 ], [ 7.65899616605179, 45.0866074024771, 0.0 ], [ 7.659225728103627, 45.086600952444606, 0.0 ], [ 7.659696328121734, 45.086556562376117, 0.0 ], [ 7.659950496566388, 45.086532971310298, 0.0 ], [ 7.659978471718419, 45.086528321940811, 0.0 ], [ 7.660005487874426, 45.086521194439179, 0.0 ], [ 7.660058363476516, 45.086503731317194, 0.0 ], [ 7.660094128306445, 45.086493122970822, 0.0 ], [ 7.660115226478375, 45.086488582596814, 0.0 ], [ 7.66019192329725, 45.086475591884124, 0.0 ], [ 7.660269224831735, 45.086465085500805, 0.0 ], [ 7.660321249343945, 45.086460590968173, 0.0 ], [ 7.660482640148523, 45.086450854968298, 0.0 ], [ 7.660917193823153, 45.086426272330598, 0.0 ], [ 7.661009769169663, 45.086418933060074, 0.0 ], [ 7.661102157587705, 45.086410428724179, 0.0 ], [ 7.661163715813388, 45.086406380214186, 0.0 ], [ 7.661220871064947, 45.086406338524213, 0.0 ], [ 7.661277884775394, 45.086410850798799, 0.0 ], [ 7.661315810545927, 45.086415914016833, 0.0 ], [ 7.661366203403944, 45.086424677426244, 0.0 ], [ 7.661433053339507, 45.086438883530597, 0.0 ], [ 7.661551158545196, 45.086466913146033, 0.0 ], [ 7.661666620978203, 45.086497071988809, 0.0 ], [ 7.661791904301468, 45.086531621628573, 0.0 ], [ 7.661916685783418, 45.086567002482987, 0.0 ], [ 7.662165935407861, 45.08666322485368, 0.0 ], [ 7.662182044381664, 45.086669373832443, 0.0 ], [ 7.662221096975032, 45.086676339498602, 0.0 ], [ 7.66232722642336, 45.086695288315248, 0.0 ], [ 7.662450549627064, 45.08672515220794, 0.0 ], [ 7.662509931781555, 45.086744705655775, 0.0 ], [ 7.662856125363025, 45.086865413485114, 0.0 ], [ 7.663425291018422, 45.087062346176857, 0.0 ], [ 7.663555143642226, 45.087106021988248, 0.0 ], [ 7.663643051119286, 45.087133217843949, 0.0 ], [ 7.663706482002516, 45.087150280541678, 0.0 ], [ 7.663770940350076, 45.087165194451025, 0.0 ], [ 7.663901111239117, 45.087192472611513, 0.0 ], [ 7.663987279631015, 45.08721194340842, 0.0 ], [ 7.66434133740986, 45.087301358575104, 0.0 ], [ 7.664436937743667, 45.087336062073852, 0.0 ], [ 7.664452025723944, 45.08733483349495, 0.0 ], [ 7.664447546357329, 45.087385758581171, 0.0 ], [ 7.66439999326914, 45.087415915571562, 0.0 ], [ 7.66437097914888, 45.087405710081015, 0.0 ], [ 7.664360785317069, 45.087407410209657, 0.0 ], [ 7.664462879255827, 45.087580591162691, 0.0 ], [ 7.66460154411583, 45.087700972709371, 0.0 ], [ 7.664649430332519, 45.087720381543598, 0.0 ], [ 7.664695319543912, 45.087911017570597, 0.0 ], [ 7.664713113670517, 45.087910298309616, 0.0 ], [ 7.664812758890701, 45.08793728955655, 0.0 ], [ 7.664597599850064, 45.088332604473543, 0.0 ], [ 7.664466121781178, 45.088511713470183, 0.0 ], [ 7.664331040141612, 45.088651423882204, 0.0 ], [ 7.6641387723972, 45.088793301048682, 0.0 ], [ 7.664050775106446, 45.088846138815668, 0.0 ], [ 7.663982351940384, 45.088882371678316, 0.0 ], [ 7.663929207266606, 45.088906944733424, 0.0 ], [ 7.663888128912537, 45.088923622150965, 0.0 ], [ 7.663824275528814, 45.088945397412189, 0.0 ], [ 7.663791234847545, 45.088954660468048, 0.0 ], [ 7.663757373027433, 45.088962733900814, 0.0 ], [ 7.66366366181963, 45.088982080400122, 0.0 ], [ 7.66352257661276, 45.089007902129367, 0.0 ], [ 7.663380602941559, 45.08903108612158, 0.0 ], [ 7.663075114488743, 45.089074057111112, 0.0 ], [ 7.662974039324287, 45.089090931007767, 0.0 ], [ 7.662878061522671, 45.089109953736504, 0.0 ], [ 7.662735855517865, 45.08914241349671, 0.0 ], [ 7.662595737821275, 45.089179083701531, 0.0 ], [ 7.662460833829806, 45.089211242853025, 0.0 ], [ 7.662415054886148, 45.089219122413333, 0.0 ], [ 7.662336415454182, 45.0892362775677, 0.0 ], [ 7.66227840726306, 45.089251458799353, 0.0 ], [ 7.662192378094406, 45.089276979303257, 0.0 ], [ 7.662106833483939, 45.089304575634557, 0.0 ], [ 7.662049797069754, 45.089325465302217, 0.0 ], [ 7.662009165952683, 45.089343100885706, 0.0 ], [ 7.661950895906945, 45.08937274457773, 0.0 ], [ 7.661894835927488, 45.089406232172486, 0.0 ], [ 7.661842765629163, 45.089442439389515, 0.0 ], [ 7.661807521537306, 45.089471056014318, 0.0 ], [ 7.661783106053774, 45.08949350013819, 0.0 ], [ 7.661749555177155, 45.089528986590736, 0.0 ], [ 7.661719478380426, 45.089566964318408, 0.0 ], [ 7.661690239504095, 45.08961151251988, 0.0 ], [ 7.661671725580211, 45.089645268882613, 0.0 ], [ 7.661648677697139, 45.08969678491561, 0.0 ], [ 7.661630311602148, 45.089749715584325, 0.0 ], [ 7.661617936846747, 45.089796380401857, 0.0 ], [ 7.661611003335431, 45.089831486901716, 0.0 ], [ 7.661604269578439, 45.089884202982773, 0.0 ], [ 7.661601832709181, 45.089936861659332, 0.0 ], [ 7.661603416039565, 45.089988747882565, 0.0 ], [ 7.661607986664309, 45.090027598963779, 0.0 ], [ 7.661613967398393, 45.090056653880936, 0.0 ], [ 7.661628035862394, 45.090100063712583, 0.0 ], [ 7.661637735659045, 45.09012167285843, 0.0 ], [ 7.661649458848924, 45.090143189348225, 0.0 ], [ 7.661669141962382, 45.090172081558357, 0.0 ], [ 7.661703342407191, 45.090211568789613, 0.0 ], [ 7.661813326587849, 45.090325918099573, 0.0 ], [ 7.661833049593622, 45.090343829825933, 0.0 ], [ 7.661866271747222, 45.090369296728007, 0.0 ], [ 7.661885054140776, 45.090381256196324, 0.0 ], [ 7.661905604194587, 45.090392605168269, 0.0 ], [ 7.661922642403407, 45.090400366179637, 0.0 ], [ 7.661953605560618, 45.090410396798184, 0.0 ], [ 7.661977582334549, 45.090415430822695, 0.0 ], [ 7.662014377215635, 45.090420011902864, 0.0 ], [ 7.662051649186122, 45.090422256664866, 0.0 ], [ 7.662175519244225, 45.090485568997778, 0.0 ], [ 7.662220927033181, 45.090505102399291, 0.0 ], [ 7.662313935848654, 45.09054156994295, 0.0 ], [ 7.662388182332181, 45.090568967598479, 0.0 ], [ 7.662463444066827, 45.090594882848201, 0.0 ], [ 7.662533131782259, 45.09061729372371, 0.0 ], [ 7.662603521041829, 45.090638516015311, 0.0 ], [ 7.662746823541289, 45.09067843440684, 0.0 ], [ 7.662805975894128, 45.09069645452287, 0.0 ], [ 7.662868485116795, 45.090704712999248, 0.0 ], [ 7.662879536002662, 45.090706497849553, 0.0 ], [ 7.662829746195221, 45.090885725080327, 0.0 ], [ 7.662788153688143, 45.091035394675977, 0.0 ], [ 7.662775652085917, 45.091033619996331, 0.0 ], [ 7.662725241336164, 45.091021579166998, 0.0 ], [ 7.662646489117881, 45.091010736864305, 0.0 ], [ 7.662587956326909, 45.09100094184123, 0.0 ], [ 7.662500933080671, 45.090983557370166, 0.0 ], [ 7.662414794785159, 45.09096296060121, 0.0 ], [ 7.662362619016848, 45.090948684730769, 0.0 ], [ 7.662273515387755, 45.090920806915001, 0.0 ], [ 7.662208393025156, 45.090897647001384, 0.0 ], [ 7.662113195693121, 45.090859643182142, 0.0 ], [ 7.662020597905604, 45.090818149653636, 0.0 ], [ 7.661965205266291, 45.09079138564185, 0.0 ], [ 7.661910812896545, 45.090763725907586, 0.0 ], [ 7.661816476004621, 45.090712381936974, 0.0 ], [ 7.661759586769067, 45.090678407966095, 0.0 ], [ 7.661718631196448, 45.090651732882463, 0.0 ], [ 7.661659296092735, 45.090609917535772, 0.0 ], [ 7.661601684576263, 45.090566098331259, 0.0 ], [ 7.661574514622647, 45.090543833423531, 0.0 ], [ 7.661530702251595, 45.090503433387227, 0.0 ], [ 7.66150066080408, 45.090471898530836, 0.0 ], [ 7.66145949482978, 45.090422555387462, 0.0 ], [ 7.661422253425766, 45.090370682239097, 0.0 ], [ 7.661402237282121, 45.090339247670514, 0.0 ], [ 7.661371583463142, 45.090283860549143, 0.0 ], [ 7.661351914095539, 45.090241881088126, 0.0 ], [ 7.661327091157065, 45.090177911963622, 0.0 ], [ 7.661307030197598, 45.090112450074294, 0.0 ], [ 7.661293900007786, 45.090054910169151, 0.0 ], [ 7.661287235170501, 45.090011668598322, 0.0 ], [ 7.661282255719278, 45.089946851257636, 0.0 ], [ 7.661283179170323, 45.089882265676202, 0.0 ], [ 7.661286330368965, 45.089843640950242, 0.0 ], [ 7.661296228709245, 45.089776253138403, 0.0 ], [ 7.661307659984683, 45.089725905515976, 0.0 ], [ 7.661318667613391, 45.089688245443718, 0.0 ], [ 7.661339425731678, 45.089631957712207, 0.0 ], [ 7.661365603770414, 45.08957591418244, 0.0 ], [ 7.661400360853472, 45.089514965026666, 0.0 ], [ 7.661429667917305, 45.089471308814204, 0.0 ], [ 7.661453689348108, 45.089439579497864, 0.0 ], [ 7.661493373073701, 45.089393389668935, 0.0 ], [ 7.661537841895998, 45.08934862247353, 0.0 ], [ 7.66158418374761, 45.089306282050785, 0.0 ], [ 7.661656195545578, 45.089245392288085, 0.0 ], [ 7.661732807399592, 45.089187247851662, 0.0 ], [ 7.661799331266477, 45.089141055509103, 0.0 ], [ 7.661868436053934, 45.089096865781805, 0.0 ], [ 7.662027910195663, 45.08906122518767, 0.0 ], [ 7.662075668227668, 45.089044222351212, 0.0 ], [ 7.662214448313614, 45.088988102357277, 0.0 ], [ 7.662375368270578, 45.088933384873009, 0.0 ], [ 7.662538287566252, 45.088900320524054, 0.0 ], [ 7.662652291205831, 45.088884868540205, 0.0 ], [ 7.66276673342555, 45.088871355047239, 0.0 ], [ 7.663067893073661, 45.088830269026857, 0.0 ], [ 7.663258402142969, 45.088806889276057, 0.0 ], [ 7.663511788682438, 45.088787233652823, 0.0 ], [ 7.663689004854588, 45.088777021327665, 0.0 ], [ 7.663765641350354, 45.088763425284725, 0.0 ], [ 7.663821684566767, 45.088755088418587, 0.0 ], [ 7.663885598742833, 45.088749831216518, 0.0 ], [ 7.66393204461773, 45.088735117921857, 0.0 ], [ 7.663975643022374, 45.088715021878173, 0.0 ], [ 7.664008138305245, 45.08867897316631, 0.0 ], [ 7.664039044734091, 45.088636854597013, 0.0 ], [ 7.664049563307562, 45.088610323864053, 0.0 ], [ 7.6640559117321, 45.088574031264855, 0.0 ], [ 7.664105647692931, 45.088372399013387, 0.0 ], [ 7.664132607468268, 45.088295704845528, 0.0 ], [ 7.664166810007371, 45.088223505248152, 0.0 ], [ 7.664210059006822, 45.088146948186619, 0.0 ], [ 7.664213821208186, 45.088137576158097, 0.0 ], [ 7.664213923300779, 45.088129385240059, 0.0 ], [ 7.664211854967796, 45.088122223510538, 0.0 ], [ 7.66420406422146, 45.088109755003089, 0.0 ], [ 7.664195347419169, 45.088100461131226, 0.0 ], [ 7.664178857394794, 45.08808666692935, 0.0 ], [ 7.664159794985094, 45.088073102993775, 0.0 ], [ 7.664147201765805, 45.0880654133313, 0.0 ], [ 7.664124938144097, 45.088055638125702, 0.0 ], [ 7.66410799494069, 45.088050974818586, 0.0 ], [ 7.664082037906762, 45.088047483865068, 0.0 ], [ 7.664055283422889, 45.088047161800425, 0.0 ], [ 7.664026430783897, 45.08801373384506, 0.0 ], [ 7.663959609430168, 45.087927903854855, 0.0 ], [ 7.663879740844441, 45.087832074052145, 0.0 ], [ 7.663818844870967, 45.087767368198513, 0.0 ], [ 7.663780746013349, 45.087735388268726, 0.0 ], [ 7.663764671042441, 45.087724444277434, 0.0 ], [ 7.66375146878956, 45.087717385443476, 0.0 ], [ 7.663729997395497, 45.087709005461143, 0.0 ], [ 7.663706763011549, 45.087703781709685, 0.0 ], [ 7.663686275349488, 45.087702308968957, 0.0 ], [ 7.663665804351043, 45.087703438225944, 0.0 ], [ 7.663635909116718, 45.087647610026885, 0.0 ], [ 7.663586156151194, 45.087568236397139, 0.0 ], [ 7.663529897366688, 45.087497588639536, 0.0 ], [ 7.663480854927957, 45.08744556081092, 0.0 ], [ 7.663442376381576, 45.087418394147178, 0.0 ], [ 7.663423739962142, 45.087411028061013, 0.0 ], [ 7.663403502498611, 45.087406533926249, 0.0 ], [ 7.663384777081556, 45.087403586602839, 0.0 ], [ 7.663347441911683, 45.087374181953535, 0.0 ], [ 7.663312322300922, 45.087351788620246, 0.0 ], [ 7.663286959196122, 45.087338142178346, 0.0 ], [ 7.663241719496575, 45.08731809767955, 0.0 ], [ 7.663067577028226, 45.087256179354711, 0.0 ], [ 7.662953311090235, 45.087205079309989, 0.0 ], [ 7.662824100213639, 45.087149771931571, 0.0 ], [ 7.66271859800781, 45.0871163919388, 0.0 ], [ 7.662525252320819, 45.087041546764432, 0.0 ], [ 7.662409369969937, 45.086991796064375, 0.0 ], [ 7.6622632031248, 45.086912776268186, 0.0 ], [ 7.662176952117556, 45.086872302192162, 0.0 ], [ 7.66208797324366, 45.086834946693401, 0.0 ], [ 7.662027188692996, 45.086811290046029, 0.0 ], [ 7.661958040617861, 45.08678612080751, 0.0 ], [ 7.661887730788005, 45.086763296111826, 0.0 ], [ 7.661839901665494, 45.08674972794531, 0.0 ], [ 7.661686204997508, 45.086712378935161, 0.0 ], [ 7.661573608131253, 45.08669068036744, 0.0 ], [ 7.661499214619642, 45.086680589293415, 0.0 ], [ 7.661071988692692, 45.086622641607683, 0.0 ], [ 7.660899121740097, 45.086635216512214, 0.0 ], [ 7.660788807755038, 45.086638684477414, 0.0 ], [ 7.6606317094159, 45.086647427999608, 0.0 ], [ 7.660577159015583, 45.08664901050048, 0.0 ], [ 7.660321130107767, 45.086669519732041, 0.0 ], [ 7.659950039247946, 45.08672858323893, 0.0 ], [ 7.659822998119119, 45.086743178576448, 0.0 ], [ 7.659680729759828, 45.086760528298974, 0.0 ], [ 7.659425134847734, 45.086787423780308, 0.0 ], [ 7.659224090103697, 45.08680077923335, 0.0 ], [ 7.658878296333148, 45.086836569239694, 0.0 ], [ 7.658722182557566, 45.086842891955477, 0.0 ], [ 7.658653927732805, 45.086843629735249, 0.0 ], [ 7.658540731310439, 45.086850284268351, 0.0 ], [ 7.658428071217142, 45.086861085422115, 0.0 ], [ 7.658200103816452, 45.08689167793878, 0.0 ], [ 7.657954975456284, 45.086916449929952, 0.0 ], [ 7.657580675620916, 45.086950740439001, 0.0 ], [ 7.657404071276917, 45.087001819128062, 0.0 ], [ 7.657310800275721, 45.087025666456888, 0.0 ], [ 7.657286312889926, 45.087033308913028, 0.0 ], [ 7.657262863342836, 45.087042241830908, 0.0 ], [ 7.657218706567718, 45.087063398723984, 0.0 ], [ 7.657191034835112, 45.087079464792701, 0.0 ], [ 7.657155914949598, 45.087102636043028, 0.0 ], [ 7.657144656156119, 45.087112460780951, 0.0 ], [ 7.657077622044141, 45.087155438579757, 0.0 ], [ 7.657079623820616, 45.08716441901985, 0.0 ], [ 7.657015080884326, 45.087195408232056, 0.0 ], [ 7.656881908590954, 45.087095255800527, 0.0 ], [ 7.656718523908919, 45.086976904647301, 0.0 ], [ 7.656821452622149, 45.086921612385396, 0.0 ] ] ] } },
{ "type": "Feature", "properties": { "ID_QUART": 5, "DENOM": "Cenisia", "neighborhood_name_clean": "cenisia", "statistical_zone_clean": "05", "n_somministrazione": 142, "neighborhood_clean": "5 cenisia", "total_population": 36856, "stores_per_1000_residents": 3.8528326459735185, "distance_to_nearest_metro": 399.72536103176219, "normalized_population": 0.54079922264059277, "normalized_competition": 0.50143261020685759, "normalized_distance_to_metro": 0.059177623390774502, "retail_opportunity_score": 0.056022711937711696, "opportunity_level": "High Opportunity", "longitude": 7.6534314090665081, "latitude": 45.070381115880991 }, "geometry": { "type": "Polygon", "coordinates": [ [ [ 7.638603791079083, 45.069150531662807, 0.0 ], [ 7.638897339677806, 45.069553808068505, 0.0 ], [ 7.638926643390907, 45.069592377677147, 0.0 ], [ 7.639169735640093, 45.069926746830923, 0.0 ], [ 7.63925921717639, 45.070031667048013, 0.0 ], [ 7.639310328198223, 45.070108565047398, 0.0 ], [ 7.639459263916111, 45.070314049150149, 0.0 ], [ 7.639812400168832, 45.070798319829187, 0.0 ], [ 7.640195521085645, 45.071320627467735, 0.0 ], [ 7.640797052450912, 45.072143518810449, 0.0 ], [ 7.64105749839172, 45.072496462442878, 0.0 ], [ 7.641138989439979, 45.072600079323657, 0.0 ], [ 7.641203965738748, 45.072697332885717, 0.0 ], [ 7.641836730293261, 45.073550602077667, 0.0 ], [ 7.641987715487355, 45.073758799965987, 0.0 ], [ 7.642057946322304, 45.073859040175748, 0.0 ], [ 7.64213040824404, 45.073960469672571, 0.0 ], [ 7.642274499949062, 45.074153596925058, 0.0 ], [ 7.642453793855189, 45.074393896786923, 0.0 ], [ 7.64298631385922, 45.075121382597167, 0.0 ], [ 7.643319068950222, 45.075575972549331, 0.0 ], [ 7.64444929248253, 45.075621981751098, 0.0 ], [ 7.646203563347338, 45.075693383556057, 0.0 ], [ 7.64708466557759, 45.075729229114309, 0.0 ], [ 7.64780846190369, 45.075758677611304, 0.0 ], [ 7.648066661817606, 45.075769179867564, 0.0 ], [ 7.648591645420787, 45.075790526466449, 0.0 ], [ 7.649101283449681, 45.075811255773353, 0.0 ], [ 7.650030558106793, 45.075849052627532, 0.0 ], [ 7.650690690134441, 45.075875894050974, 0.0 ], [ 7.652080068634446, 45.07593238769087, 0.0 ], [ 7.652750079038529, 45.075959621794695, 0.0 ], [ 7.654004377286395, 45.076010591396745, 0.0 ], [ 7.655066625005992, 45.076053749841527, 0.0 ], [ 7.656253924181293, 45.076101979348209, 0.0 ], [ 7.657150271786368, 45.076137332531005, 0.0 ], [ 7.657707781430258, 45.076159317645747, 0.0 ], [ 7.658614298296696, 45.076195056893106, 0.0 ], [ 7.65993030373745, 45.07624692984875, 0.0 ], [ 7.661178469381132, 45.076296120362848, 0.0 ], [ 7.662305175389106, 45.076340507370759, 0.0 ], [ 7.663088626748729, 45.076371367416606, 0.0 ], [ 7.66358879645318, 45.076391057233231, 0.0 ], [ 7.66451827837469, 45.076427902687442, 0.0 ], [ 7.664967295125625, 45.076442333827266, 0.0 ], [ 7.665612853278859, 45.076471466033993, 0.0 ], [ 7.666771305551682, 45.07651742152111, 0.0 ], [ 7.668241224925673, 45.076575623253497, 0.0 ], [ 7.668029000824663, 45.076299674299634, 0.0 ], [ 7.667589897990383, 45.075677742861807, 0.0 ], [ 7.667148678795667, 45.075052770650949, 0.0 ], [ 7.666595879580287, 45.074269744336085, 0.0 ], [ 7.666173671394909, 45.073671689344785, 0.0 ], [ 7.666081958481749, 45.073541776229668, 0.0 ], [ 7.665571100798303, 45.072818125047995, 0.0 ], [ 7.664958513570034, 45.071950334581253, 0.0 ], [ 7.664319234392284, 45.07104469915766, 0.0 ], [ 7.663716893008211, 45.070191362384421, 0.0 ], [ 7.662612416242064, 45.068626582884747, 0.0 ], [ 7.66303239505206, 45.068476491475451, 0.0 ], [ 7.662936670072623, 45.068339579101661, 0.0 ], [ 7.662481824388847, 45.067688951932126, 0.0 ], [ 7.662150025399393, 45.067214346113808, 0.0 ], [ 7.662148512250285, 45.067212185714133, 0.0 ], [ 7.66203285316511, 45.067046736900778, 0.0 ], [ 7.661393772681503, 45.066132536821357, 0.0 ], [ 7.660739223105738, 45.065196195546072, 0.0 ], [ 7.658181163407127, 45.061536474257757, 0.0 ], [ 7.658085594840747, 45.061399748767613, 0.0 ], [ 7.655984273125431, 45.062202764540366, 0.0 ], [ 7.654783959504689, 45.062668127231035, 0.0 ], [ 7.653549412832008, 45.063146819861245, 0.0 ], [ 7.653017893923849, 45.063352894071983, 0.0 ], [ 7.652237666712126, 45.063655373692903, 0.0 ], [ 7.651984573216573, 45.063753492948514, 0.0 ], [ 7.65097419701029, 45.064145199612057, 0.0 ], [ 7.64969105506932, 45.064642081260821, 0.0 ], [ 7.649385154365497, 45.064760535577697, 0.0 ], [ 7.649488729711187, 45.064878612327249, 0.0 ], [ 7.649590151926239, 45.06499423331401, 0.0 ], [ 7.649511307411826, 45.064986243441147, 0.0 ], [ 7.649255611740243, 45.064960337488195, 0.0 ], [ 7.648948964077159, 45.064929271544905, 0.0 ], [ 7.648905970430738, 45.064945892901648, 0.0 ], [ 7.648524336510409, 45.065093434428192, 0.0 ], [ 7.64835535772878, 45.06515876868189, 0.0 ], [ 7.647745157387601, 45.065394671275186, 0.0 ], [ 7.647066094017187, 45.065657427868693, 0.0 ], [ 7.646312933710838, 45.065949160418029, 0.0 ], [ 7.645707143160251, 45.066183683009498, 0.0 ], [ 7.644913557998871, 45.066486881341682, 0.0 ], [ 7.643897362630201, 45.066879411548157, 0.0 ], [ 7.642934367004793, 45.067251373238882, 0.0 ], [ 7.642178477574516, 45.067543325377713, 0.0 ], [ 7.641457402885912, 45.067821832700048, 0.0 ], [ 7.641129090626199, 45.067948640414819, 0.0 ], [ 7.640502183491138, 45.068190760091689, 0.0 ], [ 7.640224470101982, 45.068298013729226, 0.0 ], [ 7.638482887318845, 45.068970611364392, 0.0 ], [ 7.638603791079083, 45.069150531662807, 0.0 ] ] ] } },
{ "type": "Feature", "properties": { "ID_QUART": 16, "DENOM": "Madonna di Campagna", "neighborhood_name_clean": "madonna di campagna", "statistical_zone_clean": "16", "n_somministrazione": 118, "neighborhood_clean": "16 madonna di campagna", "total_population": 41605, "stores_per_1000_residents": 2.8361975724071624, "distance_to_nearest_metro": 431.44857491308397, "normalized_population": 0.65616421717478446, "normalized_competition": 0.36077080636426884, "normalized_distance_to_metro": 0.070449041794560421, "retail_opportunity_score": 0.15491430714224688, "opportunity_level": "High Opportunity", "longitude": 7.6638870204736609, "latitude": 45.115247651847689 }, "geometry": { "type": "Polygon", "coordinates": [ [ [ 7.645169186469695, 45.106645861695036, 0.0 ], [ 7.645172083716759, 45.107862330338335, 0.0 ], [ 7.645186977651327, 45.108152641445038, 0.0 ], [ 7.645335485545473, 45.111047798494347, 0.0 ], [ 7.645358874073874, 45.112134327626762, 0.0 ], [ 7.645880982000635, 45.112083791974207, 0.0 ], [ 7.646120083573333, 45.11206861469185, 0.0 ], [ 7.646426158545612, 45.112065086726069, 0.0 ], [ 7.646552853642351, 45.112074744780863, 0.0 ], [ 7.647280276312618, 45.112170193983779, 0.0 ], [ 7.647667900406537, 45.112202411546107, 0.0 ], [ 7.647881129860467, 45.112204531346514, 0.0 ], [ 7.648129445094337, 45.112191592553764, 0.0 ], [ 7.648289263503737, 45.112183258447558, 0.0 ], [ 7.649910858242908, 45.112172089874122, 0.0 ], [ 7.650590887294631, 45.112266769255491, 0.0 ], [ 7.653726900474798, 45.112717537906875, 0.0 ], [ 7.654472658375837, 45.112824501006173, 0.0 ], [ 7.654508325522573, 45.114839138559034, 0.0 ], [ 7.654636565999062, 45.114925049385704, 0.0 ], [ 7.654321148869776, 45.115207990197867, 0.0 ], [ 7.65406015184522, 45.115444036084021, 0.0 ], [ 7.65348371313177, 45.115963019537844, 0.0 ], [ 7.653398180764361, 45.116044457358598, 0.0 ], [ 7.653367330244849, 45.116076067175314, 0.0 ], [ 7.653019069929916, 45.116397585963966, 0.0 ], [ 7.652961565653063, 45.11716212343935, 0.0 ], [ 7.652899298107449, 45.117893432410618, 0.0 ], [ 7.652899065266987, 45.117972977252592, 0.0 ], [ 7.652896724493512, 45.118045430364361, 0.0 ], [ 7.652874033645921, 45.118468332606277, 0.0 ], [ 7.652794336568947, 45.119868151680983, 0.0 ], [ 7.652742885214045, 45.120445507051265, 0.0 ], [ 7.652713189493654, 45.120782323317627, 0.0 ], [ 7.65270457851423, 45.121182697093467, 0.0 ], [ 7.652670355447423, 45.122606204569124, 0.0 ], [ 7.65260480067665, 45.123270951669767, 0.0 ], [ 7.653595056028363, 45.123893926079631, 0.0 ], [ 7.653654745782456, 45.123948937376042, 0.0 ], [ 7.653727613418866, 45.124016588616428, 0.0 ], [ 7.654109795040726, 45.124449718209036, 0.0 ], [ 7.654183046565367, 45.124380034821201, 0.0 ], [ 7.654222112367598, 45.124332327245803, 0.0 ], [ 7.654293581894808, 45.124292446023297, 0.0 ], [ 7.65436913087304, 45.124184470910279, 0.0 ], [ 7.654460602684855, 45.124121834807461, 0.0 ], [ 7.654505275826159, 45.123962652638539, 0.0 ], [ 7.654831935784693, 45.123694696020465, 0.0 ], [ 7.654902248184917, 45.123623933834409, 0.0 ], [ 7.6550371743637, 45.123470595210037, 0.0 ], [ 7.655139211180315, 45.123338600323649, 0.0 ], [ 7.655462428585182, 45.122984725017162, 0.0 ], [ 7.655909816810384, 45.122521967931888, 0.0 ], [ 7.655940113515068, 45.122501449987489, 0.0 ], [ 7.656750185889521, 45.121898831996781, 0.0 ], [ 7.657440176402561, 45.121436086942957, 0.0 ], [ 7.657569895524606, 45.121301524626084, 0.0 ], [ 7.65768190410221, 45.12120537061093, 0.0 ], [ 7.657738939615628, 45.12116258171514, 0.0 ], [ 7.657770946127044, 45.121144530765342, 0.0 ], [ 7.657810886218209, 45.121110262729978, 0.0 ], [ 7.65792429078448, 45.120993026188067, 0.0 ], [ 7.657998675818316, 45.120921743022755, 0.0 ], [ 7.658072244709343, 45.120859810963033, 0.0 ], [ 7.658180879597847, 45.120789281540659, 0.0 ], [ 7.658304945633942, 45.120700444120672, 0.0 ], [ 7.658336216529391, 45.120688218250322, 0.0 ], [ 7.65839088096939, 45.120678246867293, 0.0 ], [ 7.658445038186501, 45.120652013958342, 0.0 ], [ 7.658481991257665, 45.120626784263209, 0.0 ], [ 7.658568437502993, 45.120557891931853, 0.0 ], [ 7.658644617369937, 45.120507172082164, 0.0 ], [ 7.65875083953637, 45.120462988500506, 0.0 ], [ 7.658795866830676, 45.120453533572487, 0.0 ], [ 7.6588475423238, 45.12043114186222, 0.0 ], [ 7.659076293503416, 45.120317435909072, 0.0 ], [ 7.659272731096918, 45.120225720713186, 0.0 ], [ 7.659407574626899, 45.120159791289858, 0.0 ], [ 7.659511615629997, 45.120120154224225, 0.0 ], [ 7.659651098063143, 45.120072137425097, 0.0 ], [ 7.659970100330188, 45.11995984987913, 0.0 ], [ 7.660100340629739, 45.119916577641952, 0.0 ], [ 7.660129224782661, 45.119900461336314, 0.0 ], [ 7.660189206247339, 45.119863186472912, 0.0 ], [ 7.660306011898394, 45.119787197285611, 0.0 ], [ 7.660470455232539, 45.119661841918649, 0.0 ], [ 7.660581440030221, 45.119584027750285, 0.0 ], [ 7.660619525998788, 45.119548467774827, 0.0 ], [ 7.660649250218146, 45.119517590832579, 0.0 ], [ 7.660698938509772, 45.119444187806693, 0.0 ], [ 7.660724770260743, 45.119414461942668, 0.0 ], [ 7.660750795348994, 45.119393801598378, 0.0 ], [ 7.660931740164849, 45.120061948544524, 0.0 ], [ 7.661031198860797, 45.120432291758021, 0.0 ], [ 7.66068723815659, 45.120676686154987, 0.0 ], [ 7.660587178599597, 45.120667249825345, 0.0 ], [ 7.660557754002896, 45.120647280302961, 0.0 ], [ 7.660493905420134, 45.120629230739482, 0.0 ], [ 7.660397693645093, 45.120631405718001, 0.0 ], [ 7.660147132159611, 45.120671998263077, 0.0 ], [ 7.659920806377753, 45.120728771601883, 0.0 ], [ 7.659691334912658, 45.120797173522625, 0.0 ], [ 7.659505699326963, 45.120864621607332, 0.0 ], [ 7.659238709865237, 45.120978508834618, 0.0 ], [ 7.659065486641889, 45.121058263710559, 0.0 ], [ 7.658826367760982, 45.121165438919974, 0.0 ], [ 7.658189937028314, 45.121483290761482, 0.0 ], [ 7.657930153855705, 45.121637137282931, 0.0 ], [ 7.65742333503925, 45.121968175840564, 0.0 ], [ 7.657192568618492, 45.122133685010716, 0.0 ], [ 7.656999071281398, 45.122281692088549, 0.0 ], [ 7.656750641649928, 45.122416892706759, 0.0 ], [ 7.656724271974125, 45.122443938447887, 0.0 ], [ 7.656722574028401, 45.122478377040302, 0.0 ], [ 7.656791480306278, 45.122581086717489, 0.0 ], [ 7.65682872323289, 45.122657480711375, 0.0 ], [ 7.656820741989489, 45.122730947428984, 0.0 ], [ 7.656795980613424, 45.122837902397137, 0.0 ], [ 7.656761373706723, 45.122966750359765, 0.0 ], [ 7.656718687204658, 45.123041566134305, 0.0 ], [ 7.656390987998591, 45.123519587249028, 0.0 ], [ 7.656398076980259, 45.123615170331441, 0.0 ], [ 7.656416354514329, 45.123644711910984, 0.0 ], [ 7.656415965017204, 45.123678112221086, 0.0 ], [ 7.656101830635983, 45.12406436906938, 0.0 ], [ 7.655799795018458, 45.124442682702259, 0.0 ], [ 7.655563949996631, 45.124722540944205, 0.0 ], [ 7.655353260734327, 45.124920914205035, 0.0 ], [ 7.655284618072, 45.124992541242065, 0.0 ], [ 7.655210446462729, 45.125050529983682, 0.0 ], [ 7.654415205094896, 45.124795840077688, 0.0 ], [ 7.654651088376505, 45.125059874758215, 0.0 ], [ 7.656280090710702, 45.126871484953178, 0.0 ], [ 7.657106088436399, 45.127786824153823, 0.0 ], [ 7.65709806062372, 45.12820962685408, 0.0 ], [ 7.656657747510024, 45.128970130314819, 0.0 ], [ 7.656158996144204, 45.129383973444256, 0.0 ], [ 7.656068530436396, 45.12945980913387, 0.0 ], [ 7.65574270254598, 45.129666253739408, 0.0 ], [ 7.655312809422107, 45.129155919544047, 0.0 ], [ 7.654593010635482, 45.129579331083768, 0.0 ], [ 7.654902212655502, 45.129981838370782, 0.0 ], [ 7.654838649205041, 45.130035099577803, 0.0 ], [ 7.655163992517624, 45.130359111428788, 0.0 ], [ 7.655308100943715, 45.130501791834135, 0.0 ], [ 7.654326167393672, 45.131504784423733, 0.0 ], [ 7.655725194683796, 45.133296875945781, 0.0 ], [ 7.655650802828932, 45.133311356860972, 0.0 ], [ 7.655555481067471, 45.133329920976237, 0.0 ], [ 7.655512172411652, 45.133336153702317, 0.0 ], [ 7.655363285149949, 45.13341158979248, 0.0 ], [ 7.655217578722208, 45.133481040006878, 0.0 ], [ 7.655052939496778, 45.133542121630803, 0.0 ], [ 7.654999865077115, 45.133608316590674, 0.0 ], [ 7.654971129309821, 45.133634658883359, 0.0 ], [ 7.654807576052366, 45.133727933863227, 0.0 ], [ 7.654671711260693, 45.133847116639963, 0.0 ], [ 7.654550526414157, 45.133894171901012, 0.0 ], [ 7.654467322067307, 45.133966969769389, 0.0 ], [ 7.654272072916582, 45.134070123231858, 0.0 ], [ 7.654190659433005, 45.134175922563315, 0.0 ], [ 7.654165842552388, 45.134205282561069, 0.0 ], [ 7.654150827598897, 45.134234279017718, 0.0 ], [ 7.654122730709025, 45.134258288103112, 0.0 ], [ 7.654088879206124, 45.134274399091737, 0.0 ], [ 7.653974503681713, 45.134318994696621, 0.0 ], [ 7.653845981014883, 45.134450218743751, 0.0 ], [ 7.653742991648167, 45.134501133131828, 0.0 ], [ 7.653643700025328, 45.134573289287594, 0.0 ], [ 7.653548559680239, 45.134594356485238, 0.0 ], [ 7.653455180584557, 45.13465512455317, 0.0 ], [ 7.65336771883908, 45.134689280662471, 0.0 ], [ 7.65334747105543, 45.134765456327159, 0.0 ], [ 7.653231173085115, 45.134797651690278, 0.0 ], [ 7.653215313028122, 45.134800454016471, 0.0 ], [ 7.653113858926275, 45.1348605859217, 0.0 ], [ 7.65301419153358, 45.134899979766139, 0.0 ], [ 7.652862700506868, 45.135039815682823, 0.0 ], [ 7.652850349484424, 45.135064694389925, 0.0 ], [ 7.653774964142013, 45.135036136343608, 0.0 ], [ 7.65586639414925, 45.13493647892944, 0.0 ], [ 7.656158051565145, 45.134916354312814, 0.0 ], [ 7.656188323415027, 45.134912452888045, 0.0 ], [ 7.656798173867413, 45.134833896396024, 0.0 ], [ 7.657318511207408, 45.134794115573456, 0.0 ], [ 7.657548650661002, 45.134801682190812, 0.0 ], [ 7.658514473901764, 45.134989033037371, 0.0 ], [ 7.658912738825515, 45.135001102130509, 0.0 ], [ 7.659465732685924, 45.13501786618081, 0.0 ], [ 7.66078528515506, 45.135112384204589, 0.0 ], [ 7.661615093921051, 45.134912238743148, 0.0 ], [ 7.663387266496957, 45.134058108071073, 0.0 ], [ 7.663400399869894, 45.134051780425189, 0.0 ], [ 7.66343450358293, 45.134176096353855, 0.0 ], [ 7.663743663682791, 45.135303219275109, 0.0 ], [ 7.663692855982648, 45.135309213849901, 0.0 ], [ 7.662608660918879, 45.135479750343855, 0.0 ], [ 7.661940517065004, 45.135624401528801, 0.0 ], [ 7.661100508728421, 45.136199014397924, 0.0 ], [ 7.661140524552531, 45.136455833694527, 0.0 ], [ 7.661276824097644, 45.136853621183278, 0.0 ], [ 7.661319810780808, 45.136950982990044, 0.0 ], [ 7.661311596432808, 45.136954127375965, 0.0 ], [ 7.661379977460061, 45.13710274444562, 0.0 ], [ 7.66138818082508, 45.137099960807177, 0.0 ], [ 7.661781227350953, 45.137971254510198, 0.0 ], [ 7.662165823427172, 45.138672048519588, 0.0 ], [ 7.662436429357307, 45.139211815044298, 0.0 ], [ 7.662988634533592, 45.139555763559649, 0.0 ], [ 7.663260738598912, 45.139608016320039, 0.0 ], [ 7.663276282658758, 45.139931159978353, 0.0 ], [ 7.66328033820082, 45.140015643167935, 0.0 ], [ 7.66362326566209, 45.139970831195697, 0.0 ], [ 7.663701220822539, 45.139976775438058, 0.0 ], [ 7.663811388951048, 45.140053129195785, 0.0 ], [ 7.663858986583918, 45.140117768990876, 0.0 ], [ 7.663939051093835, 45.140186938092306, 0.0 ], [ 7.66402075811941, 45.140217951314547, 0.0 ], [ 7.664205346888128, 45.140244027167661, 0.0 ], [ 7.664581557006172, 45.140212016044714, 0.0 ], [ 7.664711055545116, 45.140178406784607, 0.0 ], [ 7.664836188952886, 45.14012423091679, 0.0 ], [ 7.665037727404958, 45.139978383344818, 0.0 ], [ 7.665224822061078, 45.139863341663265, 0.0 ], [ 7.66533015944085, 45.139763026361052, 0.0 ], [ 7.665399010545517, 45.139668035534861, 0.0 ], [ 7.665544624974009, 45.139531273141834, 0.0 ], [ 7.665674744116937, 45.139371277945173, 0.0 ], [ 7.665843176633305, 45.13923766295445, 0.0 ], [ 7.665890398102151, 45.139186535333359, 0.0 ], [ 7.666020947383623, 45.139118189954473, 0.0 ], [ 7.66614894303564, 45.13908348021603, 0.0 ], [ 7.66633487175704, 45.139084734058692, 0.0 ], [ 7.666465490651141, 45.13906841832636, 0.0 ], [ 7.66652028809597, 45.139030522771165, 0.0 ], [ 7.666552632048802, 45.138996144508461, 0.0 ], [ 7.666553997528234, 45.138958894174834, 0.0 ], [ 7.666522014958615, 45.138922693414806, 0.0 ], [ 7.666417846054026, 45.138839931859245, 0.0 ], [ 7.666342759046278, 45.138809178329367, 0.0 ], [ 7.666205832011383, 45.138779151859453, 0.0 ], [ 7.666161099014177, 45.138755224159581, 0.0 ], [ 7.66613526004585, 45.138728287328775, 0.0 ], [ 7.666129863635312, 45.138686996924932, 0.0 ], [ 7.666161007244709, 45.138627220825924, 0.0 ], [ 7.666275805813161, 45.138546447476145, 0.0 ], [ 7.666374569255539, 45.138499883178085, 0.0 ], [ 7.666530650402473, 45.13848242483752, 0.0 ], [ 7.666605172082612, 45.138482745800296, 0.0 ], [ 7.666673960535312, 45.138478139877449, 0.0 ], [ 7.666732858543328, 45.138478187316139, 0.0 ], [ 7.667011165679093, 45.138493912866316, 0.0 ], [ 7.667166153580616, 45.138490663318613, 0.0 ], [ 7.66746524895678, 45.138471253649598, 0.0 ], [ 7.667779306606902, 45.13853069298095, 0.0 ], [ 7.667887843483487, 45.138534109985947, 0.0 ], [ 7.667988708733371, 45.138517454011918, 0.0 ], [ 7.668226290184233, 45.138462759450078, 0.0 ], [ 7.668293437652692, 45.138440669399536, 0.0 ], [ 7.668352402112679, 45.138410022423386, 0.0 ], [ 7.668556483509906, 45.13827446909837, 0.0 ], [ 7.668609556438179, 45.138234572336714, 0.0 ], [ 7.668692863159482, 45.138151459242387, 0.0 ], [ 7.668765961868325, 45.138092170653429, 0.0 ], [ 7.668824984362554, 45.138059003374551, 0.0 ], [ 7.668914192893878, 45.138029419566728, 0.0 ], [ 7.669110368884892, 45.138016026176508, 0.0 ], [ 7.669279140354461, 45.137977818012153, 0.0 ], [ 7.669314375375676, 45.137972108130377, 0.0 ], [ 7.669536366137002, 45.137975208289511, 0.0 ], [ 7.669697429211918, 45.137984627038648, 0.0 ], [ 7.669757361934171, 45.137966953804742, 0.0 ], [ 7.669869370725414, 45.137918910699824, 0.0 ], [ 7.669930540013468, 45.13786992486127, 0.0 ], [ 7.670119431822418, 45.137752916865423, 0.0 ], [ 7.670274599960628, 45.137697455627716, 0.0 ], [ 7.670384882819797, 45.137691889393643, 0.0 ], [ 7.670602039580406, 45.137692248358512, 0.0 ], [ 7.6706822503745, 45.137713678096745, 0.0 ], [ 7.670979128366357, 45.137550855416407, 0.0 ], [ 7.671012954344931, 45.137268507176209, 0.0 ], [ 7.670998132955956, 45.137026200240626, 0.0 ], [ 7.671049513465749, 45.136966640204072, 0.0 ], [ 7.671038537442657, 45.136852218213093, 0.0 ], [ 7.671003799309861, 45.136684877668095, 0.0 ], [ 7.671235803612078, 45.136480035189024, 0.0 ], [ 7.671507813696571, 45.136142902768931, 0.0 ], [ 7.67176253509604, 45.136108680210675, 0.0 ], [ 7.672021481230521, 45.136113194754785, 0.0 ], [ 7.672104834175185, 45.136192162847472, 0.0 ], [ 7.672137271891628, 45.136264185142515, 0.0 ], [ 7.672217419774377, 45.136284488322012, 0.0 ], [ 7.672450572358314, 45.136175101845538, 0.0 ], [ 7.67256232824117, 45.136114135682696, 0.0 ], [ 7.672702721483997, 45.136074738119468, 0.0 ], [ 7.672947121833512, 45.135932211020595, 0.0 ], [ 7.673215106085713, 45.135742815565621, 0.0 ], [ 7.673438758793683, 45.135701800784766, 0.0 ], [ 7.673608673810731, 45.135681918849357, 0.0 ], [ 7.673776253508406, 45.135679319155109, 0.0 ], [ 7.673891295749361, 45.135654730631586, 0.0 ], [ 7.673917117470104, 45.135647406262052, 0.0 ], [ 7.673969487250081, 45.135614034080049, 0.0 ], [ 7.674066479456366, 45.135528743579471, 0.0 ], [ 7.674158759305127, 45.135406402302081, 0.0 ], [ 7.6742226309126, 45.135353601704885, 0.0 ], [ 7.674300929606103, 45.135314904372876, 0.0 ], [ 7.674329405950478, 45.135299410077522, 0.0 ], [ 7.674430563668461, 45.135181456029571, 0.0 ], [ 7.674430338856554, 45.1351236273048, 0.0 ], [ 7.674404753014327, 45.135056016215799, 0.0 ], [ 7.67431739034467, 45.134880604037221, 0.0 ], [ 7.674322479887138, 45.134842621173938, 0.0 ], [ 7.67440013528065, 45.134743775925429, 0.0 ], [ 7.67442056020304, 45.134728898581869, 0.0 ], [ 7.674491152821489, 45.13468187523641, 0.0 ], [ 7.674605721474821, 45.134643029532626, 0.0 ], [ 7.674624183708584, 45.13460641808792, 0.0 ], [ 7.674616165012336, 45.134575980657651, 0.0 ], [ 7.674610906554853, 45.13455977052913, 0.0 ], [ 7.67456290374248, 45.134536448411332, 0.0 ], [ 7.674495497289855, 45.134482854170372, 0.0 ], [ 7.674466678767736, 45.134439445733513, 0.0 ], [ 7.674553823305234, 45.134294361058011, 0.0 ], [ 7.674629521262001, 45.134245441694283, 0.0 ], [ 7.674750715061572, 45.134083072044945, 0.0 ], [ 7.674726490968455, 45.134030798651615, 0.0 ], [ 7.674687587634586, 45.13395725351927, 0.0 ], [ 7.674641898099525, 45.133903324578654, 0.0 ], [ 7.67456620805962, 45.133851524667932, 0.0 ], [ 7.674399364285507, 45.133812104756267, 0.0 ], [ 7.674382371594321, 45.133791401105512, 0.0 ], [ 7.674373872458452, 45.133727292428055, 0.0 ], [ 7.674374747362549, 45.133685696189538, 0.0 ], [ 7.67450433392574, 45.133585410670008, 0.0 ], [ 7.674374714402178, 45.133508741274277, 0.0 ], [ 7.674160642514429, 45.133465416132886, 0.0 ], [ 7.673810002376161, 45.133444483500654, 0.0 ], [ 7.673553222153389, 45.13347370955335, 0.0 ], [ 7.673307048426002, 45.133546752060091, 0.0 ], [ 7.673090493622953, 45.133651688384234, 0.0 ], [ 7.67302384902872, 45.133507156867758, 0.0 ], [ 7.672570165811833, 45.132539291591868, 0.0 ], [ 7.673752052907822, 45.132703668271098, 0.0 ], [ 7.672837350488416, 45.13094460280653, 0.0 ], [ 7.672814541377698, 45.130902165747273, 0.0 ], [ 7.672674609574345, 45.130865837173474, 0.0 ], [ 7.672831956402266, 45.13079611143543, 0.0 ], [ 7.672949039269892, 45.130754481534531, 0.0 ], [ 7.673837799817313, 45.130512632967175, 0.0 ], [ 7.672791585690857, 45.128862869577866, 0.0 ], [ 7.672719778618618, 45.128723004091647, 0.0 ], [ 7.672660814757904, 45.128564996991166, 0.0 ], [ 7.672626480706924, 45.128429031841428, 0.0 ], [ 7.672617534698394, 45.128366294293102, 0.0 ], [ 7.672638675970398, 45.127937854810916, 0.0 ], [ 7.672673740290444, 45.127706262152508, 0.0 ], [ 7.672712155050786, 45.127474986890185, 0.0 ], [ 7.672754845018881, 45.127235787940769, 0.0 ], [ 7.67281582101481, 45.126740575958515, 0.0 ], [ 7.672794985586577, 45.126267215169264, 0.0 ], [ 7.672742298897424, 45.125941741774042, 0.0 ], [ 7.672614763897107, 45.125518927860426, 0.0 ], [ 7.672306218274998, 45.124468383791928, 0.0 ], [ 7.672304205974044, 45.124421326671126, 0.0 ], [ 7.672250937181144, 45.124025849138853, 0.0 ], [ 7.672160231907146, 45.123555897495848, 0.0 ], [ 7.672122042513454, 45.123485455457903, 0.0 ], [ 7.671800914973045, 45.122225646073964, 0.0 ], [ 7.67158466230713, 45.122160316245385, 0.0 ], [ 7.671496199009327, 45.122132696832416, 0.0 ], [ 7.671434737775598, 45.122101321290629, 0.0 ], [ 7.671349248623891, 45.122069874884289, 0.0 ], [ 7.671321294815203, 45.122063085447316, 0.0 ], [ 7.67122154723377, 45.12205102360366, 0.0 ], [ 7.671021914132786, 45.122036674464205, 0.0 ], [ 7.670924257106477, 45.122026031769394, 0.0 ], [ 7.670649930196349, 45.121946262254035, 0.0 ], [ 7.670317296098489, 45.121846187859369, 0.0 ], [ 7.670233903350096, 45.121822497501626, 0.0 ], [ 7.670147643117265, 45.121871353077289, 0.0 ], [ 7.670045275845726, 45.121899280466678, 0.0 ], [ 7.669848681331045, 45.121882849633842, 0.0 ], [ 7.669666188876789, 45.121861882232729, 0.0 ], [ 7.669514594532963, 45.121828395096088, 0.0 ], [ 7.669388564714899, 45.121780306253832, 0.0 ], [ 7.669087692645919, 45.121655692087558, 0.0 ], [ 7.66879619773606, 45.121542447138538, 0.0 ], [ 7.668481189845179, 45.121406917543922, 0.0 ], [ 7.66815739333274, 45.121260662324659, 0.0 ], [ 7.667904986819392, 45.121145197201074, 0.0 ], [ 7.667640857806008, 45.120995838460182, 0.0 ], [ 7.667541978088573, 45.12093792886634, 0.0 ], [ 7.667254262075062, 45.120731403676324, 0.0 ], [ 7.667102113099672, 45.120653042469932, 0.0 ], [ 7.666596639770497, 45.120430182657216, 0.0 ], [ 7.666323068330585, 45.120307157313256, 0.0 ], [ 7.66608387172799, 45.120235094847082, 0.0 ], [ 7.665769207529026, 45.120144912450911, 0.0 ], [ 7.665277148550411, 45.119964332535318, 0.0 ], [ 7.665121285389564, 45.119918491138598, 0.0 ], [ 7.665091430859003, 45.119920743928184, 0.0 ], [ 7.664954224670123, 45.119998391301252, 0.0 ], [ 7.664913889133889, 45.120015995061408, 0.0 ], [ 7.66468567567112, 45.120013965056359, 0.0 ], [ 7.664550486186745, 45.120056402204391, 0.0 ], [ 7.664505704267875, 45.120077186363282, 0.0 ], [ 7.663777454674371, 45.12010911058691, 0.0 ], [ 7.663687971678732, 45.120120998598985, 0.0 ], [ 7.663507344245803, 45.120118606637135, 0.0 ], [ 7.663383514778263, 45.120159563390672, 0.0 ], [ 7.663434121593276, 45.120179069224051, 0.0 ], [ 7.663452017184584, 45.120199469065369, 0.0 ], [ 7.663429200476941, 45.12021501832772, 0.0 ], [ 7.663343088192272, 45.120231733436285, 0.0 ], [ 7.663299121043462, 45.120226367914888, 0.0 ], [ 7.66293643968756, 45.120248208559524, 0.0 ], [ 7.662785123766592, 45.120249884306574, 0.0 ], [ 7.662444405739274, 45.120237243535001, 0.0 ], [ 7.662254580884694, 45.120263294104802, 0.0 ], [ 7.662233114743671, 45.120269504995122, 0.0 ], [ 7.662217095046673, 45.120378769184917, 0.0 ], [ 7.662194728859061, 45.120386490933448, 0.0 ], [ 7.662183356083907, 45.120404172227509, 0.0 ], [ 7.662187904072148, 45.120416783481978, 0.0 ], [ 7.662182902002757, 45.120498054204091, 0.0 ], [ 7.661988960276238, 45.120483161414093, 0.0 ], [ 7.661763302134102, 45.120465835453352, 0.0 ], [ 7.661635661962769, 45.120456031983665, 0.0 ], [ 7.661280295391284, 45.120441765275345, 0.0 ], [ 7.66117051244548, 45.120031154118315, 0.0 ], [ 7.660970252139653, 45.119281442652536, 0.0 ], [ 7.661333606574793, 45.119320314525986, 0.0 ], [ 7.661966289366273, 45.11934267224003, 0.0 ], [ 7.662128448411758, 45.119352925057406, 0.0 ], [ 7.662153674604653, 45.119352330403657, 0.0 ], [ 7.662316378527813, 45.119348520368177, 0.0 ], [ 7.66239414137215, 45.119349008383068, 0.0 ], [ 7.662450453826463, 45.119353817471556, 0.0 ], [ 7.662495197350522, 45.119352091141415, 0.0 ], [ 7.662623208027363, 45.119323136895325, 0.0 ], [ 7.662611704342675, 45.119318078410593, 0.0 ], [ 7.662605849272526, 45.11930964796597, 0.0 ], [ 7.662563945388298, 45.119291639226638, 0.0 ], [ 7.662608313290483, 45.119280421372942, 0.0 ], [ 7.66265104078409, 45.119301310045316, 0.0 ], [ 7.662673256596785, 45.119302768336993, 0.0 ], [ 7.662737987311918, 45.119329262239773, 0.0 ], [ 7.662832504029028, 45.11932713743451, 0.0 ], [ 7.663133507347737, 45.119333964525019, 0.0 ], [ 7.663382286181472, 45.11933617541839, 0.0 ], [ 7.663646692800256, 45.119344752107033, 0.0 ], [ 7.663857731658225, 45.119359111771772, 0.0 ], [ 7.66410500382568, 45.119382889826724, 0.0 ], [ 7.664380828454957, 45.119417622204914, 0.0 ], [ 7.664685720490817, 45.119467041723105, 0.0 ], [ 7.664950355353465, 45.119529701024305, 0.0 ], [ 7.665291453179145, 45.119619204384527, 0.0 ], [ 7.666157844433467, 45.119852677253128, 0.0 ], [ 7.666805216458651, 45.120068401072444, 0.0 ], [ 7.667127103567775, 45.120189818962956, 0.0 ], [ 7.667477387117498, 45.120345882354783, 0.0 ], [ 7.66780124533039, 45.120493615922612, 0.0 ], [ 7.668062414220893, 45.120607779813128, 0.0 ], [ 7.668191594139786, 45.120670047830892, 0.0 ], [ 7.668234368592269, 45.120684679516167, 0.0 ], [ 7.668408589057148, 45.120697540443864, 0.0 ], [ 7.668901192990625, 45.120835058196668, 0.0 ], [ 7.668895170628738, 45.120861660664147, 0.0 ], [ 7.66889424651511, 45.120880138644033, 0.0 ], [ 7.668913526141678, 45.120896890603731, 0.0 ], [ 7.668968094662818, 45.120929806381085, 0.0 ], [ 7.668975034777587, 45.120956118465351, 0.0 ], [ 7.668971790445616, 45.120975911954197, 0.0 ], [ 7.668997602331435, 45.120985142500523, 0.0 ], [ 7.669037094071825, 45.120991093922399, 0.0 ], [ 7.669164787051034, 45.12104849084006, 0.0 ], [ 7.669224144594804, 45.121067392889692, 0.0 ], [ 7.669358158279618, 45.121105664509116, 0.0 ], [ 7.669470403435681, 45.121135669570599, 0.0 ], [ 7.669513144472778, 45.121155647054835, 0.0 ], [ 7.669540235004328, 45.121156871920498, 0.0 ], [ 7.669556780598294, 45.121141383761191, 0.0 ], [ 7.669542985514492, 45.121123921976611, 0.0 ], [ 7.669525216056681, 45.121106134505382, 0.0 ], [ 7.669523509074564, 45.121086075928908, 0.0 ], [ 7.66954434546585, 45.121069791933586, 0.0 ], [ 7.66963889566887, 45.121066834616578, 0.0 ], [ 7.669865277593186, 45.12114846967777, 0.0 ], [ 7.669917609438645, 45.121173717484297, 0.0 ], [ 7.669932173324298, 45.121183807076939, 0.0 ], [ 7.669976293565538, 45.12122158781542, 0.0 ], [ 7.670001816120123, 45.121247629964607, 0.0 ], [ 7.670034701754827, 45.121276988597238, 0.0 ], [ 7.670063872988843, 45.121299760539571, 0.0 ], [ 7.670200327431011, 45.12138236476752, 0.0 ], [ 7.670226040688669, 45.121404115179423, 0.0 ], [ 7.670252465815544, 45.121429664268284, 0.0 ], [ 7.670272154444313, 45.121454576149752, 0.0 ], [ 7.670287669277288, 45.121470869722735, 0.0 ], [ 7.670305324394382, 45.121502293188314, 0.0 ], [ 7.670306155871277, 45.12152178280099, 0.0 ], [ 7.670317753780531, 45.121544141754377, 0.0 ], [ 7.670361761565493, 45.121582353456546, 0.0 ], [ 7.670391223450904, 45.121605758543907, 0.0 ], [ 7.670428632536791, 45.121624270370667, 0.0 ], [ 7.670455673883878, 45.121632110767116, 0.0 ], [ 7.670511252181355, 45.121651112133343, 0.0 ], [ 7.670534387597332, 45.121660167179016, 0.0 ], [ 7.670693763732606, 45.121705140539952, 0.0 ], [ 7.670910882848761, 45.1217751804041, 0.0 ], [ 7.670935894903191, 45.121784400295816, 0.0 ], [ 7.670951276769471, 45.121793293922984, 0.0 ], [ 7.6709558613753, 45.121805517654032, 0.0 ], [ 7.670952349752566, 45.1218155307646, 0.0 ], [ 7.670958348706718, 45.121822703666766, 0.0 ], [ 7.670967383857203, 45.121827309661839, 0.0 ], [ 7.67100641817573, 45.12184429027819, 0.0 ], [ 7.671042583746813, 45.121856737563242, 0.0 ], [ 7.671114571785173, 45.121879305239595, 0.0 ], [ 7.671289056524188, 45.121916010222172, 0.0 ], [ 7.671383375067887, 45.121943339305361, 0.0 ], [ 7.671412166257321, 45.121956896969905, 0.0 ], [ 7.671427851886367, 45.121961995070883, 0.0 ], [ 7.67145344898743, 45.121958637425138, 0.0 ], [ 7.671585377523762, 45.121975574279752, 0.0 ], [ 7.671658010019843, 45.121987392835003, 0.0 ], [ 7.671752724960479, 45.122010854779838, 0.0 ], [ 7.671838282691913, 45.122031193580959, 0.0 ], [ 7.67200704306791, 45.122087239270257, 0.0 ], [ 7.672062384007825, 45.12210391425301, 0.0 ], [ 7.672107699486785, 45.122107250399345, 0.0 ], [ 7.672144729902521, 45.122108103474396, 0.0 ], [ 7.672186847293201, 45.122107891838525, 0.0 ], [ 7.672243053576134, 45.122113046232244, 0.0 ], [ 7.672329690399848, 45.122125232766876, 0.0 ], [ 7.672419923000454, 45.122128181347868, 0.0 ], [ 7.672654262901221, 45.122144903877363, 0.0 ], [ 7.672755343582816, 45.122154935569569, 0.0 ], [ 7.672889232990312, 45.122164161234679, 0.0 ], [ 7.672927259538878, 45.122164810099797, 0.0 ], [ 7.672966434580204, 45.122159288403388, 0.0 ], [ 7.673005931645035, 45.122152014928346, 0.0 ], [ 7.673063303544332, 45.122149657825702, 0.0 ], [ 7.673115978082673, 45.122153078633914, 0.0 ], [ 7.673188653829149, 45.122167496697607, 0.0 ], [ 7.673251609327973, 45.12218102930072, 0.0 ], [ 7.673313673971059, 45.122190752070352, 0.0 ], [ 7.673329651734888, 45.122204089291294, 0.0 ], [ 7.673321600480448, 45.122217425359551, 0.0 ], [ 7.673297605063132, 45.122224113815527, 0.0 ], [ 7.673261046127305, 45.122228604656982, 0.0 ], [ 7.673224914303508, 45.122231776460801, 0.0 ], [ 7.67318525717031, 45.122232296896939, 0.0 ], [ 7.673019419641598, 45.122277699727768, 0.0 ], [ 7.672966396764243, 45.122293683665212, 0.0 ], [ 7.67295091075567, 45.122318887690255, 0.0 ], [ 7.672958879524975, 45.122334877216026, 0.0 ], [ 7.672973089477263, 45.122347771479411, 0.0 ], [ 7.672985818578607, 45.122355930804169, 0.0 ], [ 7.673014679562911, 45.12236639307806, 0.0 ], [ 7.673052241529181, 45.122378368739263, 0.0 ], [ 7.673092718200895, 45.122393539710032, 0.0 ], [ 7.673134439232304, 45.122410902642898, 0.0 ], [ 7.673165783565168, 45.122425677679303, 0.0 ], [ 7.673226844048493, 45.122461125551681, 0.0 ], [ 7.673286245015544, 45.122499658057095, 0.0 ], [ 7.673339624213906, 45.122532485922271, 0.0 ], [ 7.673358940472702, 45.122530740201832, 0.0 ], [ 7.673471946682148, 45.122527623283752, 0.0 ], [ 7.673513041971598, 45.122512276656323, 0.0 ], [ 7.673568709078671, 45.122480363324165, 0.0 ], [ 7.673744015783861, 45.122369878639255, 0.0 ], [ 7.673790328023893, 45.122334545669581, 0.0 ], [ 7.673844667100888, 45.122278780457158, 0.0 ], [ 7.673992878994894, 45.122085273996063, 0.0 ], [ 7.674119064568223, 45.121925347555653, 0.0 ], [ 7.674186968706197, 45.121815865480883, 0.0 ], [ 7.674258773614263, 45.12172779857044, 0.0 ], [ 7.674388250774722, 45.121556937776383, 0.0 ], [ 7.674544121322567, 45.121295061932386, 0.0 ], [ 7.67463381803076, 45.121142650306048, 0.0 ], [ 7.67467906487227, 45.121056643467938, 0.0 ], [ 7.674710095434221, 45.121037667217955, 0.0 ], [ 7.674723978919633, 45.121038810472861, 0.0 ], [ 7.674742074170291, 45.121051324884078, 0.0 ], [ 7.674762250794497, 45.121067807793288, 0.0 ], [ 7.674784231715107, 45.121061941027925, 0.0 ], [ 7.674808213618243, 45.12104752053218, 0.0 ], [ 7.67482863549851, 45.121036505435299, 0.0 ], [ 7.674838209064315, 45.121039217874618, 0.0 ], [ 7.674809951419049, 45.121088399155887, 0.0 ], [ 7.67481656522299, 45.121098673883182, 0.0 ], [ 7.674822105198557, 45.121095578532575, 0.0 ], [ 7.674904519027638, 45.121014952936562, 0.0 ], [ 7.675027597453092, 45.120864901664262, 0.0 ], [ 7.675100614471904, 45.120774399076609, 0.0 ], [ 7.675528583602205, 45.120321818338361, 0.0 ], [ 7.675833248345395, 45.120054670649651, 0.0 ], [ 7.676622139829457, 45.119440315432612, 0.0 ], [ 7.676702324803517, 45.119349184878594, 0.0 ], [ 7.676840154230063, 45.119032554625932, 0.0 ], [ 7.676864551292955, 45.118939660899208, 0.0 ], [ 7.676857282978157, 45.118888942242272, 0.0 ], [ 7.676835102913906, 45.118851760244361, 0.0 ], [ 7.67682627726603, 45.11881670448053, 0.0 ], [ 7.676842926282726, 45.118792781233289, 0.0 ], [ 7.67689090871155, 45.11874931003868, 0.0 ], [ 7.676905706567238, 45.11871087299324, 0.0 ], [ 7.67692595559483, 45.118461942241822, 0.0 ], [ 7.676912511811032, 45.11833450192276, 0.0 ], [ 7.676913663581066, 45.118297870103873, 0.0 ], [ 7.676903178764634, 45.118278485117123, 0.0 ], [ 7.676924234623507, 45.118197010775191, 0.0 ], [ 7.677165667888957, 45.117987566607795, 0.0 ], [ 7.677285366435568, 45.117910116500411, 0.0 ], [ 7.677392776126378, 45.117843983866592, 0.0 ], [ 7.677537348187142, 45.117760213412907, 0.0 ], [ 7.677606984993009, 45.117712284922113, 0.0 ], [ 7.677662646868497, 45.11766321288583, 0.0 ], [ 7.67772526409026, 45.117610351273747, 0.0 ], [ 7.677735468658614, 45.117594006053686, 0.0 ], [ 7.677739954922999, 45.117571553802598, 0.0 ], [ 7.677748050767436, 45.117548018137995, 0.0 ], [ 7.67778896278948, 45.117496875291614, 0.0 ], [ 7.677871924534029, 45.117388267590037, 0.0 ], [ 7.677913456962089, 45.117344865266055, 0.0 ], [ 7.677946423043339, 45.117315218095541, 0.0 ], [ 7.677977222262819, 45.117289064996818, 0.0 ], [ 7.678075407694617, 45.117196665258902, 0.0 ], [ 7.678124502778029, 45.117152296285312, 0.0 ], [ 7.678171456650672, 45.11711922750596, 0.0 ], [ 7.678235873594082, 45.117082489850944, 0.0 ], [ 7.67825036563439, 45.117065492369953, 0.0 ], [ 7.678259996374337, 45.117044296848938, 0.0 ], [ 7.678302156864949, 45.117012224841446, 0.0 ], [ 7.678410590301461, 45.116957219350297, 0.0 ], [ 7.678493139722319, 45.116918162512441, 0.0 ], [ 7.678610357795329, 45.116865931829835, 0.0 ], [ 7.678716003191375, 45.116833110911223, 0.0 ], [ 7.678763219605694, 45.116814464820628, 0.0 ], [ 7.678785130730589, 45.116794464558517, 0.0 ], [ 7.678817846048146, 45.116779999361853, 0.0 ], [ 7.678852659395593, 45.116778151726812, 0.0 ], [ 7.678910330984903, 45.116758213799258, 0.0 ], [ 7.678939688818826, 45.116773038088589, 0.0 ], [ 7.678969514864929, 45.116766991856181, 0.0 ], [ 7.679069850209278, 45.116727923466627, 0.0 ], [ 7.679126698422922, 45.116704529184794, 0.0 ], [ 7.679188996282393, 45.116682394662071, 0.0 ], [ 7.679239727584779, 45.116666310224936, 0.0 ], [ 7.679320046816883, 45.116637280982673, 0.0 ], [ 7.67942485952474, 45.116623442961554, 0.0 ], [ 7.679510591093784, 45.116610094637288, 0.0 ], [ 7.679587226462873, 45.116607461196786, 0.0 ], [ 7.679651464915523, 45.116613056198986, 0.0 ], [ 7.679687287212795, 45.116623245913821, 0.0 ], [ 7.679713736736111, 45.116638953751909, 0.0 ], [ 7.679754502209232, 45.116671840189767, 0.0 ], [ 7.679754289620808, 45.116685411343362, 0.0 ], [ 7.679749231441166, 45.116698010004136, 0.0 ], [ 7.67977382129419, 45.116712858192464, 0.0 ], [ 7.67980826943816, 45.116717470228728, 0.0 ], [ 7.679861234205707, 45.116719143924627, 0.0 ], [ 7.679930618012107, 45.116578880458221, 0.0 ], [ 7.679918985021792, 45.116523782743187, 0.0 ], [ 7.679890049005524, 45.116392572926166, 0.0 ], [ 7.679649719076378, 45.115475573405028, 0.0 ], [ 7.679400178423393, 45.114537133901699, 0.0 ], [ 7.679235405949986, 45.113899429873051, 0.0 ], [ 7.678627831414629, 45.111508601025243, 0.0 ], [ 7.678014233584526, 45.111654069039332, 0.0 ], [ 7.676603176219372, 45.113117287633941, 0.0 ], [ 7.676377241099555, 45.113322003873826, 0.0 ], [ 7.675976819475022, 45.113565673327763, 0.0 ], [ 7.675879429375458, 45.11365616383182, 0.0 ], [ 7.675528020851167, 45.114127565799095, 0.0 ], [ 7.675294874469906, 45.114455574088943, 0.0 ], [ 7.675204083785424, 45.114525121991349, 0.0 ], [ 7.675119056367526, 45.114572437596642, 0.0 ], [ 7.674455267972966, 45.114921453927586, 0.0 ], [ 7.674264152404561, 45.115019566899505, 0.0 ], [ 7.674110861248387, 45.115069808048887, 0.0 ], [ 7.674010541843426, 45.115098367292624, 0.0 ], [ 7.673911197919468, 45.11483611999779, 0.0 ], [ 7.673621429027973, 45.113688568403042, 0.0 ], [ 7.6734383914632, 45.112963642540123, 0.0 ], [ 7.673259838575369, 45.112256510058742, 0.0 ], [ 7.672938739116506, 45.110984739284532, 0.0 ], [ 7.671502946428803, 45.111159797805342, 0.0 ], [ 7.671036723814961, 45.11009766352678, 0.0 ], [ 7.670926497427969, 45.109821000878085, 0.0 ], [ 7.670827468206944, 45.109572454742455, 0.0 ], [ 7.673564951467618, 45.108995502017372, 0.0 ], [ 7.673400095760296, 45.10790011615898, 0.0 ], [ 7.673396808198582, 45.107807198409553, 0.0 ], [ 7.673408406242697, 45.107733383413176, 0.0 ], [ 7.673162401547061, 45.106125270622726, 0.0 ], [ 7.673135428351766, 45.105758219992083, 0.0 ], [ 7.672456728561481, 45.105367759445379, 0.0 ], [ 7.672265338412412, 45.105316662885656, 0.0 ], [ 7.671968966791831, 45.105138547736672, 0.0 ], [ 7.671873732106081, 45.105075113312743, 0.0 ], [ 7.671629024509049, 45.104910407015886, 0.0 ], [ 7.672992937472046, 45.104828354152154, 0.0 ], [ 7.672919935785417, 45.104585449717227, 0.0 ], [ 7.672695192850625, 45.103143636851591, 0.0 ], [ 7.672423166700479, 45.101398500179698, 0.0 ], [ 7.672218582710761, 45.100085897039101, 0.0 ], [ 7.672207297625837, 45.100013482297399, 0.0 ], [ 7.672128341955831, 45.099636905031417, 0.0 ], [ 7.672094985735677, 45.099393722807307, 0.0 ], [ 7.671986514806321, 45.098602902907523, 0.0 ], [ 7.671922698255104, 45.098137637220546, 0.0 ], [ 7.67186054915838, 45.09775937281924, 0.0 ], [ 7.671755154336908, 45.0971178912338, 0.0 ], [ 7.671722141207761, 45.096916967400055, 0.0 ], [ 7.671965711522798, 45.096639127685485, 0.0 ], [ 7.671531012956159, 45.096415266745929, 0.0 ], [ 7.671613811335215, 45.096188991096284, 0.0 ], [ 7.671598221702187, 45.096116453723248, 0.0 ], [ 7.671443598264839, 45.095397119173988, 0.0 ], [ 7.671410612977728, 45.09526421233636, 0.0 ], [ 7.671066865515569, 45.093601952503867, 0.0 ], [ 7.670702804295587, 45.091931380322535, 0.0 ], [ 7.670457827472563, 45.090823035165187, 0.0 ], [ 7.670305076818591, 45.090097518202398, 0.0 ], [ 7.670211203578221, 45.090141433647958, 0.0 ], [ 7.670230089072098, 45.090255229214513, 0.0 ], [ 7.669968761378319, 45.090309597453498, 0.0 ], [ 7.669697567144618, 45.090369207259783, 0.0 ], [ 7.669524562813466, 45.090405295898115, 0.0 ], [ 7.66935094497913, 45.090439937211826, 0.0 ], [ 7.669170857657929, 45.090474619232573, 0.0 ], [ 7.668989830344152, 45.090506581798472, 0.0 ], [ 7.66827809605814, 45.090622732265267, 0.0 ], [ 7.668128866794762, 45.090649581312988, 0.0 ], [ 7.66773568051788, 45.090724667997051, 0.0 ], [ 7.667499279197098, 45.090768853500009, 0.0 ], [ 7.667422692512955, 45.090782291428653, 0.0 ], [ 7.667285797472537, 45.090804998438948, 0.0 ], [ 7.667225424112958, 45.090814204747453, 0.0 ], [ 7.667158080263905, 45.090822599744968, 0.0 ], [ 7.667090140884848, 45.090827631576737, 0.0 ], [ 7.666831790592988, 45.090837973291897, 0.0 ], [ 7.666593144627418, 45.090849023127383, 0.0 ], [ 7.666469953642123, 45.090852363872465, 0.0 ], [ 7.666214523849904, 45.090857320058291, 0.0 ], [ 7.666170724283973, 45.090859851737349, 0.0 ], [ 7.666113032796787, 45.090866838353989, 0.0 ], [ 7.66599069000238, 45.090888299696957, 0.0 ], [ 7.665584907669544, 45.09096168549474, 0.0 ], [ 7.665321366529436, 45.091010941302159, 0.0 ], [ 7.66504496912046, 45.091065473496677, 0.0 ], [ 7.663994387249658, 45.091119015966576, 0.0 ], [ 7.663701956433408, 45.091122580464315, 0.0 ], [ 7.663192973757611, 45.09110690943475, 0.0 ], [ 7.663049953279663, 45.091071748432007, 0.0 ], [ 7.663090983552331, 45.090923764283481, 0.0 ], [ 7.66297434086618, 45.090918761223584, 0.0 ], [ 7.662943208815965, 45.091078168169318, 0.0 ], [ 7.662927869225285, 45.091286784074107, 0.0 ], [ 7.662890390913695, 45.091771033005671, 0.0 ], [ 7.662867907783848, 45.091999296562065, 0.0 ], [ 7.662646487363362, 45.091990312247177, 0.0 ], [ 7.662221473860826, 45.091973469469785, 0.0 ], [ 7.662201792803451, 45.091972266727851, 0.0 ], [ 7.657220286394497, 45.091667546514529, 0.0 ], [ 7.656829906542781, 45.09164472587436, 0.0 ], [ 7.655947753817641, 45.091593163102836, 0.0 ], [ 7.654963858828859, 45.091535642966512, 0.0 ], [ 7.654886043468163, 45.091437850100952, 0.0 ], [ 7.65444220486049, 45.091737031636235, 0.0 ], [ 7.654545440889294, 45.091904932926184, 0.0 ], [ 7.654626462609713, 45.092024781326728, 0.0 ], [ 7.654701136686985, 45.092137372526871, 0.0 ], [ 7.655101611844757, 45.092734367217709, 0.0 ], [ 7.655373378809142, 45.093142654947705, 0.0 ], [ 7.655707161032066, 45.093638941649907, 0.0 ], [ 7.656030123868439, 45.094127531852187, 0.0 ], [ 7.656177189682437, 45.094343709521127, 0.0 ], [ 7.656222964514907, 45.094415308325409, 0.0 ], [ 7.656283534700466, 45.094520351335412, 0.0 ], [ 7.656735455327369, 45.09519092179503, 0.0 ], [ 7.656805231499058, 45.095300222290966, 0.0 ], [ 7.656930618302868, 45.095481731401463, 0.0 ], [ 7.657239572105739, 45.09593886144053, 0.0 ], [ 7.657384986483879, 45.09615475000934, 0.0 ], [ 7.657546641030153, 45.096393044251073, 0.0 ], [ 7.657591463123486, 45.096463127524451, 0.0 ], [ 7.657856719143735, 45.096856298599803, 0.0 ], [ 7.658169373246081, 45.097318825255115, 0.0 ], [ 7.658306226131165, 45.097517481124306, 0.0 ], [ 7.658462381357398, 45.097751047346485, 0.0 ], [ 7.659029798853751, 45.098595554400191, 0.0 ], [ 7.659117075932631, 45.098720415727172, 0.0 ], [ 7.659198996167934, 45.098845565459783, 0.0 ], [ 7.659485048851825, 45.099272113302135, 0.0 ], [ 7.659660972072982, 45.099533048576959, 0.0 ], [ 7.660219746149544, 45.100367159890993, 0.0 ], [ 7.660247770806086, 45.100411768670639, 0.0 ], [ 7.66143918908941, 45.102152384326608, 0.0 ], [ 7.662401099901671, 45.103557615370754, 0.0 ], [ 7.662566813844359, 45.103957422516295, 0.0 ], [ 7.662696734764205, 45.104281691304649, 0.0 ], [ 7.662859529787763, 45.104505759493875, 0.0 ], [ 7.663019406734707, 45.104420342197074, 0.0 ], [ 7.663160372771093, 45.104345036219939, 0.0 ], [ 7.663184074805364, 45.10467574897806, 0.0 ], [ 7.663198937827646, 45.104883106050693, 0.0 ], [ 7.663236191631702, 45.105402678914835, 0.0 ], [ 7.662335754980777, 45.10544319138274, 0.0 ], [ 7.661763441932548, 45.105476120721093, 0.0 ], [ 7.660169619701013, 45.105567791797121, 0.0 ], [ 7.658613287641516, 45.105657422761972, 0.0 ], [ 7.657965349932575, 45.1056947288616, 0.0 ], [ 7.655710352310878, 45.105820620919566, 0.0 ], [ 7.654884849407781, 45.106209080846646, 0.0 ], [ 7.654549404440425, 45.106497117154376, 0.0 ], [ 7.654259519055965, 45.106746026694076, 0.0 ], [ 7.653575301075184, 45.107345620312671, 0.0 ], [ 7.652410009900191, 45.108393372346498, 0.0 ], [ 7.65221530080216, 45.108528439830017, 0.0 ], [ 7.650809142736367, 45.107732773756702, 0.0 ], [ 7.648535456222468, 45.106414467438867, 0.0 ], [ 7.64818008393857, 45.106228183505536, 0.0 ], [ 7.647804976550518, 45.106032032766606, 0.0 ], [ 7.645922029384685, 45.104937609024631, 0.0 ], [ 7.645711817917613, 45.104819155827194, 0.0 ], [ 7.645634389736401, 45.104946782033544, 0.0 ], [ 7.64559763542582, 45.105001922529702, 0.0 ], [ 7.645480400039978, 45.105197625216022, 0.0 ], [ 7.645419096160715, 45.105320607065451, 0.0 ], [ 7.645367717687111, 45.105444140862573, 0.0 ], [ 7.645322556006059, 45.105567747934167, 0.0 ], [ 7.645287457046328, 45.105688242269132, 0.0 ], [ 7.645263063786579, 45.105788204526171, 0.0 ], [ 7.645225212325525, 45.106008872553993, 0.0 ], [ 7.645202336581486, 45.106281109419875, 0.0 ], [ 7.645188577748415, 45.106421058405594, 0.0 ], [ 7.645179775319887, 45.106554583431759, 0.0 ], [ 7.645169186469695, 45.106645861695036, 0.0 ] ] ] } },
{ "type": "Feature", "properties": { "ID_QUART": 17, "DENOM": "Borgata Vittoria", "neighborhood_name_clean": "borgata vittoria", "statistical_zone_clean": "17", "n_somministrazione": 93, "neighborhood_clean": "17 borgata vittoria", "total_population": 40500, "stores_per_1000_residents": 2.2962962962962963, "distance_to_nearest_metro": 326.81770241941229, "normalized_population": 0.62932102514271837, "normalized_competition": 0.28606997283089464, "normalized_distance_to_metro": 0.033273163390773346, "retail_opportunity_score": 0.17641533814525548, "opportunity_level": "High Opportunity", "longitude": 7.6819258037484479, "latitude": 45.104621536667878 }, "geometry": { "type": "Polygon", "coordinates": [ [ [ 7.670457827472563, 45.090823035165187, 0.0 ], [ 7.670702804295587, 45.091931380322535, 0.0 ], [ 7.671066865515569, 45.093601952503867, 0.0 ], [ 7.671410612977728, 45.09526421233636, 0.0 ], [ 7.671443598264839, 45.095397119173988, 0.0 ], [ 7.671598221702187, 45.096116453723248, 0.0 ], [ 7.671613811335215, 45.096188991096284, 0.0 ], [ 7.671531012956159, 45.096415266745929, 0.0 ], [ 7.671965711522798, 45.096639127685485, 0.0 ], [ 7.671722141207761, 45.096916967400055, 0.0 ], [ 7.671755154336908, 45.0971178912338, 0.0 ], [ 7.67186054915838, 45.09775937281924, 0.0 ], [ 7.671922698255104, 45.098137637220546, 0.0 ], [ 7.671986514806321, 45.098602902907523, 0.0 ], [ 7.672094985735677, 45.099393722807307, 0.0 ], [ 7.672128341955831, 45.099636905031417, 0.0 ], [ 7.672207297625837, 45.100013482297399, 0.0 ], [ 7.672218582710761, 45.100085897039101, 0.0 ], [ 7.672423166700479, 45.101398500179698, 0.0 ], [ 7.672695192850625, 45.103143636851591, 0.0 ], [ 7.672919935785417, 45.104585449717227, 0.0 ], [ 7.672992937472046, 45.104828354152154, 0.0 ], [ 7.671629024509049, 45.104910407015886, 0.0 ], [ 7.671873732106081, 45.105075113312743, 0.0 ], [ 7.671968966791831, 45.105138547736672, 0.0 ], [ 7.672265338412412, 45.105316662885656, 0.0 ], [ 7.672456728561481, 45.105367759445379, 0.0 ], [ 7.673135428351766, 45.105758219992083, 0.0 ], [ 7.673162401547061, 45.106125270622726, 0.0 ], [ 7.673408406242697, 45.107733383413176, 0.0 ], [ 7.673396808198582, 45.107807198409553, 0.0 ], [ 7.673400095760296, 45.10790011615898, 0.0 ], [ 7.673564951467618, 45.108995502017372, 0.0 ], [ 7.670827468206944, 45.109572454742455, 0.0 ], [ 7.670926497427969, 45.109821000878085, 0.0 ], [ 7.671036723814961, 45.11009766352678, 0.0 ], [ 7.671502946428803, 45.111159797805342, 0.0 ], [ 7.672938739116506, 45.110984739284532, 0.0 ], [ 7.673259838575369, 45.112256510058742, 0.0 ], [ 7.6734383914632, 45.112963642540123, 0.0 ], [ 7.673621429027973, 45.113688568403042, 0.0 ], [ 7.673911197919468, 45.11483611999779, 0.0 ], [ 7.674010541843426, 45.115098367292624, 0.0 ], [ 7.674110861248387, 45.115069808048887, 0.0 ], [ 7.674264152404561, 45.115019566899505, 0.0 ], [ 7.674455267972966, 45.114921453927586, 0.0 ], [ 7.675119056367526, 45.114572437596642, 0.0 ], [ 7.675204083785424, 45.114525121991349, 0.0 ], [ 7.675294874469906, 45.114455574088943, 0.0 ], [ 7.675528020851167, 45.114127565799095, 0.0 ], [ 7.675879429375458, 45.11365616383182, 0.0 ], [ 7.675976819475022, 45.113565673327763, 0.0 ], [ 7.676377241099555, 45.113322003873826, 0.0 ], [ 7.676603176219372, 45.113117287633941, 0.0 ], [ 7.678014233584526, 45.111654069039332, 0.0 ], [ 7.678627831414629, 45.111508601025243, 0.0 ], [ 7.679235405949986, 45.113899429873051, 0.0 ], [ 7.679400178423393, 45.114537133901699, 0.0 ], [ 7.679649719076378, 45.115475573405028, 0.0 ], [ 7.679890049005524, 45.116392572926166, 0.0 ], [ 7.679918985021792, 45.116523782743187, 0.0 ], [ 7.679930618012107, 45.116578880458221, 0.0 ], [ 7.679861234205707, 45.116719143924627, 0.0 ], [ 7.679920526866564, 45.116721018438611, 0.0 ], [ 7.680150917460786, 45.116731702062069, 0.0 ], [ 7.680168014173327, 45.116722474167425, 0.0 ], [ 7.680167425279765, 45.116709460656146, 0.0 ], [ 7.680139972581539, 45.116693597337594, 0.0 ], [ 7.680126925634196, 45.116677764682443, 0.0 ], [ 7.680128977904787, 45.116662035461552, 0.0 ], [ 7.680140104535282, 45.116653729746638, 0.0 ], [ 7.680160956272782, 45.11664925393125, 0.0 ], [ 7.680260756195938, 45.116659274598135, 0.0 ], [ 7.680328108350893, 45.116667154720332, 0.0 ], [ 7.680428856576706, 45.11667021895267, 0.0 ], [ 7.680595801848222, 45.116649707220894, 0.0 ], [ 7.680766973642722, 45.116622366028523, 0.0 ], [ 7.680823727822015, 45.116624497369415, 0.0 ], [ 7.681112071045724, 45.116641745357889, 0.0 ], [ 7.6812073602149, 45.116640595478643, 0.0 ], [ 7.681318963774144, 45.116633242636901, 0.0 ], [ 7.681516833196561, 45.116607037249189, 0.0 ], [ 7.681675558585455, 45.116589534336448, 0.0 ], [ 7.681825197890013, 45.116569602995391, 0.0 ], [ 7.682146947811636, 45.116520783661258, 0.0 ], [ 7.682900029914085, 45.116395643454375, 0.0 ], [ 7.683091090545718, 45.116380123501905, 0.0 ], [ 7.683171599830835, 45.116361634491966, 0.0 ], [ 7.683186053936817, 45.116358363509505, 0.0 ], [ 7.683263332464659, 45.116361999970771, 0.0 ], [ 7.683343704115113, 45.116383107595482, 0.0 ], [ 7.683425976007972, 45.116399035296077, 0.0 ], [ 7.683573966583651, 45.116420995260938, 0.0 ], [ 7.683648424574672, 45.116426706280642, 0.0 ], [ 7.683727184932296, 45.116443862032149, 0.0 ], [ 7.683828051916652, 45.116472237108141, 0.0 ], [ 7.684047868920604, 45.116553535244165, 0.0 ], [ 7.684170674595387, 45.116625271294154, 0.0 ], [ 7.6843507144331, 45.116721935418511, 0.0 ], [ 7.684393418462099, 45.116752456273687, 0.0 ], [ 7.684413917256788, 45.11678096759114, 0.0 ], [ 7.684423013224481, 45.116808986652245, 0.0 ], [ 7.684427524848906, 45.116837239972739, 0.0 ], [ 7.684463565497422, 45.116868387685543, 0.0 ], [ 7.684559247652525, 45.116880039310033, 0.0 ], [ 7.684591820788428, 45.116906015898159, 0.0 ], [ 7.68466586509035, 45.116986262921181, 0.0 ], [ 7.684679529033904, 45.116996899029203, 0.0 ], [ 7.684730674128814, 45.117014159361503, 0.0 ], [ 7.68505674631627, 45.117092529446921, 0.0 ], [ 7.68551063946834, 45.117206620825691, 0.0 ], [ 7.685950511217844, 45.117316184952472, 0.0 ], [ 7.686021535722173, 45.117329306655321, 0.0 ], [ 7.686077686020829, 45.117332348073326, 0.0 ], [ 7.686361699904031, 45.11728300884662, 0.0 ], [ 7.686517790328327, 45.117252317290578, 0.0 ], [ 7.686649391242336, 45.117207410273174, 0.0 ], [ 7.686674026345213, 45.117189906233868, 0.0 ], [ 7.686688344724907, 45.117176495489723, 0.0 ], [ 7.68679719250029, 45.117129156339715, 0.0 ], [ 7.686950512359818, 45.11705742985577, 0.0 ], [ 7.687053433619602, 45.116991308507004, 0.0 ], [ 7.687098397538835, 45.116975370251531, 0.0 ], [ 7.687108721957931, 45.116984210805413, 0.0 ], [ 7.687153748503704, 45.116961162916574, 0.0 ], [ 7.687226033865081, 45.116914807128325, 0.0 ], [ 7.687324601094134, 45.116822340879899, 0.0 ], [ 7.687332857906219, 45.116808788378009, 0.0 ], [ 7.687359432687911, 45.116780334216756, 0.0 ], [ 7.687398110235621, 45.116756933416802, 0.0 ], [ 7.687557579368917, 45.116642104499682, 0.0 ], [ 7.687574243671846, 45.116621195508351, 0.0 ], [ 7.687590259384687, 45.116603024844636, 0.0 ], [ 7.687669658714465, 45.116553510291432, 0.0 ], [ 7.687854806888135, 45.116427643820067, 0.0 ], [ 7.688055388494099, 45.116312790793629, 0.0 ], [ 7.68834860103462, 45.116152437223299, 0.0 ], [ 7.688553590982942, 45.116044943517771, 0.0 ], [ 7.688585651289323, 45.11604116179646, 0.0 ], [ 7.688607487769439, 45.116033050699613, 0.0 ], [ 7.688638939068222, 45.116004290904755, 0.0 ], [ 7.688654512413835, 45.115992092434588, 0.0 ], [ 7.688684334981558, 45.115978374081308, 0.0 ], [ 7.688713797714469, 45.115970899787918, 0.0 ], [ 7.688732178078818, 45.115962181167099, 0.0 ], [ 7.688729106674051, 45.11595307222013, 0.0 ], [ 7.688677288506517, 45.115942988727895, 0.0 ], [ 7.688669416408732, 45.115931502233877, 0.0 ], [ 7.688671429181433, 45.115917393431324, 0.0 ], [ 7.688694967693904, 45.115886652761212, 0.0 ], [ 7.688719706758646, 45.115877791176054, 0.0 ], [ 7.688752346799725, 45.115870918906765, 0.0 ], [ 7.688766515177805, 45.115876780553407, 0.0 ], [ 7.688769748175431, 45.115896089337362, 0.0 ], [ 7.688760212581896, 45.115913281817328, 0.0 ], [ 7.688755430442233, 45.115918358044368, 0.0 ], [ 7.688740958883375, 45.115904122437172, 0.0 ], [ 7.688708086936883, 45.115921118027018, 0.0 ], [ 7.688751454647424, 45.115962050694939, 0.0 ], [ 7.688780989125856, 45.115947059807247, 0.0 ], [ 7.688769165718447, 45.115930397261081, 0.0 ], [ 7.688862439735849, 45.115882309940758, 0.0 ], [ 7.68897587814089, 45.115829747187711, 0.0 ], [ 7.689002095064445, 45.115829625265576, 0.0 ], [ 7.689030823276467, 45.115824256132036, 0.0 ], [ 7.68906224537891, 45.115813931674062, 0.0 ], [ 7.689094673455205, 45.11579910931156, 0.0 ], [ 7.68917087511526, 45.115759269125569, 0.0 ], [ 7.689264438202649, 45.115698529460488, 0.0 ], [ 7.689415963659034, 45.115583310160993, 0.0 ], [ 7.689676721923663, 45.115390803101405, 0.0 ], [ 7.689743223154767, 45.115327637019355, 0.0 ], [ 7.689754552958926, 45.115331421576904, 0.0 ], [ 7.689782432432947, 45.115315285775516, 0.0 ], [ 7.689861503777689, 45.115241154833051, 0.0 ], [ 7.68988744663654, 45.115218597350378, 0.0 ], [ 7.689905644489484, 45.115196094542419, 0.0 ], [ 7.689868328567027, 45.11513848806684, 0.0 ], [ 7.689930931232279, 45.115102218349222, 0.0 ], [ 7.689950985625231, 45.115085355187581, 0.0 ], [ 7.689971310398798, 45.115056619965706, 0.0 ], [ 7.689986758738331, 45.115032673314687, 0.0 ], [ 7.690003805847279, 45.115021049869327, 0.0 ], [ 7.690041368014855, 45.115002919106104, 0.0 ], [ 7.690189144980948, 45.114951378449184, 0.0 ], [ 7.690314032424867, 45.114897810510641, 0.0 ], [ 7.690349067843335, 45.114872826954731, 0.0 ], [ 7.690557298199929, 45.114775000134017, 0.0 ], [ 7.690598219262995, 45.114757402615275, 0.0 ], [ 7.690720693372871, 45.114718082467057, 0.0 ], [ 7.690902329549355, 45.11464962802637, 0.0 ], [ 7.690963434513632, 45.114631065465474, 0.0 ], [ 7.691078667306301, 45.114602672230014, 0.0 ], [ 7.691590647286586, 45.114505479021922, 0.0 ], [ 7.691785474242572, 45.114446103097848, 0.0 ], [ 7.691866390346597, 45.114439009612497, 0.0 ], [ 7.692063132045255, 45.114408101920596, 0.0 ], [ 7.692245318898165, 45.114381607285196, 0.0 ], [ 7.692328977356337, 45.114375814079622, 0.0 ], [ 7.692328304142636, 45.114370739073863, 0.0 ], [ 7.692313022283682, 45.114361355455664, 0.0 ], [ 7.692296740709194, 45.114348368768944, 0.0 ], [ 7.692354099220363, 45.114332921298576, 0.0 ], [ 7.692405006004167, 45.114313295732288, 0.0 ], [ 7.692424610053181, 45.114307146136021, 0.0 ], [ 7.692479924984392, 45.114307141073901, 0.0 ], [ 7.692512934440217, 45.114305763075691, 0.0 ], [ 7.692549182176937, 45.114297249324167, 0.0 ], [ 7.692588577797387, 45.114281245143594, 0.0 ], [ 7.692656508684451, 45.114257097097799, 0.0 ], [ 7.692691170409467, 45.11424676390066, 0.0 ], [ 7.69279889878321, 45.114226896646805, 0.0 ], [ 7.693119007129313, 45.11416142834296, 0.0 ], [ 7.693168123971156, 45.114141672825376, 0.0 ], [ 7.693205475064797, 45.114132747670567, 0.0 ], [ 7.693343173675496, 45.114109281696898, 0.0 ], [ 7.693516069281276, 45.114088692365002, 0.0 ], [ 7.693578611252817, 45.114085672297456, 0.0 ], [ 7.693620145803536, 45.114093393196718, 0.0 ], [ 7.693671966168431, 45.114086109553078, 0.0 ], [ 7.693716986756651, 45.114067001535162, 0.0 ], [ 7.693892583779545, 45.114028367623057, 0.0 ], [ 7.694151273790011, 45.113969016712424, 0.0 ], [ 7.694215077339117, 45.113958565315208, 0.0 ], [ 7.694281610651368, 45.113946103415955, 0.0 ], [ 7.694347087832021, 45.113931944529362, 0.0 ], [ 7.694626736711913, 45.113916292933581, 0.0 ], [ 7.694787774070743, 45.113910113256416, 0.0 ], [ 7.694891143484066, 45.113919594123985, 0.0 ], [ 7.695007277179408, 45.113935693109674, 0.0 ], [ 7.695069053204619, 45.113948983780816, 0.0 ], [ 7.69512245639306, 45.113950295882638, 0.0 ], [ 7.695340963447878, 45.11393703964324, 0.0 ], [ 7.695318619163648, 45.114051807140996, 0.0 ], [ 7.695423851763966, 45.11405758316662, 0.0 ], [ 7.695474526062015, 45.114063202214254, 0.0 ], [ 7.695634063783616, 45.114082046826432, 0.0 ], [ 7.695757031344461, 45.113456232688002, 0.0 ], [ 7.695858645173196, 45.113443431568079, 0.0 ], [ 7.695936612662416, 45.113434483071892, 0.0 ], [ 7.696007493508014, 45.113427550519155, 0.0 ], [ 7.696175029160872, 45.113397750273371, 0.0 ], [ 7.696347844806861, 45.113393395448789, 0.0 ], [ 7.696489254969983, 45.113411671937399, 0.0 ], [ 7.696548136601673, 45.113437512564595, 0.0 ], [ 7.696555778920388, 45.113486560729122, 0.0 ], [ 7.696572144911229, 45.113516516494833, 0.0 ], [ 7.696642896085943, 45.113568848749885, 0.0 ], [ 7.69664384731221, 45.11352265487789, 0.0 ], [ 7.696654484671426, 45.113470314302717, 0.0 ], [ 7.696671142875734, 45.11345833404625, 0.0 ], [ 7.696702511595222, 45.113458692072307, 0.0 ], [ 7.696772128856674, 45.113642337206421, 0.0 ], [ 7.696865224513043, 45.113868019315682, 0.0 ], [ 7.696953467897512, 45.114057845708174, 0.0 ], [ 7.697019970347588, 45.114190748657151, 0.0 ], [ 7.697225309552882, 45.114192552220359, 0.0 ], [ 7.697328963760372, 45.114193463510873, 0.0 ], [ 7.697048036804668, 45.113520659341411, 0.0 ], [ 7.697111039729073, 45.113575523255989, 0.0 ], [ 7.697221746440952, 45.113699434305168, 0.0 ], [ 7.697271059347954, 45.113727920231973, 0.0 ], [ 7.697353524884898, 45.113765497586328, 0.0 ], [ 7.697421232177876, 45.11378012384786, 0.0 ], [ 7.69747138270138, 45.113784702289763, 0.0 ], [ 7.697569580458993, 45.113780115245305, 0.0 ], [ 7.697572209240016, 45.113789173176308, 0.0 ], [ 7.697497126711834, 45.113793069834443, 0.0 ], [ 7.697584751073723, 45.113832453224028, 0.0 ], [ 7.697595335937822, 45.113869021719616, 0.0 ], [ 7.6975885309459, 45.113874821462858, 0.0 ], [ 7.697588205291035, 45.113882361867162, 0.0 ], [ 7.697594626541687, 45.113888511242564, 0.0 ], [ 7.697601537191028, 45.113890407605389, 0.0 ], [ 7.697635526437524, 45.114010815618471, 0.0 ], [ 7.697627831601131, 45.114015363634564, 0.0 ], [ 7.697626275035626, 45.114022871435132, 0.0 ], [ 7.697631785088048, 45.114028793524163, 0.0 ], [ 7.697642115713799, 45.114030747454763, 0.0 ], [ 7.697683161999598, 45.114159472387868, 0.0 ], [ 7.69767790230738, 45.114161491211931, 0.0 ], [ 7.69767207810288, 45.114167213849335, 0.0 ], [ 7.697671092142393, 45.114170272142893, 0.0 ], [ 7.697672012808506, 45.114172839157654, 0.0 ], [ 7.697680009269711, 45.114179546231824, 0.0 ], [ 7.697685219594342, 45.114181918561989, 0.0 ], [ 7.697690803162806, 45.114182360782586, 0.0 ], [ 7.697695289439134, 45.114195787689887, 0.0 ], [ 7.69775401531891, 45.114193982864421, 0.0 ], [ 7.697732146179176, 45.11413372826933, 0.0 ], [ 7.6976198234466, 45.113719206962408, 0.0 ], [ 7.697540960386425, 45.113314194726577, 0.0 ], [ 7.697244671260687, 45.111676269652335, 0.0 ], [ 7.697140541553787, 45.111204195044351, 0.0 ], [ 7.697085544573024, 45.110949647905066, 0.0 ], [ 7.696943526279705, 45.110500354510762, 0.0 ], [ 7.696771035279581, 45.110026599196402, 0.0 ], [ 7.696555115346448, 45.10963982592574, 0.0 ], [ 7.695928962324881, 45.108485851313681, 0.0 ], [ 7.695214010104354, 45.107504556722958, 0.0 ], [ 7.694729452844228, 45.106839491722376, 0.0 ], [ 7.694643990370139, 45.106748118845637, 0.0 ], [ 7.693204204525501, 45.105302641563647, 0.0 ], [ 7.693146111374729, 45.10524430292255, 0.0 ], [ 7.693090937636042, 45.105188913254388, 0.0 ], [ 7.692801518452951, 45.104924497344548, 0.0 ], [ 7.692383927150176, 45.104542967917666, 0.0 ], [ 7.692290431056515, 45.104457552038873, 0.0 ], [ 7.692078924419887, 45.104211976009516, 0.0 ], [ 7.691843928480854, 45.103939124935422, 0.0 ], [ 7.691693817070151, 45.103764833791416, 0.0 ], [ 7.691300825142807, 45.103388344283196, 0.0 ], [ 7.690507576500511, 45.102628417424413, 0.0 ], [ 7.688196137458092, 45.100413880060856, 0.0 ], [ 7.687008605594996, 45.099289249010695, 0.0 ], [ 7.685814504253043, 45.098408613292982, 0.0 ], [ 7.685767797738996, 45.098364785590782, 0.0 ], [ 7.685035275217092, 45.097683582520695, 0.0 ], [ 7.684253324098411, 45.096957256184957, 0.0 ], [ 7.683430018140355, 45.096192496875872, 0.0 ], [ 7.682753002057677, 45.095563614871416, 0.0 ], [ 7.681601158475547, 45.09449361169181, 0.0 ], [ 7.681067920014536, 45.093998237809608, 0.0 ], [ 7.6807449993555, 45.093661362074144, 0.0 ], [ 7.680020029545084, 45.092905040599319, 0.0 ], [ 7.679582208447395, 45.092445392029823, 0.0 ], [ 7.678873081728217, 45.091532499131134, 0.0 ], [ 7.679080702059517, 45.091459287490572, 0.0 ], [ 7.679229918852729, 45.091379412100082, 0.0 ], [ 7.679328741345931, 45.091303158863766, 0.0 ], [ 7.679360850239834, 45.091201900896849, 0.0 ], [ 7.679366169948584, 45.091114402133812, 0.0 ], [ 7.679349924008937, 45.091054019545673, 0.0 ], [ 7.679316977967908, 45.09099969112772, 0.0 ], [ 7.679223391009987, 45.090906773941825, 0.0 ], [ 7.678714225260657, 45.090512719664638, 0.0 ], [ 7.678631851126878, 45.090394897165112, 0.0 ], [ 7.678639974280623, 45.090167194648885, 0.0 ], [ 7.678247225437123, 45.08988410889468, 0.0 ], [ 7.677895786091541, 45.089627280857378, 0.0 ], [ 7.677549226806222, 45.089413005609757, 0.0 ], [ 7.676802766509563, 45.088308200621277, 0.0 ], [ 7.676569158920081, 45.087962427643198, 0.0 ], [ 7.676505119458426, 45.087867645475733, 0.0 ], [ 7.676377166109028, 45.087685677802483, 0.0 ], [ 7.676204136086955, 45.087788407156658, 0.0 ], [ 7.676000260158898, 45.087868209990745, 0.0 ], [ 7.670305076818591, 45.090097518202398, 0.0 ], [ 7.670457827472563, 45.090823035165187, 0.0 ] ] ] } },
{ "type": "Feature", "properties": { "ID_QUART": 13, "DENOM": "Pozzo Strada", "neighborhood_name_clean": "pozzo strada", "statistical_zone_clean": "13", "n_somministrazione": 57, "neighborhood_clean": "13 pozzo strada", "total_population": 55759, "stores_per_1000_residents": 1.0222564967090515, "distance_to_nearest_metro": 1883.9750657615075, "normalized_population": 1.0, "normalized_competition": 0.10979360677111687, "normalized_distance_to_metro": 0.58653905342402957, "retail_opportunity_score": 0.29426442694530319, "opportunity_level": "Very High Opportunity", "longitude": 7.6240406484482532, "latitude": 45.067125077548944 }, "geometry": { "type": "Polygon", "coordinates": [ [ [ 7.603632211111771, 45.071404844020734, 0.0 ], [ 7.604274013172864, 45.072271404550229, 0.0 ], [ 7.604325681831163, 45.072340215280008, 0.0 ], [ 7.605467803443508, 45.073861610644961, 0.0 ], [ 7.605560351516595, 45.073984426542161, 0.0 ], [ 7.605582332746038, 45.074015688055361, 0.0 ], [ 7.605594502638805, 45.074029824694335, 0.0 ], [ 7.606083745535117, 45.074049931464778, 0.0 ], [ 7.606801883202106, 45.074079426929067, 0.0 ], [ 7.607596320873816, 45.074112053464248, 0.0 ], [ 7.607969034592353, 45.074127355021275, 0.0 ], [ 7.608377385193617, 45.074144114830183, 0.0 ], [ 7.60918672533884, 45.07417734388963, 0.0 ], [ 7.610052099259881, 45.074212861733677, 0.0 ], [ 7.610901726869842, 45.074247721413037, 0.0 ], [ 7.613947934722222, 45.074372675501884, 0.0 ], [ 7.614520315174563, 45.074396140157553, 0.0 ], [ 7.617739720035961, 45.074528073874085, 0.0 ], [ 7.618574915781868, 45.074562269758744, 0.0 ], [ 7.618713470598264, 45.074567941891317, 0.0 ], [ 7.619580890071148, 45.074603447100245, 0.0 ], [ 7.620463682496041, 45.074639555721355, 0.0 ], [ 7.621422385267927, 45.074678760591894, 0.0 ], [ 7.62213952567822, 45.074708075065978, 0.0 ], [ 7.624035219926532, 45.074785565734963, 0.0 ], [ 7.627030500785306, 45.074907927794762, 0.0 ], [ 7.628837584666172, 45.074981716250271, 0.0 ], [ 7.630024399921151, 45.075030159808378, 0.0 ], [ 7.631301700789179, 45.07508227565846, 0.0 ], [ 7.632294053768009, 45.075122765628919, 0.0 ], [ 7.632568369049996, 45.075133953299996, 0.0 ], [ 7.633248334314094, 45.075161681906508, 0.0 ], [ 7.633880589480469, 45.075187458248564, 0.0 ], [ 7.634618167030697, 45.075217543316548, 0.0 ], [ 7.635605523260519, 45.075257798945778, 0.0 ], [ 7.636483434348214, 45.07529382405064, 0.0 ], [ 7.63781941586197, 45.075348619761236, 0.0 ], [ 7.639343089708704, 45.075411102769209, 0.0 ], [ 7.640116219288222, 45.075442807113077, 0.0 ], [ 7.642264842425012, 45.075531171416216, 0.0 ], [ 7.642436186475183, 45.075538213469507, 0.0 ], [ 7.642883477872464, 45.075557348135916, 0.0 ], [ 7.643319068950222, 45.075575972549331, 0.0 ], [ 7.64298631385922, 45.075121382597167, 0.0 ], [ 7.642453793855189, 45.074393896786923, 0.0 ], [ 7.642274499949062, 45.074153596925058, 0.0 ], [ 7.64213040824404, 45.073960469672571, 0.0 ], [ 7.642057946322304, 45.073859040175748, 0.0 ], [ 7.641987715487355, 45.073758799965987, 0.0 ], [ 7.641836730293261, 45.073550602077667, 0.0 ], [ 7.641203965738748, 45.072697332885717, 0.0 ], [ 7.641138989439979, 45.072600079323657, 0.0 ], [ 7.64105749839172, 45.072496462442878, 0.0 ], [ 7.640797052450912, 45.072143518810449, 0.0 ], [ 7.640195521085645, 45.071320627467735, 0.0 ], [ 7.639812400168832, 45.070798319829187, 0.0 ], [ 7.639459263916111, 45.070314049150149, 0.0 ], [ 7.639310328198223, 45.070108565047398, 0.0 ], [ 7.63925921717639, 45.070031667048013, 0.0 ], [ 7.639169735640093, 45.069926746830923, 0.0 ], [ 7.638926643390907, 45.069592377677147, 0.0 ], [ 7.638897339677806, 45.069553808068505, 0.0 ], [ 7.638603791079083, 45.069150531662807, 0.0 ], [ 7.638482887318845, 45.068970611364392, 0.0 ], [ 7.638220975942235, 45.068378998537071, 0.0 ], [ 7.637894220815102, 45.067640900418375, 0.0 ], [ 7.637766804155677, 45.067353070740268, 0.0 ], [ 7.637613395080022, 45.067006499976792, 0.0 ], [ 7.637228512999287, 45.066153177455547, 0.0 ], [ 7.63685001053683, 45.065288830071232, 0.0 ], [ 7.636571073447189, 45.064651828981717, 0.0 ], [ 7.63534838663322, 45.061872621085421, 0.0 ], [ 7.635091253977206, 45.060323430870909, 0.0 ], [ 7.634946140108864, 45.058017451525046, 0.0 ], [ 7.634942713394096, 45.057760688062366, 0.0 ], [ 7.634885082679205, 45.056767851850466, 0.0 ], [ 7.634882718921003, 45.056533624487145, 0.0 ], [ 7.63481923902112, 45.055565103045822, 0.0 ], [ 7.634560548113558, 45.055620241633228, 0.0 ], [ 7.634346580739827, 45.055665897109805, 0.0 ], [ 7.633332872498271, 45.055856172946058, 0.0 ], [ 7.63326017304539, 45.055868644269417, 0.0 ], [ 7.630220769754623, 45.056390000501047, 0.0 ], [ 7.630103651961361, 45.056410092444544, 0.0 ], [ 7.629152205223378, 45.056607515140776, 0.0 ], [ 7.628099496418614, 45.056822228998122, 0.0 ], [ 7.625634391063986, 45.057332917599489, 0.0 ], [ 7.625084111515276, 45.057461427837801, 0.0 ], [ 7.62510858862446, 45.057520098226114, 0.0 ], [ 7.625309582529814, 45.057690338224575, 0.0 ], [ 7.625307151929983, 45.057711786877682, 0.0 ], [ 7.625082685824239, 45.059690697744067, 0.0 ], [ 7.624138278005964, 45.059596974251164, 0.0 ], [ 7.623132420196772, 45.059497145762911, 0.0 ], [ 7.622108540535951, 45.059437050547118, 0.0 ], [ 7.621142643957702, 45.059405469399884, 0.0 ], [ 7.620436789056133, 45.059405018138087, 0.0 ], [ 7.620224445234565, 45.059404884048355, 0.0 ], [ 7.619783292607847, 45.059283960880265, 0.0 ], [ 7.61964264430568, 45.059251698642342, 0.0 ], [ 7.618793565236245, 45.059056948976853, 0.0 ], [ 7.618751946056785, 45.059047408003757, 0.0 ], [ 7.61860464652858, 45.059025110871936, 0.0 ], [ 7.616833996944433, 45.059215209349361, 0.0 ], [ 7.616584235215162, 45.059248856814463, 0.0 ], [ 7.616161374813447, 45.059289786834434, 0.0 ], [ 7.615688113347881, 45.059291323773898, 0.0 ], [ 7.61509284783879, 45.059464428114396, 0.0 ], [ 7.613797030287264, 45.059855512394137, 0.0 ], [ 7.613652835814816, 45.05991073375877, 0.0 ], [ 7.613000881043688, 45.060065514808812, 0.0 ], [ 7.612749788345328, 45.060147711930902, 0.0 ], [ 7.612166005364887, 45.060268020242177, 0.0 ], [ 7.611949320140053, 45.060292867624852, 0.0 ], [ 7.611571106651253, 45.060320594751573, 0.0 ], [ 7.61090984258276, 45.06043830809449, 0.0 ], [ 7.610494803119513, 45.060542755686072, 0.0 ], [ 7.610414907521456, 45.0605550252642, 0.0 ], [ 7.61032599732827, 45.060555103331389, 0.0 ], [ 7.610248892029359, 45.060543471020694, 0.0 ], [ 7.610112777592325, 45.06049244043902, 0.0 ], [ 7.609829604290023, 45.060197912036941, 0.0 ], [ 7.609778726913349, 45.060143327300175, 0.0 ], [ 7.608941460041878, 45.060308745101331, 0.0 ], [ 7.608108398687615, 45.060473317805304, 0.0 ], [ 7.607597624501221, 45.060574221039289, 0.0 ], [ 7.607611463239659, 45.06060897368517, 0.0 ], [ 7.608875266999981, 45.06378144886996, 0.0 ], [ 7.608964858243073, 45.064006433301593, 0.0 ], [ 7.609364189532442, 45.06500917723168, 0.0 ], [ 7.609377912554453, 45.065043623038143, 0.0 ], [ 7.610127511029673, 45.065209506488166, 0.0 ], [ 7.610249308490713, 45.065236454671947, 0.0 ], [ 7.611057015169035, 45.065504039586003, 0.0 ], [ 7.611270288993819, 45.065574695134657, 0.0 ], [ 7.611380741226443, 45.065593862596593, 0.0 ], [ 7.612991746274999, 45.065873422205101, 0.0 ], [ 7.613986935905206, 45.066183059624443, 0.0 ], [ 7.614076500817018, 45.066210926059668, 0.0 ], [ 7.61413602859817, 45.066222792528045, 0.0 ], [ 7.614130823533324, 45.066257935372107, 0.0 ], [ 7.614041446982121, 45.066287465617968, 0.0 ], [ 7.613938816027654, 45.066330284110101, 0.0 ], [ 7.613848628333181, 45.066369228582246, 0.0 ], [ 7.613756484275187, 45.066417017411894, 0.0 ], [ 7.613674357553101, 45.066524410470976, 0.0 ], [ 7.613542352226713, 45.066623284187038, 0.0 ], [ 7.613423410544978, 45.066681387822456, 0.0 ], [ 7.613259440061836, 45.06676410276993, 0.0 ], [ 7.613195348232066, 45.066806434109047, 0.0 ], [ 7.613128099970567, 45.06682223438122, 0.0 ], [ 7.613066965613084, 45.066858336110393, 0.0 ], [ 7.613054056679669, 45.066830093655092, 0.0 ], [ 7.612855613865285, 45.066925801378019, 0.0 ], [ 7.612488795096149, 45.067034677139318, 0.0 ], [ 7.612411697597547, 45.067058495112775, 0.0 ], [ 7.612277137830204, 45.067095278989868, 0.0 ], [ 7.611643590952789, 45.067272221896815, 0.0 ], [ 7.61155054649271, 45.067307791737214, 0.0 ], [ 7.611452792252797, 45.067347470937243, 0.0 ], [ 7.611384900777136, 45.067375036637323, 0.0 ], [ 7.611350930673003, 45.067389917000604, 0.0 ], [ 7.60978963002206, 45.067992941213788, 0.0 ], [ 7.609696845720325, 45.068021822519071, 0.0 ], [ 7.609581655159492, 45.068057021034207, 0.0 ], [ 7.609534041840934, 45.068066560074634, 0.0 ], [ 7.609474239695047, 45.068091026792125, 0.0 ], [ 7.609367219443764, 45.068206243228232, 0.0 ], [ 7.609344490039655, 45.068253549378895, 0.0 ], [ 7.609343354911085, 45.068315503665808, 0.0 ], [ 7.609278253167925, 45.068424469245826, 0.0 ], [ 7.609238016825269, 45.068524754001125, 0.0 ], [ 7.608944167674609, 45.069178364648401, 0.0 ], [ 7.608657252631632, 45.069868516959652, 0.0 ], [ 7.608481694160313, 45.070308670676951, 0.0 ], [ 7.608433962031908, 45.070392633451277, 0.0 ], [ 7.608404434487268, 45.070409636839301, 0.0 ], [ 7.607954864936171, 45.07050417655261, 0.0 ], [ 7.60788600907, 45.070519495437729, 0.0 ], [ 7.607783963576335, 45.07054985613884, 0.0 ], [ 7.60713359093023, 45.070685114526256, 0.0 ], [ 7.607059339162413, 45.070708127705956, 0.0 ], [ 7.606943410983661, 45.070744069822688, 0.0 ], [ 7.606603206184285, 45.070809665243225, 0.0 ], [ 7.606047617496465, 45.070835407287525, 0.0 ], [ 7.605235720568704, 45.070954712536484, 0.0 ], [ 7.605156813175029, 45.070978512542972, 0.0 ], [ 7.605063646399598, 45.071006612911582, 0.0 ], [ 7.604726244023413, 45.07106710398029, 0.0 ], [ 7.604393068571095, 45.071113001115869, 0.0 ], [ 7.60389727610777, 45.071166182138931, 0.0 ], [ 7.603463609649164, 45.071157620264245, 0.0 ], [ 7.603632211111771, 45.071404844020734, 0.0 ] ] ] } },
{ "type": "Feature", "properties": { "ID_QUART": 18, "DENOM": "Barriera di Milano", "neighborhood_name_clean": "barriera di milano", "statistical_zone_clean": "18", "n_somministrazione": 38, "neighborhood_clean": "18 barriera di milano", "total_population": 50505, "stores_per_1000_residents": 0.75240075240075244, "distance_to_nearest_metro": 471.51743769861309, "normalized_population": 0.87236730231993198, "normalized_competition": 0.072456319519623877, "normalized_distance_to_metro": 0.084685711480966347, "retail_opportunity_score": 0.35026843191590779, "opportunity_level": "Very High Opportunity", "longitude": 7.6958440445940344, "latitude": 45.090655514248574 }, "geometry": { "type": "Polygon", "coordinates": [ [ [ 7.678631851126878, 45.090394897165112, 0.0 ], [ 7.678714225260657, 45.090512719664638, 0.0 ], [ 7.679223391009987, 45.090906773941825, 0.0 ], [ 7.679316977967908, 45.09099969112772, 0.0 ], [ 7.679349924008937, 45.091054019545673, 0.0 ], [ 7.679366169948584, 45.091114402133812, 0.0 ], [ 7.679360850239834, 45.091201900896849, 0.0 ], [ 7.679328741345931, 45.091303158863766, 0.0 ], [ 7.679229918852729, 45.091379412100082, 0.0 ], [ 7.679080702059517, 45.091459287490572, 0.0 ], [ 7.678873081728217, 45.091532499131134, 0.0 ], [ 7.679582208447395, 45.092445392029823, 0.0 ], [ 7.680020029545084, 45.092905040599319, 0.0 ], [ 7.6807449993555, 45.093661362074144, 0.0 ], [ 7.681067920014536, 45.093998237809608, 0.0 ], [ 7.681601158475547, 45.09449361169181, 0.0 ], [ 7.682753002057677, 45.095563614871416, 0.0 ], [ 7.683430018140355, 45.096192496875872, 0.0 ], [ 7.684253324098411, 45.096957256184957, 0.0 ], [ 7.685035275217092, 45.097683582520695, 0.0 ], [ 7.685767797738996, 45.098364785590782, 0.0 ], [ 7.685814504253043, 45.098408613292982, 0.0 ], [ 7.687008605594996, 45.099289249010695, 0.0 ], [ 7.688443344146271, 45.099720130713713, 0.0 ], [ 7.688930016687006, 45.099800200435915, 0.0 ], [ 7.68936554674831, 45.099851207088918, 0.0 ], [ 7.689785231053519, 45.099873847409768, 0.0 ], [ 7.690192316853103, 45.099866104457647, 0.0 ], [ 7.690564689539798, 45.099839507142292, 0.0 ], [ 7.690755893618025, 45.099816261575917, 0.0 ], [ 7.690910302134427, 45.099794807616135, 0.0 ], [ 7.691341846990149, 45.099725490002491, 0.0 ], [ 7.691735507936415, 45.099636049799493, 0.0 ], [ 7.692023695006799, 45.099555662458229, 0.0 ], [ 7.692169843468463, 45.099504613477805, 0.0 ], [ 7.692589198985894, 45.099351128663862, 0.0 ], [ 7.693200682352536, 45.099117585144178, 0.0 ], [ 7.693966621531803, 45.098805455257484, 0.0 ], [ 7.695031985340798, 45.098371285426694, 0.0 ], [ 7.695820061250187, 45.098050105445459, 0.0 ], [ 7.696973182716754, 45.097580147625607, 0.0 ], [ 7.697129676318274, 45.097521911153542, 0.0 ], [ 7.697280876109521, 45.097468427814412, 0.0 ], [ 7.698091301765151, 45.09713233857439, 0.0 ], [ 7.699205241546532, 45.096671911551198, 0.0 ], [ 7.700300877563681, 45.096229242907377, 0.0 ], [ 7.701991140916301, 45.095541384241187, 0.0 ], [ 7.703105366364912, 45.095091383834998, 0.0 ], [ 7.703697900284348, 45.094853382546411, 0.0 ], [ 7.704428657249601, 45.094557147581924, 0.0 ], [ 7.707112328042321, 45.09347224262919, 0.0 ], [ 7.706994031402021, 45.093339640240387, 0.0 ], [ 7.706881201339351, 45.093212571750676, 0.0 ], [ 7.706835456203817, 45.093161050930775, 0.0 ], [ 7.705004694584335, 45.091099343339387, 0.0 ], [ 7.705118228233083, 45.091012108790288, 0.0 ], [ 7.705535093360928, 45.09057255408176, 0.0 ], [ 7.705763370597055, 45.090313434700818, 0.0 ], [ 7.706370384725918, 45.089624399811541, 0.0 ], [ 7.706438739591229, 45.089546156434551, 0.0 ], [ 7.706934117547184, 45.088973083104271, 0.0 ], [ 7.707757743823485, 45.088022913090995, 0.0 ], [ 7.7096742193236, 45.08587205420163, 0.0 ], [ 7.709969200752945, 45.085998224848666, 0.0 ], [ 7.710258484397489, 45.086063711352608, 0.0 ], [ 7.710465660897106, 45.086107027121663, 0.0 ], [ 7.710818213426831, 45.0861471415894, 0.0 ], [ 7.711110084713489, 45.086164892564639, 0.0 ], [ 7.711481387374814, 45.086168407797132, 0.0 ], [ 7.712350984717167, 45.085898570262778, 0.0 ], [ 7.712530986036609, 45.085847245622745, 0.0 ], [ 7.713151842344011, 45.085245628880784, 0.0 ], [ 7.713097173009423, 45.085213551560692, 0.0 ], [ 7.711241976380126, 45.084381816189882, 0.0 ], [ 7.711020384912239, 45.084365010574622, 0.0 ], [ 7.710941413945473, 45.084287623440396, 0.0 ], [ 7.710790378691303, 45.084211725172196, 0.0 ], [ 7.705291204017401, 45.081749627242729, 0.0 ], [ 7.700639296502913, 45.079692399818676, 0.0 ], [ 7.699568906854969, 45.080897906588007, 0.0 ], [ 7.699484564154712, 45.080990410123732, 0.0 ], [ 7.699209943924707, 45.081291558865459, 0.0 ], [ 7.698933383456126, 45.081601300317004, 0.0 ], [ 7.698156834384425, 45.082470289001023, 0.0 ], [ 7.697745396690265, 45.082930662932561, 0.0 ], [ 7.69736802009546, 45.083352906639767, 0.0 ], [ 7.696616609579608, 45.084188252770211, 0.0 ], [ 7.696024368810222, 45.084843082183447, 0.0 ], [ 7.695878369306817, 45.085007839084888, 0.0 ], [ 7.695786500254574, 45.085102820810796, 0.0 ], [ 7.695619458311175, 45.085226226125947, 0.0 ], [ 7.69543768210648, 45.085316389210341, 0.0 ], [ 7.694691167609872, 45.085731309369827, 0.0 ], [ 7.693588693665427, 45.086347706368848, 0.0 ], [ 7.693176406426992, 45.086574404234867, 0.0 ], [ 7.69230266197753, 45.087054473479824, 0.0 ], [ 7.692017957796193, 45.087210463100561, 0.0 ], [ 7.691754851621585, 45.087354861368659, 0.0 ], [ 7.691374644851469, 45.087564015937176, 0.0 ], [ 7.691116527403004, 45.087705733155055, 0.0 ], [ 7.69081342688859, 45.08785176818936, 0.0 ], [ 7.690605131086177, 45.087967438317904, 0.0 ], [ 7.690347687729226, 45.08809893496138, 0.0 ], [ 7.689340522508195, 45.088580520673219, 0.0 ], [ 7.688819306693914, 45.088829736777321, 0.0 ], [ 7.688708812319828, 45.088882567515753, 0.0 ], [ 7.688276076695694, 45.089064446997298, 0.0 ], [ 7.68765573987138, 45.089130268635955, 0.0 ], [ 7.68654182223741, 45.089248445898157, 0.0 ], [ 7.68538359392468, 45.089381818051294, 0.0 ], [ 7.683663528921006, 45.089574614537611, 0.0 ], [ 7.682459824388305, 45.089715039864409, 0.0 ], [ 7.681164882891142, 45.089870395409086, 0.0 ], [ 7.680895333140344, 45.089899958441649, 0.0 ], [ 7.680495514092962, 45.089947332171512, 0.0 ], [ 7.679548861212402, 45.09005950641405, 0.0 ], [ 7.678639974280623, 45.090167194648885, 0.0 ], [ 7.678631851126878, 45.090394897165112, 0.0 ] ] ] } },
{ "type": "Feature", "properties": { "ID_QUART": 20, "DENOM": "Regio Parco", "neighborhood_name_clean": "regio parco", "statistical_zone_clean": "20", "n_somministrazione": 108, "neighborhood_clean": "20 regio parco", "total_population": 28799, "stores_per_1000_residents": 3.750130212854613, "distance_to_nearest_metro": 233.17095442901473, "normalized_population": 0.34507469938054175, "normalized_competition": 0.4872226838752286, "normalized_distance_to_metro": 0.0, "retail_opportunity_score": -0.015244324635086209, "opportunity_level": "Medium Opportunity", "longitude": 7.7273617405042518, "latitude": 45.100904921230565 }, "geometry": { "type": "MultiPolygon", "coordinates": [ [ [ [ 7.697218667154694, 45.097661075548139, 0.0 ], [ 7.697748125882288, 45.098489095843476, 0.0 ], [ 7.697794199790192, 45.098558908615338, 0.0 ], [ 7.698041980999795, 45.098934916826664, 0.0 ], [ 7.698322889799779, 45.099360003245678, 0.0 ], [ 7.69838856214033, 45.099459535610059, 0.0 ], [ 7.699368011049567, 45.10096946256013, 0.0 ], [ 7.699446416282021, 45.101090537381943, 0.0 ], [ 7.699487517254664, 45.101119847165535, 0.0 ], [ 7.699741415201651, 45.101515653847763, 0.0 ], [ 7.70027320897325, 45.102345354794366, 0.0 ], [ 7.700884511336082, 45.102194979132648, 0.0 ], [ 7.701698844146693, 45.101994654044155, 0.0 ], [ 7.702567457617957, 45.101780969136925, 0.0 ], [ 7.704439269077505, 45.101310682539776, 0.0 ], [ 7.705534092618087, 45.100952814421255, 0.0 ], [ 7.705674932375934, 45.101127288447621, 0.0 ], [ 7.70661354293499, 45.102560183127132, 0.0 ], [ 7.706719009193283, 45.102637037677333, 0.0 ], [ 7.706901729165101, 45.102681162736822, 0.0 ], [ 7.707053961551047, 45.102689736957842, 0.0 ], [ 7.707162069687122, 45.102669815131804, 0.0 ], [ 7.708102873834181, 45.102392733434648, 0.0 ], [ 7.708262084834145, 45.102381409187217, 0.0 ], [ 7.708355261991335, 45.102403572804832, 0.0 ], [ 7.708435114341578, 45.102440563870701, 0.0 ], [ 7.708524027142586, 45.10252434032553, 0.0 ], [ 7.708789682803658, 45.102933942077875, 0.0 ], [ 7.70893223762868, 45.103147967363014, 0.0 ], [ 7.709206005190213, 45.103262809287216, 0.0 ], [ 7.709254947232966, 45.103283337410794, 0.0 ], [ 7.709398997439018, 45.103309909073594, 0.0 ], [ 7.709597274440864, 45.10329051905812, 0.0 ], [ 7.711742082375276, 45.106336866273153, 0.0 ], [ 7.711764256510477, 45.106307294009703, 0.0 ], [ 7.711779972698848, 45.106270898068473, 0.0 ], [ 7.711832705023279, 45.106218049219436, 0.0 ], [ 7.711841010072254, 45.10618846492882, 0.0 ], [ 7.711870974515611, 45.106157189240733, 0.0 ], [ 7.711903351949894, 45.106140784054503, 0.0 ], [ 7.711912879780051, 45.106101436205414, 0.0 ], [ 7.711948155264865, 45.106038679148071, 0.0 ], [ 7.712048897719753, 45.105926529011512, 0.0 ], [ 7.712275093746699, 45.105719646582969, 0.0 ], [ 7.712346935974869, 45.105678400953479, 0.0 ], [ 7.712401501529856, 45.10564068612323, 0.0 ], [ 7.71241943649101, 45.105620356513789, 0.0 ], [ 7.712430742947635, 45.10559467521059, 0.0 ], [ 7.712446575892509, 45.105583601613105, 0.0 ], [ 7.712497790078394, 45.105580732337458, 0.0 ], [ 7.712573888136763, 45.105491005979793, 0.0 ], [ 7.712582436733881, 45.10546859811479, 0.0 ], [ 7.712609120104998, 45.105452092758753, 0.0 ], [ 7.712673439404004, 45.105427225977969, 0.0 ], [ 7.712920535360702, 45.105138581360876, 0.0 ], [ 7.713102814864488, 45.104968756731523, 0.0 ], [ 7.713179133619182, 45.104905893553344, 0.0 ], [ 7.713232295537924, 45.104862096318598, 0.0 ], [ 7.713296700980116, 45.104802789601315, 0.0 ], [ 7.713377736904161, 45.104714387992068, 0.0 ], [ 7.713474506839028, 45.104628278628319, 0.0 ], [ 7.713572306768745, 45.104558070051581, 0.0 ], [ 7.713672055788543, 45.104480779791992, 0.0 ], [ 7.713776462371985, 45.104404460188185, 0.0 ], [ 7.713899654723402, 45.104326443055797, 0.0 ], [ 7.714047005999112, 45.104234431882638, 0.0 ], [ 7.714229085679815, 45.104135454888151, 0.0 ], [ 7.714390733007716, 45.104055522434862, 0.0 ], [ 7.714684077848873, 45.103936400629436, 0.0 ], [ 7.714852528647103, 45.103868102317414, 0.0 ], [ 7.71489836341825, 45.103843718577416, 0.0 ], [ 7.714940404232165, 45.103833291397237, 0.0 ], [ 7.714968363252816, 45.10383515370993, 0.0 ], [ 7.714978100893507, 45.103839629658552, 0.0 ], [ 7.714988359381922, 45.103856056379513, 0.0 ], [ 7.715001093254751, 45.103859017008226, 0.0 ], [ 7.715027560362662, 45.103852626958329, 0.0 ], [ 7.715065158157246, 45.103836242935827, 0.0 ], [ 7.715099073203752, 45.103816236252349, 0.0 ], [ 7.715132422043898, 45.10378587077971, 0.0 ], [ 7.715150343945287, 45.103762092049323, 0.0 ], [ 7.715248595390584, 45.103711157899873, 0.0 ], [ 7.715497182088741, 45.103559242026734, 0.0 ], [ 7.715536186771021, 45.103533936724006, 0.0 ], [ 7.715580067317414, 45.103525221669415, 0.0 ], [ 7.715617433686317, 45.103524300760853, 0.0 ], [ 7.715676566867137, 45.103517305354167, 0.0 ], [ 7.715731867211318, 45.103505054155406, 0.0 ], [ 7.715792822130628, 45.103479230394491, 0.0 ], [ 7.715848078856362, 45.10344616651745, 0.0 ], [ 7.715902845804006, 45.103425961659262, 0.0 ], [ 7.715941994054055, 45.10340727326686, 0.0 ], [ 7.71597113515719, 45.103378561408384, 0.0 ], [ 7.716005495397628, 45.103360801282101, 0.0 ], [ 7.716054164694412, 45.103342642824735, 0.0 ], [ 7.716105669749766, 45.103308618356856, 0.0 ], [ 7.716177066443048, 45.103264341480369, 0.0 ], [ 7.716262298109097, 45.103209605511374, 0.0 ], [ 7.716417921787936, 45.103089553489816, 0.0 ], [ 7.716524897837033, 45.103030479839951, 0.0 ], [ 7.716725122795954, 45.102891727628922, 0.0 ], [ 7.716886872743697, 45.102790376606542, 0.0 ], [ 7.71702527327641, 45.102689537308429, 0.0 ], [ 7.717112378758359, 45.10260901521314, 0.0 ], [ 7.717192626080624, 45.102515110875267, 0.0 ], [ 7.717254286190151, 45.102431060754768, 0.0 ], [ 7.717278283318614, 45.102388437298892, 0.0 ], [ 7.717275552139934, 45.102368503710387, 0.0 ], [ 7.717286757945167, 45.102342678601921, 0.0 ], [ 7.717290611045451, 45.102325563860262, 0.0 ], [ 7.717271551780281, 45.102325277770241, 0.0 ], [ 7.717242472603715, 45.102338175195442, 0.0 ], [ 7.717222898236699, 45.102338792537196, 0.0 ], [ 7.717240821138275, 45.102300664643636, 0.0 ], [ 7.717273019709614, 45.102268755146007, 0.0 ], [ 7.717313310232225, 45.102207599496978, 0.0 ], [ 7.717395472782396, 45.102108099968213, 0.0 ], [ 7.717545269057641, 45.10194613161817, 0.0 ], [ 7.717623851985424, 45.101847077122436, 0.0 ], [ 7.71764101040863, 45.101803952964019, 0.0 ], [ 7.717659610042874, 45.101762250484555, 0.0 ], [ 7.717684696436254, 45.101719837497967, 0.0 ], [ 7.717715872567578, 45.101684251864349, 0.0 ], [ 7.717774680084864, 45.101625906683502, 0.0 ], [ 7.717803728069185, 45.101588191599582, 0.0 ], [ 7.71782957656913, 45.101550853991561, 0.0 ], [ 7.71785476330589, 45.101517029482665, 0.0 ], [ 7.717912081237228, 45.101454238647854, 0.0 ], [ 7.717958631042221, 45.101406305126147, 0.0 ], [ 7.718005910780017, 45.101361062178931, 0.0 ], [ 7.718031821212038, 45.101321546788533, 0.0 ], [ 7.718017765082549, 45.101293042674769, 0.0 ], [ 7.717994555690206, 45.101287435875463, 0.0 ], [ 7.717941141151768, 45.101313841298079, 0.0 ], [ 7.71783046099173, 45.101373998555708, 0.0 ], [ 7.717764271244447, 45.101416293264116, 0.0 ], [ 7.71771350322391, 45.10144427642706, 0.0 ], [ 7.717694533921436, 45.101439985025685, 0.0 ], [ 7.71769964450377, 45.101420068412857, 0.0 ], [ 7.717718337461238, 45.101387926072235, 0.0 ], [ 7.717738636944675, 45.101350392142642, 0.0 ], [ 7.717751965463038, 45.101305181914896, 0.0 ], [ 7.717752532265957, 45.101262214198911, 0.0 ], [ 7.71774820100581, 45.101220675767344, 0.0 ], [ 7.717676304194504, 45.101278379491426, 0.0 ], [ 7.717569908824477, 45.101395756300271, 0.0 ], [ 7.717509308425778, 45.10146835763608, 0.0 ], [ 7.71746449543607, 45.101495984652345, 0.0 ], [ 7.717415966811017, 45.101521599322979, 0.0 ], [ 7.71739112353132, 45.10153102428221, 0.0 ], [ 7.717375874319706, 45.101542248214997, 0.0 ], [ 7.717324939233112, 45.101573110054275, 0.0 ], [ 7.717306271928001, 45.101577401220069, 0.0 ], [ 7.717294509886755, 45.101575370499177, 0.0 ], [ 7.717287002928958, 45.101551376869857, 0.0 ], [ 7.717264670042502, 45.101541773829013, 0.0 ], [ 7.717216866881838, 45.101561625149941, 0.0 ], [ 7.717200099534704, 45.101569664202231, 0.0 ], [ 7.717145139265027, 45.101589580440653, 0.0 ], [ 7.717116269543502, 45.101601705444153, 0.0 ], [ 7.717042975556079, 45.101646808796332, 0.0 ], [ 7.717006036441839, 45.101664532114597, 0.0 ], [ 7.716969246687089, 45.101675586873, 0.0 ], [ 7.7169400999199, 45.101681866667747, 0.0 ], [ 7.716957250855676, 45.101612440164985, 0.0 ], [ 7.717114110041845, 45.101538669258055, 0.0 ], [ 7.717282236439552, 45.101449208779762, 0.0 ], [ 7.717369497381901, 45.101397330208819, 0.0 ], [ 7.717476322775636, 45.101310620357573, 0.0 ], [ 7.717524020699337, 45.101272241350941, 0.0 ], [ 7.717800656735191, 45.100953186057424, 0.0 ], [ 7.718125237540189, 45.10046978314432, 0.0 ], [ 7.718222629982331, 45.100374008905874, 0.0 ], [ 7.718275538575614, 45.100290140706306, 0.0 ], [ 7.718311955400726, 45.100180413498677, 0.0 ], [ 7.718347885149497, 45.100092419386797, 0.0 ], [ 7.71842233903516, 45.099977708973064, 0.0 ], [ 7.718484445594383, 45.099877983984229, 0.0 ], [ 7.718627210582897, 45.099728240143037, 0.0 ], [ 7.718730093355745, 45.099607943534728, 0.0 ], [ 7.718784684066118, 45.099537955594585, 0.0 ], [ 7.718840301020724, 45.099497711941694, 0.0 ], [ 7.718956523195004, 45.099411114254671, 0.0 ], [ 7.719081054856665, 45.0992593373213, 0.0 ], [ 7.719391641131714, 45.098876260458475, 0.0 ], [ 7.720263571556086, 45.098273452051949, 0.0 ], [ 7.720270472419008, 45.098260369145244, 0.0 ], [ 7.720276110915191, 45.098228215002962, 0.0 ], [ 7.720272544603271, 45.098209738739541, 0.0 ], [ 7.720641660760133, 45.097946615051967, 0.0 ], [ 7.720647854105479, 45.097950950290105, 0.0 ], [ 7.720734329350893, 45.097945870107061, 0.0 ], [ 7.720758254124964, 45.097964969723641, 0.0 ], [ 7.720780796114156, 45.097950945395979, 0.0 ], [ 7.721234865309315, 45.098286322800469, 0.0 ], [ 7.721233762411562, 45.098291395418848, 0.0 ], [ 7.721235805092456, 45.098296604237767, 0.0 ], [ 7.721239165774541, 45.09829979156455, 0.0 ], [ 7.721243736995614, 45.098301733204316, 0.0 ], [ 7.721249332168338, 45.098302138632405, 0.0 ], [ 7.721254697886383, 45.098300937665201, 0.0 ], [ 7.721354751889594, 45.098373621637585, 0.0 ], [ 7.721506456400778, 45.09848675214706, 0.0 ], [ 7.721505011046564, 45.098491157125636, 0.0 ], [ 7.721506792099281, 45.098495686523798, 0.0 ], [ 7.721510714845544, 45.098498727088241, 0.0 ], [ 7.721515736496201, 45.098500367665764, 0.0 ], [ 7.721521534401845, 45.098500856854706, 0.0 ], [ 7.721527206260378, 45.098500118896517, 0.0 ], [ 7.721755356269274, 45.098669212764236, 0.0 ], [ 7.721754522700179, 45.098673047271276, 0.0 ], [ 7.721755845504592, 45.098676969761698, 0.0 ], [ 7.721758553965022, 45.098679763531784, 0.0 ], [ 7.721762502840122, 45.098681634339066, 0.0 ], [ 7.721768403303548, 45.098682628179517, 0.0 ], [ 7.721774200210716, 45.09868201703506, 0.0 ], [ 7.721926168339097, 45.098785726665113, 0.0 ], [ 7.721555166480445, 45.099108866323142, 0.0 ], [ 7.721496640999305, 45.099154866454299, 0.0 ], [ 7.721330523134809, 45.099334894814952, 0.0 ], [ 7.721286985527906, 45.099402892256435, 0.0 ], [ 7.721243472232148, 45.099431192335494, 0.0 ], [ 7.72121970959925, 45.099459435558771, 0.0 ], [ 7.72119481127564, 45.099478725480182, 0.0 ], [ 7.72116624996543, 45.09950787806266, 0.0 ], [ 7.721105309565703, 45.099594314250226, 0.0 ], [ 7.721082903937184, 45.099634075174833, 0.0 ], [ 7.721074024067207, 45.099672025590763, 0.0 ], [ 7.721052436511521, 45.099719555794081, 0.0 ], [ 7.721020164825395, 45.09976623822169, 0.0 ], [ 7.720977507539581, 45.099823325624193, 0.0 ], [ 7.720963563684057, 45.099838760324765, 0.0 ], [ 7.720944057765016, 45.099882362218281, 0.0 ], [ 7.720933901139276, 45.099893222565456, 0.0 ], [ 7.720921946826827, 45.099898723785707, 0.0 ], [ 7.720895243398923, 45.099902123159666, 0.0 ], [ 7.720882638544829, 45.09990646561301, 0.0 ], [ 7.720872585878511, 45.099913328423696, 0.0 ], [ 7.720865957565251, 45.099921589809661, 0.0 ], [ 7.72084061820014, 45.09996636882925, 0.0 ], [ 7.720802688985616, 45.100025607865675, 0.0 ], [ 7.7207644524033, 45.10007762261047, 0.0 ], [ 7.720751049651369, 45.100093270729566, 0.0 ], [ 7.720734913110245, 45.100107916507554, 0.0 ], [ 7.720718498442154, 45.100117238289876, 0.0 ], [ 7.720699865319426, 45.100124067897546, 0.0 ], [ 7.720677158795241, 45.100127271107503, 0.0 ], [ 7.720670195290074, 45.100129469781663, 0.0 ], [ 7.720658003499792, 45.10013701271496, 0.0 ], [ 7.720648130838366, 45.10014597490165, 0.0 ], [ 7.720604037133782, 45.100194982115433, 0.0 ], [ 7.720595667752726, 45.100206653501452, 0.0 ], [ 7.720594683378218, 45.100216004155733, 0.0 ], [ 7.720595707121939, 45.100225413533252, 0.0 ], [ 7.720593332604606, 45.100248656428427, 0.0 ], [ 7.720588226583207, 45.100260948491396, 0.0 ], [ 7.720579242927741, 45.10027229874904, 0.0 ], [ 7.720562547882787, 45.100288530749566, 0.0 ], [ 7.720544326868381, 45.100303611833446, 0.0 ], [ 7.72046964380036, 45.100359377546084, 0.0 ], [ 7.720445504446204, 45.100379379007187, 0.0 ], [ 7.720441021648809, 45.100385521749715, 0.0 ], [ 7.720441851217949, 45.100389283869006, 0.0 ], [ 7.720449351699993, 45.100396677498708, 0.0 ], [ 7.720500150703726, 45.100439987601405, 0.0 ], [ 7.720530376889544, 45.100462731378258, 0.0 ], [ 7.720532605077906, 45.100465961277344, 0.0 ], [ 7.720533142549841, 45.100469720123094, 0.0 ], [ 7.720530274501557, 45.10047698896831, 0.0 ], [ 7.720514732324911, 45.100495672670732, 0.0 ], [ 7.720497275995013, 45.100513553386641, 0.0 ], [ 7.720414135566319, 45.100589918256581, 0.0 ], [ 7.720326973824469, 45.100684810582557, 0.0 ], [ 7.720314856237981, 45.100701444311369, 0.0 ], [ 7.720293759627249, 45.10074117627429, 0.0 ], [ 7.720282752314142, 45.100763458016381, 0.0 ], [ 7.720264376094746, 45.100805992514452, 0.0 ], [ 7.720252295807228, 45.100821555777451, 0.0 ], [ 7.720238667708995, 45.100836516219466, 0.0 ], [ 7.72022728659987, 45.100857813450212, 0.0 ], [ 7.720220906492609, 45.100864628612598, 0.0 ], [ 7.72021491381139, 45.100867180910214, 0.0 ], [ 7.720208096520398, 45.100867895551104, 0.0 ], [ 7.720181920637864, 45.100865946738764, 0.0 ], [ 7.720166119831217, 45.100868326167515, 0.0 ], [ 7.720150933767834, 45.100873322887871, 0.0 ], [ 7.720140666893646, 45.100878887765546, 0.0 ], [ 7.720132810122715, 45.100885721238221, 0.0 ], [ 7.720119383162728, 45.100903638000744, 0.0 ], [ 7.720113905226746, 45.100908761638784, 0.0 ], [ 7.720109989158271, 45.10090933808511, 0.0 ], [ 7.720081794389301, 45.10089988542618, 0.0 ], [ 7.72005787289099, 45.100889121346711, 0.0 ], [ 7.720050549402571, 45.100888111920575, 0.0 ], [ 7.720043127069804, 45.100888578879093, 0.0 ], [ 7.72003032330861, 45.100893970414432, 0.0 ], [ 7.720026188725204, 45.100894140056347, 0.0 ], [ 7.720016858913451, 45.100890759002041, 0.0 ], [ 7.719985172733955, 45.100874210716441, 0.0 ], [ 7.719918730093531, 45.100834172205701, 0.0 ], [ 7.719898605073528, 45.100824180115282, 0.0 ], [ 7.719888226235407, 45.10081987851698, 0.0 ], [ 7.719877422788327, 45.100816524853208, 0.0 ], [ 7.719867774641341, 45.100816002832588, 0.0 ], [ 7.719858026620691, 45.100818261707275, 0.0 ], [ 7.719848854329236, 45.10082199366127, 0.0 ], [ 7.719841259374974, 45.100826894773114, 0.0 ], [ 7.719807130491491, 45.100858225057188, 0.0 ], [ 7.719768791901259, 45.100895458406285, 0.0 ], [ 7.719695665230492, 45.100959324931068, 0.0 ], [ 7.719677617616049, 45.100978098155707, 0.0 ], [ 7.719661867456096, 45.100998059027049, 0.0 ], [ 7.719649942519152, 45.10101638787124, 0.0 ], [ 7.719641343607241, 45.101035510186364, 0.0 ], [ 7.719632521303814, 45.101070202763353, 0.0 ], [ 7.719628837538693, 45.10107811900194, 0.0 ], [ 7.719624838155117, 45.101081277732987, 0.0 ], [ 7.719619290972821, 45.101083232767749, 0.0 ], [ 7.719597826339791, 45.101086575113506, 0.0 ], [ 7.719593368543942, 45.101087560234468, 0.0 ], [ 7.719590362798225, 45.101089541953307, 0.0 ], [ 7.719586912384099, 45.101136411289971, 0.0 ], [ 7.719588199317097, 45.101178284550258, 0.0 ], [ 7.719586817383189, 45.101191797420725, 0.0 ], [ 7.719582880643948, 45.101201934531787, 0.0 ], [ 7.719575640499102, 45.101211323702515, 0.0 ], [ 7.719567955082015, 45.101219095451889, 0.0 ], [ 7.719534284345544, 45.101247074168242, 0.0 ], [ 7.719522337246487, 45.101258353980874, 0.0 ], [ 7.719511307307759, 45.101270247661979, 0.0 ], [ 7.719505566671145, 45.101278509865054, 0.0 ], [ 7.719503519026812, 45.101287109612279, 0.0 ], [ 7.719505713169776, 45.101290717238875, 0.0 ], [ 7.719510219883969, 45.101293864941084, 0.0 ], [ 7.719521901591968, 45.101294914216595, 0.0 ], [ 7.719525483595174, 45.101297842807242, 0.0 ], [ 7.719526348364682, 45.101300743192311, 0.0 ], [ 7.719511968299807, 45.101315722735187, 0.0 ], [ 7.719462432261165, 45.101394309342503, 0.0 ], [ 7.719321507662752, 45.101623721791299, 0.0 ], [ 7.719174114141732, 45.101834239426537, 0.0 ], [ 7.719149799693485, 45.101913226062614, 0.0 ], [ 7.719090655079115, 45.102013966731882, 0.0 ], [ 7.719035890846148, 45.102077985365987, 0.0 ], [ 7.718894814509104, 45.102227532618045, 0.0 ], [ 7.718873686145423, 45.102266956046918, 0.0 ], [ 7.718871384962421, 45.10228971431745, 0.0 ], [ 7.718858811369431, 45.102310321541843, 0.0 ], [ 7.718763791917356, 45.102407292957551, 0.0 ], [ 7.718739409884115, 45.102427273216122, 0.0 ], [ 7.718718602345796, 45.102438714791873, 0.0 ], [ 7.718697190882413, 45.102445857025081, 0.0 ], [ 7.718646689443305, 45.10247096286362, 0.0 ], [ 7.718596503058785, 45.102503589179818, 0.0 ], [ 7.718572644162681, 45.102513871274958, 0.0 ], [ 7.718550565253397, 45.102506521310076, 0.0 ], [ 7.718529976051888, 45.102489970369923, 0.0 ], [ 7.718506381671745, 45.102488372991687, 0.0 ], [ 7.718412233256824, 45.102537320207006, 0.0 ], [ 7.718338096494838, 45.102584304920263, 0.0 ], [ 7.718290710481805, 45.1026252628441, 0.0 ], [ 7.718192842539997, 45.102712002897235, 0.0 ], [ 7.718176901421253, 45.102741079486357, 0.0 ], [ 7.718150733528561, 45.102765962886437, 0.0 ], [ 7.718120004037982, 45.1027810924341, 0.0 ], [ 7.718081642748706, 45.102804435251684, 0.0 ], [ 7.718050271880843, 45.102830593268131, 0.0 ], [ 7.718005848113803, 45.102925457790519, 0.0 ], [ 7.717996433359217, 45.10293828728463, 0.0 ], [ 7.718002907867725, 45.102963610017007, 0.0 ], [ 7.718004968365891, 45.102986840151907, 0.0 ], [ 7.717996526638364, 45.103005100155535, 0.0 ], [ 7.717987751639662, 45.10299740317145, 0.0 ], [ 7.717970407515212, 45.102995948301711, 0.0 ], [ 7.717955334323072, 45.103008436244188, 0.0 ], [ 7.717939040211665, 45.103031108480941, 0.0 ], [ 7.717872754081695, 45.103148655565953, 0.0 ], [ 7.717852530153701, 45.103217974783554, 0.0 ], [ 7.717858646331122, 45.103237739431876, 0.0 ], [ 7.717909778168896, 45.103300335159815, 0.0 ], [ 7.717932248073528, 45.10331233538458, 0.0 ], [ 7.717951050198078, 45.103328721922544, 0.0 ], [ 7.717984766662725, 45.103406101679212, 0.0 ], [ 7.718010537805784, 45.103430236458109, 0.0 ], [ 7.718038434405794, 45.103444052192629, 0.0 ], [ 7.718071407316971, 45.103466079869222, 0.0 ], [ 7.718085641794016, 45.103491210330361, 0.0 ], [ 7.718082054651796, 45.103517959176401, 0.0 ], [ 7.718063267473664, 45.103558886674314, 0.0 ], [ 7.718042927042585, 45.103589111060849, 0.0 ], [ 7.717980986719303, 45.103623863720713, 0.0 ], [ 7.717924645333816, 45.103647419385553, 0.0 ], [ 7.717914968196209, 45.10364077454107, 0.0 ], [ 7.717920237729493, 45.103622903204979, 0.0 ], [ 7.717909466547774, 45.103607236678485, 0.0 ], [ 7.71788370814627, 45.103604065840031, 0.0 ], [ 7.717831890709845, 45.103620920524953, 0.0 ], [ 7.717818768870583, 45.103621691018034, 0.0 ], [ 7.717816281682206, 45.103608440824488, 0.0 ], [ 7.717807644047136, 45.103595119306881, 0.0 ], [ 7.717810986126585, 45.103587776163351, 0.0 ], [ 7.71781066613444, 45.103575395232056, 0.0 ], [ 7.717830339709377, 45.103548260110998, 0.0 ], [ 7.717827454719971, 45.103539784321555, 0.0 ], [ 7.717802827730226, 45.103517921377318, 0.0 ], [ 7.717790277563663, 45.10349252996199, 0.0 ], [ 7.717785024552982, 45.103488186113886, 0.0 ], [ 7.717766001159773, 45.103486280384274, 0.0 ], [ 7.717765720861997, 45.103480580084025, 0.0 ], [ 7.717784470142298, 45.103445980114834, 0.0 ], [ 7.71779964307129, 45.103402969942955, 0.0 ], [ 7.717817306262498, 45.103394661937976, 0.0 ], [ 7.717825712036691, 45.103413740944262, 0.0 ], [ 7.717828065434261, 45.103432967073012, 0.0 ], [ 7.717874786776221, 45.10347512453059, 0.0 ], [ 7.717887343187046, 45.103482016787432, 0.0 ], [ 7.717911166304781, 45.103491007493247, 0.0 ], [ 7.717911703179244, 45.103507324801882, 0.0 ], [ 7.717887697652949, 45.103537156183819, 0.0 ], [ 7.71788444658652, 45.103549002560243, 0.0 ], [ 7.717901954803385, 45.103552160008995, 0.0 ], [ 7.717923846497742, 45.103541153673461, 0.0 ], [ 7.717958017409551, 45.103505180049744, 0.0 ], [ 7.717972508585382, 45.103496619516044, 0.0 ], [ 7.717980218209539, 45.103489532332368, 0.0 ], [ 7.717971145880929, 45.103478034360421, 0.0 ], [ 7.71793477357483, 45.103461314267342, 0.0 ], [ 7.717913235545191, 45.103434274278186, 0.0 ], [ 7.717906242319985, 45.103414014835508, 0.0 ], [ 7.717912818387132, 45.103390531199707, 0.0 ], [ 7.717924833631362, 45.103377298484588, 0.0 ], [ 7.717919123563567, 45.103348473306717, 0.0 ], [ 7.717905017008256, 45.103326801402659, 0.0 ], [ 7.717888684718509, 45.103333009326853, 0.0 ], [ 7.717872249874719, 45.103330717459215, 0.0 ], [ 7.717828291965707, 45.103267284889441, 0.0 ], [ 7.717811107863113, 45.103245712899962, 0.0 ], [ 7.717792989867267, 45.103234041348713, 0.0 ], [ 7.717779591608825, 45.103220460348012, 0.0 ], [ 7.71777499786202, 45.103195095330442, 0.0 ], [ 7.717793040320267, 45.103076799220794, 0.0 ], [ 7.717781322577197, 45.103063094004369, 0.0 ], [ 7.717771900881196, 45.103049556748367, 0.0 ], [ 7.717776365088821, 45.103036384608274, 0.0 ], [ 7.717787548033384, 45.103011548116179, 0.0 ], [ 7.717789186982495, 45.1030001704016, 0.0 ], [ 7.71778119164669, 45.102997974190174, 0.0 ], [ 7.717764425930182, 45.103001926804779, 0.0 ], [ 7.717741532830448, 45.103017917176246, 0.0 ], [ 7.717716049033774, 45.103033734913232, 0.0 ], [ 7.717681020629659, 45.103063722306104, 0.0 ], [ 7.717652587044661, 45.103091606222776, 0.0 ], [ 7.717593922326373, 45.103214999729815, 0.0 ], [ 7.717575364113177, 45.103241093667819, 0.0 ], [ 7.717419604727665, 45.103380913710502, 0.0 ], [ 7.717289164721443, 45.103512152546045, 0.0 ], [ 7.717251175450779, 45.103545482182838, 0.0 ], [ 7.717258362014096, 45.103561667262078, 0.0 ], [ 7.717274531632293, 45.103575774366718, 0.0 ], [ 7.717253154688938, 45.103576866377345, 0.0 ], [ 7.717233894441231, 45.103590016729186, 0.0 ], [ 7.717219570915438, 45.103622343903886, 0.0 ], [ 7.717192153445195, 45.103662615550455, 0.0 ], [ 7.717116099274659, 45.103732720622844, 0.0 ], [ 7.717084201455854, 45.10376477743835, 0.0 ], [ 7.717063780822325, 45.103798584221956, 0.0 ], [ 7.717016337852011, 45.103828926388395, 0.0 ], [ 7.716960764334707, 45.103866983031814, 0.0 ], [ 7.716876422390275, 45.103934816391778, 0.0 ], [ 7.716773581792109, 45.104035065728169, 0.0 ], [ 7.716746758791144, 45.104053406150882, 0.0 ], [ 7.716719685910416, 45.104065263259677, 0.0 ], [ 7.716696893410104, 45.104073792828466, 0.0 ], [ 7.716693087023145, 45.104073543573818, 0.0 ], [ 7.716626772457285, 45.104138834004317, 0.0 ], [ 7.716541397954548, 45.104239639402572, 0.0 ], [ 7.71653808876085, 45.104267588528728, 0.0 ], [ 7.716566804916025, 45.104297589270601, 0.0 ], [ 7.716568764435564, 45.104325814506204, 0.0 ], [ 7.716435133119767, 45.104510250570051, 0.0 ], [ 7.716400001671524, 45.104522655922807, 0.0 ], [ 7.71635669568623, 45.104523223242907, 0.0 ], [ 7.716324021663808, 45.10456322774894, 0.0 ], [ 7.716243859262257, 45.104718866937439, 0.0 ], [ 7.716204144312524, 45.104867677035344, 0.0 ], [ 7.718628988988034, 45.10548962785689, 0.0 ], [ 7.718901005314065, 45.105563072907145, 0.0 ], [ 7.72058885475271, 45.106001836206275, 0.0 ], [ 7.724756740199243, 45.107085154990706, 0.0 ], [ 7.727474170427496, 45.107796701117017, 0.0 ], [ 7.728084674482838, 45.107950013531422, 0.0 ], [ 7.729678069035835, 45.111607647073704, 0.0 ], [ 7.729996162933943, 45.11206257598834, 0.0 ], [ 7.730958982305797, 45.11343950202847, 0.0 ], [ 7.731331164032216, 45.113866940911443, 0.0 ], [ 7.733641887609747, 45.115323011965813, 0.0 ], [ 7.734301723202364, 45.115718037801201, 0.0 ], [ 7.73528693909511, 45.116257740403384, 0.0 ], [ 7.734917803245843, 45.117252415133834, 0.0 ], [ 7.735002496521168, 45.117782498177831, 0.0 ], [ 7.735077459475373, 45.117944702690053, 0.0 ], [ 7.735199806715473, 45.118107510777925, 0.0 ], [ 7.735409968398371, 45.118268628321005, 0.0 ], [ 7.735849587601893, 45.11853593060895, 0.0 ], [ 7.73611446546047, 45.118641086433534, 0.0 ], [ 7.73635591384926, 45.118697695709876, 0.0 ], [ 7.736630415221144, 45.118712534342684, 0.0 ], [ 7.736885510496268, 45.118690071472969, 0.0 ], [ 7.737161034798663, 45.118619818066932, 0.0 ], [ 7.73740043894088, 45.11849941269795, 0.0 ], [ 7.737594625185824, 45.118370639079991, 0.0 ], [ 7.738074573213364, 45.11800764036532, 0.0 ], [ 7.736952969597769, 45.117302623855082, 0.0 ], [ 7.736647932830861, 45.113284030820161, 0.0 ], [ 7.736638759604192, 45.113179581772151, 0.0 ], [ 7.736603556554305, 45.113036758728683, 0.0 ], [ 7.736577006976524, 45.11291074747264, 0.0 ], [ 7.736578679145374, 45.112879917085735, 0.0 ], [ 7.736636005662305, 45.11285725426206, 0.0 ], [ 7.736984697048552, 45.112760823728578, 0.0 ], [ 7.737244942202846, 45.112689213811848, 0.0 ], [ 7.737297362589478, 45.112684337220131, 0.0 ], [ 7.73767083176076, 45.112784361457237, 0.0 ], [ 7.737883042044234, 45.112822084480065, 0.0 ], [ 7.738786104364307, 45.113082984089509, 0.0 ], [ 7.739065862286999, 45.113131558359761, 0.0 ], [ 7.739481102763237, 45.113102089424252, 0.0 ], [ 7.739582555381857, 45.113071244231548, 0.0 ], [ 7.739761278444685, 45.112994155897951, 0.0 ], [ 7.739894204053127, 45.112915623715182, 0.0 ], [ 7.739895054984618, 45.112858482358554, 0.0 ], [ 7.73992063391683, 45.111133581211689, 0.0 ], [ 7.740127459762161, 45.110091559514842, 0.0 ], [ 7.740036572227983, 45.110064794590215, 0.0 ], [ 7.73989755338841, 45.110012797257944, 0.0 ], [ 7.739844859301828, 45.109951085323658, 0.0 ], [ 7.739850019972629, 45.109923902197394, 0.0 ], [ 7.740034865696905, 45.109844864636536, 0.0 ], [ 7.740094571091005, 45.109792467301851, 0.0 ], [ 7.740093328726327, 45.109743205560193, 0.0 ], [ 7.73996394403116, 45.109573337204147, 0.0 ], [ 7.740335289836132, 45.109571610235889, 0.0 ], [ 7.740404058297455, 45.109567688653122, 0.0 ], [ 7.74069455879683, 45.109535155304862, 0.0 ], [ 7.740911121509947, 45.109517821582514, 0.0 ], [ 7.741288336844833, 45.109493614873422, 0.0 ], [ 7.741493991198782, 45.109463007282613, 0.0 ], [ 7.741604239521941, 45.109418538688018, 0.0 ], [ 7.741634210464848, 45.109393871157735, 0.0 ], [ 7.741716857452264, 45.109303387990366, 0.0 ], [ 7.741844317338959, 45.109239900074975, 0.0 ], [ 7.741892012429719, 45.109220827867297, 0.0 ], [ 7.742154594576597, 45.109092143715429, 0.0 ], [ 7.742265045434372, 45.109040843484756, 0.0 ], [ 7.742299234070017, 45.109023199449844, 0.0 ], [ 7.742327824125335, 45.109009849693535, 0.0 ], [ 7.742554081929382, 45.108898146236733, 0.0 ], [ 7.742635244790829, 45.108855408454829, 0.0 ], [ 7.742916038630977, 45.108710052141909, 0.0 ], [ 7.743178358029201, 45.10853756958678, 0.0 ], [ 7.74331890207025, 45.108459352212151, 0.0 ], [ 7.743452810925312, 45.108381547960143, 0.0 ], [ 7.743680041908073, 45.108282688079335, 0.0 ], [ 7.743822706914764, 45.108225863834136, 0.0 ], [ 7.743854069886358, 45.108217621913226, 0.0 ], [ 7.744298803968055, 45.107633892587359, 0.0 ], [ 7.744337893803876, 45.107408847189944, 0.0 ], [ 7.744306078865857, 45.107348465823918, 0.0 ], [ 7.743932918441943, 45.10675855748832, 0.0 ], [ 7.745300803394011, 45.106151866734777, 0.0 ], [ 7.745328640904348, 45.106133368653389, 0.0 ], [ 7.745756116577674, 45.105979211915823, 0.0 ], [ 7.746063766228205, 45.105821315344578, 0.0 ], [ 7.74641109457911, 45.105606774715653, 0.0 ], [ 7.746848287592093, 45.10526556583828, 0.0 ], [ 7.747078847747202, 45.105075829393243, 0.0 ], [ 7.747097126687484, 45.105068314660926, 0.0 ], [ 7.747208984273242, 45.104977634467232, 0.0 ], [ 7.74737984489717, 45.104860318291493, 0.0 ], [ 7.74769301696622, 45.104685357444026, 0.0 ], [ 7.747986821926416, 45.104530527321074, 0.0 ], [ 7.748597430318579, 45.104266413310313, 0.0 ], [ 7.749147302969551, 45.104056315615068, 0.0 ], [ 7.750210994028654, 45.103601575046682, 0.0 ], [ 7.750521964513422, 45.103470367338566, 0.0 ], [ 7.751131760972744, 45.103205131891841, 0.0 ], [ 7.751288501805575, 45.10313309498126, 0.0 ], [ 7.752052436297372, 45.102819230567043, 0.0 ], [ 7.752365204588194, 45.102686227166288, 0.0 ], [ 7.751362939398048, 45.10049415049572, 0.0 ], [ 7.751354522157392, 45.100395184598078, 0.0 ], [ 7.751343631182519, 45.100201556014156, 0.0 ], [ 7.751325748014394, 45.099543839733315, 0.0 ], [ 7.751318433024951, 45.098660269364935, 0.0 ], [ 7.750942454680701, 45.097347136934182, 0.0 ], [ 7.747839802570958, 45.095459678196974, 0.0 ], [ 7.745798071058984, 45.09442307634923, 0.0 ], [ 7.742768901763188, 45.093138581348079, 0.0 ], [ 7.741611671549919, 45.09264693418632, 0.0 ], [ 7.742034740504529, 45.092321160600662, 0.0 ], [ 7.741746708499124, 45.092172482675451, 0.0 ], [ 7.741499565090215, 45.092015460777432, 0.0 ], [ 7.740806999641991, 45.091766048756895, 0.0 ], [ 7.740558092789433, 45.091729899166069, 0.0 ], [ 7.74041323748719, 45.091716418985008, 0.0 ], [ 7.740274859711539, 45.091715729759898, 0.0 ], [ 7.740124769292327, 45.091701137788483, 0.0 ], [ 7.739930906686676, 45.091704058353798, 0.0 ], [ 7.739520436573243, 45.091738028656223, 0.0 ], [ 7.738835660681262, 45.091815389179096, 0.0 ], [ 7.738397727525031, 45.091751833574406, 0.0 ], [ 7.738063288490449, 45.091673378613926, 0.0 ], [ 7.737692493194981, 45.091641078867951, 0.0 ], [ 7.737622099492346, 45.091614068923846, 0.0 ], [ 7.737511629480126, 45.0915990670333, 0.0 ], [ 7.737435278301845, 45.091576636411695, 0.0 ], [ 7.737358471844329, 45.091543714246065, 0.0 ], [ 7.737221736761914, 45.091522227310989, 0.0 ], [ 7.736955982323243, 45.091525832530273, 0.0 ], [ 7.736303498721424, 45.09149420989187, 0.0 ], [ 7.736097638845614, 45.091510457080112, 0.0 ], [ 7.735835089681023, 45.09154844568868, 0.0 ], [ 7.735541155732751, 45.091613360288989, 0.0 ], [ 7.735329608911193, 45.091665559954613, 0.0 ], [ 7.735272648251619, 45.091688782748356, 0.0 ], [ 7.735220892539268, 45.091708661709376, 0.0 ], [ 7.73495193145603, 45.091804531035429, 0.0 ], [ 7.734652124308491, 45.091903459833595, 0.0 ], [ 7.73431132676635, 45.091998530702938, 0.0 ], [ 7.733944789646051, 45.092121976683316, 0.0 ], [ 7.733850894008415, 45.092152792091376, 0.0 ], [ 7.733728697986834, 45.092196229721772, 0.0 ], [ 7.733692946067878, 45.092215385734988, 0.0 ], [ 7.733493033441564, 45.092316544418658, 0.0 ], [ 7.73341880736137, 45.092359540672604, 0.0 ], [ 7.733361202820412, 45.092391667883334, 0.0 ], [ 7.733319347746876, 45.092421233482192, 0.0 ], [ 7.733282182347165, 45.092458944030206, 0.0 ], [ 7.733245677104536, 45.092520137896564, 0.0 ], [ 7.733223555593945, 45.092564271231439, 0.0 ], [ 7.733203219158389, 45.092599485134478, 0.0 ], [ 7.733161979687703, 45.09263285606545, 0.0 ], [ 7.733149938919435, 45.092669854566793, 0.0 ], [ 7.73315573017441, 45.092695311988578, 0.0 ], [ 7.733108813390524, 45.09287285521863, 0.0 ], [ 7.733076139653097, 45.092926925027591, 0.0 ], [ 7.733041457217761, 45.09297351216388, 0.0 ], [ 7.733026176353361, 45.093004217874146, 0.0 ], [ 7.733001984269415, 45.093056834539325, 0.0 ], [ 7.732944665215783, 45.093125467387516, 0.0 ], [ 7.732920266314713, 45.093142569335384, 0.0 ], [ 7.732885904583949, 45.093133889081919, 0.0 ], [ 7.732878142797722, 45.093116572908123, 0.0 ], [ 7.732891306336027, 45.093082755609686, 0.0 ], [ 7.732902578582639, 45.093044272021068, 0.0 ], [ 7.732917408044583, 45.092962151918613, 0.0 ], [ 7.732906641730303, 45.092954723313383, 0.0 ], [ 7.732892043921633, 45.092955119184552, 0.0 ], [ 7.732856046676355, 45.092970968110173, 0.0 ], [ 7.732835125458426, 45.092996967714527, 0.0 ], [ 7.732772682237964, 45.093068566525126, 0.0 ], [ 7.732725757886503, 45.093107285199693, 0.0 ], [ 7.732654227070405, 45.093149536569904, 0.0 ], [ 7.732561508639912, 45.093193723465888, 0.0 ], [ 7.732467738628308, 45.093218140118559, 0.0 ], [ 7.732419882557714, 45.093231749928044, 0.0 ], [ 7.732370269481888, 45.093243784383262, 0.0 ], [ 7.73231524356639, 45.093281079901857, 0.0 ], [ 7.732252286041007, 45.093308015963061, 0.0 ], [ 7.732181532290681, 45.093346756933556, 0.0 ], [ 7.73203548007409, 45.093383248583663, 0.0 ], [ 7.731977879593535, 45.093401881618369, 0.0 ], [ 7.731932226732237, 45.093427883991367, 0.0 ], [ 7.731889060541956, 45.093462782099792, 0.0 ], [ 7.731829062482304, 45.093513308752783, 0.0 ], [ 7.731736544898791, 45.093566155697772, 0.0 ], [ 7.731623430461226, 45.093634869563751, 0.0 ], [ 7.731602689761638, 45.093679647762066, 0.0 ], [ 7.73159820869814, 45.093702913245671, 0.0 ], [ 7.731515834998084, 45.09372406058683, 0.0 ], [ 7.731187546650436, 45.093763729803634, 0.0 ], [ 7.731176158447694, 45.093746572001997, 0.0 ], [ 7.731172375592329, 45.093744018273242, 0.0 ], [ 7.730873705727795, 45.093746092112816, 0.0 ], [ 7.730565137318014, 45.093783025980464, 0.0 ], [ 7.730253693760154, 45.093836688436575, 0.0 ], [ 7.730242387383392, 45.093860587061101, 0.0 ], [ 7.730244858614086, 45.093874612478757, 0.0 ], [ 7.730073149964671, 45.093922906605492, 0.0 ], [ 7.729619872394921, 45.093184170624383, 0.0 ], [ 7.729413723177815, 45.093233195860115, 0.0 ], [ 7.729284725018791, 45.093275877910656, 0.0 ], [ 7.729339330264327, 45.093376880937861, 0.0 ], [ 7.729330585078944, 45.093381527185727, 0.0 ], [ 7.729327536422611, 45.093388964957391, 0.0 ], [ 7.729331416044661, 45.09339620135038, 0.0 ], [ 7.729340666452542, 45.093400336944441, 0.0 ], [ 7.729353387683211, 45.093399127335907, 0.0 ], [ 7.729495471819264, 45.093627065645983, 0.0 ], [ 7.72948780098672, 45.093632615427346, 0.0 ], [ 7.729486359414905, 45.093640313785855, 0.0 ], [ 7.729491723448335, 45.093647088529394, 0.0 ], [ 7.72950175870572, 45.09365022490401, 0.0 ], [ 7.7295090015017, 45.093649621302866, 0.0 ], [ 7.72965230332529, 45.093880589074033, 0.0 ], [ 7.729646140618705, 45.09388691182361, 0.0 ], [ 7.729646618452521, 45.09389459576537, 0.0 ], [ 7.729653577680848, 45.09390049713177, 0.0 ], [ 7.729665642126609, 45.093902071709806, 0.0 ], [ 7.729752750762479, 45.094042836273879, 0.0 ], [ 7.729665368830754, 45.094068582283484, 0.0 ], [ 7.729653528744705, 45.094080413157009, 0.0 ], [ 7.729652829869221, 45.094097545317268, 0.0 ], [ 7.728825191512239, 45.094352534474581, 0.0 ], [ 7.72881394640576, 45.094348430517783, 0.0 ], [ 7.728801176436439, 45.094349521794776, 0.0 ], [ 7.728600686236495, 45.094416377879718, 0.0 ], [ 7.728573211361257, 45.094430132396539, 0.0 ], [ 7.72855957287697, 45.094440486466439, 0.0 ], [ 7.728548306827104, 45.094452189586562, 0.0 ], [ 7.728539675066304, 45.094464964841258, 0.0 ], [ 7.728529529383549, 45.094466310350768, 0.0 ], [ 7.728509851097581, 45.094470555872569, 0.0 ], [ 7.72849125883069, 45.094476822115723, 0.0 ], [ 7.728474188067882, 45.094484958618622, 0.0 ], [ 7.728408714612007, 45.094526114235023, 0.0 ], [ 7.728042684614558, 45.094680954148082, 0.0 ], [ 7.727671631920207, 45.094896983438659, 0.0 ], [ 7.726610499259569, 45.095614546236916, 0.0 ], [ 7.726480310973516, 45.095700132520022, 0.0 ], [ 7.724860101486687, 45.096794914448971, 0.0 ], [ 7.723846612593671, 45.097527161942736, 0.0 ], [ 7.723655122420241, 45.097671362485272, 0.0 ], [ 7.722720456418157, 45.098359498139914, 0.0 ], [ 7.722507193399055, 45.098520600815839, 0.0 ], [ 7.722110452416397, 45.098663457311908, 0.0 ], [ 7.721532805246742, 45.098238942315213, 0.0 ], [ 7.720956101666492, 45.097819819658625, 0.0 ], [ 7.72097866119591, 45.09780448960624, 0.0 ], [ 7.721435606220134, 45.097488920903238, 0.0 ], [ 7.721660622139796, 45.097235647568198, 0.0 ], [ 7.72212295057617, 45.096749590609548, 0.0 ], [ 7.722302407645937, 45.096480494169036, 0.0 ], [ 7.722368604049574, 45.096401488633113, 0.0 ], [ 7.722460034810383, 45.096342731244448, 0.0 ], [ 7.722476784262374, 45.096313203927956, 0.0 ], [ 7.722476130454401, 45.096297514708304, 0.0 ], [ 7.72257786284689, 45.096212192451674, 0.0 ], [ 7.722719206302385, 45.096071716740944, 0.0 ], [ 7.722845497960438, 45.095965036764483, 0.0 ], [ 7.722931945247773, 45.095868668729409, 0.0 ], [ 7.723091415236604, 45.095738802026723, 0.0 ], [ 7.723332546954945, 45.095593743289591, 0.0 ], [ 7.723381712192952, 45.09558431092146, 0.0 ], [ 7.723481175828442, 45.095562989657267, 0.0 ], [ 7.723547853633363, 45.095524488363587, 0.0 ], [ 7.72388059596834, 45.095260477476835, 0.0 ], [ 7.723959519358806, 45.095211922921422, 0.0 ], [ 7.723747693181084, 45.095169470405736, 0.0 ], [ 7.723421520293117, 45.095027495133749, 0.0 ], [ 7.722926714784827, 45.094847338284517, 0.0 ], [ 7.722659461438981, 45.094712204577533, 0.0 ], [ 7.722361513352087, 45.094520402708774, 0.0 ], [ 7.722144914874277, 45.094398075146827, 0.0 ], [ 7.721826708148636, 45.09416651912565, 0.0 ], [ 7.721523554303339, 45.093936533523035, 0.0 ], [ 7.721276605802879, 45.093679469976699, 0.0 ], [ 7.721090018071949, 45.093445586216063, 0.0 ], [ 7.720772892777444, 45.093040819685868, 0.0 ], [ 7.720777916246598, 45.093029272440972, 0.0 ], [ 7.720751887708532, 45.092990020809047, 0.0 ], [ 7.720765429231988, 45.092970972772498, 0.0 ], [ 7.720745641995347, 45.09293629146287, 0.0 ], [ 7.720700252693321, 45.092910398851693, 0.0 ], [ 7.72058277193735, 45.092796210254114, 0.0 ], [ 7.720366389583176, 45.092433716976728, 0.0 ], [ 7.720321194048375, 45.092399174230309, 0.0 ], [ 7.720290654399179, 45.092370278246626, 0.0 ], [ 7.720282499966903, 45.092357522423235, 0.0 ], [ 7.720284376953868, 45.092331528585404, 0.0 ], [ 7.720260347307224, 45.092309249906776, 0.0 ], [ 7.720230505911754, 45.092293999696217, 0.0 ], [ 7.720203744087883, 45.092287721864579, 0.0 ], [ 7.720160555202114, 45.092291990886075, 0.0 ], [ 7.720145311492106, 45.09226833542342, 0.0 ], [ 7.72015342620168, 45.092265239547679, 0.0 ], [ 7.720136533357895, 45.092228358251241, 0.0 ], [ 7.720143360967618, 45.092225447183409, 0.0 ], [ 7.720128261545172, 45.092194761309479, 0.0 ], [ 7.72013897758589, 45.092191253561047, 0.0 ], [ 7.720126858944176, 45.09217107125243, 0.0 ], [ 7.720149346108101, 45.092167417414544, 0.0 ], [ 7.720146601464752, 45.092125824797982, 0.0 ], [ 7.720107128501966, 45.092061649943489, 0.0 ], [ 7.719993698776519, 45.091877194469248, 0.0 ], [ 7.719876373540009, 45.091649224332173, 0.0 ], [ 7.71971693831097, 45.091300582734974, 0.0 ], [ 7.719636314330142, 45.09106711926146, 0.0 ], [ 7.719624017441067, 45.091057763675707, 0.0 ], [ 7.719610640446921, 45.091002973971541, 0.0 ], [ 7.71961675796808, 45.0908850299313, 0.0 ], [ 7.719305514591188, 45.089939032801126, 0.0 ], [ 7.71916393082371, 45.089566410866453, 0.0 ], [ 7.719052569559067, 45.08920059197569, 0.0 ], [ 7.719016989274163, 45.089092559323547, 0.0 ], [ 7.718754734813775, 45.089110554679884, 0.0 ], [ 7.716850516867757, 45.087725195970989, 0.0 ], [ 7.714462767603873, 45.086003892451068, 0.0 ], [ 7.713572572888606, 45.085438019707254, 0.0 ], [ 7.713151842344011, 45.085245628880784, 0.0 ], [ 7.712530986036609, 45.085847245622745, 0.0 ], [ 7.712350984717167, 45.085898570262778, 0.0 ], [ 7.711481387374814, 45.086168407797132, 0.0 ], [ 7.711110084713489, 45.086164892564639, 0.0 ], [ 7.710818213426831, 45.0861471415894, 0.0 ], [ 7.710465660897106, 45.086107027121663, 0.0 ], [ 7.710258484397489, 45.086063711352608, 0.0 ], [ 7.709969200752945, 45.085998224848666, 0.0 ], [ 7.7096742193236, 45.08587205420163, 0.0 ], [ 7.707757743823485, 45.088022913090995, 0.0 ], [ 7.706934117547184, 45.088973083104271, 0.0 ], [ 7.706438739591229, 45.089546156434551, 0.0 ], [ 7.706370384725918, 45.089624399811541, 0.0 ], [ 7.705763370597055, 45.090313434700818, 0.0 ], [ 7.705535093360928, 45.09057255408176, 0.0 ], [ 7.705118228233083, 45.091012108790288, 0.0 ], [ 7.705004694584335, 45.091099343339387, 0.0 ], [ 7.706835456203817, 45.093161050930775, 0.0 ], [ 7.706881201339351, 45.093212571750676, 0.0 ], [ 7.706994031402021, 45.093339640240387, 0.0 ], [ 7.707112328042321, 45.09347224262919, 0.0 ], [ 7.704428657249601, 45.094557147581924, 0.0 ], [ 7.703697900284348, 45.094853382546411, 0.0 ], [ 7.703105366364912, 45.095091383834998, 0.0 ], [ 7.701991140916301, 45.095541384241187, 0.0 ], [ 7.700300877563681, 45.096229242907377, 0.0 ], [ 7.699205241546532, 45.096671911551198, 0.0 ], [ 7.698091301765151, 45.09713233857439, 0.0 ], [ 7.697280876109521, 45.097468427814412, 0.0 ], [ 7.697129676318274, 45.097521911153542, 0.0 ], [ 7.697218667154694, 45.097661075548139, 0.0 ] ] ], [ [ [ 7.740428087366457, 45.119508171310443, 0.0 ], [ 7.7414882114202, 45.1201819688767, 0.0 ], [ 7.741799261294678, 45.120379662007444, 0.0 ], [ 7.743093646182401, 45.121324994849374, 0.0 ], [ 7.74306018676022, 45.121439434573169, 0.0 ], [ 7.742852560324279, 45.122320285087767, 0.0 ], [ 7.742949580525663, 45.122314835082911, 0.0 ], [ 7.743106336704668, 45.122377025730266, 0.0 ], [ 7.743440536845059, 45.12256974788194, 0.0 ], [ 7.743567895996076, 45.122697478750943, 0.0 ], [ 7.743712784250726, 45.122842226120341, 0.0 ], [ 7.744281237081205, 45.12360770561299, 0.0 ], [ 7.74450033982071, 45.123822932267572, 0.0 ], [ 7.745365304078175, 45.124419825915972, 0.0 ], [ 7.745673581034152, 45.124593028932708, 0.0 ], [ 7.745993750229539, 45.12472264882657, 0.0 ], [ 7.747019273360641, 45.123943271489573, 0.0 ], [ 7.747105490485236, 45.123877344761013, 0.0 ], [ 7.748347380456532, 45.124664260540008, 0.0 ], [ 7.748801716267288, 45.124268673902414, 0.0 ], [ 7.749177149177221, 45.123917924129309, 0.0 ], [ 7.749286172929748, 45.123737923001805, 0.0 ], [ 7.749404164170739, 45.123380904413374, 0.0 ], [ 7.749622486251146, 45.122315733206008, 0.0 ], [ 7.74945010030537, 45.122054336071237, 0.0 ], [ 7.749013472540429, 45.121580259471699, 0.0 ], [ 7.748931562565645, 45.121491326836185, 0.0 ], [ 7.74884792087648, 45.121314706655561, 0.0 ], [ 7.748747324379905, 45.120990650359616, 0.0 ], [ 7.748532205617159, 45.12074232317304, 0.0 ], [ 7.748195563141175, 45.120474866591834, 0.0 ], [ 7.748117892209328, 45.120423695394066, 0.0 ], [ 7.74804296321442, 45.120374336880261, 0.0 ], [ 7.747542507571975, 45.120009583450951, 0.0 ], [ 7.746600330326532, 45.119339071580164, 0.0 ], [ 7.746220745328009, 45.119081488780019, 0.0 ], [ 7.744509284863653, 45.118073625572386, 0.0 ], [ 7.744359365281421, 45.11798189790678, 0.0 ], [ 7.743368843292457, 45.117327769072858, 0.0 ], [ 7.742204191286112, 45.118146809148513, 0.0 ], [ 7.740586766394915, 45.119312045787787, 0.0 ], [ 7.740428087366457, 45.119508171310443, 0.0 ] ] ] ] } },
{ "type": "Feature", "properties": { "ID_QUART": 19, "DENOM": "Falchera", "neighborhood_name_clean": "falchera", "statistical_zone_clean": "19", "n_somministrazione": 110, "neighborhood_clean": "19 falchera", "total_population": 25970, "stores_per_1000_residents": 4.2356565267616482, "distance_to_nearest_metro": 243.93954491339082, "normalized_population": 0.2763512692821572, "normalized_competition": 0.55440018827474502, "normalized_distance_to_metro": 0.0038261346855494975, "retail_opportunity_score": -0.070447221656299894, "opportunity_level": "Low Opportunity", "longitude": 7.7039216514455493, "latitude": 45.120567848605056 }, "geometry": { "type": "Polygon", "coordinates": [ [ [ 7.670876594681752, 45.137746699894549, 0.0 ], [ 7.671142183835764, 45.137812235101784, 0.0 ], [ 7.671217519618064, 45.137843708778149, 0.0 ], [ 7.671369043511918, 45.137991108432843, 0.0 ], [ 7.671705874865237, 45.138199868433759, 0.0 ], [ 7.672330433464642, 45.137790257574132, 0.0 ], [ 7.672476111664277, 45.137996171414997, 0.0 ], [ 7.673935458473158, 45.137415598386745, 0.0 ], [ 7.675147120711885, 45.137124298856975, 0.0 ], [ 7.676373110043769, 45.137303093475083, 0.0 ], [ 7.676799302301139, 45.138013321590016, 0.0 ], [ 7.677580756019043, 45.138228998172146, 0.0 ], [ 7.677754614279308, 45.13833919334018, 0.0 ], [ 7.677930052171805, 45.138523570061132, 0.0 ], [ 7.678024815905225, 45.138578127813773, 0.0 ], [ 7.678091053720013, 45.138551169726071, 0.0 ], [ 7.678198709261835, 45.138487604059677, 0.0 ], [ 7.678274015470805, 45.138398379100408, 0.0 ], [ 7.678354267482397, 45.138331884801644, 0.0 ], [ 7.678496799831697, 45.138249999714986, 0.0 ], [ 7.678511536840433, 45.138179156398657, 0.0 ], [ 7.678544786191942, 45.138115637618554, 0.0 ], [ 7.678624966799458, 45.1380356416376, 0.0 ], [ 7.678718333495596, 45.137962917536498, 0.0 ], [ 7.67875114571177, 45.137918917887383, 0.0 ], [ 7.67891288070093, 45.137892155011095, 0.0 ], [ 7.679079108514507, 45.137880575522871, 0.0 ], [ 7.679171553110495, 45.137831236520903, 0.0 ], [ 7.679200835194863, 45.137807359966196, 0.0 ], [ 7.680560501820122, 45.13886108547559, 0.0 ], [ 7.681656009010855, 45.137774241843154, 0.0 ], [ 7.682026362566726, 45.137916845365481, 0.0 ], [ 7.68325731459594, 45.137326504790465, 0.0 ], [ 7.683407904434056, 45.13723120218301, 0.0 ], [ 7.683170382081046, 45.136564753723889, 0.0 ], [ 7.683194075155011, 45.136452074332681, 0.0 ], [ 7.683409949284284, 45.136088484258487, 0.0 ], [ 7.683612136349266, 45.135833836180339, 0.0 ], [ 7.684005535524391, 45.135536563014483, 0.0 ], [ 7.685492379484645, 45.135241475997631, 0.0 ], [ 7.685826169759318, 45.135187247302312, 0.0 ], [ 7.686047144069565, 45.134960627011324, 0.0 ], [ 7.686102883390652, 45.134836693721539, 0.0 ], [ 7.686111353031021, 45.134627880805859, 0.0 ], [ 7.686689744358809, 45.134342341456225, 0.0 ], [ 7.686674498908804, 45.134136144140548, 0.0 ], [ 7.686650515678943, 45.134095000881182, 0.0 ], [ 7.686625063632613, 45.134073645269424, 0.0 ], [ 7.686603220474775, 45.134016332690678, 0.0 ], [ 7.687149893247745, 45.1339925613334, 0.0 ], [ 7.687380370089659, 45.133983167773451, 0.0 ], [ 7.687628201568312, 45.133911392681227, 0.0 ], [ 7.688928897085075, 45.133451802624606, 0.0 ], [ 7.690158561310265, 45.13301144742087, 0.0 ], [ 7.69048466602943, 45.133545556277866, 0.0 ], [ 7.690486878660001, 45.133573341888578, 0.0 ], [ 7.690615138327431, 45.134621678866665, 0.0 ], [ 7.693162490020045, 45.13444740440648, 0.0 ], [ 7.693671739682835, 45.13442465916598, 0.0 ], [ 7.694066245354113, 45.134407046416413, 0.0 ], [ 7.693882151006356, 45.133012582219173, 0.0 ], [ 7.694255428227646, 45.132956305951502, 0.0 ], [ 7.696341980577176, 45.132571399701504, 0.0 ], [ 7.696343678954702, 45.130984902620042, 0.0 ], [ 7.697091458663819, 45.131065064180319, 0.0 ], [ 7.697517626684808, 45.131113034257858, 0.0 ], [ 7.699368027279337, 45.131326338235482, 0.0 ], [ 7.701204633499753, 45.131523773049544, 0.0 ], [ 7.703168621298524, 45.131644519316851, 0.0 ], [ 7.703488977795333, 45.131663953863374, 0.0 ], [ 7.703730278675613, 45.131678143696782, 0.0 ], [ 7.706843188931687, 45.132184612885936, 0.0 ], [ 7.709352522791011, 45.132592808661521, 0.0 ], [ 7.709804112670905, 45.133557496548853, 0.0 ], [ 7.711113740155405, 45.133197178086149, 0.0 ], [ 7.711169144018954, 45.133393382503733, 0.0 ], [ 7.71125364741633, 45.133756536486409, 0.0 ], [ 7.711408974781456, 45.134424033733303, 0.0 ], [ 7.711698467256426, 45.135662983963066, 0.0 ], [ 7.712006435415586, 45.136991320418453, 0.0 ], [ 7.712051136195103, 45.136983003615271, 0.0 ], [ 7.712099572973695, 45.136989581200879, 0.0 ], [ 7.712119836497559, 45.137015913619109, 0.0 ], [ 7.712134242996573, 45.137070896962548, 0.0 ], [ 7.712212033947402, 45.13715755936019, 0.0 ], [ 7.712265412250455, 45.13718184453046, 0.0 ], [ 7.712377461280458, 45.13721002379296, 0.0 ], [ 7.712443064530698, 45.13723425790986, 0.0 ], [ 7.712499411580329, 45.137239663017667, 0.0 ], [ 7.712631697050489, 45.137148519405486, 0.0 ], [ 7.712632532854592, 45.137122694364059, 0.0 ], [ 7.712848376067996, 45.137218023365456, 0.0 ], [ 7.712864500586242, 45.137247551491967, 0.0 ], [ 7.713027603667577, 45.137335543941781, 0.0 ], [ 7.713108006103429, 45.137521073540888, 0.0 ], [ 7.71317589081228, 45.137567657308608, 0.0 ], [ 7.713283670830792, 45.137559510653531, 0.0 ], [ 7.713364188772828, 45.137570319716311, 0.0 ], [ 7.713529826776092, 45.137568854645401, 0.0 ], [ 7.71364117253751, 45.137605666416576, 0.0 ], [ 7.713816921950505, 45.137589461658202, 0.0 ], [ 7.713920845118771, 45.137532302530964, 0.0 ], [ 7.713980544606033, 45.13746780211887, 0.0 ], [ 7.713928648348973, 45.13737755207957, 0.0 ], [ 7.713911778338492, 45.137307599296633, 0.0 ], [ 7.713997898070911, 45.137244658379842, 0.0 ], [ 7.714054740421095, 45.137245027283356, 0.0 ], [ 7.714131847930534, 45.137198187745547, 0.0 ], [ 7.714185505141236, 45.137136500797773, 0.0 ], [ 7.714236335497849, 45.137104486987383, 0.0 ], [ 7.714352250689097, 45.137096430469065, 0.0 ], [ 7.714291326154015, 45.137192872238323, 0.0 ], [ 7.714482503775183, 45.137242732420901, 0.0 ], [ 7.714601601729411, 45.137308795782232, 0.0 ], [ 7.714488800120519, 45.137324809328021, 0.0 ], [ 7.714482711363913, 45.137386311977551, 0.0 ], [ 7.714590158297086, 45.137404894061277, 0.0 ], [ 7.71481385313828, 45.137371765253988, 0.0 ], [ 7.714881215345689, 45.137311492817737, 0.0 ], [ 7.714868815916146, 45.137285968892925, 0.0 ], [ 7.714914926527445, 45.137248860650033, 0.0 ], [ 7.714990959470581, 45.137340362167194, 0.0 ], [ 7.71500321370215, 45.137395051057396, 0.0 ], [ 7.714981257744596, 45.137421267839891, 0.0 ], [ 7.715033992552901, 45.137440314641438, 0.0 ], [ 7.715181182643414, 45.137444131134167, 0.0 ], [ 7.715307859163508, 45.137404419083232, 0.0 ], [ 7.715424790614128, 45.137351184446835, 0.0 ], [ 7.715462590777344, 45.13737825463781, 0.0 ], [ 7.715389798549337, 45.137482214891428, 0.0 ], [ 7.715421373895708, 45.137514616964133, 0.0 ], [ 7.715473753941008, 45.137549501206557, 0.0 ], [ 7.715717925568488, 45.137584923847669, 0.0 ], [ 7.71578179053321, 45.137618048942066, 0.0 ], [ 7.715925023214575, 45.137639553400184, 0.0 ], [ 7.716001719404345, 45.137713058850593, 0.0 ], [ 7.716093936219332, 45.137712655362947, 0.0 ], [ 7.716277684738612, 45.137765040752015, 0.0 ], [ 7.716409732931858, 45.137916591404945, 0.0 ], [ 7.716474472698704, 45.13804739292641, 0.0 ], [ 7.716519659395052, 45.138051500572274, 0.0 ], [ 7.716667851283819, 45.138101505136483, 0.0 ], [ 7.717002640206309, 45.138082673801172, 0.0 ], [ 7.717317694537996, 45.138053446320505, 0.0 ], [ 7.717543388019025, 45.138062192284274, 0.0 ], [ 7.717549444047406, 45.137956662988913, 0.0 ], [ 7.717560652927215, 45.137921862202163, 0.0 ], [ 7.717660645725991, 45.137931986780302, 0.0 ], [ 7.71771445240556, 45.137920259011338, 0.0 ], [ 7.717889318157058, 45.137960569140247, 0.0 ], [ 7.71799725216944, 45.137956830028848, 0.0 ], [ 7.718008051297343, 45.138042466929861, 0.0 ], [ 7.718062763287494, 45.138086919357356, 0.0 ], [ 7.718150772044712, 45.138087015307661, 0.0 ], [ 7.718335605280818, 45.137983222350293, 0.0 ], [ 7.718554477186223, 45.137983788267434, 0.0 ], [ 7.718788093664655, 45.13787163861128, 0.0 ], [ 7.718859496607456, 45.137823829904946, 0.0 ], [ 7.719083676351382, 45.137780437289408, 0.0 ], [ 7.719162206580578, 45.137817595068725, 0.0 ], [ 7.719229588265122, 45.137886852569444, 0.0 ], [ 7.719366912017377, 45.137899735319998, 0.0 ], [ 7.719454940277615, 45.137921695705906, 0.0 ], [ 7.719527087548086, 45.138028184004241, 0.0 ], [ 7.719570585495153, 45.138073590793724, 0.0 ], [ 7.719614358189971, 45.138095864870643, 0.0 ], [ 7.719724572710264, 45.138092599778815, 0.0 ], [ 7.719778967560631, 45.138060353600935, 0.0 ], [ 7.719873800500609, 45.138056736610949, 0.0 ], [ 7.72001550522655, 45.137998914191016, 0.0 ], [ 7.720301988670125, 45.13792201036059, 0.0 ], [ 7.720299718462631, 45.137744922756511, 0.0 ], [ 7.72046331937062, 45.137714619066372, 0.0 ], [ 7.720578925918706, 45.137680619143332, 0.0 ], [ 7.720762456589179, 45.137697438811436, 0.0 ], [ 7.72087363840381, 45.137621810277203, 0.0 ], [ 7.720893037770064, 45.137608614758271, 0.0 ], [ 7.720985065411171, 45.137588221810724, 0.0 ], [ 7.72107579433414, 45.137529196805602, 0.0 ], [ 7.721196316785135, 45.137485717624479, 0.0 ], [ 7.721212028461268, 45.137454208491953, 0.0 ], [ 7.72135799147515, 45.137404982748002, 0.0 ], [ 7.721509823246556, 45.137371846637102, 0.0 ], [ 7.721591222421634, 45.137366096818724, 0.0 ], [ 7.721626431051634, 45.137429593089038, 0.0 ], [ 7.721827083721896, 45.137334711495619, 0.0 ], [ 7.721853086224945, 45.137312813567114, 0.0 ], [ 7.721910299763268, 45.137264619085016, 0.0 ], [ 7.722137688479513, 45.137203153921625, 0.0 ], [ 7.722151324533936, 45.137105187624428, 0.0 ], [ 7.722171517356066, 45.137066617290301, 0.0 ], [ 7.722240589198899, 45.137026162817399, 0.0 ], [ 7.722313673564283, 45.13702247974981, 0.0 ], [ 7.722401158954709, 45.137051722767261, 0.0 ], [ 7.722507013611202, 45.137038505300261, 0.0 ], [ 7.722566850309159, 45.137001638081017, 0.0 ], [ 7.722709170240876, 45.136967223480227, 0.0 ], [ 7.72279913549284, 45.136925200680373, 0.0 ], [ 7.722980110380946, 45.136902651259746, 0.0 ], [ 7.723062382824068, 45.136937417584029, 0.0 ], [ 7.723188266136417, 45.136973390526272, 0.0 ], [ 7.723260113978452, 45.136985175593487, 0.0 ], [ 7.723438711233437, 45.136995094004725, 0.0 ], [ 7.723482010787882, 45.137009531507772, 0.0 ], [ 7.723520787939736, 45.137038679245926, 0.0 ], [ 7.723552063229692, 45.137130396500574, 0.0 ], [ 7.723625282336823, 45.137194765757776, 0.0 ], [ 7.723760958362407, 45.137213026249313, 0.0 ], [ 7.723965616185344, 45.137166434137683, 0.0 ], [ 7.724120832287469, 45.137089944236713, 0.0 ], [ 7.724133897910482, 45.137051562432504, 0.0 ], [ 7.724409931460931, 45.136998566564458, 0.0 ], [ 7.72454616424073, 45.136912051413681, 0.0 ], [ 7.724617814955203, 45.136852801438316, 0.0 ], [ 7.724654618490972, 45.136833589969726, 0.0 ], [ 7.724741833384458, 45.136823581792576, 0.0 ], [ 7.724798235456404, 45.136758048619981, 0.0 ], [ 7.724631895372352, 45.135816229751022, 0.0 ], [ 7.7245294702738, 45.135521091710118, 0.0 ], [ 7.724171432421246, 45.135459751790599, 0.0 ], [ 7.723851844288297, 45.134244360734215, 0.0 ], [ 7.72371737221451, 45.133858846289165, 0.0 ], [ 7.723450867637233, 45.132739374971891, 0.0 ], [ 7.722903961073335, 45.132847138921818, 0.0 ], [ 7.722834083610976, 45.132453877025249, 0.0 ], [ 7.72284976887309, 45.131648665362341, 0.0 ], [ 7.721237990821351, 45.131387132631872, 0.0 ], [ 7.720985580468648, 45.130953926406761, 0.0 ], [ 7.720954453999314, 45.130770574213543, 0.0 ], [ 7.72098436028394, 45.1306671206831, 0.0 ], [ 7.720940857585762, 45.130553932005014, 0.0 ], [ 7.72040642178278, 45.130562526981528, 0.0 ], [ 7.720151737901628, 45.130598110977481, 0.0 ], [ 7.719383289451895, 45.130590755866564, 0.0 ], [ 7.718788666562436, 45.13057553337967, 0.0 ], [ 7.718413076505918, 45.130567088658758, 0.0 ], [ 7.71810764327236, 45.130526302549377, 0.0 ], [ 7.718191276310835, 45.130465760207365, 0.0 ], [ 7.718224949454741, 45.130421580872898, 0.0 ], [ 7.718152248790832, 45.130221107253952, 0.0 ], [ 7.718127710821065, 45.130056282082286, 0.0 ], [ 7.718025146836699, 45.12970180644615, 0.0 ], [ 7.717981802242951, 45.129507424134886, 0.0 ], [ 7.717835859356719, 45.128975974816328, 0.0 ], [ 7.717763997411848, 45.128859784535479, 0.0 ], [ 7.717778401212557, 45.128853645108045, 0.0 ], [ 7.717766283264458, 45.128838359259184, 0.0 ], [ 7.717357608012807, 45.127337152919068, 0.0 ], [ 7.718456571286541, 45.127004645844451, 0.0 ], [ 7.71877000396867, 45.126910468199085, 0.0 ], [ 7.719204579166155, 45.126779949282465, 0.0 ], [ 7.719524965831586, 45.126598793117843, 0.0 ], [ 7.720709541923552, 45.125580838135477, 0.0 ], [ 7.721245844080586, 45.125145683202057, 0.0 ], [ 7.721380915066601, 45.125129453163964, 0.0 ], [ 7.722417663834407, 45.126279407971566, 0.0 ], [ 7.724463974563107, 45.126929123956529, 0.0 ], [ 7.724703293614627, 45.126988786339503, 0.0 ], [ 7.724908758802878, 45.126979026800136, 0.0 ], [ 7.72628413749145, 45.126572314982852, 0.0 ], [ 7.726270530935562, 45.126531782952803, 0.0 ], [ 7.726755423133977, 45.126349477734081, 0.0 ], [ 7.726878781167726, 45.126297429039177, 0.0 ], [ 7.727096059051026, 45.126205755765724, 0.0 ], [ 7.727952341766289, 45.125882426087877, 0.0 ], [ 7.727959649565579, 45.125896837259347, 0.0 ], [ 7.729621111338433, 45.125255609941213, 0.0 ], [ 7.729512673562705, 45.124913132994571, 0.0 ], [ 7.729241643368821, 45.124677802181374, 0.0 ], [ 7.728964913715168, 45.124431163340667, 0.0 ], [ 7.728857186090795, 45.124327155909754, 0.0 ], [ 7.72893450786855, 45.124256138633775, 0.0 ], [ 7.72905284796532, 45.124255044195465, 0.0 ], [ 7.729080857419793, 45.124234021797314, 0.0 ], [ 7.729182898482003, 45.124172667827558, 0.0 ], [ 7.729305335929596, 45.12414336081919, 0.0 ], [ 7.729792354220312, 45.124039292971005, 0.0 ], [ 7.729867748280757, 45.123947972239009, 0.0 ], [ 7.730128061643708, 45.123865648522113, 0.0 ], [ 7.730433418872457, 45.123696526015664, 0.0 ], [ 7.730605513532415, 45.123676132901309, 0.0 ], [ 7.731253538050797, 45.123807143890446, 0.0 ], [ 7.731583379155907, 45.123839460454512, 0.0 ], [ 7.732343242008759, 45.123693600697699, 0.0 ], [ 7.732467876617844, 45.123687270756072, 0.0 ], [ 7.732516210948043, 45.12368481741624, 0.0 ], [ 7.733120668593382, 45.123762864177827, 0.0 ], [ 7.733607219946387, 45.123844225571098, 0.0 ], [ 7.73393068621793, 45.123853826451885, 0.0 ], [ 7.734216044736149, 45.123782391973307, 0.0 ], [ 7.734446752556798, 45.123693699387296, 0.0 ], [ 7.734509573774325, 45.123727341346438, 0.0 ], [ 7.734955209501225, 45.12376094131983, 0.0 ], [ 7.735161742476482, 45.123763876652276, 0.0 ], [ 7.7353380555727, 45.123799324426464, 0.0 ], [ 7.735741431381799, 45.123738394905111, 0.0 ], [ 7.736558857402871, 45.123552815711356, 0.0 ], [ 7.736659483828, 45.123424422235573, 0.0 ], [ 7.736500499413969, 45.123152892946223, 0.0 ], [ 7.736220881224416, 45.122292001456124, 0.0 ], [ 7.736245766341707, 45.12224187745722, 0.0 ], [ 7.736176267145577, 45.122165863279861, 0.0 ], [ 7.735912952060893, 45.122063461234404, 0.0 ], [ 7.735103398809214, 45.119600469604428, 0.0 ], [ 7.735557376318619, 45.119552055128572, 0.0 ], [ 7.738494092692129, 45.119238799074665, 0.0 ], [ 7.738566613145981, 45.118921615960531, 0.0 ], [ 7.738541036670343, 45.118552174538948, 0.0 ], [ 7.738482492330617, 45.118264049608598, 0.0 ], [ 7.738074573213364, 45.11800764036532, 0.0 ], [ 7.737594625185824, 45.118370639079991, 0.0 ], [ 7.73740043894088, 45.11849941269795, 0.0 ], [ 7.737161034798663, 45.118619818066932, 0.0 ], [ 7.736885510496268, 45.118690071472969, 0.0 ], [ 7.736630415221144, 45.118712534342684, 0.0 ], [ 7.73635591384926, 45.118697695709876, 0.0 ], [ 7.73611446546047, 45.118641086433534, 0.0 ], [ 7.735849587601893, 45.11853593060895, 0.0 ], [ 7.735409968398371, 45.118268628321005, 0.0 ], [ 7.735199806715473, 45.118107510777925, 0.0 ], [ 7.735077459475373, 45.117944702690053, 0.0 ], [ 7.735002496521168, 45.117782498177831, 0.0 ], [ 7.734917803245843, 45.117252415133834, 0.0 ], [ 7.73528693909511, 45.116257740403384, 0.0 ], [ 7.734301723202364, 45.115718037801201, 0.0 ], [ 7.733641887609747, 45.115323011965813, 0.0 ], [ 7.731331164032216, 45.113866940911443, 0.0 ], [ 7.730958982305797, 45.11343950202847, 0.0 ], [ 7.729996162933943, 45.11206257598834, 0.0 ], [ 7.729678069035835, 45.111607647073704, 0.0 ], [ 7.728084674482838, 45.107950013531422, 0.0 ], [ 7.727474170427496, 45.107796701117017, 0.0 ], [ 7.724756740199243, 45.107085154990706, 0.0 ], [ 7.72058885475271, 45.106001836206275, 0.0 ], [ 7.718901005314065, 45.105563072907145, 0.0 ], [ 7.718628988988034, 45.10548962785689, 0.0 ], [ 7.716204144312524, 45.104867677035344, 0.0 ], [ 7.716201799046296, 45.104876490264203, 0.0 ], [ 7.716154933051001, 45.104898603448675, 0.0 ], [ 7.716107710292932, 45.104958275676239, 0.0 ], [ 7.716108344796308, 45.104974179773464, 0.0 ], [ 7.716151485919166, 45.104963412693436, 0.0 ], [ 7.716156181639807, 45.104971053991498, 0.0 ], [ 7.716073392495498, 45.10505903214618, 0.0 ], [ 7.716056432956818, 45.105090420302723, 0.0 ], [ 7.716016767196315, 45.105143462410489, 0.0 ], [ 7.716007103161401, 45.105151004283961, 0.0 ], [ 7.715930351807804, 45.1052332276453, 0.0 ], [ 7.715923998080819, 45.105263744312083, 0.0 ], [ 7.715931104946144, 45.105301099317984, 0.0 ], [ 7.715916207160947, 45.105338595838752, 0.0 ], [ 7.715901299775282, 45.105324250529357, 0.0 ], [ 7.715888096264979, 45.105332608385716, 0.0 ], [ 7.715847537850116, 45.105365421892706, 0.0 ], [ 7.715680615982979, 45.105475849862813, 0.0 ], [ 7.715633686184536, 45.105509358226534, 0.0 ], [ 7.715601867448294, 45.105529254160025, 0.0 ], [ 7.715519624480067, 45.105578125491341, 0.0 ], [ 7.71546762949922, 45.105620856980856, 0.0 ], [ 7.715430228143554, 45.105650042686051, 0.0 ], [ 7.715409759991968, 45.105677313342007, 0.0 ], [ 7.71539632402622, 45.10570514850702, 0.0 ], [ 7.71536897555094, 45.105729243685275, 0.0 ], [ 7.715340128223467, 45.105744250113077, 0.0 ], [ 7.715254217083586, 45.105771206493749, 0.0 ], [ 7.715198734474959, 45.105791564631005, 0.0 ], [ 7.715023472417738, 45.105879933290787, 0.0 ], [ 7.715020345669877, 45.105895723976879, 0.0 ], [ 7.715023871607572, 45.105896708198074, 0.0 ], [ 7.715000587899281, 45.105907878976645, 0.0 ], [ 7.714837748049551, 45.106025481001566, 0.0 ], [ 7.71411580780355, 45.106588907493759, 0.0 ], [ 7.713512716236255, 45.106951561311448, 0.0 ], [ 7.712906737705716, 45.107285680956693, 0.0 ], [ 7.712479666585716, 45.107574681695795, 0.0 ], [ 7.712285105329408, 45.107747535462913, 0.0 ], [ 7.712238141878962, 45.107760786868099, 0.0 ], [ 7.712171340057658, 45.107804447903042, 0.0 ], [ 7.711863585214246, 45.108072531705609, 0.0 ], [ 7.711465638288496, 45.108386340575073, 0.0 ], [ 7.711374811035856, 45.108423645739947, 0.0 ], [ 7.711313863354269, 45.108455102316803, 0.0 ], [ 7.711286925944897, 45.108472019261043, 0.0 ], [ 7.711286718795137, 45.108485797935991, 0.0 ], [ 7.711295144291049, 45.108495525468001, 0.0 ], [ 7.711285117402884, 45.108512857843955, 0.0 ], [ 7.711189616211325, 45.10855959675586, 0.0 ], [ 7.711125782302137, 45.108580893751622, 0.0 ], [ 7.711111007264454, 45.108601962014987, 0.0 ], [ 7.711114525129108, 45.108626405003392, 0.0 ], [ 7.711134949256713, 45.108658699760326, 0.0 ], [ 7.710295237595333, 45.109282011635557, 0.0 ], [ 7.709696543662914, 45.109698263919213, 0.0 ], [ 7.709603870529709, 45.109751362708664, 0.0 ], [ 7.709522533390891, 45.109773586221586, 0.0 ], [ 7.709497700016961, 45.109786808112844, 0.0 ], [ 7.709431745427826, 45.109836058787288, 0.0 ], [ 7.709411038691192, 45.109860300486396, 0.0 ], [ 7.709380264339398, 45.109912693614547, 0.0 ], [ 7.70936699428647, 45.109928367681036, 0.0 ], [ 7.70924774916134, 45.110009287077176, 0.0 ], [ 7.709218217213302, 45.110030781455436, 0.0 ], [ 7.709205316760268, 45.11004307680178, 0.0 ], [ 7.709189837372957, 45.110064280840369, 0.0 ], [ 7.709153605440929, 45.110085313678468, 0.0 ], [ 7.709085939267598, 45.110113452862926, 0.0 ], [ 7.709047301928607, 45.11012658969252, 0.0 ], [ 7.709011122075655, 45.110119358308332, 0.0 ], [ 7.708978392841564, 45.11012587448554, 0.0 ], [ 7.708994316636682, 45.110207311980851, 0.0 ], [ 7.708962699831092, 45.110209637828163, 0.0 ], [ 7.708950302257514, 45.110141517237231, 0.0 ], [ 7.708914899973963, 45.110171407570412, 0.0 ], [ 7.708897923786123, 45.110189110792078, 0.0 ], [ 7.708891039874725, 45.110212518405994, 0.0 ], [ 7.708885683027519, 45.110251633304507, 0.0 ], [ 7.708867153052794, 45.110267176750156, 0.0 ], [ 7.708704469318238, 45.110355983503815, 0.0 ], [ 7.708439410830239, 45.110517518466033, 0.0 ], [ 7.708487752231417, 45.110581293039665, 0.0 ], [ 7.708449796333616, 45.110598076084528, 0.0 ], [ 7.708399129806581, 45.110538190115975, 0.0 ], [ 7.707651975840284, 45.110978695983022, 0.0 ], [ 7.707662254851978, 45.110989641962732, 0.0 ], [ 7.707316995955909, 45.111183501326593, 0.0 ], [ 7.707340503318838, 45.11120818791381, 0.0 ], [ 7.70723591404249, 45.11126639738837, 0.0 ], [ 7.707062278274132, 45.111363035779952, 0.0 ], [ 7.707035589565246, 45.111397111168259, 0.0 ], [ 7.706994720752459, 45.111418361136209, 0.0 ], [ 7.707004480211904, 45.111426968459362, 0.0 ], [ 7.706729004639479, 45.111568686877753, 0.0 ], [ 7.706715831256705, 45.111555826645372, 0.0 ], [ 7.70660087452579, 45.111611991447184, 0.0 ], [ 7.706249009258626, 45.111072279538028, 0.0 ], [ 7.705878575712158, 45.110508464907227, 0.0 ], [ 7.705992890490593, 45.110450871751809, 0.0 ], [ 7.705977568294494, 45.110435862990506, 0.0 ], [ 7.706085752680401, 45.110378343809089, 0.0 ], [ 7.706135094336243, 45.110370170622268, 0.0 ], [ 7.706419993451226, 45.110218578355749, 0.0 ], [ 7.706450497828499, 45.110251996974526, 0.0 ], [ 7.7065924110609, 45.110172390929492, 0.0 ], [ 7.706602057635728, 45.110189918555086, 0.0 ], [ 7.706606235776509, 45.110203053649236, 0.0 ], [ 7.706616163920494, 45.110220459036782, 0.0 ], [ 7.706633624325853, 45.110234797786561, 0.0 ], [ 7.70666001224989, 45.110240578728103, 0.0 ], [ 7.706694814084028, 45.110238515086714, 0.0 ], [ 7.706727271921539, 45.110225938461511, 0.0 ], [ 7.706782247219788, 45.110197450474246, 0.0 ], [ 7.707257737477892, 45.109938904674955, 0.0 ], [ 7.707333427437276, 45.109880826712512, 0.0 ], [ 7.707365512691316, 45.109858821532512, 0.0 ], [ 7.707464598452106, 45.10983371144512, 0.0 ], [ 7.707546101304017, 45.109799681308957, 0.0 ], [ 7.707587236149817, 45.109785735118201, 0.0 ], [ 7.707614901612677, 45.109787802837715, 0.0 ], [ 7.707601410179076, 45.109804879236414, 0.0 ], [ 7.707557021961156, 45.109835109382352, 0.0 ], [ 7.707520719739207, 45.109872748755983, 0.0 ], [ 7.707478116656507, 45.109938788948561, 0.0 ], [ 7.707429883396682, 45.109972215316212, 0.0 ], [ 7.707122905215297, 45.110161573709433, 0.0 ], [ 7.706936213612844, 45.110283791826369, 0.0 ], [ 7.706867942929888, 45.110316639228593, 0.0 ], [ 7.70682473137713, 45.110338789946717, 0.0 ], [ 7.706800247439269, 45.110358981555677, 0.0 ], [ 7.706781203812159, 45.110384358671084, 0.0 ], [ 7.706780743248987, 45.110404750343768, 0.0 ], [ 7.706772244394355, 45.110429265656677, 0.0 ], [ 7.706779284566127, 45.110447420763386, 0.0 ], [ 7.706802909082384, 45.110456761090326, 0.0 ], [ 7.706932324595122, 45.110394584950917, 0.0 ], [ 7.707036583361643, 45.110347102942541, 0.0 ], [ 7.70728127803209, 45.11021997909959, 0.0 ], [ 7.707679248269219, 45.110056547375088, 0.0 ], [ 7.707720273139921, 45.110051872358511, 0.0 ], [ 7.707815783436562, 45.110052881196701, 0.0 ], [ 7.707893075007838, 45.110078159530097, 0.0 ], [ 7.707951387444397, 45.110090989733386, 0.0 ], [ 7.708091098318483, 45.110052485756498, 0.0 ], [ 7.708243027591831, 45.11001791792436, 0.0 ], [ 7.708353202335293, 45.109998767305392, 0.0 ], [ 7.708510255540443, 45.109931410411939, 0.0 ], [ 7.708606621493487, 45.109894387064983, 0.0 ], [ 7.70867840388944, 45.109860173290038, 0.0 ], [ 7.708736742235505, 45.109823422088695, 0.0 ], [ 7.70885169930215, 45.10972408322894, 0.0 ], [ 7.708918880397559, 45.109669004259793, 0.0 ], [ 7.709017881585864, 45.10958608452551, 0.0 ], [ 7.70929440902632, 45.109377391779546, 0.0 ], [ 7.709537413410614, 45.109157346330747, 0.0 ], [ 7.709597999023925, 45.109099726917862, 0.0 ], [ 7.709696102932248, 45.108986135904665, 0.0 ], [ 7.70973933193148, 45.108932127446849, 0.0 ], [ 7.709784857239092, 45.108872718545165, 0.0 ], [ 7.709923657454206, 45.108720419816557, 0.0 ], [ 7.710017005535179, 45.10863673304145, 0.0 ], [ 7.710113412081642, 45.108545337831842, 0.0 ], [ 7.710282292834075, 45.108366788579538, 0.0 ], [ 7.710369685026714, 45.108278181569339, 0.0 ], [ 7.710516992071583, 45.108122882825896, 0.0 ], [ 7.710579005584234, 45.108050372328556, 0.0 ], [ 7.710794043540347, 45.107823608918054, 0.0 ], [ 7.710986218690985, 45.107611843257985, 0.0 ], [ 7.711131206760816, 45.107448713493, 0.0 ], [ 7.711145884810017, 45.107414411908572, 0.0 ], [ 7.711151726391743, 45.107362086890468, 0.0 ], [ 7.71118976713587, 45.107322225506167, 0.0 ], [ 7.711204983192649, 45.10729904626389, 0.0 ], [ 7.711210198772339, 45.107270129450939, 0.0 ], [ 7.711191042044881, 45.107261118476742, 0.0 ], [ 7.711156438050263, 45.107271980034724, 0.0 ], [ 7.711137793050726, 45.107270716375602, 0.0 ], [ 7.711122021880812, 45.107247962133847, 0.0 ], [ 7.711107694123982, 45.107240139918197, 0.0 ], [ 7.711091230533816, 45.107252609893514, 0.0 ], [ 7.710989509432814, 45.107341974458897, 0.0 ], [ 7.710921831660257, 45.107383823633214, 0.0 ], [ 7.710868871640016, 45.10740713504682, 0.0 ], [ 7.710857043584472, 45.107398990098439, 0.0 ], [ 7.710888578216043, 45.107378740459502, 0.0 ], [ 7.710915646040988, 45.107345218581372, 0.0 ], [ 7.710902167432197, 45.10730870826881, 0.0 ], [ 7.710939721212395, 45.107281424372744, 0.0 ], [ 7.711032571383456, 45.107171706356361, 0.0 ], [ 7.711059393456735, 45.107153582808834, 0.0 ], [ 7.711085410394822, 45.107144667848701, 0.0 ], [ 7.71112730509656, 45.107114337536089, 0.0 ], [ 7.711148999171579, 45.107112259069943, 0.0 ], [ 7.711166437698473, 45.107127579013508, 0.0 ], [ 7.711198154912721, 45.107112813870337, 0.0 ], [ 7.711223989105809, 45.107094544199505, 0.0 ], [ 7.711251688860632, 45.107059407889722, 0.0 ], [ 7.711254128094649, 45.107034609666499, 0.0 ], [ 7.711239136355579, 45.107021289301471, 0.0 ], [ 7.711224062309023, 45.10702463880132, 0.0 ], [ 7.711152912253196, 45.107062092974921, 0.0 ], [ 7.711166250629594, 45.107038757156182, 0.0 ], [ 7.711280175995039, 45.106936236360774, 0.0 ], [ 7.711290555592077, 45.106907735987626, 0.0 ], [ 7.711393443148823, 45.106744400151804, 0.0 ], [ 7.711494662454067, 45.106650179144658, 0.0 ], [ 7.711582794868045, 45.106546600855566, 0.0 ], [ 7.71165253018469, 45.106488317875574, 0.0 ], [ 7.711701604434933, 45.106390834101752, 0.0 ], [ 7.711742082375276, 45.106336866273153, 0.0 ], [ 7.709597274440864, 45.10329051905812, 0.0 ], [ 7.709398997439018, 45.103309909073594, 0.0 ], [ 7.709254947232966, 45.103283337410794, 0.0 ], [ 7.709206005190213, 45.103262809287216, 0.0 ], [ 7.70893223762868, 45.103147967363014, 0.0 ], [ 7.708789682803658, 45.102933942077875, 0.0 ], [ 7.708524027142586, 45.10252434032553, 0.0 ], [ 7.708435114341578, 45.102440563870701, 0.0 ], [ 7.708355261991335, 45.102403572804832, 0.0 ], [ 7.708262084834145, 45.102381409187217, 0.0 ], [ 7.708102873834181, 45.102392733434648, 0.0 ], [ 7.707162069687122, 45.102669815131804, 0.0 ], [ 7.707053961551047, 45.102689736957842, 0.0 ], [ 7.706901729165101, 45.102681162736822, 0.0 ], [ 7.706719009193283, 45.102637037677333, 0.0 ], [ 7.70661354293499, 45.102560183127132, 0.0 ], [ 7.705674932375934, 45.101127288447621, 0.0 ], [ 7.705534092618087, 45.100952814421255, 0.0 ], [ 7.704439269077505, 45.101310682539776, 0.0 ], [ 7.702567457617957, 45.101780969136925, 0.0 ], [ 7.701698844146693, 45.101994654044155, 0.0 ], [ 7.700884511336082, 45.102194979132648, 0.0 ], [ 7.70027320897325, 45.102345354794366, 0.0 ], [ 7.699741415201651, 45.101515653847763, 0.0 ], [ 7.699487517254664, 45.101119847165535, 0.0 ], [ 7.699446416282021, 45.101090537381943, 0.0 ], [ 7.699368011049567, 45.10096946256013, 0.0 ], [ 7.69838856214033, 45.099459535610059, 0.0 ], [ 7.698322889799779, 45.099360003245678, 0.0 ], [ 7.698041980999795, 45.098934916826664, 0.0 ], [ 7.697794199790192, 45.098558908615338, 0.0 ], [ 7.697748125882288, 45.098489095843476, 0.0 ], [ 7.697218667154694, 45.097661075548139, 0.0 ], [ 7.697129676318274, 45.097521911153542, 0.0 ], [ 7.696973182716754, 45.097580147625607, 0.0 ], [ 7.695820061250187, 45.098050105445459, 0.0 ], [ 7.695031985340798, 45.098371285426694, 0.0 ], [ 7.693966621531803, 45.098805455257484, 0.0 ], [ 7.693200682352536, 45.099117585144178, 0.0 ], [ 7.692589198985894, 45.099351128663862, 0.0 ], [ 7.692169843468463, 45.099504613477805, 0.0 ], [ 7.692023695006799, 45.099555662458229, 0.0 ], [ 7.691735507936415, 45.099636049799493, 0.0 ], [ 7.691341846990149, 45.099725490002491, 0.0 ], [ 7.690910302134427, 45.099794807616135, 0.0 ], [ 7.690755893618025, 45.099816261575917, 0.0 ], [ 7.690564689539798, 45.099839507142292, 0.0 ], [ 7.690192316853103, 45.099866104457647, 0.0 ], [ 7.689785231053519, 45.099873847409768, 0.0 ], [ 7.68936554674831, 45.099851207088918, 0.0 ], [ 7.688930016687006, 45.099800200435915, 0.0 ], [ 7.688443344146271, 45.099720130713713, 0.0 ], [ 7.687008605594996, 45.099289249010695, 0.0 ], [ 7.688196137458092, 45.100413880060856, 0.0 ], [ 7.690507576500511, 45.102628417424413, 0.0 ], [ 7.691300825142807, 45.103388344283196, 0.0 ], [ 7.691693817070151, 45.103764833791416, 0.0 ], [ 7.691843928480854, 45.103939124935422, 0.0 ], [ 7.692078924419887, 45.104211976009516, 0.0 ], [ 7.692290431056515, 45.104457552038873, 0.0 ], [ 7.692383927150176, 45.104542967917666, 0.0 ], [ 7.692801518452951, 45.104924497344548, 0.0 ], [ 7.693090937636042, 45.105188913254388, 0.0 ], [ 7.693146111374729, 45.10524430292255, 0.0 ], [ 7.693204204525501, 45.105302641563647, 0.0 ], [ 7.694643990370139, 45.106748118845637, 0.0 ], [ 7.694729452844228, 45.106839491722376, 0.0 ], [ 7.695214010104354, 45.107504556722958, 0.0 ], [ 7.695928962324881, 45.108485851313681, 0.0 ], [ 7.696555115346448, 45.10963982592574, 0.0 ], [ 7.696771035279581, 45.110026599196402, 0.0 ], [ 7.696943526279705, 45.110500354510762, 0.0 ], [ 7.697085544573024, 45.110949647905066, 0.0 ], [ 7.697140541553787, 45.111204195044351, 0.0 ], [ 7.697244671260687, 45.111676269652335, 0.0 ], [ 7.697540960386425, 45.113314194726577, 0.0 ], [ 7.6976198234466, 45.113719206962408, 0.0 ], [ 7.697732146179176, 45.11413372826933, 0.0 ], [ 7.69775401531891, 45.114193982864421, 0.0 ], [ 7.697695289439134, 45.114195787689887, 0.0 ], [ 7.697732290704736, 45.114303447898479, 0.0 ], [ 7.697723664602702, 45.114307580043466, 0.0 ], [ 7.697718598117548, 45.114314092859019, 0.0 ], [ 7.697719859338561, 45.114317825644605, 0.0 ], [ 7.697726376235105, 45.114322499971564, 0.0 ], [ 7.697734282699446, 45.114325911435067, 0.0 ], [ 7.697739859849175, 45.114326074201841, 0.0 ], [ 7.697783448074812, 45.114443124080509, 0.0 ], [ 7.697775659181876, 45.11444744734996, 0.0 ], [ 7.697771892959675, 45.114454289692532, 0.0 ], [ 7.697773558846165, 45.114458197345435, 0.0 ], [ 7.697779692610495, 45.114462903976879, 0.0 ], [ 7.697786975350572, 45.11446632598301, 0.0 ], [ 7.697792197057909, 45.114466484240992, 0.0 ], [ 7.697823206008649, 45.114549204173009, 0.0 ], [ 7.697798235877062, 45.114541996548233, 0.0 ], [ 7.697771944525529, 45.11453189448919, 0.0 ], [ 7.697752864783698, 45.114538491105399, 0.0 ], [ 7.697717851764491, 45.114528540422285, 0.0 ], [ 7.697682522803533, 45.114516202127795, 0.0 ], [ 7.697680466119376, 45.114507068768077, 0.0 ], [ 7.697663001558057, 45.11448854156059, 0.0 ], [ 7.697647895412573, 45.114486433550844, 0.0 ], [ 7.69761242711601, 45.114494698808748, 0.0 ], [ 7.697482917517593, 45.114472372861158, 0.0 ], [ 7.697349914266202, 45.114234912384774, 0.0 ], [ 7.697328963760372, 45.114193463510873, 0.0 ], [ 7.697225309552882, 45.114192552220359, 0.0 ], [ 7.697019970347588, 45.114190748657151, 0.0 ], [ 7.697072569586267, 45.114295004045609, 0.0 ], [ 7.69716951548176, 45.114471696896537, 0.0 ], [ 7.697071447169179, 45.114470064945685, 0.0 ], [ 7.696792327579588, 45.114475691329503, 0.0 ], [ 7.696632877528335, 45.114473520566214, 0.0 ], [ 7.696587132394491, 45.11446704046881, 0.0 ], [ 7.696516196708017, 45.114450684744845, 0.0 ], [ 7.696441877463623, 45.114460646540685, 0.0 ], [ 7.696223033598037, 45.114453936138077, 0.0 ], [ 7.69613763031356, 45.114458181807052, 0.0 ], [ 7.696115921039962, 45.114466368699851, 0.0 ], [ 7.696095165416186, 45.114476176638362, 0.0 ], [ 7.696027852026194, 45.114477253154362, 0.0 ], [ 7.695992496133438, 45.114482791519166, 0.0 ], [ 7.695957839520305, 45.114483430854008, 0.0 ], [ 7.695934645949862, 45.114472976150161, 0.0 ], [ 7.695853914877645, 45.114493190014059, 0.0 ], [ 7.695821938167287, 45.114507902632198, 0.0 ], [ 7.695687599571468, 45.114504981336168, 0.0 ], [ 7.695600276375203, 45.114504344760036, 0.0 ], [ 7.695553723172032, 45.114492525097134, 0.0 ], [ 7.695634063783616, 45.114082046826432, 0.0 ], [ 7.695474526062015, 45.114063202214254, 0.0 ], [ 7.695423851763966, 45.11405758316662, 0.0 ], [ 7.695318619163648, 45.114051807140996, 0.0 ], [ 7.695298704120938, 45.114154091494889, 0.0 ], [ 7.695190473028638, 45.114134275502309, 0.0 ], [ 7.695143299191577, 45.114129585629684, 0.0 ], [ 7.69509016471763, 45.114133759576283, 0.0 ], [ 7.695027509668163, 45.114137337030655, 0.0 ], [ 7.69494709337295, 45.114135922187103, 0.0 ], [ 7.694823892834386, 45.114129167875106, 0.0 ], [ 7.694774797268709, 45.114130793288709, 0.0 ], [ 7.694723596672, 45.114137095147015, 0.0 ], [ 7.694581272856882, 45.11417176292251, 0.0 ], [ 7.694457050156118, 45.114205287671993, 0.0 ], [ 7.694396012369534, 45.114216543757912, 0.0 ], [ 7.694302606042726, 45.11422286546776, 0.0 ], [ 7.694021892132061, 45.114237730704026, 0.0 ], [ 7.69367918644591, 45.114274453243148, 0.0 ], [ 7.693411789165716, 45.114319148614847, 0.0 ], [ 7.693344589643448, 45.114321826408769, 0.0 ], [ 7.693331642256651, 45.114318725991559, 0.0 ], [ 7.693343069734031, 45.11430091722977, 0.0 ], [ 7.693338671650531, 45.114293701327014, 0.0 ], [ 7.693282107494809, 45.114299939805932, 0.0 ], [ 7.693142274251599, 45.114317333664758, 0.0 ], [ 7.693047870917889, 45.11433664149687, 0.0 ], [ 7.692932644322722, 45.114354802130542, 0.0 ], [ 7.692913826068453, 45.114348187291476, 0.0 ], [ 7.692919765337949, 45.114335877959029, 0.0 ], [ 7.692911747192253, 45.114330088131041, 0.0 ], [ 7.692881084545165, 45.114337829605745, 0.0 ], [ 7.69286012054676, 45.114346798700325, 0.0 ], [ 7.692811462927244, 45.114372616461068, 0.0 ], [ 7.692784895970593, 45.114379135593602, 0.0 ], [ 7.692733121885702, 45.114384375872987, 0.0 ], [ 7.692702006078329, 45.11439028415392, 0.0 ], [ 7.692697915234343, 45.114404090767835, 0.0 ], [ 7.692697558162799, 45.114424124483904, 0.0 ], [ 7.692682952991856, 45.114437388713753, 0.0 ], [ 7.692683311435182, 45.11445174072356, 0.0 ], [ 7.692696726998711, 45.114464415618201, 0.0 ], [ 7.692726940318678, 45.114468066051032, 0.0 ], [ 7.692737580713152, 45.114480843199338, 0.0 ], [ 7.692766821174277, 45.114492008037253, 0.0 ], [ 7.692811655964403, 45.114498849182944, 0.0 ], [ 7.692875604969983, 45.114486573148284, 0.0 ], [ 7.692996801163791, 45.114446327609336, 0.0 ], [ 7.693045062897228, 45.114437878308713, 0.0 ], [ 7.693075544166502, 45.11444259353447, 0.0 ], [ 7.693080405685368, 45.114455727879808, 0.0 ], [ 7.693053023379576, 45.1144717986366, 0.0 ], [ 7.693007627528214, 45.114485555421737, 0.0 ], [ 7.692955958320773, 45.114507962689252, 0.0 ], [ 7.692904856329446, 45.114536138771818, 0.0 ], [ 7.692841931818359, 45.114552080654548, 0.0 ], [ 7.692752883561161, 45.114567308676932, 0.0 ], [ 7.692725428235833, 45.114582117920868, 0.0 ], [ 7.692699972063981, 45.114600675239267, 0.0 ], [ 7.692663740168066, 45.114608487830829, 0.0 ], [ 7.692607565664457, 45.114611004336659, 0.0 ], [ 7.692571035421592, 45.114606230142783, 0.0 ], [ 7.692570103978917, 45.114599188384034, 0.0 ], [ 7.692588159717274, 45.114586801810546, 0.0 ], [ 7.692586042024753, 45.114575390977102, 0.0 ], [ 7.692560405411935, 45.114549568076292, 0.0 ], [ 7.69256872383792, 45.114537700768665, 0.0 ], [ 7.692593857047808, 45.114515420474071, 0.0 ], [ 7.692592803768786, 45.114500916518004, 0.0 ], [ 7.692577042104268, 45.114482380861247, 0.0 ], [ 7.69256427708472, 45.114458470351558, 0.0 ], [ 7.69254061344007, 45.114455381629391, 0.0 ], [ 7.692517446321656, 45.114464965243457, 0.0 ], [ 7.692499122826082, 45.114480228554648, 0.0 ], [ 7.692488666132926, 45.114503314875876, 0.0 ], [ 7.692490471534223, 45.114528370463837, 0.0 ], [ 7.692463596183115, 45.114548387611059, 0.0 ], [ 7.692417382654616, 45.114562909088264, 0.0 ], [ 7.69233451207284, 45.11458151251847, 0.0 ], [ 7.692294642919548, 45.114587663218423, 0.0 ], [ 7.692249109468848, 45.11460689973498, 0.0 ], [ 7.692112214183594, 45.11462586550109, 0.0 ], [ 7.691862365080302, 45.11465852354501, 0.0 ], [ 7.691714775524919, 45.114671460439546, 0.0 ], [ 7.691354142340508, 45.114719159764405, 0.0 ], [ 7.691186085853894, 45.114745363944564, 0.0 ], [ 7.69099433971309, 45.11479119963802, 0.0 ], [ 7.690844722903369, 45.114836526380614, 0.0 ], [ 7.690656993682489, 45.114901815515452, 0.0 ], [ 7.69049994633565, 45.114959092054704, 0.0 ], [ 7.69040282055245, 45.115006218265911, 0.0 ], [ 7.690313495686405, 45.115051256345531, 0.0 ], [ 7.690206597285529, 45.115108756268619, 0.0 ], [ 7.690184248748849, 45.115130860141242, 0.0 ], [ 7.690147397864217, 45.115191829554149, 0.0 ], [ 7.690084021911062, 45.115261225588554, 0.0 ], [ 7.690081267271931, 45.115277784163787, 0.0 ], [ 7.690088142028636, 45.115301815744431, 0.0 ], [ 7.690104800856913, 45.115347187321198, 0.0 ], [ 7.690105792091559, 45.115382151303393, 0.0 ], [ 7.690103747426654, 45.115414830945028, 0.0 ], [ 7.690084502925798, 45.115457503115806, 0.0 ], [ 7.6900283671289, 45.115536119693168, 0.0 ], [ 7.689838299163174, 45.115651735278583, 0.0 ], [ 7.689924346973043, 45.115628813264557, 0.0 ], [ 7.690013540575412, 45.115589536785471, 0.0 ], [ 7.689942543033044, 45.115645405717572, 0.0 ], [ 7.68991517043358, 45.115660988616071, 0.0 ], [ 7.689880775676147, 45.11567507775063, 0.0 ], [ 7.689819157419969, 45.1157071458722, 0.0 ], [ 7.689809015580553, 45.115716445503409, 0.0 ], [ 7.689823612633298, 45.115733562229444, 0.0 ], [ 7.689875784060279, 45.115767639100689, 0.0 ], [ 7.689873352044616, 45.115778367936663, 0.0 ], [ 7.68985413412029, 45.115780325870084, 0.0 ], [ 7.689782340308116, 45.115766494068787, 0.0 ], [ 7.68973935487633, 45.115757143156117, 0.0 ], [ 7.689698717701027, 45.115752878770365, 0.0 ], [ 7.689669286410874, 45.115754575486349, 0.0 ], [ 7.689642782399392, 45.115762715182974, 0.0 ], [ 7.689612156558713, 45.115781563406941, 0.0 ], [ 7.689588220902273, 45.115804728877748, 0.0 ], [ 7.68955998847808, 45.115838980314528, 0.0 ], [ 7.689545889530835, 45.115881793398231, 0.0 ], [ 7.689523733052901, 45.115943281702535, 0.0 ], [ 7.689503449873998, 45.115974058997161, 0.0 ], [ 7.689435820732683, 45.116017031104022, 0.0 ], [ 7.689099817341418, 45.116194684072916, 0.0 ], [ 7.688786310979974, 45.116369642114215, 0.0 ], [ 7.688474557937083, 45.116541874548197, 0.0 ], [ 7.68831219789649, 45.116614273531944, 0.0 ], [ 7.68813733363209, 45.116694260206252, 0.0 ], [ 7.688089235602806, 45.116721486961261, 0.0 ], [ 7.688060310330404, 45.116735430999654, 0.0 ], [ 7.688023366295139, 45.116743730203638, 0.0 ], [ 7.687976277670895, 45.116757465081179, 0.0 ], [ 7.687954044041557, 45.116765086090552, 0.0 ], [ 7.687927560504377, 45.116755141662345, 0.0 ], [ 7.687941543224619, 45.116738640159838, 0.0 ], [ 7.687957285605683, 45.116723490561306, 0.0 ], [ 7.687956672456878, 45.116711458031084, 0.0 ], [ 7.687942282882974, 45.11670636893826, 0.0 ], [ 7.687812665509977, 45.116792923961562, 0.0 ], [ 7.687399552982501, 45.117074969692112, 0.0 ], [ 7.687289775224582, 45.117141220366975, 0.0 ], [ 7.6871958923791, 45.117194151153711, 0.0 ], [ 7.687121943404073, 45.117230990749384, 0.0 ], [ 7.687084221281848, 45.117247012276856, 0.0 ], [ 7.686996237148552, 45.117273339845667, 0.0 ], [ 7.686976009609848, 45.117279389418961, 0.0 ], [ 7.686887545280325, 45.117308329476607, 0.0 ], [ 7.686747450986569, 45.117344975543894, 0.0 ], [ 7.686694400583622, 45.117349704397917, 0.0 ], [ 7.686627370382621, 45.117357655313143, 0.0 ], [ 7.686546161529749, 45.117377326860016, 0.0 ], [ 7.6863876375712, 45.117446886954376, 0.0 ], [ 7.686372934589244, 45.117459940051205, 0.0 ], [ 7.686365401079167, 45.117476237531037, 0.0 ], [ 7.686354636032626, 45.117473863270732, 0.0 ], [ 7.686350246711235, 45.117453000692748, 0.0 ], [ 7.686343889903603, 45.117439703516297, 0.0 ], [ 7.686329056882918, 45.11744114484609, 0.0 ], [ 7.686256916165914, 45.117460153916454, 0.0 ], [ 7.686116298015872, 45.117489051646146, 0.0 ], [ 7.686034877978021, 45.117496343089101, 0.0 ], [ 7.685893294124942, 45.117498655911277, 0.0 ], [ 7.685821969914516, 45.117498608925352, 0.0 ], [ 7.685750547364752, 45.117503485877322, 0.0 ], [ 7.685693295703076, 45.117509578198202, 0.0 ], [ 7.685640336310182, 45.117510444313339, 0.0 ], [ 7.685575609500749, 45.117499923305061, 0.0 ], [ 7.685484309010385, 45.117487900057881, 0.0 ], [ 7.685390905589561, 45.117476553916276, 0.0 ], [ 7.685304195551481, 45.117467823161853, 0.0 ], [ 7.685234641723024, 45.117451620788543, 0.0 ], [ 7.685176817114894, 45.117435129152774, 0.0 ], [ 7.685130990881102, 45.117414843523704, 0.0 ], [ 7.685016415733377, 45.117378290831823, 0.0 ], [ 7.68487938817326, 45.117337259341177, 0.0 ], [ 7.68476157949049, 45.117299193474842, 0.0 ], [ 7.684611072573123, 45.117248301526487, 0.0 ], [ 7.684453983444602, 45.117199017061679, 0.0 ], [ 7.684321624777438, 45.117149602556502, 0.0 ], [ 7.684208490525148, 45.117110672601292, 0.0 ], [ 7.684115493391224, 45.117085556801221, 0.0 ], [ 7.684045704383438, 45.117071384973627, 0.0 ], [ 7.683890789725103, 45.117043584834093, 0.0 ], [ 7.683822610130661, 45.117041250426794, 0.0 ], [ 7.683699668019086, 45.117044541533424, 0.0 ], [ 7.683614256966139, 45.117047859461685, 0.0 ], [ 7.683506886949655, 45.117052941845458, 0.0 ], [ 7.683447030349939, 45.117057381981013, 0.0 ], [ 7.683146777052198, 45.117076496933564, 0.0 ], [ 7.683043448321349, 45.117086628482149, 0.0 ], [ 7.682976680228242, 45.117087542393556, 0.0 ], [ 7.68287090746085, 45.117098356947572, 0.0 ], [ 7.682824426604851, 45.117104428074612, 0.0 ], [ 7.682731108452632, 45.117114883552212, 0.0 ], [ 7.682652906655785, 45.117125368446658, 0.0 ], [ 7.682611528248818, 45.117129589342497, 0.0 ], [ 7.682529547286667, 45.117137942235573, 0.0 ], [ 7.682343279254296, 45.117139592470558, 0.0 ], [ 7.682242994684715, 45.11713787692765, 0.0 ], [ 7.682201599725744, 45.117132258574685, 0.0 ], [ 7.68213888906159, 45.117129851340415, 0.0 ], [ 7.682038026663129, 45.117122846121461, 0.0 ], [ 7.681948995089205, 45.11711169161228, 0.0 ], [ 7.681834186009596, 45.117072109220167, 0.0 ], [ 7.68152420600221, 45.117011072811678, 0.0 ], [ 7.681225989476448, 45.1169825946738, 0.0 ], [ 7.680986245132124, 45.116964424522109, 0.0 ], [ 7.680745600130193, 45.116963336240481, 0.0 ], [ 7.680526545256122, 45.116982536082276, 0.0 ], [ 7.680326157207916, 45.117001599407494, 0.0 ], [ 7.680272857402628, 45.117004043901332, 0.0 ], [ 7.680195855569688, 45.117009319281706, 0.0 ], [ 7.680127112985917, 45.116997183436389, 0.0 ], [ 7.680072578501493, 45.116980313382591, 0.0 ], [ 7.680021177456516, 45.116961013570204, 0.0 ], [ 7.679972334013607, 45.116955381208868, 0.0 ], [ 7.679875029472639, 45.116941320723221, 0.0 ], [ 7.679799158694407, 45.11692736487597, 0.0 ], [ 7.67976908460759, 45.116924811127575, 0.0 ], [ 7.679744342517513, 45.116922715672843, 0.0 ], [ 7.679678950901845, 45.116920132099473, 0.0 ], [ 7.67951434466713, 45.116920759431927, 0.0 ], [ 7.679335412503464, 45.116910326453429, 0.0 ], [ 7.679240660915702, 45.116909581488272, 0.0 ], [ 7.67913526951498, 45.11692319756537, 0.0 ], [ 7.678981327737556, 45.116952571292259, 0.0 ], [ 7.678869133721709, 45.116984886530553, 0.0 ], [ 7.678732711746511, 45.117034581010877, 0.0 ], [ 7.678561202222591, 45.117106293799743, 0.0 ], [ 7.678421929925779, 45.117184715926008, 0.0 ], [ 7.678328632277174, 45.117254875716831, 0.0 ], [ 7.678259771401263, 45.117324894011816, 0.0 ], [ 7.678144881730307, 45.117452404967224, 0.0 ], [ 7.678036822711103, 45.117563810875801, 0.0 ], [ 7.677984185576734, 45.117637113524133, 0.0 ], [ 7.677890702715209, 45.117741098648708, 0.0 ], [ 7.677846057504398, 45.117794241794684, 0.0 ], [ 7.677808055564926, 45.117831635098774, 0.0 ], [ 7.677758393088408, 45.117848784940243, 0.0 ], [ 7.677699582140267, 45.117874542068314, 0.0 ], [ 7.677623106128921, 45.117913109903121, 0.0 ], [ 7.677609942510089, 45.117924354456939, 0.0 ], [ 7.677598125395231, 45.117936666006059, 0.0 ], [ 7.677589243970708, 45.117943098426252, 0.0 ], [ 7.677504983250773, 45.117987346974125, 0.0 ], [ 7.677413877618906, 45.118031229104176, 0.0 ], [ 7.677399481399599, 45.118039712214951, 0.0 ], [ 7.677388252575141, 45.118044218837184, 0.0 ], [ 7.677421329127121, 45.118005363586519, 0.0 ], [ 7.677455143953334, 45.117990632592722, 0.0 ], [ 7.67748661276073, 45.11798291320607, 0.0 ], [ 7.677515775992789, 45.117967002205468, 0.0 ], [ 7.677577620517655, 45.117925600266069, 0.0 ], [ 7.677594372681908, 45.117910391798297, 0.0 ], [ 7.677603164336912, 45.117903526366163, 0.0 ], [ 7.677667813860521, 45.11786552343488, 0.0 ], [ 7.677687486742023, 45.117852113792821, 0.0 ], [ 7.677705996806476, 45.117833477586871, 0.0 ], [ 7.67771062177117, 45.117822630416747, 0.0 ], [ 7.677708555935123, 45.117817404266816, 0.0 ], [ 7.677699956945499, 45.117815404287747, 0.0 ], [ 7.677683807191242, 45.117822670829426, 0.0 ], [ 7.677574905310648, 45.117866985004696, 0.0 ], [ 7.677475041271541, 45.117920261891747, 0.0 ], [ 7.67738176237574, 45.117972346216384, 0.0 ], [ 7.677296213461502, 45.118021215463543, 0.0 ], [ 7.677204693378735, 45.11808302308301, 0.0 ], [ 7.677164817526996, 45.118106334547193, 0.0 ], [ 7.677154587002907, 45.118127666108904, 0.0 ], [ 7.677150937890378, 45.118130928375365, 0.0 ], [ 7.677111480544561, 45.118149383852867, 0.0 ], [ 7.677099857094864, 45.118157764113398, 0.0 ], [ 7.677098038676561, 45.118163225105654, 0.0 ], [ 7.677106042815512, 45.118169574634663, 0.0 ], [ 7.677140422852257, 45.118207464824266, 0.0 ], [ 7.677146496887765, 45.118224053361317, 0.0 ], [ 7.67716547020766, 45.118292704030019, 0.0 ], [ 7.677317997210972, 45.118526687013329, 0.0 ], [ 7.677351664837131, 45.118617372241204, 0.0 ], [ 7.677355432014239, 45.118630423934796, 0.0 ], [ 7.677362595022859, 45.118634098517632, 0.0 ], [ 7.677493934189319, 45.118654892267209, 0.0 ], [ 7.677518128134059, 45.118656576151317, 0.0 ], [ 7.677542668599247, 45.11865643789816, 0.0 ], [ 7.677569409560803, 45.118655199460946, 0.0 ], [ 7.67759305676904, 45.118646471637028, 0.0 ], [ 7.677606938532444, 45.118634462019394, 0.0 ], [ 7.677624975337746, 45.118605982799949, 0.0 ], [ 7.677683618302504, 45.118522694077775, 0.0 ], [ 7.677692892959271, 45.118508101754514, 0.0 ], [ 7.677707250712978, 45.11849743883208, 0.0 ], [ 7.677741921949063, 45.118488694641151, 0.0 ], [ 7.677776540276007, 45.11849043578632, 0.0 ], [ 7.677805655138698, 45.118485984992184, 0.0 ], [ 7.677828694244305, 45.11847331659812, 0.0 ], [ 7.677846166147921, 45.118464940135418, 0.0 ], [ 7.67787203035302, 45.118471918865055, 0.0 ], [ 7.677880516132956, 45.118495853451464, 0.0 ], [ 7.677872583673443, 45.1185255744602, 0.0 ], [ 7.67777031121973, 45.11887347607945, 0.0 ], [ 7.677764187375532, 45.118911194105316, 0.0 ], [ 7.67775768372379, 45.11894121147931, 0.0 ], [ 7.677722051147192, 45.119021957964399, 0.0 ], [ 7.677684781463951, 45.11908763393221, 0.0 ], [ 7.677643928136365, 45.119144403455913, 0.0 ], [ 7.67757910958435, 45.119215458404653, 0.0 ], [ 7.677580301267425, 45.119224473882738, 0.0 ], [ 7.677588512631937, 45.119242707266274, 0.0 ], [ 7.677581457836585, 45.119247549320605, 0.0 ], [ 7.677528036922745, 45.119276537474413, 0.0 ], [ 7.677490804629009, 45.119297701239667, 0.0 ], [ 7.677494462121802, 45.119302244437939, 0.0 ], [ 7.677552065394068, 45.119285394966973, 0.0 ], [ 7.677562744795257, 45.119279405836487, 0.0 ], [ 7.677584385417411, 45.119258412405244, 0.0 ], [ 7.677604686757829, 45.119252536058568, 0.0 ], [ 7.677646540771705, 45.119220668138425, 0.0 ], [ 7.677669918326448, 45.119210389504019, 0.0 ], [ 7.67768431151079, 45.119202048957845, 0.0 ], [ 7.677745416547724, 45.119149799682923, 0.0 ], [ 7.677807489239131, 45.11909460977153, 0.0 ], [ 7.677851388115332, 45.119064521413627, 0.0 ], [ 7.677885742417885, 45.119039110444966, 0.0 ], [ 7.67794990193719, 45.119000966753077, 0.0 ], [ 7.677960540963764, 45.118991737328699, 0.0 ], [ 7.677962090507219, 45.118980304391876, 0.0 ], [ 7.677964152055189, 45.118994524466679, 0.0 ], [ 7.677959266401178, 45.119016684116076, 0.0 ], [ 7.67794189957461, 45.119033712568992, 0.0 ], [ 7.677890865387649, 45.119088193584005, 0.0 ], [ 7.677820358555152, 45.119135266331583, 0.0 ], [ 7.67777759755256, 45.119158535543349, 0.0 ], [ 7.677736339586568, 45.119190409055392, 0.0 ], [ 7.677709948886255, 45.119206208223623, 0.0 ], [ 7.677683575025514, 45.119216875990709, 0.0 ], [ 7.677653290636156, 45.119233897446136, 0.0 ], [ 7.677613649599345, 45.119268527270627, 0.0 ], [ 7.677577778579685, 45.11931329185694, 0.0 ], [ 7.677573469898964, 45.119318138092247, 0.0 ], [ 7.677543063481463, 45.119339939227174, 0.0 ], [ 7.677492133488077, 45.119368955758667, 0.0 ], [ 7.67737806428652, 45.119422202962795, 0.0 ], [ 7.677270408981397, 45.119485659838197, 0.0 ], [ 7.677162843536983, 45.119558390556882, 0.0 ], [ 7.677073773032253, 45.119617561701006, 0.0 ], [ 7.677021535555341, 45.119660208926568, 0.0 ], [ 7.677005821314963, 45.119677743142375, 0.0 ], [ 7.676875920053862, 45.119775678502819, 0.0 ], [ 7.676817297043753, 45.11983273673652, 0.0 ], [ 7.676742240899658, 45.119899379570555, 0.0 ], [ 7.676646210543809, 45.119975834176451, 0.0 ], [ 7.676418117471354, 45.120174746162142, 0.0 ], [ 7.676101453963816, 45.120453927122718, 0.0 ], [ 7.675800681147789, 45.120702837460975, 0.0 ], [ 7.675508934878993, 45.120969224294072, 0.0 ], [ 7.675278461676013, 45.121150311755009, 0.0 ], [ 7.675042449337711, 45.121355944182419, 0.0 ], [ 7.674836181790448, 45.121538651432743, 0.0 ], [ 7.674636794919469, 45.121736624641947, 0.0 ], [ 7.674364217887707, 45.121981429555653, 0.0 ], [ 7.674138230892131, 45.122174376253291, 0.0 ], [ 7.673897969603415, 45.122362098496012, 0.0 ], [ 7.67371981191206, 45.122488096301431, 0.0 ], [ 7.673615205571855, 45.122552916796458, 0.0 ], [ 7.673514991540644, 45.122611947545408, 0.0 ], [ 7.673414226387597, 45.122665138375481, 0.0 ], [ 7.673299672731727, 45.122713036424997, 0.0 ], [ 7.673194949425453, 45.122765758610669, 0.0 ], [ 7.673081055618976, 45.12273370272456, 0.0 ], [ 7.673099930057352, 45.12271261597796, 0.0 ], [ 7.673117298317091, 45.122687360905104, 0.0 ], [ 7.673124660571768, 45.122661070829544, 0.0 ], [ 7.673110018482867, 45.122598311898905, 0.0 ], [ 7.6730675443128, 45.122549785725589, 0.0 ], [ 7.673034964875502, 45.12251972923783, 0.0 ], [ 7.672995406488151, 45.12249465892809, 0.0 ], [ 7.672956107913351, 45.122480203907593, 0.0 ], [ 7.6729140847031, 45.122471983966619, 0.0 ], [ 7.672882224576948, 45.122475124254919, 0.0 ], [ 7.6728371120411, 45.122471296316903, 0.0 ], [ 7.672687806299707, 45.122441430704427, 0.0 ], [ 7.672468947691658, 45.122391420839314, 0.0 ], [ 7.672249652553831, 45.122342737617309, 0.0 ], [ 7.671800914973045, 45.122225646073964, 0.0 ], [ 7.672122042513454, 45.123485455457903, 0.0 ], [ 7.672160231907146, 45.123555897495848, 0.0 ], [ 7.672250937181144, 45.124025849138853, 0.0 ], [ 7.672304205974044, 45.124421326671126, 0.0 ], [ 7.672306218274998, 45.124468383791928, 0.0 ], [ 7.672614763897107, 45.125518927860426, 0.0 ], [ 7.672742298897424, 45.125941741774042, 0.0 ], [ 7.672794985586577, 45.126267215169264, 0.0 ], [ 7.67281582101481, 45.126740575958515, 0.0 ], [ 7.672754845018881, 45.127235787940769, 0.0 ], [ 7.672712155050786, 45.127474986890185, 0.0 ], [ 7.672673740290444, 45.127706262152508, 0.0 ], [ 7.672638675970398, 45.127937854810916, 0.0 ], [ 7.672617534698394, 45.128366294293102, 0.0 ], [ 7.672626480706924, 45.128429031841428, 0.0 ], [ 7.672660814757904, 45.128564996991166, 0.0 ], [ 7.672719778618618, 45.128723004091647, 0.0 ], [ 7.672791585690857, 45.128862869577866, 0.0 ], [ 7.673837799817313, 45.130512632967175, 0.0 ], [ 7.672949039269892, 45.130754481534531, 0.0 ], [ 7.672831956402266, 45.13079611143543, 0.0 ], [ 7.672674609574345, 45.130865837173474, 0.0 ], [ 7.672814541377698, 45.130902165747273, 0.0 ], [ 7.672837350488416, 45.13094460280653, 0.0 ], [ 7.673752052907822, 45.132703668271098, 0.0 ], [ 7.672570165811833, 45.132539291591868, 0.0 ], [ 7.67302384902872, 45.133507156867758, 0.0 ], [ 7.673090493622953, 45.133651688384234, 0.0 ], [ 7.673307048426002, 45.133546752060091, 0.0 ], [ 7.673553222153389, 45.13347370955335, 0.0 ], [ 7.673810002376161, 45.133444483500654, 0.0 ], [ 7.674160642514429, 45.133465416132886, 0.0 ], [ 7.674374714402178, 45.133508741274277, 0.0 ], [ 7.67450433392574, 45.133585410670008, 0.0 ], [ 7.674374747362549, 45.133685696189538, 0.0 ], [ 7.674373872458452, 45.133727292428055, 0.0 ], [ 7.674382371594321, 45.133791401105512, 0.0 ], [ 7.674399364285507, 45.133812104756267, 0.0 ], [ 7.67456620805962, 45.133851524667932, 0.0 ], [ 7.674641898099525, 45.133903324578654, 0.0 ], [ 7.674687587634586, 45.13395725351927, 0.0 ], [ 7.674726490968455, 45.134030798651615, 0.0 ], [ 7.674750715061572, 45.134083072044945, 0.0 ], [ 7.674629521262001, 45.134245441694283, 0.0 ], [ 7.674553823305234, 45.134294361058011, 0.0 ], [ 7.674466678767736, 45.134439445733513, 0.0 ], [ 7.674495497289855, 45.134482854170372, 0.0 ], [ 7.67456290374248, 45.134536448411332, 0.0 ], [ 7.674610906554853, 45.13455977052913, 0.0 ], [ 7.674616165012336, 45.134575980657651, 0.0 ], [ 7.674624183708584, 45.13460641808792, 0.0 ], [ 7.674605721474821, 45.134643029532626, 0.0 ], [ 7.674491152821489, 45.13468187523641, 0.0 ], [ 7.67442056020304, 45.134728898581869, 0.0 ], [ 7.67440013528065, 45.134743775925429, 0.0 ], [ 7.674322479887138, 45.134842621173938, 0.0 ], [ 7.67431739034467, 45.134880604037221, 0.0 ], [ 7.674404753014327, 45.135056016215799, 0.0 ], [ 7.674430338856554, 45.1351236273048, 0.0 ], [ 7.674430563668461, 45.135181456029571, 0.0 ], [ 7.674329405950478, 45.135299410077522, 0.0 ], [ 7.674300929606103, 45.135314904372876, 0.0 ], [ 7.6742226309126, 45.135353601704885, 0.0 ], [ 7.674158759305127, 45.135406402302081, 0.0 ], [ 7.674066479456366, 45.135528743579471, 0.0 ], [ 7.673969487250081, 45.135614034080049, 0.0 ], [ 7.673917117470104, 45.135647406262052, 0.0 ], [ 7.673891295749361, 45.135654730631586, 0.0 ], [ 7.673776253508406, 45.135679319155109, 0.0 ], [ 7.673608673810731, 45.135681918849357, 0.0 ], [ 7.673438758793683, 45.135701800784766, 0.0 ], [ 7.673215106085713, 45.135742815565621, 0.0 ], [ 7.672947121833512, 45.135932211020595, 0.0 ], [ 7.672702721483997, 45.136074738119468, 0.0 ], [ 7.67256232824117, 45.136114135682696, 0.0 ], [ 7.672450572358314, 45.136175101845538, 0.0 ], [ 7.672217419774377, 45.136284488322012, 0.0 ], [ 7.672137271891628, 45.136264185142515, 0.0 ], [ 7.672104834175185, 45.136192162847472, 0.0 ], [ 7.672021481230521, 45.136113194754785, 0.0 ], [ 7.67176253509604, 45.136108680210675, 0.0 ], [ 7.671507813696571, 45.136142902768931, 0.0 ], [ 7.671235803612078, 45.136480035189024, 0.0 ], [ 7.671003799309861, 45.136684877668095, 0.0 ], [ 7.671038537442657, 45.136852218213093, 0.0 ], [ 7.671049513465749, 45.136966640204072, 0.0 ], [ 7.670998132955956, 45.137026200240626, 0.0 ], [ 7.671012954344931, 45.137268507176209, 0.0 ], [ 7.670979128366357, 45.137550855416407, 0.0 ], [ 7.6706822503745, 45.137713678096745, 0.0 ], [ 7.670876594681752, 45.137746699894549, 0.0 ] ], [ [ 7.697675414795787, 45.113761788023936, 0.0 ], [ 7.697799191672551, 45.113773885261494, 0.0 ], [ 7.698042852409023, 45.113772658163974, 0.0 ], [ 7.698229097233929, 45.113762611112541, 0.0 ], [ 7.698446551779536, 45.113760426933524, 0.0 ], [ 7.698544625734742, 45.114143242454894, 0.0 ], [ 7.698610919688035, 45.114397872222597, 0.0 ], [ 7.698552321971394, 45.114399122909873, 0.0 ], [ 7.698528420668398, 45.114401946301761, 0.0 ], [ 7.69850072029232, 45.114409741612668, 0.0 ], [ 7.698490971401243, 45.114422476010795, 0.0 ], [ 7.698422699193571, 45.114434902430048, 0.0 ], [ 7.698363041788216, 45.114435815830404, 0.0 ], [ 7.698356049537684, 45.114426816399622, 0.0 ], [ 7.698337821761818, 45.114417237905279, 0.0 ], [ 7.698188202415842, 45.114426640409917, 0.0 ], [ 7.698157358620395, 45.114426206819672, 0.0 ], [ 7.698118355080756, 45.114438419296754, 0.0 ], [ 7.698017183897193, 45.1144558274787, 0.0 ], [ 7.698014208781842, 45.114462471919254, 0.0 ], [ 7.698056403406735, 45.114504982451543, 0.0 ], [ 7.698035216390959, 45.114511446416692, 0.0 ], [ 7.697952024381643, 45.11452303727814, 0.0 ], [ 7.697923390344324, 45.114537743319168, 0.0 ], [ 7.697888625621887, 45.114447511181737, 0.0 ], [ 7.697894264395248, 45.114444965082306, 0.0 ], [ 7.697899813221039, 45.114438051143843, 0.0 ], [ 7.697900135080142, 45.114434471799434, 0.0 ], [ 7.697898142327666, 45.114431551602621, 0.0 ], [ 7.697889535309398, 45.114426015770157, 0.0 ], [ 7.697884705541307, 45.114424286238332, 0.0 ], [ 7.697879658892674, 45.114424219635374, 0.0 ], [ 7.697836259351719, 45.114308369150649, 0.0 ], [ 7.697841678746885, 45.114305964542829, 0.0 ], [ 7.69784702838471, 45.11429937299372, 0.0 ], [ 7.697847489292691, 45.114295893945602, 0.0 ], [ 7.697845876360883, 45.11429303196234, 0.0 ], [ 7.697838188484526, 45.114287263905787, 0.0 ], [ 7.697833618547868, 45.11428535757269, 0.0 ], [ 7.697828779173091, 45.114285175602845, 0.0 ], [ 7.697798923601043, 45.114192604550801, 0.0 ], [ 7.697791390057758, 45.114167231965716, 0.0 ], [ 7.697800073030741, 45.114163325506176, 0.0 ], [ 7.697805379716264, 45.114156878818171, 0.0 ], [ 7.697804664238643, 45.114153134597665, 0.0 ], [ 7.697798603394464, 45.114148006788277, 0.0 ], [ 7.697790467980655, 45.114144006340872, 0.0 ], [ 7.6977845903687, 45.114143615108027, 0.0 ], [ 7.69774534542014, 45.114020142417296, 0.0 ], [ 7.697753107457247, 45.114013623663816, 0.0 ], [ 7.697753115294597, 45.114006025751436, 0.0 ], [ 7.697749049443634, 45.114001442317281, 0.0 ], [ 7.697739387569578, 45.113998145770204, 0.0 ], [ 7.697706057833592, 45.113874964657867, 0.0 ], [ 7.697712026147458, 45.113873025909285, 0.0 ], [ 7.697718028467862, 45.113866865178267, 0.0 ], [ 7.697717358302621, 45.113859386317742, 0.0 ], [ 7.697710392049758, 45.113853833864795, 0.0 ], [ 7.697699984888158, 45.113852490801662, 0.0 ], [ 7.697675414795787, 45.113761788023936, 0.0 ] ], [ [ 7.698841848430831, 45.1135814677315, 0.0 ], [ 7.698885323435565, 45.113535757468739, 0.0 ], [ 7.699250675592311, 45.113440775815107, 0.0 ], [ 7.699192056132303, 45.11342183391816, 0.0 ], [ 7.699224352644187, 45.113413695951493, 0.0 ], [ 7.699275391130461, 45.11343125465644, 0.0 ], [ 7.699538312161335, 45.113375611491051, 0.0 ], [ 7.699943317137174, 45.113271051463741, 0.0 ], [ 7.699949851373434, 45.11326936083676, 0.0 ], [ 7.700136462857561, 45.113221192615541, 0.0 ], [ 7.700257092215613, 45.113185487634219, 0.0 ], [ 7.700865887713936, 45.112990508702964, 0.0 ], [ 7.701238534189149, 45.112860675490531, 0.0 ], [ 7.701583634601594, 45.112723381739769, 0.0 ], [ 7.701892857460504, 45.112595571896755, 0.0 ], [ 7.702063387867874, 45.112520419580051, 0.0 ], [ 7.702102441808457, 45.112500754575223, 0.0 ], [ 7.704036142781978, 45.111527039913192, 0.0 ], [ 7.704179719407651, 45.111452209269693, 0.0 ], [ 7.704468737858004, 45.111434226450626, 0.0 ], [ 7.705399098101025, 45.110979498772373, 0.0 ], [ 7.705553957282429, 45.11079800610117, 0.0 ], [ 7.705862562944308, 45.111268107091846, 0.0 ], [ 7.706211533049899, 45.111799685852958, 0.0 ], [ 7.706171624545174, 45.111816247686903, 0.0 ], [ 7.706140202303651, 45.111822228609427, 0.0 ], [ 7.706040146413078, 45.111828827352291, 0.0 ], [ 7.705894644332799, 45.111901630789582, 0.0 ], [ 7.705810782731959, 45.11194933521935, 0.0 ], [ 7.705781777839148, 45.111953606494772, 0.0 ], [ 7.705767871210536, 45.111967022500764, 0.0 ], [ 7.705749498017323, 45.111967166085414, 0.0 ], [ 7.70569222751471, 45.11199641089793, 0.0 ], [ 7.705639572832135, 45.112032378669561, 0.0 ], [ 7.705606129093668, 45.112056404204651, 0.0 ], [ 7.705559701423505, 45.112072828081835, 0.0 ], [ 7.705531815971807, 45.112080388452839, 0.0 ], [ 7.705408907055409, 45.112139611588404, 0.0 ], [ 7.705248793651647, 45.112197361350709, 0.0 ], [ 7.704813985570351, 45.11241705833833, 0.0 ], [ 7.704732333245235, 45.112443974476946, 0.0 ], [ 7.704722142665834, 45.112455533457428, 0.0 ], [ 7.704689171665073, 45.1124636666882, 0.0 ], [ 7.704624932398837, 45.112493534660814, 0.0 ], [ 7.70445628587935, 45.112581782283378, 0.0 ], [ 7.704444774405515, 45.112589878624696, 0.0 ], [ 7.704431668839588, 45.112607238849868, 0.0 ], [ 7.704423158304037, 45.11261480278219, 0.0 ], [ 7.704237400876889, 45.112699623395656, 0.0 ], [ 7.704142452760959, 45.112752268993944, 0.0 ], [ 7.703944920818533, 45.112848343911395, 0.0 ], [ 7.703746308816957, 45.112952777159684, 0.0 ], [ 7.703607206105021, 45.11302961186815, 0.0 ], [ 7.703523076995642, 45.11306479841236, 0.0 ], [ 7.703232322078531, 45.113202858724044, 0.0 ], [ 7.7029589506722, 45.113336742591372, 0.0 ], [ 7.70273397836355, 45.113424490950486, 0.0 ], [ 7.70253075078585, 45.113505222554402, 0.0 ], [ 7.702204122995003, 45.113617138137208, 0.0 ], [ 7.701988662712552, 45.113679951417673, 0.0 ], [ 7.701909096559279, 45.113702180566435, 0.0 ], [ 7.701847814723395, 45.113706407673902, 0.0 ], [ 7.701805535743262, 45.113726883114282, 0.0 ], [ 7.701806316188874, 45.113740746341399, 0.0 ], [ 7.701724380878179, 45.113767107857797, 0.0 ], [ 7.701708088271579, 45.113767408023179, 0.0 ], [ 7.701681159992726, 45.113771954528431, 0.0 ], [ 7.701646572237034, 45.113768959022288, 0.0 ], [ 7.701579774499769, 45.11378873313393, 0.0 ], [ 7.701547780482978, 45.113810945546632, 0.0 ], [ 7.70149318263574, 45.113827625330785, 0.0 ], [ 7.701434778953746, 45.113840536614958, 0.0 ], [ 7.70136858308498, 45.113842735181706, 0.0 ], [ 7.701288965396695, 45.113849850170375, 0.0 ], [ 7.701245579995216, 45.113862508340162, 0.0 ], [ 7.70120552916738, 45.113885188231286, 0.0 ], [ 7.701141322647825, 45.113891560120194, 0.0 ], [ 7.701100918717068, 45.113912973548778, 0.0 ], [ 7.701084650316857, 45.113929595567612, 0.0 ], [ 7.701022491017762, 45.113946045124216, 0.0 ], [ 7.700979939224141, 45.113952312332579, 0.0 ], [ 7.700935402395947, 45.11395412900125, 0.0 ], [ 7.700867878210271, 45.11397565763879, 0.0 ], [ 7.700841584933007, 45.1139919486792, 0.0 ], [ 7.700762295413531, 45.114019391914965, 0.0 ], [ 7.700726070424652, 45.114022428282468, 0.0 ], [ 7.700690184978925, 45.114015547177999, 0.0 ], [ 7.700653905232721, 45.113999102945314, 0.0 ], [ 7.700643514300416, 45.113979712137919, 0.0 ], [ 7.700625675829792, 45.113960803038566, 0.0 ], [ 7.700598904832765, 45.113958383828198, 0.0 ], [ 7.700535529192202, 45.113976376914223, 0.0 ], [ 7.700528302216116, 45.113988384008231, 0.0 ], [ 7.700534037686223, 45.114002870084775, 0.0 ], [ 7.700539050658154, 45.114022901091317, 0.0 ], [ 7.70046031984049, 45.114030089439112, 0.0 ], [ 7.700408838933702, 45.114031474143587, 0.0 ], [ 7.700368527698509, 45.114030871368975, 0.0 ], [ 7.700287717984708, 45.114046758696809, 0.0 ], [ 7.700255628299145, 45.114064818830308, 0.0 ], [ 7.700234975888611, 45.114086314586459, 0.0 ], [ 7.700191723007531, 45.114097145452995, 0.0 ], [ 7.700121281757066, 45.114102671962328, 0.0 ], [ 7.700083506039239, 45.114108434900487, 0.0 ], [ 7.700053540816268, 45.114124684864187, 0.0 ], [ 7.70003037746942, 45.114138697987819, 0.0 ], [ 7.699984507918298, 45.114146619172431, 0.0 ], [ 7.699956585609128, 45.114155725433328, 0.0 ], [ 7.699915598994826, 45.114159121193339, 0.0 ], [ 7.699906602372088, 45.114174564783028, 0.0 ], [ 7.699881585270433, 45.114191301197984, 0.0 ], [ 7.699831297301079, 45.114210631503809, 0.0 ], [ 7.699683457390003, 45.114243055352283, 0.0 ], [ 7.699513448204268, 45.114268124347589, 0.0 ], [ 7.699327759751933, 45.114288297670178, 0.0 ], [ 7.699231315733129, 45.114301341434384, 0.0 ], [ 7.69917202802743, 45.114318947903755, 0.0 ], [ 7.699114697829659, 45.114341645750201, 0.0 ], [ 7.699082646748191, 45.114357870790286, 0.0 ], [ 7.699058750197402, 45.114382353179032, 0.0 ], [ 7.69905574984072, 45.114400807768433, 0.0 ], [ 7.698995562480229, 45.114408187346804, 0.0 ], [ 7.698916886138372, 45.114108175102842, 0.0 ], [ 7.698781186617533, 45.113589669964789, 0.0 ], [ 7.698841848430831, 45.1135814677315, 0.0 ] ] ] } },
{ "type": "Feature", "properties": { "ID_QUART": 15, "DENOM": "Le Valette", "neighborhood_name_clean": "le vallette", "statistical_zone_clean": "15", "n_somministrazione": 20, "neighborhood_clean": "15 le vallette", "total_population": 40717, "stores_per_1000_residents": 0.49119532382051723, "distance_to_nearest_metro": 1321.4971318459329, "normalized_population": 0.63459249362322356, "normalized_competition": 0.036315891441844973, "normalized_distance_to_metro": 0.38668779750218396, "retail_opportunity_score": 0.19551850062536802, "opportunity_level": "High Opportunity", "longitude": 7.6363816517537506, "latitude": 45.100761535658449 }, "geometry": { "type": "Polygon", "coordinates": [ [ [ 7.611781551785789, 45.107180269961411, 0.0 ], [ 7.612601199742038, 45.107468960101457, 0.0 ], [ 7.613345356294825, 45.107788340874933, 0.0 ], [ 7.614028039956382, 45.107997241903902, 0.0 ], [ 7.61405447786123, 45.108023037409509, 0.0 ], [ 7.614081140900149, 45.108049069286942, 0.0 ], [ 7.614080900556288, 45.108060003338359, 0.0 ], [ 7.614082799534295, 45.108070892265232, 0.0 ], [ 7.614090496483607, 45.108092625975338, 0.0 ], [ 7.614098547073636, 45.108107674287048, 0.0 ], [ 7.6141100259213, 45.108121389048371, 0.0 ], [ 7.614120025069525, 45.108130008133216, 0.0 ], [ 7.614141513253994, 45.108143969345697, 0.0 ], [ 7.614165245755404, 45.108154419600908, 0.0 ], [ 7.614182676857387, 45.108159528199529, 0.0 ], [ 7.614226439940031, 45.108169186885384, 0.0 ], [ 7.614270584793566, 45.108176149679082, 0.0 ], [ 7.614300472196998, 45.108178682651705, 0.0 ], [ 7.615772992854052, 45.108253694255325, 0.0 ], [ 7.615807194549419, 45.10824395432779, 0.0 ], [ 7.615889252620437, 45.108196997780468, 0.0 ], [ 7.615920006431984, 45.108179403388398, 0.0 ], [ 7.616100264327813, 45.10817867121461, 0.0 ], [ 7.616412225904106, 45.108181236732847, 0.0 ], [ 7.61713839876368, 45.108180068017113, 0.0 ], [ 7.617722098384277, 45.108192644586119, 0.0 ], [ 7.618324097982578, 45.108191810727973, 0.0 ], [ 7.618546274651516, 45.108198630662038, 0.0 ], [ 7.618752961154108, 45.108200473963002, 0.0 ], [ 7.618863282845528, 45.108177917672506, 0.0 ], [ 7.618991163741649, 45.108121024430282, 0.0 ], [ 7.619183272552582, 45.108110584544448, 0.0 ], [ 7.619462824911689, 45.10806017864887, 0.0 ], [ 7.619689382506787, 45.108040287846755, 0.0 ], [ 7.619805866320394, 45.108041551856623, 0.0 ], [ 7.619918529107887, 45.108029995129527, 0.0 ], [ 7.620074240284993, 45.10798967720698, 0.0 ], [ 7.620149331804143, 45.107982736228664, 0.0 ], [ 7.620196467383441, 45.107983719666066, 0.0 ], [ 7.620557925523469, 45.108055437413356, 0.0 ], [ 7.620605073498465, 45.108055962143794, 0.0 ], [ 7.62100012202446, 45.108128057089054, 0.0 ], [ 7.621020468762104, 45.108142462815252, 0.0 ], [ 7.621170383856391, 45.10816974776148, 0.0 ], [ 7.621301223547087, 45.10818355186629, 0.0 ], [ 7.621367445308143, 45.108197556001038, 0.0 ], [ 7.621385312477448, 45.108207818476245, 0.0 ], [ 7.621586483445142, 45.108253967322788, 0.0 ], [ 7.621768128567973, 45.108277935116782, 0.0 ], [ 7.621975262387791, 45.108317748106444, 0.0 ], [ 7.621994803768921, 45.10832452781785, 0.0 ], [ 7.622082135621963, 45.108344467589426, 0.0 ], [ 7.622629435128729, 45.108438799966642, 0.0 ], [ 7.622625609555573, 45.108537070160168, 0.0 ], [ 7.622640031113802, 45.108548425144079, 0.0 ], [ 7.622657147172243, 45.108561909098277, 0.0 ], [ 7.622689258759845, 45.108565545275525, 0.0 ], [ 7.622648555430766, 45.108834079076807, 0.0 ], [ 7.622629695476777, 45.109561044382133, 0.0 ], [ 7.622600392755719, 45.109938861605677, 0.0 ], [ 7.622586575847769, 45.110025002506546, 0.0 ], [ 7.62260282805545, 45.11016372634257, 0.0 ], [ 7.622594435645369, 45.11023354126425, 0.0 ], [ 7.622579847430744, 45.112110234858775, 0.0 ], [ 7.622577527944186, 45.113437884708446, 0.0 ], [ 7.622596195788025, 45.113532717707727, 0.0 ], [ 7.622687620426231, 45.113656126144363, 0.0 ], [ 7.622739436823911, 45.113724407766341, 0.0 ], [ 7.622886235925336, 45.113851644013138, 0.0 ], [ 7.623821445942872, 45.11380075194743, 0.0 ], [ 7.62448500354383, 45.113764639736253, 0.0 ], [ 7.62523296956335, 45.11370441444847, 0.0 ], [ 7.626402417013947, 45.113607714242988, 0.0 ], [ 7.627256612096443, 45.113555270661699, 0.0 ], [ 7.627632776350951, 45.113531958951235, 0.0 ], [ 7.627817661916125, 45.113519688934858, 0.0 ], [ 7.628959949675597, 45.113435074595387, 0.0 ], [ 7.629395304177527, 45.113393574165997, 0.0 ], [ 7.629677184163229, 45.11336773705618, 0.0 ], [ 7.634318408509137, 45.11293927497735, 0.0 ], [ 7.637879826661868, 45.112666691016571, 0.0 ], [ 7.63899492112587, 45.112581876903512, 0.0 ], [ 7.639157225069799, 45.112569021425209, 0.0 ], [ 7.643804978985425, 45.112240214498719, 0.0 ], [ 7.645358874073874, 45.112134327626762, 0.0 ], [ 7.645335485545473, 45.111047798494347, 0.0 ], [ 7.645186977651327, 45.108152641445038, 0.0 ], [ 7.645172083716759, 45.107862330338335, 0.0 ], [ 7.645169186469695, 45.106645861695036, 0.0 ], [ 7.645179775319887, 45.106554583431759, 0.0 ], [ 7.645188577748415, 45.106421058405594, 0.0 ], [ 7.645202336581486, 45.106281109419875, 0.0 ], [ 7.645225212325525, 45.106008872553993, 0.0 ], [ 7.645263063786579, 45.105788204526171, 0.0 ], [ 7.645287457046328, 45.105688242269132, 0.0 ], [ 7.645322556006059, 45.105567747934167, 0.0 ], [ 7.645367717687111, 45.105444140862573, 0.0 ], [ 7.645419096160715, 45.105320607065451, 0.0 ], [ 7.645480400039978, 45.105197625216022, 0.0 ], [ 7.64559763542582, 45.105001922529702, 0.0 ], [ 7.645634389736401, 45.104946782033544, 0.0 ], [ 7.645711817917613, 45.104819155827194, 0.0 ], [ 7.645922029384685, 45.104937609024631, 0.0 ], [ 7.647804976550518, 45.106032032766606, 0.0 ], [ 7.64818008393857, 45.106228183505536, 0.0 ], [ 7.648535456222468, 45.106414467438867, 0.0 ], [ 7.650809142736367, 45.107732773756702, 0.0 ], [ 7.65221530080216, 45.108528439830017, 0.0 ], [ 7.652410009900191, 45.108393372346498, 0.0 ], [ 7.653575301075184, 45.107345620312671, 0.0 ], [ 7.654259519055965, 45.106746026694076, 0.0 ], [ 7.654549404440425, 45.106497117154376, 0.0 ], [ 7.654884849407781, 45.106209080846646, 0.0 ], [ 7.655710352310878, 45.105820620919566, 0.0 ], [ 7.657965349932575, 45.1056947288616, 0.0 ], [ 7.658613287641516, 45.105657422761972, 0.0 ], [ 7.660169619701013, 45.105567791797121, 0.0 ], [ 7.661763441932548, 45.105476120721093, 0.0 ], [ 7.662335754980777, 45.10544319138274, 0.0 ], [ 7.663236191631702, 45.105402678914835, 0.0 ], [ 7.663198937827646, 45.104883106050693, 0.0 ], [ 7.663184074805364, 45.10467574897806, 0.0 ], [ 7.663160372771093, 45.104345036219939, 0.0 ], [ 7.663019406734707, 45.104420342197074, 0.0 ], [ 7.662859529787763, 45.104505759493875, 0.0 ], [ 7.662696734764205, 45.104281691304649, 0.0 ], [ 7.662566813844359, 45.103957422516295, 0.0 ], [ 7.662401099901671, 45.103557615370754, 0.0 ], [ 7.66143918908941, 45.102152384326608, 0.0 ], [ 7.660247770806086, 45.100411768670639, 0.0 ], [ 7.660219746149544, 45.100367159890993, 0.0 ], [ 7.659660972072982, 45.099533048576959, 0.0 ], [ 7.659485048851825, 45.099272113302135, 0.0 ], [ 7.659198996167934, 45.098845565459783, 0.0 ], [ 7.659117075932631, 45.098720415727172, 0.0 ], [ 7.659029798853751, 45.098595554400191, 0.0 ], [ 7.658462381357398, 45.097751047346485, 0.0 ], [ 7.658306226131165, 45.097517481124306, 0.0 ], [ 7.658169373246081, 45.097318825255115, 0.0 ], [ 7.657856719143735, 45.096856298599803, 0.0 ], [ 7.657591463123486, 45.096463127524451, 0.0 ], [ 7.657546641030153, 45.096393044251073, 0.0 ], [ 7.657384986483879, 45.09615475000934, 0.0 ], [ 7.657239572105739, 45.09593886144053, 0.0 ], [ 7.656930618302868, 45.095481731401463, 0.0 ], [ 7.656805231499058, 45.095300222290966, 0.0 ], [ 7.656735455327369, 45.09519092179503, 0.0 ], [ 7.656283534700466, 45.094520351335412, 0.0 ], [ 7.656222964514907, 45.094415308325409, 0.0 ], [ 7.656177189682437, 45.094343709521127, 0.0 ], [ 7.656030123868439, 45.094127531852187, 0.0 ], [ 7.655707161032066, 45.093638941649907, 0.0 ], [ 7.655373378809142, 45.093142654947705, 0.0 ], [ 7.655101611844757, 45.092734367217709, 0.0 ], [ 7.654701136686985, 45.092137372526871, 0.0 ], [ 7.654626462609713, 45.092024781326728, 0.0 ], [ 7.654545440889294, 45.091904932926184, 0.0 ], [ 7.65444220486049, 45.091737031636235, 0.0 ], [ 7.654364156570884, 45.091642079274756, 0.0 ], [ 7.654098966557019, 45.091245471442463, 0.0 ], [ 7.653858822078305, 45.090882598166765, 0.0 ], [ 7.653662872886414, 45.091001343027976, 0.0 ], [ 7.653581057221698, 45.091053884704984, 0.0 ], [ 7.653667771773562, 45.091188132589458, 0.0 ], [ 7.653644255208695, 45.09118733414121, 0.0 ], [ 7.653620665129825, 45.091188603224502, 0.0 ], [ 7.653595272061857, 45.091192552918123, 0.0 ], [ 7.653570747251726, 45.091198915868368, 0.0 ], [ 7.65354483109419, 45.091207225760236, 0.0 ], [ 7.653491363010215, 45.09122751522176, 0.0 ], [ 7.653464630680264, 45.091240224864741, 0.0 ], [ 7.653334446899469, 45.091315006833057, 0.0 ], [ 7.653297431558826, 45.091337596673327, 0.0 ], [ 7.653258412378904, 45.091364311900143, 0.0 ], [ 7.653221418117482, 45.091392420271703, 0.0 ], [ 7.653180014045866, 45.091425464241532, 0.0 ], [ 7.653139951276655, 45.091459286989561, 0.0 ], [ 7.653078331686416, 45.091515478382647, 0.0 ], [ 7.653057734629269, 45.091534247709639, 0.0 ], [ 7.653015971582378, 45.091570697442485, 0.0 ], [ 7.652973203131759, 45.091606568843346, 0.0 ], [ 7.652924355273343, 45.091645438965408, 0.0 ], [ 7.652874230391663, 45.091683455862906, 0.0 ], [ 7.652778172829153, 45.091753606429947, 0.0 ], [ 7.652670283327024, 45.091830253133551, 0.0 ], [ 7.65257456363344, 45.091896806826689, 0.0 ], [ 7.652529065607864, 45.091932574760222, 0.0 ], [ 7.652487575300288, 45.091970827859448, 0.0 ], [ 7.652447694771525, 45.092010892586586, 0.0 ], [ 7.652410130534205, 45.092051974461818, 0.0 ], [ 7.652327808524301, 45.092148023145207, 0.0 ], [ 7.652296649257602, 45.092183130224385, 0.0 ], [ 7.652234425130346, 45.09224601097241, 0.0 ], [ 7.652158366223507, 45.092325958887841, 0.0 ], [ 7.652134239916106, 45.092353722518581, 0.0 ], [ 7.652088653775369, 45.092406196295251, 0.0 ], [ 7.652025481460887, 45.092473737752719, 0.0 ], [ 7.65195323089959, 45.09255386315629, 0.0 ], [ 7.65189808428533, 45.092611831497841, 0.0 ], [ 7.651842629583636, 45.092673216646311, 0.0 ], [ 7.6517439681898, 45.092776687676754, 0.0 ], [ 7.651663511470026, 45.092865800580441, 0.0 ], [ 7.651639408881331, 45.092891449795722, 0.0 ], [ 7.651601175245912, 45.092929606992442, 0.0 ], [ 7.651590074269238, 45.092941762253531, 0.0 ], [ 7.651580242745364, 45.092954519336359, 0.0 ], [ 7.651569200716558, 45.092972806692337, 0.0 ], [ 7.65156102865314, 45.092991730618586, 0.0 ], [ 7.651391480080044, 45.093108604411114, 0.0 ], [ 7.651268987653173, 45.093174841250018, 0.0 ], [ 7.651127629560288, 45.093247795663672, 0.0 ], [ 7.650932523206196, 45.093320412404047, 0.0 ], [ 7.650496097085267, 45.093452802424295, 0.0 ], [ 7.650042440547301, 45.093590414365856, 0.0 ], [ 7.650037140404015, 45.093588245268833, 0.0 ], [ 7.650031017127397, 45.093588128050555, 0.0 ], [ 7.650027640745068, 45.093589042189173, 0.0 ], [ 7.649973977089625, 45.093504249854156, 0.0 ], [ 7.649928776016781, 45.093517011087314, 0.0 ], [ 7.649981852628534, 45.093600887275322, 0.0 ], [ 7.649971556325514, 45.093604212278393, 0.0 ], [ 7.649978623580817, 45.09360686141239, 0.0 ], [ 7.649953110806828, 45.093615292077686, 0.0 ], [ 7.649900117064377, 45.093627618395146, 0.0 ], [ 7.6498186670344, 45.093641742279722, 0.0 ], [ 7.649736385092263, 45.093651724445088, 0.0 ], [ 7.649695823249315, 45.093654818318832, 0.0 ], [ 7.649660072217106, 45.093655970850612, 0.0 ], [ 7.649549832564099, 45.093651912759221, 0.0 ], [ 7.649479002499415, 45.093644530711167, 0.0 ], [ 7.649408793587288, 45.0936345822359, 0.0 ], [ 7.649302434390798, 45.09361368252884, 0.0 ], [ 7.649236385653114, 45.093595418986666, 0.0 ], [ 7.649171615731296, 45.093572562814877, 0.0 ], [ 7.649148429958885, 45.093562603534536, 0.0 ], [ 7.649148737230036, 45.093549571887685, 0.0 ], [ 7.649144685637389, 45.093540243767592, 0.0 ], [ 7.649144643958317, 45.093529621430598, 0.0 ], [ 7.649116215249203, 45.093501649665022, 0.0 ], [ 7.649113725770147, 45.093484876478286, 0.0 ], [ 7.649082174752071, 45.093454473345815, 0.0 ], [ 7.649045854525961, 45.093424302668694, 0.0 ], [ 7.649004849983373, 45.093394912432281, 0.0 ], [ 7.648948515554163, 45.093350146557519, 0.0 ], [ 7.64885323050316, 45.093277221384653, 0.0 ], [ 7.648814289536014, 45.093240681744199, 0.0 ], [ 7.648745463635433, 45.093157024350873, 0.0 ], [ 7.648719317401169, 45.093116343061318, 0.0 ], [ 7.648687622132986, 45.09304578175999, 0.0 ], [ 7.648669126365912, 45.092979742125664, 0.0 ], [ 7.648611505455377, 45.092893525337495, 0.0 ], [ 7.648575951723983, 45.092797443207274, 0.0 ], [ 7.648555698486442, 45.0927364056923, 0.0 ], [ 7.648479467194826, 45.09245284137387, 0.0 ], [ 7.648411877435352, 45.092200487729222, 0.0 ], [ 7.648347208449598, 45.091949889257648, 0.0 ], [ 7.648319704066186, 45.091824015972499, 0.0 ], [ 7.648305059773667, 45.091657157777639, 0.0 ], [ 7.64830170977102, 45.091591765551811, 0.0 ], [ 7.648307495600287, 45.091535105098508, 0.0 ], [ 7.648331028182605, 45.091434483805706, 0.0 ], [ 7.648360037495081, 45.091334980100541, 0.0 ], [ 7.648418947468557, 45.091156841121823, 0.0 ], [ 7.648469674326233, 45.090992628103194, 0.0 ], [ 7.648475329834926, 45.090921537078636, 0.0 ], [ 7.648475252000021, 45.090853186024184, 0.0 ], [ 7.648477628022419, 45.090786331546489, 0.0 ], [ 7.648469650849311, 45.090745800478139, 0.0 ], [ 7.648465658587138, 45.090734078157617, 0.0 ], [ 7.648475732579097, 45.090711054639868, 0.0 ], [ 7.64847892400249, 45.090672204347115, 0.0 ], [ 7.648465298427214, 45.090610300238893, 0.0 ], [ 7.648426441365748, 45.090527771616081, 0.0 ], [ 7.648386724355174, 45.090451975940098, 0.0 ], [ 7.648340705793984, 45.090391307608016, 0.0 ], [ 7.648271926224627, 45.090315041991758, 0.0 ], [ 7.648183067818696, 45.090251661312415, 0.0 ], [ 7.64812117547585, 45.090209944492273, 0.0 ], [ 7.648049757924795, 45.090160327107121, 0.0 ], [ 7.647940579552505, 45.090094951043604, 0.0 ], [ 7.647861219061261, 45.090055123724397, 0.0 ], [ 7.647821425064707, 45.090037621230792, 0.0 ], [ 7.647700015268256, 45.089990734745385, 0.0 ], [ 7.647573338209591, 45.089949059994304, 0.0 ], [ 7.647511729263875, 45.08992865147993, 0.0 ], [ 7.647412000401766, 45.089897360632541, 0.0 ], [ 7.647258152681954, 45.089842274059258, 0.0 ], [ 7.647220243546364, 45.08982143660382, 0.0 ], [ 7.647112531425035, 45.089762846518525, 0.0 ], [ 7.647106007601899, 45.089761437078991, 0.0 ], [ 7.647036041865917, 45.089762875747894, 0.0 ], [ 7.646913831061074, 45.089768908876572, 0.0 ], [ 7.646910437269032, 45.089771596346225, 0.0 ], [ 7.646904456902993, 45.089786504201214, 0.0 ], [ 7.646866622827936, 45.089779114858324, 0.0 ], [ 7.646879707476068, 45.089762014497339, 0.0 ], [ 7.645906914830172, 45.089595670921504, 0.0 ], [ 7.645880025029981, 45.089590364424183, 0.0 ], [ 7.645829937694778, 45.089578285099677, 0.0 ], [ 7.645807211354252, 45.08957091337026, 0.0 ], [ 7.645787360691235, 45.089562926420868, 0.0 ], [ 7.645768512624289, 45.089553899044432, 0.0 ], [ 7.645992920160932, 45.08947956967576, 0.0 ], [ 7.645912051713925, 45.089430532575292, 0.0 ], [ 7.645696443967296, 45.08929979978533, 0.0 ], [ 7.645489431455347, 45.089172661011901, 0.0 ], [ 7.645407399718843, 45.089122278058866, 0.0 ], [ 7.645187045705146, 45.089193514186263, 0.0 ], [ 7.644913015320057, 45.089058810246598, 0.0 ], [ 7.644884074162709, 45.089044550348866, 0.0 ], [ 7.644682028426804, 45.088945004902328, 0.0 ], [ 7.64462948204226, 45.08890369414646, 0.0 ], [ 7.644582076779748, 45.088877682569965, 0.0 ], [ 7.644523744156953, 45.088854216873514, 0.0 ], [ 7.644441729038985, 45.088833340327177, 0.0 ], [ 7.644433446141248, 45.088830045662426, 0.0 ], [ 7.644418590717972, 45.088819869154328, 0.0 ], [ 7.644396674048974, 45.088807311746478, 0.0 ], [ 7.644387647898107, 45.088799472074484, 0.0 ], [ 7.644366540094264, 45.088776393877261, 0.0 ], [ 7.644347149910848, 45.08876185102789, 0.0 ], [ 7.644316575045451, 45.088744627012233, 0.0 ], [ 7.644281405753272, 45.088726693234541, 0.0 ], [ 7.644244983836375, 45.088711830878765, 0.0 ], [ 7.644200172789106, 45.088696977124421, 0.0 ], [ 7.644179319598881, 45.088688887883066, 0.0 ], [ 7.644157898488533, 45.088681757270521, 0.0 ], [ 7.644108671647835, 45.088670450831977, 0.0 ], [ 7.644027815049251, 45.08864566330049, 0.0 ], [ 7.643988376437361, 45.088636382060876, 0.0 ], [ 7.643968534213107, 45.08862965640327, 0.0 ], [ 7.643850380102392, 45.088593093064198, 0.0 ], [ 7.643812716147264, 45.088585614620136, 0.0 ], [ 7.643719826512678, 45.088564024283869, 0.0 ], [ 7.643619284459257, 45.088538299442583, 0.0 ], [ 7.643533997464973, 45.088512910589998, 0.0 ], [ 7.64350398805517, 45.088501355827503, 0.0 ], [ 7.643396904467949, 45.088480901136293, 0.0 ], [ 7.643331675957387, 45.088465983781148, 0.0 ], [ 7.643302087912736, 45.088459717729968, 0.0 ], [ 7.643107917693903, 45.088436175935421, 0.0 ], [ 7.643007516476635, 45.08841103000487, 0.0 ], [ 7.642963230602003, 45.088400852668293, 0.0 ], [ 7.64293677634052, 45.08839694754986, 0.0 ], [ 7.642876506469096, 45.08839527629975, 0.0 ], [ 7.642845984220494, 45.088391024867981, 0.0 ], [ 7.642811109243268, 45.088381554758477, 0.0 ], [ 7.642765720252426, 45.088369133726474, 0.0 ], [ 7.642729466647828, 45.088364840403486, 0.0 ], [ 7.642709581105202, 45.088363758654218, 0.0 ], [ 7.642636873927314, 45.088364639959103, 0.0 ], [ 7.642599490038413, 45.088363997241082, 0.0 ], [ 7.642571767557784, 45.08836063526833, 0.0 ], [ 7.642439934846588, 45.088330297364138, 0.0 ], [ 7.642383703652534, 45.088319070822273, 0.0 ], [ 7.642357440588118, 45.088315192746862, 0.0 ], [ 7.642279657510636, 45.088306148707645, 0.0 ], [ 7.642151884180419, 45.08830569121131, 0.0 ], [ 7.642025609828, 45.088296061308334, 0.0 ], [ 7.641944434039893, 45.088280027977952, 0.0 ], [ 7.641891496416425, 45.088266093661169, 0.0 ], [ 7.641820934657598, 45.088263867471738, 0.0 ], [ 7.641740083206152, 45.088266326253887, 0.0 ], [ 7.641672849070628, 45.088263078184333, 0.0 ], [ 7.641541516428565, 45.088236400669359, 0.0 ], [ 7.641359266167763, 45.088212295408709, 0.0 ], [ 7.641313687258873, 45.088214399724329, 0.0 ], [ 7.641226190336436, 45.08822482673839, 0.0 ], [ 7.641212482255215, 45.088225221472818, 0.0 ], [ 7.641176141218057, 45.088222467504686, 0.0 ], [ 7.641137147774293, 45.088135496821771, 0.0 ], [ 7.641153424037976, 45.088135510748451, 0.0 ], [ 7.641147946999185, 45.088121105752052, 0.0 ], [ 7.641106680800134, 45.088121297952682, 0.0 ], [ 7.641067617504428, 45.08812134610077, 0.0 ], [ 7.64107230657019, 45.088132104809581, 0.0 ], [ 7.641088855659579, 45.088132419936684, 0.0 ], [ 7.641126282639412, 45.088218569627806, 0.0 ], [ 7.641102422260385, 45.0882226244386, 0.0 ], [ 7.641086187641246, 45.088224060875554, 0.0 ], [ 7.64105259404347, 45.088224939348365, 0.0 ], [ 7.64099946218439, 45.088225000711702, 0.0 ], [ 7.640960076558217, 45.08822904187911, 0.0 ], [ 7.640919918059935, 45.088230741445742, 0.0 ], [ 7.64090508002326, 45.088233824570068, 0.0 ], [ 7.640881602455266, 45.088241088377998, 0.0 ], [ 7.640873200841672, 45.088244886106523, 0.0 ], [ 7.640861291250156, 45.088256797062833, 0.0 ], [ 7.64084811524694, 45.088265830776244, 0.0 ], [ 7.640837741296203, 45.088271450651064, 0.0 ], [ 7.640826544542972, 45.088276322209445, 0.0 ], [ 7.640819116626102, 45.088278764058657, 0.0 ], [ 7.640811307513323, 45.088280137735694, 0.0 ], [ 7.640777248633588, 45.088281820653819, 0.0 ], [ 7.640744940799221, 45.088284731578405, 0.0 ], [ 7.640735825083667, 45.088286054378337, 0.0 ], [ 7.640724919498158, 45.088290938448786, 0.0 ], [ 7.640608977831238, 45.088288837833787, 0.0 ], [ 7.640574660876956, 45.088288546567568, 0.0 ], [ 7.640571558473893, 45.088276302516412, 0.0 ], [ 7.640535966410281, 45.088273043782507, 0.0 ], [ 7.64052094793972, 45.088272442061744, 0.0 ], [ 7.640496287235118, 45.088272858906841, 0.0 ], [ 7.640471369902236, 45.088272184152721, 0.0 ], [ 7.640332852179934, 45.088278952028965, 0.0 ], [ 7.640283527717224, 45.088280318092565, 0.0 ], [ 7.640248267646267, 45.088282409920261, 0.0 ], [ 7.640141473098573, 45.088292129051055, 0.0 ], [ 7.640072849073631, 45.088297136198186, 0.0 ], [ 7.640008290681116, 45.088302668527724, 0.0 ], [ 7.639818730998817, 45.088324850289681, 0.0 ], [ 7.63979310207942, 45.088326362553104, 0.0 ], [ 7.63976739037142, 45.088326569299063, 0.0 ], [ 7.639713737696227, 45.088325597808229, 0.0 ], [ 7.639613343797402, 45.088330127047115, 0.0 ], [ 7.639554357544234, 45.088330612451976, 0.0 ], [ 7.639496924878195, 45.088335230052081, 0.0 ], [ 7.639369064014884, 45.088340529863352, 0.0 ], [ 7.639191420225302, 45.088355299361645, 0.0 ], [ 7.639154460062296, 45.088357191281041, 0.0 ], [ 7.639058739581493, 45.088360254309642, 0.0 ], [ 7.639039489109635, 45.0883618523862, 0.0 ], [ 7.639020370215905, 45.088364288807739, 0.0 ], [ 7.638979466087654, 45.088370677994384, 0.0 ], [ 7.638958693161871, 45.088373158536243, 0.0 ], [ 7.638937778906658, 45.088374726802897, 0.0 ], [ 7.638893812129753, 45.08837571600197, 0.0 ], [ 7.638826440003131, 45.088375668192405, 0.0 ], [ 7.638802529627539, 45.08837649027123, 0.0 ], [ 7.638778656236758, 45.088377934937292, 0.0 ], [ 7.638684111514968, 45.088386042762053, 0.0 ], [ 7.638544568981254, 45.088393173888321, 0.0 ], [ 7.638479489765307, 45.088393847811901, 0.0 ], [ 7.638444408357943, 45.088395355285542, 0.0 ], [ 7.638289401745784, 45.08841043903147, 0.0 ], [ 7.638114543669299, 45.088424485703854, 0.0 ], [ 7.637986918231187, 45.088432775274548, 0.0 ], [ 7.637960275853559, 45.088435238150112, 0.0 ], [ 7.637920121367401, 45.088441088459966, 0.0 ], [ 7.637898270374444, 45.088443473991873, 0.0 ], [ 7.637825571838466, 45.088446135473454, 0.0 ], [ 7.63765275269311, 45.088458376889783, 0.0 ], [ 7.63741434229842, 45.088471501238054, 0.0 ], [ 7.637195479917796, 45.088481266756645, 0.0 ], [ 7.63709965219347, 45.088484525642933, 0.0 ], [ 7.636893283854373, 45.088494763911754, 0.0 ], [ 7.636825880866924, 45.088495416397635, 0.0 ], [ 7.636656057350248, 45.088491724874103, 0.0 ], [ 7.636537697809254, 45.088490248272883, 0.0 ], [ 7.636471432789505, 45.088488529223909, 0.0 ], [ 7.63643994639521, 45.088486749549212, 0.0 ], [ 7.636340004723932, 45.088479210033839, 0.0 ], [ 7.636209285253419, 45.088467943952033, 0.0 ], [ 7.636070686216744, 45.088458322366257, 0.0 ], [ 7.636023127140872, 45.088453371150273, 0.0 ], [ 7.635946837584835, 45.088447220010245, 0.0 ], [ 7.635872825939035, 45.088439440584033, 0.0 ], [ 7.635643343050108, 45.088404239696061, 0.0 ], [ 7.635575744998843, 45.088393276979758, 0.0 ], [ 7.635447467876429, 45.088366459162543, 0.0 ], [ 7.635366547007739, 45.088352114514308, 0.0 ], [ 7.635342901353004, 45.08834721424352, 0.0 ], [ 7.635303602689979, 45.088336257662441, 0.0 ], [ 7.635373646036234, 45.088175154275994, 0.0 ], [ 7.635320035207275, 45.08816389987436, 0.0 ], [ 7.635249813275387, 45.088330348697468, 0.0 ], [ 7.635074168707498, 45.088294285903238, 0.0 ], [ 7.634677194696175, 45.088172500440486, 0.0 ], [ 7.634638514171037, 45.088156482796691, 0.0 ], [ 7.634577315566572, 45.088137314692787, 0.0 ], [ 7.634500225281299, 45.088111008709269, 0.0 ], [ 7.634445224624759, 45.088090304483742, 0.0 ], [ 7.634398281565021, 45.088071217559943, 0.0 ], [ 7.634304034027362, 45.088035928667914, 0.0 ], [ 7.634271194266355, 45.08802545378537, 0.0 ], [ 7.63425618747631, 45.088019620599276, 0.0 ], [ 7.634241755056032, 45.088013074776967, 0.0 ], [ 7.634213203651173, 45.087998016276963, 0.0 ], [ 7.634185315031357, 45.087985133265583, 0.0 ], [ 7.634115312111337, 45.087957290758958, 0.0 ], [ 7.634096169358901, 45.087949060294683, 0.0 ], [ 7.633972003752632, 45.087889485775996, 0.0 ], [ 7.633812440607061, 45.087808397862972, 0.0 ], [ 7.633720827246352, 45.087759655528856, 0.0 ], [ 7.633591913175141, 45.087681238337666, 0.0 ], [ 7.633549483238618, 45.087652537270422, 0.0 ], [ 7.633535556523632, 45.08764186648758, 0.0 ], [ 7.633502987799372, 45.087612562999773, 0.0 ], [ 7.633478764564495, 45.087586068043649, 0.0 ], [ 7.633438586098833, 45.087545971468238, 0.0 ], [ 7.63342520715421, 45.087533695248297, 0.0 ], [ 7.633346199436115, 45.087475867647292, 0.0 ], [ 7.633338188599613, 45.087467579203533, 0.0 ], [ 7.633330111177032, 45.087455141380417, 0.0 ], [ 7.63326445083097, 45.087394035789401, 0.0 ], [ 7.633251895288644, 45.087380229873787, 0.0 ], [ 7.633200103596458, 45.087316714245048, 0.0 ], [ 7.633115623503707, 45.087210310824631, 0.0 ], [ 7.633047826773492, 45.087131121744981, 0.0 ], [ 7.633032391322901, 45.0871069927367, 0.0 ], [ 7.633009344954187, 45.087076920132937, 0.0 ], [ 7.632977006144263, 45.087027366266831, 0.0 ], [ 7.632936343475967, 45.08696882738225, 0.0 ], [ 7.632928858750124, 45.086956549672941, 0.0 ], [ 7.632900016634627, 45.086897341773422, 0.0 ], [ 7.632856247114201, 45.086825190171929, 0.0 ], [ 7.632825975301516, 45.086764561445278, 0.0 ], [ 7.632820059433313, 45.086754282620447, 0.0 ], [ 7.632768168911772, 45.086681584116455, 0.0 ], [ 7.63274557690523, 45.08665278746323, 0.0 ], [ 7.632733709966088, 45.086639413557776, 0.0 ], [ 7.632720841433057, 45.086626468235508, 0.0 ], [ 7.632710140159302, 45.08661704133327, 0.0 ], [ 7.632698533773367, 45.086608124768532, 0.0 ], [ 7.632679346551899, 45.086595329276562, 0.0 ], [ 7.632658706443272, 45.086583794194283, 0.0 ], [ 7.632639452184728, 45.08657651439362, 0.0 ], [ 7.632630878815309, 45.086571505608134, 0.0 ], [ 7.632623160096831, 45.086565878112665, 0.0 ], [ 7.632604835431044, 45.086549428401099, 0.0 ], [ 7.632573673830813, 45.086513408310026, 0.0 ], [ 7.632565983081131, 45.086506609291028, 0.0 ], [ 7.632538199234406, 45.086488283076299, 0.0 ], [ 7.632495479173127, 45.08642219289684, 0.0 ], [ 7.632491073305055, 45.086407675335437, 0.0 ], [ 7.632491344882224, 45.086400018063884, 0.0 ], [ 7.632502986870137, 45.086362682138564, 0.0 ], [ 7.632502116056412, 45.08635864810087, 0.0 ], [ 7.632496468801217, 45.086351955959728, 0.0 ], [ 7.632376216216231, 45.086253279452556, 0.0 ], [ 7.632335060423437, 45.086223377863604, 0.0 ], [ 7.632253863901034, 45.086153576971434, 0.0 ], [ 7.63218840078468, 45.086105606667012, 0.0 ], [ 7.632094554795982, 45.086022223993908, 0.0 ], [ 7.632081029801045, 45.0860128528602, 0.0 ], [ 7.632039636096956, 45.08598872744065, 0.0 ], [ 7.631990851399387, 45.085971841173887, 0.0 ], [ 7.631973239742517, 45.085967040113154, 0.0 ], [ 7.631954262642795, 45.085962968910508, 0.0 ], [ 7.631934905318543, 45.085960045533405, 0.0 ], [ 7.631914941441753, 45.08595797792885, 0.0 ], [ 7.631874967435265, 45.085955726721998, 0.0 ], [ 7.631855040677257, 45.08595534397957, 0.0 ], [ 7.631820949379976, 45.085955834776264, 0.0 ], [ 7.631765759853242, 45.085950609688886, 0.0 ], [ 7.63171579933304, 45.085947851617753, 0.0 ], [ 7.631711943474674, 45.085948669362459, 0.0 ], [ 7.631707305110528, 45.085951287132012, 0.0 ], [ 7.631694657817709, 45.085959983808543, 0.0 ], [ 7.631686707788484, 45.085961427621754, 0.0 ], [ 7.631678940678457, 45.085958904806333, 0.0 ], [ 7.631664863851007, 45.085949760657051, 0.0 ], [ 7.631636019504806, 45.085939117808834, 0.0 ], [ 7.631569417151466, 45.085940921471753, 0.0 ], [ 7.631561435601697, 45.085937314784424, 0.0 ], [ 7.631557300283748, 45.085932169379141, 0.0 ], [ 7.631550406186774, 45.08588355938722, 0.0 ], [ 7.631544689038988, 45.085863794385126, 0.0 ], [ 7.63153938047062, 45.085837599492827, 0.0 ], [ 7.631526702821774, 45.085825726295795, 0.0 ], [ 7.631519143147457, 45.085821477152756, 0.0 ], [ 7.631506972362708, 45.085820845886843, 0.0 ], [ 7.631411555380222, 45.085850730655835, 0.0 ], [ 7.631262989095762, 45.085897416176707, 0.0 ], [ 7.631128436496599, 45.085943700325444, 0.0 ], [ 7.631058115921454, 45.085969295582338, 0.0 ], [ 7.630891475471645, 45.08603915846507, 0.0 ], [ 7.630824356119606, 45.086057779397024, 0.0 ], [ 7.63078183696411, 45.086072779428989, 0.0 ], [ 7.630764402570707, 45.086081347963166, 0.0 ], [ 7.630686623901682, 45.085957406771541, 0.0 ], [ 7.6306593253016, 45.085964496779475, 0.0 ], [ 7.630740093686327, 45.086094630152274, 0.0 ], [ 7.630710484322626, 45.086109668138576, 0.0 ], [ 7.630680113594586, 45.086128882699704, 0.0 ], [ 7.630649132851436, 45.086143238151209, 0.0 ], [ 7.630619637350725, 45.08615559552603, 0.0 ], [ 7.630606256048413, 45.086162527761225, 0.0 ], [ 7.630593746138232, 45.086170254247378, 0.0 ], [ 7.630568431095764, 45.086188511960366, 0.0 ], [ 7.630513184374408, 45.086222371099382, 0.0 ], [ 7.630463160243258, 45.086250964714857, 0.0 ], [ 7.630428592005029, 45.086276699038883, 0.0 ], [ 7.630331999250461, 45.086353100213287, 0.0 ], [ 7.630269785248017, 45.086395138414026, 0.0 ], [ 7.630242952705069, 45.086415637338902, 0.0 ], [ 7.630159412408582, 45.086481761899691, 0.0 ], [ 7.630083341931046, 45.086543185357172, 0.0 ], [ 7.630009229453083, 45.086599755112061, 0.0 ], [ 7.629912562448552, 45.086685524439311, 0.0 ], [ 7.629898821362757, 45.086699609280593, 0.0 ], [ 7.629886195606198, 45.086714230490358, 0.0 ], [ 7.629877520246153, 45.086726890011441, 0.0 ], [ 7.629867874968428, 45.086739079657072, 0.0 ], [ 7.629756956928147, 45.08683687546344, 0.0 ], [ 7.629682972476196, 45.086897577463013, 0.0 ], [ 7.629666434725213, 45.086912682839959, 0.0 ], [ 7.629633649302101, 45.086950995904523, 0.0 ], [ 7.629602780625611, 45.08698407582412, 0.0 ], [ 7.629532692545156, 45.087051396017699, 0.0 ], [ 7.62952002802376, 45.08706455733644, 0.0 ], [ 7.629508567029695, 45.087078282348763, 0.0 ], [ 7.62948093549451, 45.087120511032886, 0.0 ], [ 7.629458627260206, 45.087148995825068, 0.0 ], [ 7.629436355472658, 45.087179109330215, 0.0 ], [ 7.629398594807705, 45.0872236004247, 0.0 ], [ 7.629368083777006, 45.087261357500196, 0.0 ], [ 7.62935462314296, 45.087276399244303, 0.0 ], [ 7.629340194933499, 45.087290979738967, 0.0 ], [ 7.629311472489935, 45.087316649860668, 0.0 ], [ 7.629263912756338, 45.087366461448291, 0.0 ], [ 7.629234855537137, 45.08740077924034, 0.0 ], [ 7.629204225874767, 45.087431863698924, 0.0 ], [ 7.629195790048359, 45.087442942589824, 0.0 ], [ 7.62916760753996, 45.087495974802046, 0.0 ], [ 7.629157355213991, 45.087508625749628, 0.0 ], [ 7.629132034382444, 45.087537127287433, 0.0 ], [ 7.629119445841251, 45.087553890615759, 0.0 ], [ 7.629062090681993, 45.08764826803111, 0.0 ], [ 7.629054526748545, 45.087663751380092, 0.0 ], [ 7.629036852821732, 45.08770829559856, 0.0 ], [ 7.629028222002837, 45.087734494399434, 0.0 ], [ 7.629020254454715, 45.087768957121277, 0.0 ], [ 7.62901258114973, 45.0877907204381, 0.0 ], [ 7.62899434251045, 45.087835968769667, 0.0 ], [ 7.628976103170624, 45.087877050848689, 0.0 ], [ 7.628966835170021, 45.087894266984414, 0.0 ], [ 7.628948326633224, 45.087922715338067, 0.0 ], [ 7.628930611982295, 45.087951884121679, 0.0 ], [ 7.628903560056886, 45.087998063081116, 0.0 ], [ 7.628895801685639, 45.088013227121849, 0.0 ], [ 7.628889939560705, 45.088028802436227, 0.0 ], [ 7.628872404066852, 45.088088200228491, 0.0 ], [ 7.628718478709878, 45.088041604489653, 0.0 ], [ 7.628658242022913, 45.088153294427315, 0.0 ], [ 7.628602333027208, 45.088266243932466, 0.0 ], [ 7.62875223802989, 45.088312530732502, 0.0 ], [ 7.628715872717028, 45.088366050034807, 0.0 ], [ 7.628711647300381, 45.088375864511008, 0.0 ], [ 7.628710242998484, 45.088386226797446, 0.0 ], [ 7.628710129006224, 45.088407470040416, 0.0 ], [ 7.628707477135929, 45.088421111033732, 0.0 ], [ 7.628697055974808, 45.088436531970544, 0.0 ], [ 7.628684803020841, 45.088451598550442, 0.0 ], [ 7.62868040074068, 45.088462392578279, 0.0 ], [ 7.628672704600013, 45.088524843568202, 0.0 ], [ 7.628670893778676, 45.088562341078337, 0.0 ], [ 7.628667915250154, 45.088574700337347, 0.0 ], [ 7.628661262364923, 45.088589338348577, 0.0 ], [ 7.628591256552427, 45.088700389741909, 0.0 ], [ 7.628483858083437, 45.088854677045077, 0.0 ], [ 7.628451851685105, 45.08890231644169, 0.0 ], [ 7.628418052905872, 45.088960529889178, 0.0 ], [ 7.628385935005002, 45.089019231262093, 0.0 ], [ 7.628331950988273, 45.089111173760507, 0.0 ], [ 7.628297567185331, 45.08916409593224, 0.0 ], [ 7.628258284114603, 45.089215267566466, 0.0 ], [ 7.628160122894943, 45.089328067417853, 0.0 ], [ 7.628023633320087, 45.089489854563062, 0.0 ], [ 7.62777742208382, 45.089748899597055, 0.0 ], [ 7.627577240639743, 45.089953057048227, 0.0 ], [ 7.627339373695065, 45.090190885711536, 0.0 ], [ 7.627042419200881, 45.090466621181186, 0.0 ], [ 7.626983763110369, 45.090513705171531, 0.0 ], [ 7.626770220054856, 45.09065099813143, 0.0 ], [ 7.626735958531365, 45.090672261315014, 0.0 ], [ 7.626667965759306, 45.090711196057256, 0.0 ], [ 7.626491449915377, 45.090803103823347, 0.0 ], [ 7.62647407005815, 45.09081400292775, 0.0 ], [ 7.625941423915146, 45.091174694600944, 0.0 ], [ 7.625772571808292, 45.09126105879016, 0.0 ], [ 7.625609320083684, 45.091348705911457, 0.0 ], [ 7.625038256884511, 45.091602971917695, 0.0 ], [ 7.624834008161405, 45.091669357370542, 0.0 ], [ 7.624703769324332, 45.091704569092173, 0.0 ], [ 7.624485693231431, 45.091755584528102, 0.0 ], [ 7.62431886051742, 45.091780497928802, 0.0 ], [ 7.624217345171508, 45.091816678194675, 0.0 ], [ 7.624108200396014, 45.091834968575263, 0.0 ], [ 7.623911915357666, 45.091865423798303, 0.0 ], [ 7.623770066826265, 45.091891402716939, 0.0 ], [ 7.623689569335612, 45.091909030926608, 0.0 ], [ 7.623532984911868, 45.091940511894983, 0.0 ], [ 7.62326787297489, 45.092012741890805, 0.0 ], [ 7.623134225868112, 45.092060135948252, 0.0 ], [ 7.62287041930272, 45.092159952370992, 0.0 ], [ 7.622665260264164, 45.09226882936192, 0.0 ], [ 7.62253237124964, 45.092369754949729, 0.0 ], [ 7.622510122030141, 45.092382791706513, 0.0 ], [ 7.622479175034214, 45.092402455350452, 0.0 ], [ 7.622466658224128, 45.092414034658681, 0.0 ], [ 7.622455821583166, 45.092426641268055, 0.0 ], [ 7.622447100025078, 45.092434177550842, 0.0 ], [ 7.622427592661535, 45.092446356705963, 0.0 ], [ 7.62240697564016, 45.09245757520722, 0.0 ], [ 7.622391981190986, 45.092463912404213, 0.0 ], [ 7.622378120768689, 45.092471126775493, 0.0 ], [ 7.622333387382527, 45.092507044037227, 0.0 ], [ 7.622234440434911, 45.092584245298866, 0.0 ], [ 7.622198029974614, 45.092617023125868, 0.0 ], [ 7.62217072002796, 45.092632914349196, 0.0 ], [ 7.622142574438419, 45.092648093185623, 0.0 ], [ 7.622077616395551, 45.092689023341023, 0.0 ], [ 7.622058685687998, 45.092703638677655, 0.0 ], [ 7.622041987395505, 45.092719470010557, 0.0 ], [ 7.622039481045569, 45.092723822442515, 0.0 ], [ 7.622038212670556, 45.09273902945732, 0.0 ], [ 7.622033867331012, 45.092744279792164, 0.0 ], [ 7.622017029762543, 45.092751043877946, 0.0 ], [ 7.621988982462861, 45.092759554078704, 0.0 ], [ 7.621984111954548, 45.092763330087621, 0.0 ], [ 7.621981749253544, 45.092768593479626, 0.0 ], [ 7.621978876415716, 45.092780289116668, 0.0 ], [ 7.621973737065362, 45.092786312310103, 0.0 ], [ 7.621940017267909, 45.092802891359668, 0.0 ], [ 7.621917619094464, 45.09281530450432, 0.0 ], [ 7.621897566476123, 45.092829518674954, 0.0 ], [ 7.621868002689497, 45.092865034260747, 0.0 ], [ 7.62180611598307, 45.092929926968822, 0.0 ], [ 7.62179120313937, 45.092951837408172, 0.0 ], [ 7.621779040315237, 45.092974546727, 0.0 ], [ 7.62176993262727, 45.093036232590805, 0.0 ], [ 7.621769449790952, 45.093135012909478, 0.0 ], [ 7.621776653754184, 45.09321063232445, 0.0 ], [ 7.621790484803716, 45.093297603341334, 0.0 ], [ 7.621795655664285, 45.093370524867375, 0.0 ], [ 7.621805605865216, 45.093405994811661, 0.0 ], [ 7.621831614303002, 45.0934638123897, 0.0 ], [ 7.621860182175238, 45.093552545160364, 0.0 ], [ 7.621866567672469, 45.093581886861095, 0.0 ], [ 7.62186698082995, 45.093591126757104, 0.0 ], [ 7.621864818522745, 45.093600255423716, 0.0 ], [ 7.62182800355507, 45.093687839549865, 0.0 ], [ 7.621807245705043, 45.093729761239196, 0.0 ], [ 7.621803976529299, 45.093741027810324, 0.0 ], [ 7.621802828739305, 45.093766498141015, 0.0 ], [ 7.621804511555434, 45.093780544012837, 0.0 ], [ 7.621815498410839, 45.093819427919023, 0.0 ], [ 7.621818692713537, 45.093836146815001, 0.0 ], [ 7.621822034125788, 45.093863651433274, 0.0 ], [ 7.621821406680418, 45.09387434766122, 0.0 ], [ 7.62181507357753, 45.09389884482173, 0.0 ], [ 7.621798593111735, 45.093988591977556, 0.0 ], [ 7.62179415796004, 45.094026615070142, 0.0 ], [ 7.621787980747754, 45.094094747526235, 0.0 ], [ 7.621784551450265, 45.094105759952463, 0.0 ], [ 7.621777665128756, 45.094117351445433, 0.0 ], [ 7.621747994788474, 45.094149346071994, 0.0 ], [ 7.621726437019358, 45.094169636765024, 0.0 ], [ 7.621710401607148, 45.09418215292856, 0.0 ], [ 7.621577791582054, 45.094275503089655, 0.0 ], [ 7.62155547315437, 45.094289303604363, 0.0 ], [ 7.621531809481869, 45.094301997073593, 0.0 ], [ 7.621469301796838, 45.094333370621762, 0.0 ], [ 7.621377835359867, 45.094384206435713, 0.0 ], [ 7.621209115358302, 45.094472897357129, 0.0 ], [ 7.621131361141999, 45.094511476357944, 0.0 ], [ 7.621098076004275, 45.094530580701822, 0.0 ], [ 7.621058607559253, 45.094550438994702, 0.0 ], [ 7.62101777758788, 45.094568803789556, 0.0 ], [ 7.621007623347279, 45.094570319401747, 0.0 ], [ 7.620979917129422, 45.094583047251668, 0.0 ], [ 7.620943314127342, 45.094595855561025, 0.0 ], [ 7.620888303996962, 45.094612483715132, 0.0 ], [ 7.620796158700517, 45.094638077986829, 0.0 ], [ 7.620731095573696, 45.094657375715656, 0.0 ], [ 7.620711852315695, 45.094662202438613, 0.0 ], [ 7.620692201321042, 45.094666041651664, 0.0 ], [ 7.620607549072198, 45.09467978225576, 0.0 ], [ 7.620522390942565, 45.094692786767894, 0.0 ], [ 7.620502122197922, 45.094694828556833, 0.0 ], [ 7.620440543559662, 45.094698730365778, 0.0 ], [ 7.620399352614343, 45.09470042925544, 0.0 ], [ 7.620355807036037, 45.0947006493545, 0.0 ], [ 7.620312398602318, 45.09469777618861, 0.0 ], [ 7.620265695203853, 45.094691910014902, 0.0 ], [ 7.620148377905731, 45.094673560308578, 0.0 ], [ 7.620071078938971, 45.094659015405966, 0.0 ], [ 7.620041850284423, 45.094651576727586, 0.0 ], [ 7.620013852246997, 45.094642120736189, 0.0 ], [ 7.619893540455722, 45.094595549883714, 0.0 ], [ 7.619838097451901, 45.094577938615629, 0.0 ], [ 7.619787734754679, 45.094559956753763, 0.0 ], [ 7.619736619131459, 45.094546295466564, 0.0 ], [ 7.619693817370658, 45.094538864695998, 0.0 ], [ 7.619680675661605, 45.094534627898014, 0.0 ], [ 7.61966997947865, 45.094526531086629, 0.0 ], [ 7.619618127838692, 45.094550263246056, 0.0 ], [ 7.619597104545117, 45.094536210394757, 0.0 ], [ 7.619641996493931, 45.094507461281822, 0.0 ], [ 7.619628251263362, 45.094497204416889, 0.0 ], [ 7.619604324524873, 45.094462824574123, 0.0 ], [ 7.619597785170157, 45.094456255501726, 0.0 ], [ 7.619589442740137, 45.094450655363687, 0.0 ], [ 7.619570931020304, 45.094440429619127, 0.0 ], [ 7.619560045909065, 45.094432772901442, 0.0 ], [ 7.61954324328528, 45.094416034325704, 0.0 ], [ 7.61949777930872, 45.094380845290118, 0.0 ], [ 7.619478355209841, 45.09436258891364, 0.0 ], [ 7.619471181777397, 45.094350765091725, 0.0 ], [ 7.619465872388538, 45.094338466628471, 0.0 ], [ 7.619461546273456, 45.094331284949014, 0.0 ], [ 7.619442659851057, 45.094305573333237, 0.0 ], [ 7.619436404900383, 45.094295056081833, 0.0 ], [ 7.619434720502557, 45.094290065755892, 0.0 ], [ 7.619435169285169, 45.094285688052871, 0.0 ], [ 7.61943958531564, 45.094282851205087, 0.0 ], [ 7.619443940616063, 45.094282481396924, 0.0 ], [ 7.619203314050462, 45.094047858794198, 0.0 ], [ 7.61940750979775, 45.094575955985512, 0.0 ], [ 7.61945375940264, 45.094692988653371, 0.0 ], [ 7.619541643985436, 45.094922262276583, 0.0 ], [ 7.619629897450256, 45.095158408391136, 0.0 ], [ 7.618648912102628, 45.0967580508052, 0.0 ], [ 7.618152657354934, 45.097108810342206, 0.0 ], [ 7.617993405385112, 45.097220197282539, 0.0 ], [ 7.617839447275069, 45.097330189147961, 0.0 ], [ 7.615124888960342, 45.099248706685778, 0.0 ], [ 7.614754352487971, 45.099517613260382, 0.0 ], [ 7.614413606839305, 45.099765418650051, 0.0 ], [ 7.614226290028781, 45.100050605179902, 0.0 ], [ 7.613646397276043, 45.101765655355777, 0.0 ], [ 7.613660623330127, 45.101832224696771, 0.0 ], [ 7.613474417126247, 45.102305821153472, 0.0 ], [ 7.613333622700098, 45.102663901118568, 0.0 ], [ 7.612474048904534, 45.10516525730376, 0.0 ], [ 7.611781551785789, 45.107180269961411, 0.0 ] ] ] } },
{ "type": "Feature", "properties": { "ID_QUART": 23, "DENOM": "Mirafiori Sud", "neighborhood_name_clean": "mirafiori sud", "statistical_zone_clean": "23", "n_somministrazione": 86, "neighborhood_clean": "23 mirafiori sud", "total_population": 34188, "stores_per_1000_residents": 2.5155025155025155, "distance_to_nearest_metro": 2075.9453908557357, "normalized_population": 0.47598688206000245, "normalized_competition": 0.31639938306744608, "normalized_distance_to_metro": 0.65474708125319769, "retail_opportunity_score": -0.02749510339724455, "opportunity_level": "Medium Opportunity", "longitude": 7.6194438800527537, "latitude": 45.02274643837751 }, "geometry": { "type": "MultiPolygon", "coordinates": [ [ [ [ 7.57783087031078, 45.04186891641524, 0.0 ], [ 7.580309195382399, 45.044329125357855, 0.0 ], [ 7.581191583380322, 45.043965221282832, 0.0 ], [ 7.581231378598551, 45.044026766725906, 0.0 ], [ 7.581376440816677, 45.044011185814973, 0.0 ], [ 7.581647887001418, 45.043914134507752, 0.0 ], [ 7.582157453871676, 45.043751580661095, 0.0 ], [ 7.582213972220972, 45.043712440456368, 0.0 ], [ 7.582238168342295, 45.043667425834379, 0.0 ], [ 7.582240295547964, 45.043618832613959, 0.0 ], [ 7.582153903946329, 45.043107844665769, 0.0 ], [ 7.582197726168205, 45.043081014387816, 0.0 ], [ 7.582267766518758, 45.043066040790059, 0.0 ], [ 7.582495835332094, 45.042906668862727, 0.0 ], [ 7.582810016041548, 45.042725158938296, 0.0 ], [ 7.583009933079246, 45.042623363195872, 0.0 ], [ 7.583766906712993, 45.042187372583129, 0.0 ], [ 7.58391749887195, 45.042111564482099, 0.0 ], [ 7.585680792586706, 45.043871303642959, 0.0 ], [ 7.586708922453631, 45.04488333141137, 0.0 ], [ 7.58959692917514, 45.04353535769895, 0.0 ], [ 7.590415304614991, 45.043189963542694, 0.0 ], [ 7.591846041536597, 45.042521320923797, 0.0 ], [ 7.592572715311123, 45.042156786702286, 0.0 ], [ 7.592604081890097, 45.042017365686476, 0.0 ], [ 7.59261353516345, 45.04172455578172, 0.0 ], [ 7.592715610178142, 45.041619736678577, 0.0 ], [ 7.593074248139331, 45.041457145708989, 0.0 ], [ 7.594385047953239, 45.04086648703818, 0.0 ], [ 7.595238773686735, 45.040491311473403, 0.0 ], [ 7.596236581593394, 45.040070892315278, 0.0 ], [ 7.596732172510589, 45.039885965574392, 0.0 ], [ 7.596889965146436, 45.039854788163574, 0.0 ], [ 7.598172311522651, 45.039606713731516, 0.0 ], [ 7.598660486498733, 45.039387561783222, 0.0 ], [ 7.59904597718486, 45.039222715026746, 0.0 ], [ 7.599461999535713, 45.039044812109708, 0.0 ], [ 7.600034037979137, 45.038830823773871, 0.0 ], [ 7.603272451984962, 45.037273303027305, 0.0 ], [ 7.604466382597562, 45.036699038319867, 0.0 ], [ 7.604817200124484, 45.036522281802981, 0.0 ], [ 7.60516394564551, 45.036322339196794, 0.0 ], [ 7.606508243146459, 45.035661222892841, 0.0 ], [ 7.606543878113934, 45.035651952753497, 0.0 ], [ 7.607303611542686, 45.035454648276804, 0.0 ], [ 7.607409276208166, 45.035407588976447, 0.0 ], [ 7.607668919581378, 45.035350316372408, 0.0 ], [ 7.608126702147429, 45.035194099984217, 0.0 ], [ 7.6091293194389, 45.034836370034306, 0.0 ], [ 7.611608492545137, 45.0337797621467, 0.0 ], [ 7.611697865787876, 45.033744057770605, 0.0 ], [ 7.613782855751439, 45.032858244521243, 0.0 ], [ 7.615300118512589, 45.032338129886561, 0.0 ], [ 7.616507256854477, 45.031860264008984, 0.0 ], [ 7.617767744220632, 45.032435837902327, 0.0 ], [ 7.618986033869239, 45.03297080226519, 0.0 ], [ 7.621559873466874, 45.034119719147533, 0.0 ], [ 7.6240200076527, 45.03521003668768, 0.0 ], [ 7.624094012520702, 45.035242830960648, 0.0 ], [ 7.624696045692702, 45.03550208930826, 0.0 ], [ 7.624863121179635, 45.035672227829856, 0.0 ], [ 7.625764656637674, 45.035366587383322, 0.0 ], [ 7.62784601999536, 45.034660914736563, 0.0 ], [ 7.629633702030117, 45.034054768264191, 0.0 ], [ 7.630503996610632, 45.033759660174574, 0.0 ], [ 7.631574774635664, 45.033396564784809, 0.0 ], [ 7.633782433029857, 45.032647908881472, 0.0 ], [ 7.635657756155299, 45.03201142518337, 0.0 ], [ 7.637444841716833, 45.031405778835328, 0.0 ], [ 7.638605024849791, 45.031012258877162, 0.0 ], [ 7.639975488347022, 45.030547073312157, 0.0 ], [ 7.641641529223052, 45.029982236913526, 0.0 ], [ 7.64268086462233, 45.029627601937776, 0.0 ], [ 7.642761045389546, 45.029507650887609, 0.0 ], [ 7.641777773219637, 45.028602124215169, 0.0 ], [ 7.641073009491372, 45.02797671002206, 0.0 ], [ 7.640405856197563, 45.027387286897266, 0.0 ], [ 7.639722971923311, 45.026779398912367, 0.0 ], [ 7.638913105995142, 45.026036874582147, 0.0 ], [ 7.637618376939034, 45.024917541548163, 0.0 ], [ 7.637006565245914, 45.02434822066563, 0.0 ], [ 7.636644456959192, 45.024028906077447, 0.0 ], [ 7.636182446226681, 45.023605857454804, 0.0 ], [ 7.635980052326437, 45.023443019154584, 0.0 ], [ 7.635087989854245, 45.022887064227092, 0.0 ], [ 7.63602303822135, 45.022574226079172, 0.0 ], [ 7.637142832369202, 45.022182775480594, 0.0 ], [ 7.638403139020541, 45.021742175351925, 0.0 ], [ 7.638548416781506, 45.021691381861778, 0.0 ], [ 7.640004225878805, 45.021182411490436, 0.0 ], [ 7.640143394396932, 45.021133757886936, 0.0 ], [ 7.640371088435744, 45.020959862353266, 0.0 ], [ 7.640994690905478, 45.020483590862632, 0.0 ], [ 7.641790671819607, 45.019875662595879, 0.0 ], [ 7.643435188325602, 45.018619607422551, 0.0 ], [ 7.643604273916306, 45.018517311231953, 0.0 ], [ 7.644754152718359, 45.018233598092131, 0.0 ], [ 7.645632834335507, 45.01805154644213, 0.0 ], [ 7.646908850332623, 45.017787167277824, 0.0 ], [ 7.647921932942164, 45.017577246220029, 0.0 ], [ 7.648078963845869, 45.017573605236592, 0.0 ], [ 7.650696955939578, 45.017512851499454, 0.0 ], [ 7.651942979668398, 45.017496935060201, 0.0 ], [ 7.652940690567648, 45.017484178457366, 0.0 ], [ 7.654037741807483, 45.017470146666284, 0.0 ], [ 7.655305643825274, 45.01749160115952, 0.0 ], [ 7.656592944734849, 45.017481864368683, 0.0 ], [ 7.657854196003318, 45.017475189356816, 0.0 ], [ 7.658318483136877, 45.01754251641858, 0.0 ], [ 7.65844815085872, 45.017565419263384, 0.0 ], [ 7.658517668466721, 45.017365251108558, 0.0 ], [ 7.658894354806731, 45.016297009402244, 0.0 ], [ 7.65873646692239, 45.015928213452824, 0.0 ], [ 7.658195651720094, 45.014664978692842, 0.0 ], [ 7.657954542628665, 45.01412621091032, 0.0 ], [ 7.657483194880793, 45.013072964708364, 0.0 ], [ 7.657071941118258, 45.012063038332897, 0.0 ], [ 7.656722035034186, 45.011198076069867, 0.0 ], [ 7.656454242742485, 45.010536090430598, 0.0 ], [ 7.655770892327038, 45.008927186807945, 0.0 ], [ 7.655761009111748, 45.008906537384028, 0.0 ], [ 7.655745743493708, 45.00886253662879, 0.0 ], [ 7.655723156916081, 45.00879739542458, 0.0 ], [ 7.65550768425911, 45.008285524925419, 0.0 ], [ 7.655422649933041, 45.008083269507651, 0.0 ], [ 7.655114368915411, 45.007347015197766, 0.0 ], [ 7.654715956293558, 45.007588342279483, 0.0 ], [ 7.65470945013511, 45.007590902335025, 0.0 ], [ 7.654571993884694, 45.007669588963452, 0.0 ], [ 7.654468629451459, 45.007759929006419, 0.0 ], [ 7.65438901003317, 45.007829510358938, 0.0 ], [ 7.654273354162761, 45.007878432282233, 0.0 ], [ 7.654230368000983, 45.007896613553761, 0.0 ], [ 7.654186068398194, 45.007915030637839, 0.0 ], [ 7.654123947369086, 45.007940745679555, 0.0 ], [ 7.654054862799473, 45.007969575439013, 0.0 ], [ 7.654018278367327, 45.007985319451095, 0.0 ], [ 7.654006971923318, 45.007990174320412, 0.0 ], [ 7.653738416246287, 45.007985044995593, 0.0 ], [ 7.653615043110067, 45.007981492953014, 0.0 ], [ 7.653535077468311, 45.007985104853304, 0.0 ], [ 7.653507109614723, 45.007986783721201, 0.0 ], [ 7.653475040444494, 45.007989069886023, 0.0 ], [ 7.653430653196164, 45.007992228241633, 0.0 ], [ 7.653301061131101, 45.007965466695339, 0.0 ], [ 7.652557998683387, 45.008097535692194, 0.0 ], [ 7.652502026867237, 45.008196416661406, 0.0 ], [ 7.652476451237603, 45.008242682181276, 0.0 ], [ 7.652468540219541, 45.008256990867487, 0.0 ], [ 7.652462893442329, 45.008299736871585, 0.0 ], [ 7.652455568124718, 45.008355129946395, 0.0 ], [ 7.652449830609777, 45.008398478019956, 0.0 ], [ 7.652441314933442, 45.008462848021352, 0.0 ], [ 7.652440188269202, 45.008471396438352, 0.0 ], [ 7.652432335319835, 45.008530886638731, 0.0 ], [ 7.652424344479115, 45.008591274942155, 0.0 ], [ 7.652413271217194, 45.008675015358321, 0.0 ], [ 7.65240436820667, 45.0087423702279, 0.0 ], [ 7.652325434148512, 45.008822653113768, 0.0 ], [ 7.652285954268081, 45.008862794610536, 0.0 ], [ 7.652243066892361, 45.008906396540951, 0.0 ], [ 7.65220746843602, 45.008923926618969, 0.0 ], [ 7.652089096385859, 45.008946176412536, 0.0 ], [ 7.651918847659888, 45.008932231007933, 0.0 ], [ 7.651724160158468, 45.008850067288208, 0.0 ], [ 7.651704181551148, 45.00884163056314, 0.0 ], [ 7.6516073200146, 45.008801049854988, 0.0 ], [ 7.651542395565222, 45.008790930397815, 0.0 ], [ 7.651453205962557, 45.008777148191356, 0.0 ], [ 7.651273638628794, 45.008749408335682, 0.0 ], [ 7.6512522070475, 45.008746095562934, 0.0 ], [ 7.651147482283389, 45.008675670221876, 0.0 ], [ 7.651020083855703, 45.008590006152836, 0.0 ], [ 7.650977485601502, 45.008561309197809, 0.0 ], [ 7.650936674553973, 45.008533786193532, 0.0 ], [ 7.650803148898037, 45.0084437473514, 0.0 ], [ 7.650669623671575, 45.008353707904028, 0.0 ], [ 7.650645539298674, 45.008337462687187, 0.0 ], [ 7.650605478021188, 45.008310452852804, 0.0 ], [ 7.650580713229769, 45.008299889127038, 0.0 ], [ 7.650547688905014, 45.00828670745058, 0.0 ], [ 7.650481415797997, 45.008259466589074, 0.0 ], [ 7.650433897476018, 45.008238236968111, 0.0 ], [ 7.650078704669608, 45.008080882100927, 0.0 ], [ 7.649802687764526, 45.007958613222584, 0.0 ], [ 7.649048147461723, 45.008036088304273, 0.0 ], [ 7.64815391349328, 45.00794757708708, 0.0 ], [ 7.647806616615663, 45.007890273016741, 0.0 ], [ 7.64766118594113, 45.007835628231206, 0.0 ], [ 7.647531854446011, 45.007811430647806, 0.0 ], [ 7.64746226601921, 45.0077633634682, 0.0 ], [ 7.646905968505111, 45.00759260641162, 0.0 ], [ 7.646487396978403, 45.007232604817823, 0.0 ], [ 7.646206704986625, 45.00710235942401, 0.0 ], [ 7.645941454112553, 45.007212493575437, 0.0 ], [ 7.645789727645078, 45.00716992468621, 0.0 ], [ 7.645619205503833, 45.007081746694453, 0.0 ], [ 7.645469942063404, 45.00702139127069, 0.0 ], [ 7.645366340607151, 45.007010809036245, 0.0 ], [ 7.644738253405702, 45.007041659241509, 0.0 ], [ 7.644589893778654, 45.007082883011172, 0.0 ], [ 7.644548898280581, 45.007074123559896, 0.0 ], [ 7.64438786578591, 45.006827963946655, 0.0 ], [ 7.643846826590986, 45.006945405001488, 0.0 ], [ 7.642682633456404, 45.007007602662405, 0.0 ], [ 7.642653581818716, 45.00703039134595, 0.0 ], [ 7.642632490255683, 45.007041213621669, 0.0 ], [ 7.642605342321882, 45.007050585094696, 0.0 ], [ 7.642577572328149, 45.007055647932425, 0.0 ], [ 7.642506967434831, 45.007063819479782, 0.0 ], [ 7.642466236177593, 45.00706531492628, 0.0 ], [ 7.642407514274613, 45.007070548582846, 0.0 ], [ 7.642374688850081, 45.00707472353082, 0.0 ], [ 7.642335684536705, 45.00707733843101, 0.0 ], [ 7.642311110220173, 45.007081438944603, 0.0 ], [ 7.64228161392317, 45.00708867595025, 0.0 ], [ 7.642257456497226, 45.007095528149463, 0.0 ], [ 7.642206468800609, 45.007105273083369, 0.0 ], [ 7.642176027615904, 45.007114867923434, 0.0 ], [ 7.642154323154339, 45.007124772223321, 0.0 ], [ 7.642132663786252, 45.007137603107893, 0.0 ], [ 7.642109583061986, 45.007147213461216, 0.0 ], [ 7.642086280078174, 45.007154992270671, 0.0 ], [ 7.642058243090585, 45.007165461064702, 0.0 ], [ 7.642032972548774, 45.007178546933481, 0.0 ], [ 7.642011340804877, 45.007192934881211, 0.0 ], [ 7.641964442099798, 45.007231004907162, 0.0 ], [ 7.641915261628094, 45.007263015905053, 0.0 ], [ 7.641875358330522, 45.007299934736267, 0.0 ], [ 7.641854078728944, 45.007315947898867, 0.0 ], [ 7.641825900409124, 45.007333471531716, 0.0 ], [ 7.641801551606105, 45.007350601483139, 0.0 ], [ 7.641793264561566, 45.007368883792523, 0.0 ], [ 7.641795847229744, 45.007383111436354, 0.0 ], [ 7.641785265705514, 45.007396415438357, 0.0 ], [ 7.641765500285588, 45.007412366447689, 0.0 ], [ 7.641747120010463, 45.007450162498387, 0.0 ], [ 7.641744731736287, 45.007465841584789, 0.0 ], [ 7.641747723438815, 45.007478912639634, 0.0 ], [ 7.641748717192795, 45.007495902084777, 0.0 ], [ 7.64174198033041, 45.007513032317888, 0.0 ], [ 7.641728415518179, 45.00752908333984, 0.0 ], [ 7.641712079537722, 45.007544903518635, 0.0 ], [ 7.641671764766365, 45.007572293448632, 0.0 ], [ 7.641660438452203, 45.007590261568708, 0.0 ], [ 7.6416460719092, 45.00760323345061, 0.0 ], [ 7.641612551603565, 45.00762722978132, 0.0 ], [ 7.641570896463914, 45.007652263159834, 0.0 ], [ 7.641546862032645, 45.007672097349356, 0.0 ], [ 7.641526647452546, 45.007685521732007, 0.0 ], [ 7.641505339983119, 45.007696871469065, 0.0 ], [ 7.641483332301509, 45.007705682574297, 0.0 ], [ 7.641470417019581, 45.007715718931898, 0.0 ], [ 7.641456246056579, 45.007730674609078, 0.0 ], [ 7.641434974741646, 45.007740493815525, 0.0 ], [ 7.641405876803894, 45.007749113231711, 0.0 ], [ 7.641359170928794, 45.007773618686883, 0.0 ], [ 7.641333684309299, 45.007784621623642, 0.0 ], [ 7.64131227364572, 45.007789588205434, 0.0 ], [ 7.641293206822691, 45.007791990793393, 0.0 ], [ 7.641276478777418, 45.007791638695849, 0.0 ], [ 7.641261920554629, 45.007796082305994, 0.0 ], [ 7.641248583630959, 45.007803053990187, 0.0 ], [ 7.641238773213245, 45.007810625044378, 0.0 ], [ 7.64120751873879, 45.007824600836919, 0.0 ], [ 7.64119029995074, 45.007823433717185, 0.0 ], [ 7.641135856548763, 45.00783713490042, 0.0 ], [ 7.641109006709238, 45.007841378331307, 0.0 ], [ 7.641085300428387, 45.007847299241291, 0.0 ], [ 7.641062122046332, 45.007857267749863, 0.0 ], [ 7.641045386817453, 45.007867960904683, 0.0 ], [ 7.641029657058191, 45.007879484702229, 0.0 ], [ 7.641009423436115, 45.007888415994614, 0.0 ], [ 7.640987801671209, 45.007895882225952, 0.0 ], [ 7.640973486832099, 45.007905524679998, 0.0 ], [ 7.640953804496167, 45.007916812150029, 0.0 ], [ 7.640924384100725, 45.007926724903285, 0.0 ], [ 7.640876868056518, 45.007940481244923, 0.0 ], [ 7.640853206881857, 45.007942900165332, 0.0 ], [ 7.640814189021268, 45.007966920026973, 0.0 ], [ 7.640796258877324, 45.007979310087222, 0.0 ], [ 7.640775133411069, 45.007992561387866, 0.0 ], [ 7.640753675106715, 45.008003827230091, 0.0 ], [ 7.640733657692897, 45.008013221101088, 0.0 ], [ 7.640713040672389, 45.008021707193556, 0.0 ], [ 7.640651280718394, 45.008039885816324, 0.0 ], [ 7.640434317827695, 45.008325126747501, 0.0 ], [ 7.640068596018461, 45.008505561697021, 0.0 ], [ 7.639688654639356, 45.008641644590789, 0.0 ], [ 7.639032795057044, 45.008876538217507, 0.0 ], [ 7.638215597239674, 45.008983791163224, 0.0 ], [ 7.637988850884592, 45.008918173038012, 0.0 ], [ 7.637393398456144, 45.008426788821446, 0.0 ], [ 7.637378608557791, 45.008436756611019, 0.0 ], [ 7.637370741690075, 45.008447374836372, 0.0 ], [ 7.637360453226665, 45.008453733115658, 0.0 ], [ 7.637349104908627, 45.008450627263336, 0.0 ], [ 7.637335435188131, 45.008443262659547, 0.0 ], [ 7.637321806627202, 45.008445440589938, 0.0 ], [ 7.637310912436416, 45.008455834767943, 0.0 ], [ 7.637292985275923, 45.008478746235824, 0.0 ], [ 7.637273910043113, 45.008480948362951, 0.0 ], [ 7.637255944843286, 45.008484065277209, 0.0 ], [ 7.637226680629307, 45.008503421366946, 0.0 ], [ 7.637212989717156, 45.008508658170769, 0.0 ], [ 7.637197065091483, 45.008516650825356, 0.0 ], [ 7.637155396719015, 45.008529295839978, 0.0 ], [ 7.637136708607263, 45.008536086350283, 0.0 ], [ 7.637121325172032, 45.008543194325412, 0.0 ], [ 7.637114372361438, 45.008547432043336, 0.0 ], [ 7.637108140933107, 45.00855869011869, 0.0 ], [ 7.637106987686893, 45.008570469764862, 0.0 ], [ 7.637108065685346, 45.008583796122245, 0.0 ], [ 7.63710695040295, 45.008615370314821, 0.0 ], [ 7.637102036945221, 45.008657152580675, 0.0 ], [ 7.637104192526436, 45.008727904812382, 0.0 ], [ 7.637103589740119, 45.008747963396026, 0.0 ], [ 7.637104610174899, 45.00879162455238, 0.0 ], [ 7.637101880136116, 45.008815709027715, 0.0 ], [ 7.637104830638519, 45.008857764013513, 0.0 ], [ 7.637114288033631, 45.008914841170835, 0.0 ], [ 7.63712771629989, 45.008921113007439, 0.0 ], [ 7.637140339496006, 45.008929275220197, 0.0 ], [ 7.637144680765821, 45.008944720276425, 0.0 ], [ 7.6371432017681, 45.008986274111784, 0.0 ], [ 7.637136880213244, 45.00899600152345, 0.0 ], [ 7.63715052018896, 45.009064532591395, 0.0 ], [ 7.637116996769401, 45.009075061472579, 0.0 ], [ 7.637103685160127, 45.009015670646939, 0.0 ], [ 7.63709179941404, 45.008992483068326, 0.0 ], [ 7.637074928403828, 45.008960145844213, 0.0 ], [ 7.637066362930969, 45.008887937850083, 0.0 ], [ 7.637073814188101, 45.008868042968786, 0.0 ], [ 7.637073162627271, 45.008852642855523, 0.0 ], [ 7.637076977371388, 45.008804168545346, 0.0 ], [ 7.637073858891578, 45.008764433105242, 0.0 ], [ 7.637073240648368, 45.00868349834164, 0.0 ], [ 7.637074357342898, 45.008663168320005, 0.0 ], [ 7.637074941449978, 45.008606463679676, 0.0 ], [ 7.637071787963782, 45.008568258314867, 0.0 ], [ 7.637066156982106, 45.00855414723172, 0.0 ], [ 7.637053464492277, 45.008554265607359, 0.0 ], [ 7.63703773704335, 45.008559299222163, 0.0 ], [ 7.637010961938581, 45.008570052615887, 0.0 ], [ 7.636924204829708, 45.008600432443068, 0.0 ], [ 7.636902214314413, 45.008607372314529, 0.0 ], [ 7.636877720105712, 45.008612841455211, 0.0 ], [ 7.636840625982122, 45.008625180977383, 0.0 ], [ 7.636822167250451, 45.008633062274491, 0.0 ], [ 7.636789917231726, 45.00864986996951, 0.0 ], [ 7.636749942097279, 45.008676668125332, 0.0 ], [ 7.636729774586396, 45.008687050700033, 0.0 ], [ 7.636706835357113, 45.008696497730803, 0.0 ], [ 7.636642346546414, 45.008718952796592, 0.0 ], [ 7.636600513465462, 45.00873852814756, 0.0 ], [ 7.636577984908233, 45.008757432896623, 0.0 ], [ 7.636532372095017, 45.008770480224776, 0.0 ], [ 7.636512791090331, 45.008777447886622, 0.0 ], [ 7.636472402939666, 45.008789658298987, 0.0 ], [ 7.636413725084936, 45.008802460362986, 0.0 ], [ 7.636360845401881, 45.008812153826263, 0.0 ], [ 7.63630276392234, 45.008827205265348, 0.0 ], [ 7.636247174201356, 45.008844094047952, 0.0 ], [ 7.63622409170612, 45.008854837926627, 0.0 ], [ 7.636163882443213, 45.008873931465139, 0.0 ], [ 7.636135528569779, 45.008882098822042, 0.0 ], [ 7.636033138817659, 45.008898573401773, 0.0 ], [ 7.635913352734356, 45.008919143116124, 0.0 ], [ 7.635836502370218, 45.008937885992928, 0.0 ], [ 7.635784105159964, 45.008953435244962, 0.0 ], [ 7.63575695400888, 45.008963985973558, 0.0 ], [ 7.635736622045255, 45.008970475419829, 0.0 ], [ 7.635713756335849, 45.008981626596402, 0.0 ], [ 7.635684291932519, 45.009004031376996, 0.0 ], [ 7.635655653191483, 45.009029056459049, 0.0 ], [ 7.635623047332386, 45.009050154011931, 0.0 ], [ 7.635575135072378, 45.009084750735148, 0.0 ], [ 7.63554025563346, 45.009100061366766, 0.0 ], [ 7.635525440144852, 45.009104016211687, 0.0 ], [ 7.635519231638613, 45.009114293236102, 0.0 ], [ 7.635517382047786, 45.009128125730541, 0.0 ], [ 7.635517127372198, 45.009159629135809, 0.0 ], [ 7.63551258321494, 45.009196023240385, 0.0 ], [ 7.635500882751615, 45.009239893285795, 0.0 ], [ 7.635475001747386, 45.009271702657415, 0.0 ], [ 7.635450601898321, 45.00928382483535, 0.0 ], [ 7.635404738777162, 45.009296202185709, 0.0 ], [ 7.635389300809363, 45.009321124137841, 0.0 ], [ 7.635383309865169, 45.009332935607219, 0.0 ], [ 7.635346194224861, 45.009346147853556, 0.0 ], [ 7.635303586249135, 45.009371086044609, 0.0 ], [ 7.635276982128354, 45.009379932031052, 0.0 ], [ 7.635217531871828, 45.009403851574596, 0.0 ], [ 7.635197356470087, 45.009413952588595, 0.0 ], [ 7.635176733077844, 45.009427461518285, 0.0 ], [ 7.635146183671049, 45.009442021406052, 0.0 ], [ 7.635102958002491, 45.00945608789344, 0.0 ], [ 7.635075704512694, 45.009473000560007, 0.0 ], [ 7.634942032385456, 45.009367674520497, 0.0 ], [ 7.634954931554098, 45.009357278728622, 0.0 ], [ 7.634975486974751, 45.009346632137373, 0.0 ], [ 7.634983042293459, 45.009343751576331, 0.0 ], [ 7.635000543724971, 45.009338919216916, 0.0 ], [ 7.6350134548572, 45.00931890997429, 0.0 ], [ 7.635020756841354, 45.009310624824302, 0.0 ], [ 7.635045039417289, 45.009303443746276, 0.0 ], [ 7.635053803465302, 45.009297698217175, 0.0 ], [ 7.635061768806575, 45.009293652493824, 0.0 ], [ 7.635100973621697, 45.009277917809051, 0.0 ], [ 7.635123441747531, 45.009266934070872, 0.0 ], [ 7.635134309063341, 45.009263472287103, 0.0 ], [ 7.635153419674521, 45.009265599794418, 0.0 ], [ 7.635159953910929, 45.009262977343838, 0.0 ], [ 7.635165923302283, 45.00925207486884, 0.0 ], [ 7.635193039315177, 45.009238284013179, 0.0 ], [ 7.635208534903782, 45.009232357659428, 0.0 ], [ 7.635241195550752, 45.009214312360079, 0.0 ], [ 7.635284132698883, 45.009180375377817, 0.0 ], [ 7.635299327635054, 45.009171572345466, 0.0 ], [ 7.635323215867114, 45.00915962430313, 0.0 ], [ 7.635358548088712, 45.009130547416994, 0.0 ], [ 7.635400035245224, 45.00911540818052, 0.0 ], [ 7.635415185066813, 45.009102724473351, 0.0 ], [ 7.635416190344987, 45.009081762374983, 0.0 ], [ 7.635439437824855, 45.009048572173626, 0.0 ], [ 7.635457020069843, 45.009034928594048, 0.0 ], [ 7.635497084207903, 45.008999606921435, 0.0 ], [ 7.635529185516373, 45.008973011255009, 0.0 ], [ 7.635568694065605, 45.008944524408946, 0.0 ], [ 7.635591481322005, 45.00893076369136, 0.0 ], [ 7.635629904525179, 45.008916396476643, 0.0 ], [ 7.635679786782633, 45.008899825141732, 0.0 ], [ 7.635697283282064, 45.008895192304919, 0.0 ], [ 7.635759133153728, 45.008872202268712, 0.0 ], [ 7.635777473466355, 45.008863967896467, 0.0 ], [ 7.635806675597372, 45.008852632496328, 0.0 ], [ 7.635858985196762, 45.008836010388109, 0.0 ], [ 7.635888714167618, 45.008829181276703, 0.0 ], [ 7.635916184202491, 45.008821246581071, 0.0 ], [ 7.635948725671569, 45.008814091069219, 0.0 ], [ 7.636006408589877, 45.008805265248363, 0.0 ], [ 7.636029379996796, 45.00879920213174, 0.0 ], [ 7.63605129366397, 45.008790155948844, 0.0 ], [ 7.636093768567608, 45.008769796955491, 0.0 ], [ 7.636117774414963, 45.008762937460084, 0.0 ], [ 7.636141139299371, 45.008756969129763, 0.0 ], [ 7.636187618259333, 45.008749628640231, 0.0 ], [ 7.636217122773098, 45.008746336370329, 0.0 ], [ 7.636285550901218, 45.008733829713442, 0.0 ], [ 7.636305394605645, 45.008731339433659, 0.0 ], [ 7.63633087970643, 45.0087215348303, 0.0 ], [ 7.636371977054096, 45.008695470189366, 0.0 ], [ 7.63640314341156, 45.008681619193148, 0.0 ], [ 7.636421679206872, 45.008675900141554, 0.0 ], [ 7.636436595177461, 45.008678328722937, 0.0 ], [ 7.636451409445011, 45.008674364235901, 0.0 ], [ 7.636466414115426, 45.008667701920437, 0.0 ], [ 7.636482926919856, 45.008656286816098, 0.0 ], [ 7.636502559783723, 45.008647158973858, 0.0 ], [ 7.636527759913377, 45.008633328168301, 0.0 ], [ 7.636551291009743, 45.008625596689029, 0.0 ], [ 7.636580755189175, 45.00861388567106, 0.0 ], [ 7.636608136943986, 45.008599090603539, 0.0 ], [ 7.636622357281782, 45.008588008089895, 0.0 ], [ 7.636690479192004, 45.008556864895361, 0.0 ], [ 7.636936970208581, 45.008458176841373, 0.0 ], [ 7.636966153534075, 45.008452943879412, 0.0 ], [ 7.636986551402383, 45.008443554758401, 0.0 ], [ 7.637011144967875, 45.008433947200032, 0.0 ], [ 7.637030701707458, 45.008427968097571, 0.0 ], [ 7.637128843974859, 45.008388361344025, 0.0 ], [ 7.637152630123272, 45.008380633690258, 0.0 ], [ 7.637164444978521, 45.008380054283897, 0.0 ], [ 7.637172811255915, 45.008385736366236, 0.0 ], [ 7.637183623866992, 45.008390005448163, 0.0 ], [ 7.637192542508533, 45.008388492193838, 0.0 ], [ 7.637196622601528, 45.008382328802185, 0.0 ], [ 7.637197745452648, 45.008367039069185, 0.0 ], [ 7.63720335513992, 45.008360624964212, 0.0 ], [ 7.637233767925816, 45.008346315560118, 0.0 ], [ 7.637277538612837, 45.008330688501054, 0.0 ], [ 7.637140247531027, 45.008216275154631, 0.0 ], [ 7.636696442444364, 45.00813271515473, 0.0 ], [ 7.636629814359893, 45.008141596627382, 0.0 ], [ 7.636373008337455, 45.008234398845893, 0.0 ], [ 7.634668606328489, 45.00949736196754, 0.0 ], [ 7.63470236622795, 45.009502968405336, 0.0 ], [ 7.634707323385959, 45.009497356697359, 0.0 ], [ 7.634705453826427, 45.009490582962179, 0.0 ], [ 7.634701718512163, 45.009487567420564, 0.0 ], [ 7.634701169763654, 45.009478559017388, 0.0 ], [ 7.634706508095446, 45.00947286266365, 0.0 ], [ 7.634714372169435, 45.009467734898863, 0.0 ], [ 7.634729626953654, 45.009455855821535, 0.0 ], [ 7.634737085015982, 45.009451804055679, 0.0 ], [ 7.634781221329496, 45.009436757395754, 0.0 ], [ 7.634809736405091, 45.009416935189606, 0.0 ], [ 7.63481960773514, 45.009412731600065, 0.0 ], [ 7.634843139754751, 45.009405091952402, 0.0 ], [ 7.634872603393453, 45.00939878202287, 0.0 ], [ 7.634881859621308, 45.009393761904612, 0.0 ], [ 7.634888139065711, 45.009385824974487, 0.0 ], [ 7.634891947526143, 45.009375068294482, 0.0 ], [ 7.634904534286611, 45.009372959705473, 0.0 ], [ 7.635045966070601, 45.009484509579011, 0.0 ], [ 7.635023205952074, 45.009490690941831, 0.0 ], [ 7.634976155955688, 45.009505431631531, 0.0 ], [ 7.634956158265553, 45.009508613089572, 0.0 ], [ 7.634945040306323, 45.009511902056531, 0.0 ], [ 7.634934512040525, 45.009516996176366, 0.0 ], [ 7.634912891860417, 45.009524390182833, 0.0 ], [ 7.634900189306404, 45.009530269739727, 0.0 ], [ 7.634869035423387, 45.009538267917101, 0.0 ], [ 7.634823255234393, 45.009553024630151, 0.0 ], [ 7.634776006725775, 45.0095708233995, 0.0 ], [ 7.634754646704745, 45.009583170593778, 0.0 ], [ 7.634742578437151, 45.009589057716788, 0.0 ], [ 7.634718358124217, 45.00959371914, 0.0 ], [ 7.634692315881959, 45.009605559341367, 0.0 ], [ 7.634671575811034, 45.009618544242713, 0.0 ], [ 7.634622641703591, 45.009632541839032, 0.0 ], [ 7.634596107678925, 45.00964374718631, 0.0 ], [ 7.634573219867416, 45.009650945752419, 0.0 ], [ 7.634555077316075, 45.009661531014892, 0.0 ], [ 7.634538156563405, 45.009674021362216, 0.0 ], [ 7.634530834012047, 45.009677714299492, 0.0 ], [ 7.634496058117737, 45.009688640846989, 0.0 ], [ 7.634471125622351, 45.009691223458553, 0.0 ], [ 7.634447679166674, 45.009700573858929, 0.0 ], [ 7.634426141736602, 45.009715170235843, 0.0 ], [ 7.634416766968629, 45.009719829368954, 0.0 ], [ 7.634402700327718, 45.009729652370936, 0.0 ], [ 7.634391839088404, 45.009732852886707, 0.0 ], [ 7.634380065859904, 45.009752966228227, 0.0 ], [ 7.634365163404399, 45.009766021794292, 0.0 ], [ 7.634359115833114, 45.009774860294009, 0.0 ], [ 7.634357779549047, 45.009783036078694, 0.0 ], [ 7.634345905434847, 45.009796757717588, 0.0 ], [ 7.634342163172686, 45.009804723603345, 0.0 ], [ 7.634318980015339, 45.009829742503662, 0.0 ], [ 7.634310089686362, 45.009835396356529, 0.0 ], [ 7.634280424710258, 45.009850164919854, 0.0 ], [ 7.634260689757609, 45.009858211207707, 0.0 ], [ 7.634231206034421, 45.009876041555962, 0.0 ], [ 7.634222740040808, 45.00987990192035, 0.0 ], [ 7.634193361894629, 45.009898633705681, 0.0 ], [ 7.634161184675767, 45.009923003886897, 0.0 ], [ 7.634152433486103, 45.009928120096298, 0.0 ], [ 7.634140400180038, 45.009932477079332, 0.0 ], [ 7.634101324292963, 45.009942811869955, 0.0 ], [ 7.634087476397735, 45.009954169301935, 0.0 ], [ 7.634062376410654, 45.009969081618493, 0.0 ], [ 7.634058849494605, 45.009967959931849, 0.0 ], [ 7.634051327004092, 45.009969400438919, 0.0 ], [ 7.634041982784267, 45.009972798380808, 0.0 ], [ 7.634020282422115, 45.009978209766707, 0.0 ], [ 7.634011068803348, 45.009981430408899, 0.0 ], [ 7.633986480385337, 45.009996169063328, 0.0 ], [ 7.63397674745995, 45.009999833582334, 0.0 ], [ 7.633958237419213, 45.010009784043007, 0.0 ], [ 7.63394180360539, 45.010012469115914, 0.0 ], [ 7.633923761627059, 45.010018733872336, 0.0 ], [ 7.633897801693876, 45.010032466711934, 0.0 ], [ 7.633883499272274, 45.010041567768091, 0.0 ], [ 7.633861384410354, 45.010053725545433, 0.0 ], [ 7.633838349882085, 45.010061821939672, 0.0 ], [ 7.633818419898663, 45.010067433780726, 0.0 ], [ 7.633799324699237, 45.010075306972077, 0.0 ], [ 7.633788181868181, 45.010084896364361, 0.0 ], [ 7.633780477148343, 45.010088764898626, 0.0 ], [ 7.633760656900845, 45.01008978791868, 0.0 ], [ 7.633753669655884, 45.010095374842159, 0.0 ], [ 7.633743111693803, 45.010107131579254, 0.0 ], [ 7.63373478761989, 45.010110362842589, 0.0 ], [ 7.633720730705723, 45.010114425694248, 0.0 ], [ 7.633697893133539, 45.010119552631885, 0.0 ], [ 7.633686259131619, 45.010123193925835, 0.0 ], [ 7.633615043221131, 45.010150968791827, 0.0 ], [ 7.633589629251926, 45.010162996929331, 0.0 ], [ 7.633579168998176, 45.010165301529007, 0.0 ], [ 7.633569244430904, 45.010161131937146, 0.0 ], [ 7.633565977209554, 45.010154431567692, 0.0 ], [ 7.633570834939732, 45.010147559005496, 0.0 ], [ 7.633560600043031, 45.010140414367264, 0.0 ], [ 7.633536594439366, 45.010146609055518, 0.0 ], [ 7.633528391739773, 45.010160733168711, 0.0 ], [ 7.633528346216916, 45.010167935002286, 0.0 ], [ 7.633510313435282, 45.010179150362958, 0.0 ], [ 7.633490334125949, 45.010186833157022, 0.0 ], [ 7.633480637925941, 45.010189058140817, 0.0 ], [ 7.633465681890446, 45.010188249297322, 0.0 ], [ 7.633448023476166, 45.010189117916966, 0.0 ], [ 7.633411932995354, 45.010196517773245, 0.0 ], [ 7.633399291355897, 45.01019987710437, 0.0 ], [ 7.633376908179055, 45.010207259876168, 0.0 ], [ 7.633358550618852, 45.010216133020585, 0.0 ], [ 7.63333756825158, 45.010228574577255, 0.0 ], [ 7.633315307001648, 45.01024685201979, 0.0 ], [ 7.633286258074696, 45.010257036214981, 0.0 ], [ 7.633257047888814, 45.010247324766752, 0.0 ], [ 7.633240863007337, 45.010244934466471, 0.0 ], [ 7.633208653696732, 45.01024395484626, 0.0 ], [ 7.633194406952073, 45.010245314808543, 0.0 ], [ 7.633187470791802, 45.010248831613602, 0.0 ], [ 7.633161028138294, 45.010266878756568, 0.0 ], [ 7.633156154938734, 45.010274291769832, 0.0 ], [ 7.633154318244928, 45.010287502671083, 0.0 ], [ 7.633146712610992, 45.01029254285951, 0.0 ], [ 7.633136828183671, 45.01029728544237, 0.0 ], [ 7.633077034076583, 45.010314303019179, 0.0 ], [ 7.633066517449253, 45.010318948371719, 0.0 ], [ 7.63304150120265, 45.010335662286273, 0.0 ], [ 7.633020388072592, 45.010348282889765, 0.0 ], [ 7.632948996164079, 45.010367412469044, 0.0 ], [ 7.632931409276135, 45.010375842867802, 0.0 ], [ 7.632892207442729, 45.010389839412532, 0.0 ], [ 7.632884665035184, 45.010391630531039, 0.0 ], [ 7.632875893287674, 45.010392237325192, 0.0 ], [ 7.632855480000582, 45.010400607156733, 0.0 ], [ 7.632821654554527, 45.010417351393457, 0.0 ], [ 7.632772191193728, 45.01043911069965, 0.0 ], [ 7.632752056186959, 45.010446944096479, 0.0 ], [ 7.632738662847175, 45.010458899533447, 0.0 ], [ 7.6327345848373, 45.010454808931534, 0.0 ], [ 7.632734235658407, 45.010448693189062, 0.0 ], [ 7.632738474335016, 45.010441739895072, 0.0 ], [ 7.632762763781312, 45.010416168100782, 0.0 ], [ 7.632750649494185, 45.010413323400506, 0.0 ], [ 7.63273719342873, 45.010412973457818, 0.0 ], [ 7.632688559137095, 45.010418025404022, 0.0 ], [ 7.632671063271329, 45.010416727348137, 0.0 ], [ 7.632643658014183, 45.010425644178817, 0.0 ], [ 7.632557055355051, 45.010445590262925, 0.0 ], [ 7.632512453041851, 45.010461384859077, 0.0 ], [ 7.632487370480066, 45.010468618756597, 0.0 ], [ 7.632430013433956, 45.010491444832972, 0.0 ], [ 7.632405323996622, 45.010503535720623, 0.0 ], [ 7.63238113335293, 45.010510600512013, 0.0 ], [ 7.632372756747806, 45.010515443046209, 0.0 ], [ 7.632367733273712, 45.010522835207667, 0.0 ], [ 7.632367660294764, 45.010530648003467, 0.0 ], [ 7.632356869537524, 45.01053033990059, 0.0 ], [ 7.6323348853405, 45.010526286577402, 0.0 ], [ 7.632299059284243, 45.01053168058835, 0.0 ], [ 7.632288293793911, 45.010535593865924, 0.0 ], [ 7.632283053486905, 45.010541904382926, 0.0 ], [ 7.632274666888491, 45.010546656681228, 0.0 ], [ 7.632261479962278, 45.010550981535289, 0.0 ], [ 7.63224960193979, 45.010553710972246, 0.0 ], [ 7.632239590276848, 45.010557894092614, 0.0 ], [ 7.632213289125931, 45.010573115824286, 0.0 ], [ 7.632115825442021, 45.010638831349603, 0.0 ], [ 7.632093451117591, 45.010649608683266, 0.0 ], [ 7.632054845502624, 45.010664044061848, 0.0 ], [ 7.632032373075979, 45.010673551890619, 0.0 ], [ 7.631995128247792, 45.010685311149871, 0.0 ], [ 7.631937118513632, 45.010698695791291, 0.0 ], [ 7.631916772184956, 45.010704725687781, 0.0 ], [ 7.631882325106087, 45.01071085696119, 0.0 ], [ 7.631849236584919, 45.010718535448795, 0.0 ], [ 7.631819461040329, 45.010720852066044, 0.0 ], [ 7.631783742399582, 45.010732450683456, 0.0 ], [ 7.631745099575031, 45.010743644758271, 0.0 ], [ 7.631732336168321, 45.010746184219748, 0.0 ], [ 7.631714107193648, 45.010748567624759, 0.0 ], [ 7.631655008327064, 45.010760317110382, 0.0 ], [ 7.631646817765327, 45.010762731142613, 0.0 ], [ 7.631642636620652, 45.01076726210497, 0.0 ], [ 7.631641785474883, 45.010771024708582, 0.0 ], [ 7.631643665761569, 45.010776798366308, 0.0 ], [ 7.631651855019109, 45.010779237071134, 0.0 ], [ 7.631651477034731, 45.01078390462331, 0.0 ], [ 7.63164452104705, 45.010787764778613, 0.0 ], [ 7.631627996284383, 45.010793129056566, 0.0 ], [ 7.631618172606709, 45.010794802644334, 0.0 ], [ 7.631610447796248, 45.010794170776535, 0.0 ], [ 7.631593289124102, 45.010789914320902, 0.0 ], [ 7.631586696161911, 45.010789654640135, 0.0 ], [ 7.631584874184342, 45.010795825872151, 0.0 ], [ 7.631577245951927, 45.010801216611618, 0.0 ], [ 7.631569273795904, 45.010805073640597, 0.0 ], [ 7.631544822502755, 45.010812405457614, 0.0 ], [ 7.63152233735256, 45.010812927041648, 0.0 ], [ 7.631497490711123, 45.010816033026302, 0.0 ], [ 7.6314640838302, 45.010821635986154, 0.0 ], [ 7.631452797288094, 45.010820781202028, 0.0 ], [ 7.631424948510633, 45.010812525081924, 0.0 ], [ 7.63141467463149, 45.01081230277935, 0.0 ], [ 7.631397155716465, 45.010816845938997, 0.0 ], [ 7.631383985540342, 45.010825312734816, 0.0 ], [ 7.63137786602521, 45.010831251783237, 0.0 ], [ 7.631369753125153, 45.010835737421274, 0.0 ], [ 7.631348139004537, 45.010841121710669, 0.0 ], [ 7.631328404386126, 45.010843307242119, 0.0 ], [ 7.631320024055363, 45.010843557266796, 0.0 ], [ 7.631309294916203, 45.010841088999676, 0.0 ], [ 7.631299661695255, 45.010840072441482, 0.0 ], [ 7.63128306465144, 45.01084372599685, 0.0 ], [ 7.631251853827903, 45.010857359067188, 0.0 ], [ 7.631233065602499, 45.010861886533618, 0.0 ], [ 7.63122165431183, 45.010861471719885, 0.0 ], [ 7.63118663845256, 45.010855190813942, 0.0 ], [ 7.631176186191695, 45.010856587860019, 0.0 ], [ 7.631167095075614, 45.010859530357621, 0.0 ], [ 7.631155207778368, 45.010857767705616, 0.0 ], [ 7.631127184212558, 45.010851490456282, 0.0 ], [ 7.631116169701986, 45.010849908066504, 0.0 ], [ 7.631094841888861, 45.01084488158957, 0.0 ], [ 7.631078295733144, 45.010836860501897, 0.0 ], [ 7.631054184961307, 45.010831531232604, 0.0 ], [ 7.631042780253606, 45.010830304593647, 0.0 ], [ 7.631041357271896, 45.010821843554417, 0.0 ], [ 7.631046827056682, 45.010816517988289, 0.0 ], [ 7.631044432449644, 45.010811007123174, 0.0 ], [ 7.631024704908482, 45.010812922360088, 0.0 ], [ 7.631015276746578, 45.010818731612886, 0.0 ], [ 7.631014143127484, 45.01082797162352, 0.0 ], [ 7.630996982480689, 45.010838722045428, 0.0 ], [ 7.630983797402434, 45.0108425070257, 0.0 ], [ 7.630960400966853, 45.010843927719122, 0.0 ], [ 7.630950447484492, 45.010845689802068, 0.0 ], [ 7.630918773795275, 45.010847722608403, 0.0 ], [ 7.630893381036214, 45.010847760020226, 0.0 ], [ 7.630881006372808, 45.010845180515446, 0.0 ], [ 7.630866067478983, 45.010843110917115, 0.0 ], [ 7.630806097581059, 45.010839755136146, 0.0 ], [ 7.630791092191932, 45.010840556444364, 0.0 ], [ 7.630782015680549, 45.010842778214766, 0.0 ], [ 7.63075627250493, 45.010846323379624, 0.0 ], [ 7.630715861826999, 45.010842759242976, 0.0 ], [ 7.630688844817714, 45.010836944048293, 0.0 ], [ 7.630657148256168, 45.010835195553867, 0.0 ], [ 7.630645251873427, 45.01083325252187, 0.0 ], [ 7.630618264389133, 45.010830939688162, 0.0 ], [ 7.630590175259204, 45.010827443125443, 0.0 ], [ 7.630516182495299, 45.010820948139632, 0.0 ], [ 7.630483787275592, 45.010816588925351, 0.0 ], [ 7.630433377078103, 45.010811925784409, 0.0 ], [ 7.630330706649816, 45.010800035175635, 0.0 ], [ 7.630311006459717, 45.010795928712376, 0.0 ], [ 7.63026635139498, 45.010789531899427, 0.0 ], [ 7.630250291165207, 45.010781777791344, 0.0 ], [ 7.630224885361876, 45.010772751023197, 0.0 ], [ 7.63019778242118, 45.010774747445311, 0.0 ], [ 7.630164718507193, 45.010781436352381, 0.0 ], [ 7.630134136651164, 45.010780780581555, 0.0 ], [ 7.630120247095532, 45.010777913399195, 0.0 ], [ 7.630098610394588, 45.010765151319205, 0.0 ], [ 7.630063279074256, 45.010756714536249, 0.0 ], [ 7.6300078331758, 45.010754672326108, 0.0 ], [ 7.629987487277865, 45.010760621283794, 0.0 ], [ 7.629967243385738, 45.010762881069631, 0.0 ], [ 7.629940319301068, 45.010768031126183, 0.0 ], [ 7.629925563600526, 45.010769015987243, 0.0 ], [ 7.629915665819011, 45.010763676341448, 0.0 ], [ 7.62990233807341, 45.010753632513868, 0.0 ], [ 7.629880633728512, 45.010748501221308, 0.0 ], [ 7.629838560959769, 45.010755081483779, 0.0 ], [ 7.629818523817861, 45.010749260180425, 0.0 ], [ 7.629800805700119, 45.010749892511541, 0.0 ], [ 7.629797761465517, 45.01074180866275, 0.0 ], [ 7.629774281726194, 45.010731813707821, 0.0 ], [ 7.629747848764591, 45.010718002807913, 0.0 ], [ 7.629721995210454, 45.010706449314952, 0.0 ], [ 7.629698075872396, 45.010703191392864, 0.0 ], [ 7.629658432903422, 45.010704219878761, 0.0 ], [ 7.62964873699622, 45.010701042983506, 0.0 ], [ 7.629639428692486, 45.010692748565283, 0.0 ], [ 7.629632945479617, 45.010683686126143, 0.0 ], [ 7.629628593379134, 45.010675091203964, 0.0 ], [ 7.629634664532536, 45.010666369158315, 0.0 ], [ 7.62963698786851, 45.010655163758713, 0.0 ], [ 7.629619421095858, 45.010632483202528, 0.0 ], [ 7.629605217887597, 45.010627272982617, 0.0 ], [ 7.629594171966875, 45.010631721483001, 0.0 ], [ 7.629592339548426, 45.010638883756677, 0.0 ], [ 7.629596959473098, 45.010656375513442, 0.0 ], [ 7.629593930587032, 45.010665233233972, 0.0 ], [ 7.629584653412466, 45.010670594994444, 0.0 ], [ 7.629572761803845, 45.010668561798951, 0.0 ], [ 7.629557462064225, 45.010661445671865, 0.0 ], [ 7.629514410862543, 45.010637191372794, 0.0 ], [ 7.629500201972196, 45.010626947648312, 0.0 ], [ 7.629473959034385, 45.010596611441898, 0.0 ], [ 7.629466215444293, 45.010581782740012, 0.0 ], [ 7.629453150341301, 45.010566700890955, 0.0 ], [ 7.629433603203637, 45.010547139029626, 0.0 ], [ 7.629428548152196, 45.010531353207874, 0.0 ], [ 7.629433457259497, 45.010503830637468, 0.0 ], [ 7.629444854115587, 45.010495801929721, 0.0 ], [ 7.629459171774666, 45.010496693746752, 0.0 ], [ 7.629472311920569, 45.010499101922846, 0.0 ], [ 7.629485509694789, 45.010499629368248, 0.0 ], [ 7.62948934392898, 45.010493752195451, 0.0 ], [ 7.629485458391052, 45.010486874032154, 0.0 ], [ 7.629486382513959, 45.010480592891739, 0.0 ], [ 7.629473934796621, 45.010461385668343, 0.0 ], [ 7.629464085281453, 45.010454615233591, 0.0 ], [ 7.62934372888452, 45.010405281511062, 0.0 ], [ 7.629016558921312, 45.010397545224762, 0.0 ], [ 7.628591054688283, 45.009664592370278, 0.0 ], [ 7.628459436241687, 45.009553935281474, 0.0 ], [ 7.627986951876448, 45.009157004079384, 0.0 ], [ 7.62790344022209, 45.008853555904125, 0.0 ], [ 7.627562712913504, 45.008367799563501, 0.0 ], [ 7.626509815320468, 45.00813950925231, 0.0 ], [ 7.625188716013953, 45.008120379057324, 0.0 ], [ 7.624152407176997, 45.008168066377479, 0.0 ], [ 7.623575062515427, 45.008258958622399, 0.0 ], [ 7.623548680540201, 45.008268496446831, 0.0 ], [ 7.623512443722154, 45.008277845735172, 0.0 ], [ 7.623472193959187, 45.008290467084187, 0.0 ], [ 7.623380277259641, 45.008308208062225, 0.0 ], [ 7.623338116702715, 45.008314793023509, 0.0 ], [ 7.623299348476795, 45.008323840944882, 0.0 ], [ 7.623256640506761, 45.008337873871227, 0.0 ], [ 7.623221845843052, 45.008351100199441, 0.0 ], [ 7.623184051001765, 45.008367793725462, 0.0 ], [ 7.623143352656895, 45.008383200211561, 0.0 ], [ 7.623104822377525, 45.008398803988186, 0.0 ], [ 7.623066385463413, 45.008415758248546, 0.0 ], [ 7.623025320079755, 45.008436463112929, 0.0 ], [ 7.622959840327713, 45.008461355893907, 0.0 ], [ 7.622893279938545, 45.008477961878093, 0.0 ], [ 7.622859717932659, 45.008487342764759, 0.0 ], [ 7.622827874649159, 45.008505016738681, 0.0 ], [ 7.622795931529499, 45.00853902639615, 0.0 ], [ 7.622788004780033, 45.008552136513224, 0.0 ], [ 7.622773435483318, 45.008566508638452, 0.0 ], [ 7.622749743296617, 45.008584000613638, 0.0 ], [ 7.622687010453621, 45.00861710002463, 0.0 ], [ 7.622647501886361, 45.00863638314523, 0.0 ], [ 7.622586490181723, 45.008661239497251, 0.0 ], [ 7.6225427227563, 45.008677138985782, 0.0 ], [ 7.62247821012303, 45.008704644543812, 0.0 ], [ 7.622421680072887, 45.008722011528043, 0.0 ], [ 7.622360224286646, 45.008743630703364, 0.0 ], [ 7.622295771958602, 45.008762783917895, 0.0 ], [ 7.622255947897914, 45.008773518590104, 0.0 ], [ 7.622220627574084, 45.008781626508835, 0.0 ], [ 7.622181388119795, 45.008794440262854, 0.0 ], [ 7.622142389100064, 45.008802044620261, 0.0 ], [ 7.6221002653097, 45.008812851558517, 0.0 ], [ 7.622023773106888, 45.008829706225008, 0.0 ], [ 7.621969743775255, 45.008837489122634, 0.0 ], [ 7.62191095008381, 45.008842874377791, 0.0 ], [ 7.621876701697525, 45.008848654557291, 0.0 ], [ 7.621846861345889, 45.00885691724902, 0.0 ], [ 7.621813669661182, 45.008872585021834, 0.0 ], [ 7.621712298489213, 45.008891291397433, 0.0 ], [ 7.621672890992531, 45.008900511719936, 0.0 ], [ 7.621632742479862, 45.008908371449024, 0.0 ], [ 7.621588000421198, 45.008911476460803, 0.0 ], [ 7.621499641943354, 45.008927837961373, 0.0 ], [ 7.621445346951901, 45.008934581376508, 0.0 ], [ 7.621412333905448, 45.008942770331821, 0.0 ], [ 7.621386151061486, 45.008950844316779, 0.0 ], [ 7.621355577486368, 45.008961647342005, 0.0 ], [ 7.621323144480396, 45.008971625530862, 0.0 ], [ 7.621300216509701, 45.008980439743475, 0.0 ], [ 7.62128202651028, 45.008994479068242, 0.0 ], [ 7.621266097356532, 45.009005142829039, 0.0 ], [ 7.621234860435601, 45.009020311947083, 0.0 ], [ 7.621186442575917, 45.009045958529029, 0.0 ], [ 7.621052627378761, 45.009089865310777, 0.0 ], [ 7.621012951288942, 45.009080132105829, 0.0 ], [ 7.621000260488032, 45.009071183933855, 0.0 ], [ 7.620985963190464, 45.0090583729163, 0.0 ], [ 7.620973518842091, 45.009049688535647, 0.0 ], [ 7.620946673299292, 45.009048374478198, 0.0 ], [ 7.620913030536906, 45.00905638542752, 0.0 ], [ 7.620884468623304, 45.009067381972827, 0.0 ], [ 7.620869204110961, 45.009077423848218, 0.0 ], [ 7.620854546372239, 45.009091758434352, 0.0 ], [ 7.62084405599268, 45.009105863063844, 0.0 ], [ 7.620825704296463, 45.009120702287277, 0.0 ], [ 7.620836608403083, 45.009154383965125, 0.0 ], [ 7.620826078353323, 45.009172773497767, 0.0 ], [ 7.620801633018289, 45.009188897543105, 0.0 ], [ 7.620775917434242, 45.0091943833418, 0.0 ], [ 7.620749667774998, 45.009197360914023, 0.0 ], [ 7.620723494959834, 45.009194983131152, 0.0 ], [ 7.620701267085252, 45.009198450760863, 0.0 ], [ 7.620670933532511, 45.009199164295318, 0.0 ], [ 7.620648452417404, 45.009205841988134, 0.0 ], [ 7.620629010408717, 45.009212809509229, 0.0 ], [ 7.620613314425837, 45.009220612884164, 0.0 ], [ 7.620594311095667, 45.009225712427956, 0.0 ], [ 7.620592746703571, 45.009237486033477, 0.0 ], [ 7.620597973113536, 45.009246560068604, 0.0 ], [ 7.620579633679998, 45.009268275757172, 0.0 ], [ 7.620578836378035, 45.009279870260698, 0.0 ], [ 7.6205805148657, 45.009296049025401, 0.0 ], [ 7.620576794096622, 45.009318436685483, 0.0 ], [ 7.620555414486895, 45.0093368210051, 0.0 ], [ 7.620519959965601, 45.009325607681404, 0.0 ], [ 7.620478316414452, 45.009303807162205, 0.0 ], [ 7.620427239026015, 45.009267362010831, 0.0 ], [ 7.62040901473365, 45.009251578330321, 0.0 ], [ 7.620174263832018, 45.009351489173469, 0.0 ], [ 7.619974808418833, 45.009449638137475, 0.0 ], [ 7.620094110346102, 45.009555672456401, 0.0 ], [ 7.620036637501306, 45.009563033370213, 0.0 ], [ 7.61997871831228, 45.009582147403215, 0.0 ], [ 7.619925640995188, 45.009610022914465, 0.0 ], [ 7.619864504281664, 45.009649505194822, 0.0 ], [ 7.619843974232328, 45.009663678110869, 0.0 ], [ 7.619809683196737, 45.009690205311955, 0.0 ], [ 7.619790289370782, 45.009704031516101, 0.0 ], [ 7.619767974592484, 45.009714321743907, 0.0 ], [ 7.619739764477198, 45.009721784457781, 0.0 ], [ 7.619716629067314, 45.009729193494451, 0.0 ], [ 7.619673402861045, 45.009748456905982, 0.0 ], [ 7.619644475248792, 45.009764076426244, 0.0 ], [ 7.619618018414912, 45.009777205473632, 0.0 ], [ 7.619586615802075, 45.009790201822426, 0.0 ], [ 7.619545855086171, 45.009802834624658, 0.0 ], [ 7.619505937400865, 45.009812153986978, 0.0 ], [ 7.619449142132574, 45.009832001304687, 0.0 ], [ 7.619420044938047, 45.009839903306357, 0.0 ], [ 7.619393075642389, 45.009848534240973, 0.0 ], [ 7.6193693757604, 45.00986258859799, 0.0 ], [ 7.619344582944388, 45.009875106485879, 0.0 ], [ 7.619284706804458, 45.009891693828806, 0.0 ], [ 7.61926354652086, 45.009900924760444, 0.0 ], [ 7.619231574954674, 45.009911665482448, 0.0 ], [ 7.619151287450334, 45.009942785163865, 0.0 ], [ 7.619115326724483, 45.009955818181616, 0.0 ], [ 7.619077982229538, 45.009966879677179, 0.0 ], [ 7.619006270571814, 45.009991118844354, 0.0 ], [ 7.61896537131765, 45.010002227419825, 0.0 ], [ 7.618931639511571, 45.010016032660914, 0.0 ], [ 7.618902300515712, 45.010031331861725, 0.0 ], [ 7.618868666450232, 45.010045769934756, 0.0 ], [ 7.618744237767705, 45.010096627667814, 0.0 ], [ 7.618683160980503, 45.010122436113996, 0.0 ], [ 7.618624678093369, 45.010150696623697, 0.0 ], [ 7.618574969148996, 45.010176190631334, 0.0 ], [ 7.618524460992175, 45.010203648289142, 0.0 ], [ 7.618497820911331, 45.010216998999311, 0.0 ], [ 7.618432918273561, 45.010243102893902, 0.0 ], [ 7.618408705725506, 45.010255232749167, 0.0 ], [ 7.618296649936234, 45.010306051328897, 0.0 ], [ 7.618274726727551, 45.010312168387145, 0.0 ], [ 7.618251998718642, 45.010320615365899, 0.0 ], [ 7.618215414325251, 45.010331055919302, 0.0 ], [ 7.618190746634426, 45.010353162845014, 0.0 ], [ 7.618169680516817, 45.010361091528736, 0.0 ], [ 7.618143559101926, 45.010367706561119, 0.0 ], [ 7.618120152872444, 45.010372634678603, 0.0 ], [ 7.618078868175987, 45.010377536147864, 0.0 ], [ 7.618057331732324, 45.010383388423769, 0.0 ], [ 7.618040062833208, 45.01039127247774, 0.0 ], [ 7.618019419399705, 45.010402725027099, 0.0 ], [ 7.617964446915795, 45.010420044351051, 0.0 ], [ 7.617928824964456, 45.010439138318588, 0.0 ], [ 7.617908425532778, 45.010451484928957, 0.0 ], [ 7.617829765691677, 45.010491914111398, 0.0 ], [ 7.617810968506862, 45.010500410394108, 0.0 ], [ 7.617787092194647, 45.010509114159845, 0.0 ], [ 7.617752779844545, 45.01052012136288, 0.0 ], [ 7.617723965643354, 45.010528414866968, 0.0 ], [ 7.617681703971487, 45.010550118970158, 0.0 ], [ 7.61765472214492, 45.01056184610114, 0.0 ], [ 7.617630479946738, 45.010569916000243, 0.0 ], [ 7.617603975894777, 45.010577066477587, 0.0 ], [ 7.617579447891843, 45.010586481823353, 0.0 ], [ 7.617554626122716, 45.010591763537576, 0.0 ], [ 7.617496489090693, 45.010597170768492, 0.0 ], [ 7.617472226824608, 45.0106002898317, 0.0 ], [ 7.61744761056509, 45.010608092533772, 0.0 ], [ 7.617421855369415, 45.010618394529331, 0.0 ], [ 7.6173721160592, 45.01063659606239, 0.0 ], [ 7.617346393860314, 45.010649239462218, 0.0 ], [ 7.617328317356195, 45.010661072989706, 0.0 ], [ 7.617314316939383, 45.010672867121428, 0.0 ], [ 7.617282409268835, 45.010694076104926, 0.0 ], [ 7.617266024739358, 45.010704221663332, 0.0 ], [ 7.617246014842535, 45.010711989993432, 0.0 ], [ 7.61722206633953, 45.010719972800388, 0.0 ], [ 7.617165698581902, 45.010734134159911, 0.0 ], [ 7.617139958885337, 45.010742275928322, 0.0 ], [ 7.617120544904813, 45.010751672961767, 0.0 ], [ 7.617094289241605, 45.010760617640507, 0.0 ], [ 7.617045675535183, 45.010779463878599, 0.0 ], [ 7.61702139932867, 45.010790053117425, 0.0 ], [ 7.616965808865283, 45.010808805765087, 0.0 ], [ 7.616942131409271, 45.010816079527821, 0.0 ], [ 7.616901784714927, 45.010824133972918, 0.0 ], [ 7.616863453190177, 45.010832933232393, 0.0 ], [ 7.616834749641499, 45.010838076755164, 0.0 ], [ 7.616805198952674, 45.010846351596605, 0.0 ], [ 7.616763439758762, 45.010865640729335, 0.0 ], [ 7.616723149586605, 45.010881977216826, 0.0 ], [ 7.616704729379151, 45.010892275987523, 0.0 ], [ 7.616669962790179, 45.01090579950673, 0.0 ], [ 7.616598031014246, 45.010927503741776, 0.0 ], [ 7.616576674909544, 45.010938497302931, 0.0 ], [ 7.616557017562524, 45.010947523158123, 0.0 ], [ 7.616538567592424, 45.010953780222408, 0.0 ], [ 7.616521810552503, 45.010958789024919, 0.0 ], [ 7.61649890596602, 45.010960311878414, 0.0 ], [ 7.616460417823309, 45.010954984638737, 0.0 ], [ 7.616442652830455, 45.010953870108686, 0.0 ], [ 7.616422674971001, 45.010955607721414, 0.0 ], [ 7.616405817204957, 45.010958914083609, 0.0 ], [ 7.616395162427954, 45.010963456607676, 0.0 ], [ 7.616388746112869, 45.010971211547499, 0.0 ], [ 7.61638147858671, 45.010982637055626, 0.0 ], [ 7.616375842089864, 45.010994801840141, 0.0 ], [ 7.616365460589092, 45.011009069478419, 0.0 ], [ 7.616358024245277, 45.011011679921083, 0.0 ], [ 7.616335512725014, 45.011012757412743, 0.0 ], [ 7.616311768100956, 45.011012290369187, 0.0 ], [ 7.616297655836344, 45.011012839324074, 0.0 ], [ 7.616276574247584, 45.011017705123933, 0.0 ], [ 7.616259730088685, 45.011020471881288, 0.0 ], [ 7.616245818277353, 45.011028494604645, 0.0 ], [ 7.616229201422648, 45.01103242511391, 0.0 ], [ 7.616221935784559, 45.01103854914885, 0.0 ], [ 7.616226633086031, 45.011048949585721, 0.0 ], [ 7.616221431240002, 45.011058968335107, 0.0 ], [ 7.616212592097527, 45.011062361881429, 0.0 ], [ 7.616189202429342, 45.011067749856856, 0.0 ], [ 7.616153206040013, 45.011069564073658, 0.0 ], [ 7.616135633203019, 45.011071601562811, 0.0 ], [ 7.61611838507683, 45.011070043154426, 0.0 ], [ 7.616099974678143, 45.011064688797731, 0.0 ], [ 7.616084407607177, 45.01106764986659, 0.0 ], [ 7.616044046473, 45.01108164468495, 0.0 ], [ 7.615968986563223, 45.01110151205264, 0.0 ], [ 7.615948051198457, 45.011105578545283, 0.0 ], [ 7.615918079047121, 45.011099724940912, 0.0 ], [ 7.615904062722548, 45.011106836662712, 0.0 ], [ 7.61585799753401, 45.011104657675197, 0.0 ], [ 7.615832765277266, 45.011108043561812, 0.0 ], [ 7.615808854618131, 45.011109194098111, 0.0 ], [ 7.615794638593719, 45.011103529648757, 0.0 ], [ 7.615786678493992, 45.011096771882535, 0.0 ], [ 7.615779760390799, 45.011088415200746, 0.0 ], [ 7.615774844374593, 45.011087096344831, 0.0 ], [ 7.615755171344568, 45.011096659808473, 0.0 ], [ 7.615746192533995, 45.01110015260187, 0.0 ], [ 7.615734957583333, 45.011102356971058, 0.0 ], [ 7.615719097252657, 45.011101803808103, 0.0 ], [ 7.615678696202845, 45.011091592211955, 0.0 ], [ 7.615633191799755, 45.011077187301872, 0.0 ], [ 7.615594556642968, 45.011062224932957, 0.0 ], [ 7.61555707912142, 45.011036494302822, 0.0 ], [ 7.615511084062181, 45.011011460047015, 0.0 ], [ 7.615461504287047, 45.010976670463009, 0.0 ], [ 7.61543346840003, 45.010954735157171, 0.0 ], [ 7.615406008491627, 45.010939918191326, 0.0 ], [ 7.61538798628023, 45.010928896543248, 0.0 ], [ 7.615365562647914, 45.010910990898822, 0.0 ], [ 7.615338441342261, 45.010892667395652, 0.0 ], [ 7.61531691532381, 45.010879632170841, 0.0 ], [ 7.615289700565344, 45.010864710833971, 0.0 ], [ 7.615228643134953, 45.010879605875573, 0.0 ], [ 7.614623817726294, 45.011115292757701, 0.0 ], [ 7.614367310617121, 45.011215242366454, 0.0 ], [ 7.613935723180874, 45.011133352810781, 0.0 ], [ 7.613409166921987, 45.010870993413413, 0.0 ], [ 7.611727047300028, 45.010288398708084, 0.0 ], [ 7.611706320879799, 45.010287489688359, 0.0 ], [ 7.611678086304042, 45.010284813984761, 0.0 ], [ 7.611649931382198, 45.010285102876821, 0.0 ], [ 7.611628304482912, 45.010289970697464, 0.0 ], [ 7.611609186076645, 45.010289746387997, 0.0 ], [ 7.611588050920437, 45.010294710289109, 0.0 ], [ 7.611478160368596, 45.010294031529831, 0.0 ], [ 7.611441223859671, 45.010297993180025, 0.0 ], [ 7.611370450926134, 45.010302732409912, 0.0 ], [ 7.611346009931387, 45.010303254308205, 0.0 ], [ 7.611318004903407, 45.01029850291436, 0.0 ], [ 7.611294294347607, 45.010305514285641, 0.0 ], [ 7.611270490332298, 45.010305405454062, 0.0 ], [ 7.611252497963102, 45.010311677191709, 0.0 ], [ 7.611229620337483, 45.01031517944913, 0.0 ], [ 7.611201136608392, 45.010315021384308, 0.0 ], [ 7.611177167783114, 45.010311220136359, 0.0 ], [ 7.61116612602713, 45.010318107091329, 0.0 ], [ 7.611159255566197, 45.010325134889683, 0.0 ], [ 7.611155945844076, 45.010326084020932, 0.0 ], [ 7.611146772987739, 45.010328592855942, 0.0 ], [ 7.611141743253885, 45.010326730404955, 0.0 ], [ 7.611127753710368, 45.010318008498707, 0.0 ], [ 7.611111384662995, 45.010313767624361, 0.0 ], [ 7.611088298720403, 45.010315377295356, 0.0 ], [ 7.61106710356391, 45.01031188869235, 0.0 ], [ 7.611034291337789, 45.010312758789667, 0.0 ], [ 7.611008334025066, 45.010318203221551, 0.0 ], [ 7.61092161747229, 45.010322621442342, 0.0 ], [ 7.610897726736449, 45.010318812029503, 0.0 ], [ 7.610871258995068, 45.010316509905671, 0.0 ], [ 7.610853191239106, 45.010318531504687, 0.0 ], [ 7.6108377913285, 45.010326166426829, 0.0 ], [ 7.610818283891155, 45.010324659878151, 0.0 ], [ 7.610799135291032, 45.010318846045642, 0.0 ], [ 7.610776497527602, 45.010320901236405, 0.0 ], [ 7.610755155900185, 45.010327114487801, 0.0 ], [ 7.610734321098645, 45.010328021547821, 0.0 ], [ 7.610711402001979, 45.010331785373154, 0.0 ], [ 7.610677481774033, 45.010333335137318, 0.0 ], [ 7.610629752232409, 45.010344978873306, 0.0 ], [ 7.610606616071498, 45.010346578779625, 0.0 ], [ 7.610583658234929, 45.010346110156121, 0.0 ], [ 7.610565288966528, 45.010355320004166, 0.0 ], [ 7.610551534073803, 45.01035218175209, 0.0 ], [ 7.610537528376009, 45.010343550591564, 0.0 ], [ 7.610518013318295, 45.010342412032465, 0.0 ], [ 7.6104907169738, 45.010342989110917, 0.0 ], [ 7.610406234392062, 45.010351529781303, 0.0 ], [ 7.610340761541127, 45.01036642417106, 0.0 ], [ 7.610330231342275, 45.010371607011692, 0.0 ], [ 7.610321057952635, 45.010383558197354, 0.0 ], [ 7.61031903163829, 45.01039441543935, 0.0 ], [ 7.610311639383898, 45.010400446995966, 0.0 ], [ 7.610317472609239, 45.010406459293876, 0.0 ], [ 7.610327458819038, 45.010408012158109, 0.0 ], [ 7.610331204520514, 45.010415799870415, 0.0 ], [ 7.610315517953494, 45.010424250817373, 0.0 ], [ 7.610284819254166, 45.01043432847996, 0.0 ], [ 7.610252541155845, 45.010440875831534, 0.0 ], [ 7.61022596038142, 45.010443351127243, 0.0 ], [ 7.610201963390948, 45.01043857715112, 0.0 ], [ 7.610175668355138, 45.010444387227828, 0.0 ], [ 7.610151129607026, 45.010451559895607, 0.0 ], [ 7.610095081324521, 45.010459815666444, 0.0 ], [ 7.610059572621431, 45.010479818702208, 0.0 ], [ 7.610044906879798, 45.010482799881011, 0.0 ], [ 7.610019481582251, 45.01049519167109, 0.0 ], [ 7.609999107347576, 45.010508536523659, 0.0 ], [ 7.609974815815384, 45.010521293484921, 0.0 ], [ 7.609959394852016, 45.010539738843683, 0.0 ], [ 7.609926610038884, 45.010551501273497, 0.0 ], [ 7.609859044108441, 45.010569519644157, 0.0 ], [ 7.609822567822234, 45.010576556870177, 0.0 ], [ 7.609794878372677, 45.010588020407823, 0.0 ], [ 7.609757917751279, 45.010594601624376, 0.0 ], [ 7.609724219016443, 45.010602211931683, 0.0 ], [ 7.609687979397198, 45.010610520313804, 0.0 ], [ 7.609631514052321, 45.010625423899256, 0.0 ], [ 7.609599026995367, 45.010635929693343, 0.0 ], [ 7.60957272932541, 45.010642369908808, 0.0 ], [ 7.60954390624684, 45.01065300995915, 0.0 ], [ 7.609521033467454, 45.010654270981895, 0.0 ], [ 7.609490951393373, 45.01065985411379, 0.0 ], [ 7.609457261908488, 45.010672776355527, 0.0 ], [ 7.609423859389691, 45.010689112185474, 0.0 ], [ 7.609383443692376, 45.010707362652212, 0.0 ], [ 7.609347293527302, 45.010722414339256, 0.0 ], [ 7.609309903970347, 45.010735740208183, 0.0 ], [ 7.609270400959678, 45.0107476905008, 0.0 ], [ 7.609230705320249, 45.010767650886095, 0.0 ], [ 7.609190567103579, 45.010789675656056, 0.0 ], [ 7.60916327885232, 45.010810767925953, 0.0 ], [ 7.609141558267394, 45.010832647520566, 0.0 ], [ 7.609116603416995, 45.01085169660108, 0.0 ], [ 7.609078242306004, 45.01087419306991, 0.0 ], [ 7.608980928764778, 45.010936309853449, 0.0 ], [ 7.60894380757756, 45.010954229447243, 0.0 ], [ 7.608878177504727, 45.010997007765909, 0.0 ], [ 7.608796398981506, 45.011030146424666, 0.0 ], [ 7.608765342028915, 45.01104444990559, 0.0 ], [ 7.60873974956899, 45.011058450919379, 0.0 ], [ 7.608704274083477, 45.011071801268976, 0.0 ], [ 7.608662577787819, 45.011090034517409, 0.0 ], [ 7.608619933861481, 45.011105907936916, 0.0 ], [ 7.608558252776557, 45.011126598630632, 0.0 ], [ 7.608492488806793, 45.011138327805163, 0.0 ], [ 7.608384041685559, 45.011161166246161, 0.0 ], [ 7.608338605692752, 45.011161351478933, 0.0 ], [ 7.608296513452809, 45.011164457311615, 0.0 ], [ 7.608269988947668, 45.011164592268536, 0.0 ], [ 7.608242652379437, 45.011166707416223, 0.0 ], [ 7.608210303963785, 45.011170913216411, 0.0 ], [ 7.608181829957211, 45.01117813665882, 0.0 ], [ 7.608163521676175, 45.011184854602703, 0.0 ], [ 7.608151531611468, 45.011194132762263, 0.0 ], [ 7.60813783215128, 45.011218558726441, 0.0 ], [ 7.608140344524856, 45.011235323806225, 0.0 ], [ 7.608144137975332, 45.011251565206187, 0.0 ], [ 7.608153619629957, 45.011264094535072, 0.0 ], [ 7.608169625742417, 45.011273912277645, 0.0 ], [ 7.608213793444003, 45.011289906813097, 0.0 ], [ 7.608218459351749, 45.011306788248888, 0.0 ], [ 7.608200360882629, 45.011310087332554, 0.0 ], [ 7.608191630143704, 45.011324742933937, 0.0 ], [ 7.608205558597084, 45.01133642627633, 0.0 ], [ 7.608228949440184, 45.011340564784724, 0.0 ], [ 7.608256522064505, 45.011339090977984, 0.0 ], [ 7.608290184029634, 45.011338321692229, 0.0 ], [ 7.608323781446396, 45.011350047321628, 0.0 ], [ 7.608335901959617, 45.011363688293301, 0.0 ], [ 7.608345448658548, 45.011378199437303, 0.0 ], [ 7.608344922204637, 45.0113894453198, 0.0 ], [ 7.608328144714047, 45.011406253319926, 0.0 ], [ 7.608305611307745, 45.011414441228887, 0.0 ], [ 7.608286598965779, 45.011434463642658, 0.0 ], [ 7.608264773076327, 45.011444828668196, 0.0 ], [ 7.608260065941833, 45.011455842923809, 0.0 ], [ 7.608257980972438, 45.011463279800338, 0.0 ], [ 7.608260594701818, 45.011475915137503, 0.0 ], [ 7.60825343038162, 45.011488781769806, 0.0 ], [ 7.608256338392297, 45.011526425701, 0.0 ], [ 7.608238565063635, 45.011526128923634, 0.0 ], [ 7.608235379946753, 45.011500452067715, 0.0 ], [ 7.608234289978106, 45.011482624378957, 0.0 ], [ 7.60823556848638, 45.011466527214026, 0.0 ], [ 7.608233972980482, 45.011453283486119, 0.0 ], [ 7.608234961022854, 45.01144393325432, 0.0 ], [ 7.608229638590824, 45.011427854345179, 0.0 ], [ 7.608223373014461, 45.011403671794, 0.0 ], [ 7.608212990641229, 45.011386450807919, 0.0 ], [ 7.608197898442275, 45.011370341565524, 0.0 ], [ 7.608181312081505, 45.011347293831719, 0.0 ], [ 7.608164915659011, 45.011322176810303, 0.0 ], [ 7.608149850360238, 45.011304457701144, 0.0 ], [ 7.608138836490149, 45.011287588087896, 0.0 ], [ 7.608131960023349, 45.011272840959634, 0.0 ], [ 7.608108298788501, 45.011248535106148, 0.0 ], [ 7.608097232598508, 45.011233826107421, 0.0 ], [ 7.608096626235891, 45.011221676194815, 0.0 ], [ 7.60809930086085, 45.011205604199688, 0.0 ], [ 7.608105828900557, 45.011192810420347, 0.0 ], [ 7.608122955894298, 45.01117672667862, 0.0 ], [ 7.608140695292975, 45.011167932017756, 0.0 ], [ 7.608173251625153, 45.0111603082538, 0.0 ], [ 7.608220465220293, 45.01115483375898, 0.0 ], [ 7.608267211582143, 45.011153494939272, 0.0 ], [ 7.608306117880896, 45.011150440396172, 0.0 ], [ 7.608350194941293, 45.011149249226968, 0.0 ], [ 7.608387653367406, 45.011143036328001, 0.0 ], [ 7.608460514946752, 45.011121851216963, 0.0 ], [ 7.608505314737013, 45.011111217769752, 0.0 ], [ 7.608579717435076, 45.011089231778968, 0.0 ], [ 7.608618545376092, 45.011073673670033, 0.0 ], [ 7.608679252331044, 45.011046047627097, 0.0 ], [ 7.608725796285182, 45.011031473268083, 0.0 ], [ 7.608762176504355, 45.011017955075481, 0.0 ], [ 7.60879782821443, 45.010997324783204, 0.0 ], [ 7.608867657232897, 45.010959270654006, 0.0 ], [ 7.608900508795878, 45.010939496890025, 0.0 ], [ 7.608930686782334, 45.010914299403652, 0.0 ], [ 7.608992498615381, 45.010871924632553, 0.0 ], [ 7.609026918537946, 45.010849749221549, 0.0 ], [ 7.60909757988761, 45.010814584501375, 0.0 ], [ 7.609132161800685, 45.010796182929305, 0.0 ], [ 7.60916192940335, 45.010777462341075, 0.0 ], [ 7.609191988514259, 45.010757114730978, 0.0 ], [ 7.609214594913349, 45.010740647472545, 0.0 ], [ 7.609285277797304, 45.010704582713807, 0.0 ], [ 7.609343288062072, 45.010682954885809, 0.0 ], [ 7.609403953076898, 45.01066225229787, 0.0 ], [ 7.609433541526487, 45.010650901184782, 0.0 ], [ 7.609443409839708, 45.010641659085799, 0.0 ], [ 7.609427662044331, 45.010631663543123, 0.0 ], [ 7.609414113512571, 45.010624667018881, 0.0 ], [ 7.609400523999592, 45.01062513998167, 0.0 ], [ 7.60938992879781, 45.010622400505525, 0.0 ], [ 7.609379870038119, 45.010618596215728, 0.0 ], [ 7.60936898856747, 45.010617293183472, 0.0 ], [ 7.609355891447251, 45.010623084038379, 0.0 ], [ 7.609344862767093, 45.010633032416742, 0.0 ], [ 7.609324798921132, 45.010638819473698, 0.0 ], [ 7.609305055457099, 45.010641918933253, 0.0 ], [ 7.609281832866919, 45.010641914122161, 0.0 ], [ 7.609259595351934, 45.01064786442047, 0.0 ], [ 7.609235096296581, 45.0106533361716, 0.0 ], [ 7.609211888028675, 45.010652792225379, 0.0 ], [ 7.60915129289496, 45.010665305155875, 0.0 ], [ 7.609097909974532, 45.010674034843831, 0.0 ], [ 7.609038220060723, 45.01068071614813, 0.0 ], [ 7.609020220407164, 45.010674564633824, 0.0 ], [ 7.609001687710647, 45.010679567908682, 0.0 ], [ 7.608990986387982, 45.010686459252732, 0.0 ], [ 7.608974925758955, 45.010694635131337, 0.0 ], [ 7.608966399184029, 45.010700922656163, 0.0 ], [ 7.608953697902452, 45.010706629083693, 0.0 ], [ 7.608926322590273, 45.010710354564367, 0.0 ], [ 7.608890027577404, 45.010720363221004, 0.0 ], [ 7.60885277774632, 45.010723168270374, 0.0 ], [ 7.608828103473714, 45.010720266269331, 0.0 ], [ 7.608803840601865, 45.010720699684427, 0.0 ], [ 7.608788861241617, 45.010726188158593, 0.0 ], [ 7.608774199041224, 45.010734211243673, 0.0 ], [ 7.608766550460832, 45.010746180428981, 0.0 ], [ 7.608751818159097, 45.010751852126319, 0.0 ], [ 7.608729854806431, 45.010752222981417, 0.0 ], [ 7.608707141955311, 45.010751595765498, 0.0 ], [ 7.608683299928034, 45.010756265328631, 0.0 ], [ 7.608634263573945, 45.010774130653729, 0.0 ], [ 7.608622378082677, 45.010777594713595, 0.0 ], [ 7.608602840585054, 45.010771605518137, 0.0 ], [ 7.608588390604499, 45.010776109218071, 0.0 ], [ 7.608581674127963, 45.010786199724912, 0.0 ], [ 7.608577296030226, 45.010799289151983, 0.0 ], [ 7.608566796698797, 45.010808432924669, 0.0 ], [ 7.608554139183129, 45.010812329511175, 0.0 ], [ 7.608504949002196, 45.010815087655807, 0.0 ], [ 7.608489126405539, 45.010818675790546, 0.0 ], [ 7.608471963292009, 45.010825136960086, 0.0 ], [ 7.608428752570991, 45.010833081058053, 0.0 ], [ 7.608370355917449, 45.010838698730289, 0.0 ], [ 7.608347151414974, 45.010848406699139, 0.0 ], [ 7.608329065375885, 45.010861608884319, 0.0 ], [ 7.608307235569428, 45.010872145032955, 0.0 ], [ 7.608288100310671, 45.01087896023369, 0.0 ], [ 7.608027492836144, 45.011117816274364, 0.0 ], [ 7.607536815469942, 45.011107205947155, 0.0 ], [ 7.607527006031306, 45.011108761263138, 0.0 ], [ 7.607500895789425, 45.011117984891008, 0.0 ], [ 7.607462993877702, 45.011137146045257, 0.0 ], [ 7.607444636422505, 45.01116158711698, 0.0 ], [ 7.607423187937043, 45.011172128652049, 0.0 ], [ 7.607399805650646, 45.011173462730149, 0.0 ], [ 7.607390923871964, 45.011183886741378, 0.0 ], [ 7.60736967091135, 45.011191548975653, 0.0 ], [ 7.60734540903034, 45.011203046476183, 0.0 ], [ 7.607301247903563, 45.011218711171423, 0.0 ], [ 7.607274730880896, 45.011223697834765, 0.0 ], [ 7.607241101628306, 45.011234179969101, 0.0 ], [ 7.607210350254552, 45.011241097366671, 0.0 ], [ 7.607187367534763, 45.011252069329657, 0.0 ], [ 7.607171518395227, 45.011261957792321, 0.0 ], [ 7.607150988697571, 45.011271249410825, 0.0 ], [ 7.607128460023604, 45.011284477360164, 0.0 ], [ 7.607105283201551, 45.01129310637009, 0.0 ], [ 7.607086724836786, 45.011304761687377, 0.0 ], [ 7.607005629004381, 45.011341671136073, 0.0 ], [ 7.606942926002287, 45.011363140451877, 0.0 ], [ 7.606915946041568, 45.01137676414556, 0.0 ], [ 7.60689695836484, 45.011390484435999, 0.0 ], [ 7.606852872475248, 45.011408221475442, 0.0 ], [ 7.606831358349297, 45.011421461744042, 0.0 ], [ 7.606809546118955, 45.011426145718787, 0.0 ], [ 7.6067864724603, 45.011426251344062, 0.0 ], [ 7.606768183531232, 45.011438847663776, 0.0 ], [ 7.606744155063104, 45.011447501980733, 0.0 ], [ 7.60671786635855, 45.011455597115905, 0.0 ], [ 7.60669919102937, 45.011462778097403, 0.0 ], [ 7.606659189656534, 45.011472255859879, 0.0 ], [ 7.606628034465935, 45.011476969786052, 0.0 ], [ 7.606578689918259, 45.01150588533897, 0.0 ], [ 7.606536277360614, 45.01152118392389, 0.0 ], [ 7.606474639732093, 45.011546797410489, 0.0 ], [ 7.606405266169324, 45.011587980464014, 0.0 ], [ 7.606382071366088, 45.011600894036732, 0.0 ], [ 7.60635971528455, 45.011615888988722, 0.0 ], [ 7.606337837609571, 45.011632608637491, 0.0 ], [ 7.606315982695217, 45.011653100004182, 0.0 ], [ 7.606280217002905, 45.011693611866853, 0.0 ], [ 7.606236356159858, 45.011728184580384, 0.0 ], [ 7.606213613169059, 45.011750230899906, 0.0 ], [ 7.606188588597949, 45.011766939728979, 0.0 ], [ 7.606164004967547, 45.011786443689807, 0.0 ], [ 7.606147029844657, 45.011806130630795, 0.0 ], [ 7.606132245456253, 45.011834845697038, 0.0 ], [ 7.606111011014598, 45.011857541173228, 0.0 ], [ 7.606086750527752, 45.011879299521389, 0.0 ], [ 7.606064220268464, 45.011908280456829, 0.0 ], [ 7.606044271139615, 45.011956376975654, 0.0 ], [ 7.606012166738136, 45.012008645799781, 0.0 ], [ 7.605994096652244, 45.012036780987053, 0.0 ], [ 7.605963522873878, 45.012078265371876, 0.0 ], [ 7.605952154548224, 45.012096940331737, 0.0 ], [ 7.605941651100576, 45.012106173919641, 0.0 ], [ 7.605947454681184, 45.012112817292618, 0.0 ], [ 7.60596846109174, 45.012110102872377, 0.0 ], [ 7.605989344867125, 45.012112337509137, 0.0 ], [ 7.605998505826326, 45.01212181116918, 0.0 ], [ 7.605966241559352, 45.012227729976523, 0.0 ], [ 7.605974865385379, 45.012259341691973, 0.0 ], [ 7.605974639378739, 45.012284362954709, 0.0 ], [ 7.60595848238128, 45.012343488174281, 0.0 ], [ 7.605915771165231, 45.012456300672895, 0.0 ], [ 7.605892618735519, 45.012484732869247, 0.0 ], [ 7.605855233062822, 45.012508761595278, 0.0 ], [ 7.605826840745791, 45.01253343986351, 0.0 ], [ 7.605806521061706, 45.012560197276102, 0.0 ], [ 7.605764300565913, 45.012595239923542, 0.0 ], [ 7.605713435091473, 45.012625585061151, 0.0 ], [ 7.605678465518848, 45.012628488913784, 0.0 ], [ 7.605628712679308, 45.012634002438915, 0.0 ], [ 7.60561446417214, 45.012661554373146, 0.0 ], [ 7.605613561504811, 45.012688278534533, 0.0 ], [ 7.605625262033622, 45.012697693579597, 0.0 ], [ 7.605638039704775, 45.01271504275946, 0.0 ], [ 7.605620297211277, 45.01272976833247, 0.0 ], [ 7.605583397669219, 45.01274417166384, 0.0 ], [ 7.605461319671579, 45.012797789431673, 0.0 ], [ 7.605324431925743, 45.012841973488804, 0.0 ], [ 7.605171181064159, 45.012885885050402, 0.0 ], [ 7.605043914931167, 45.012914819786772, 0.0 ], [ 7.604874714649722, 45.012956923649853, 0.0 ], [ 7.604653669493563, 45.012992480501595, 0.0 ], [ 7.60461789427549, 45.012992430474903, 0.0 ], [ 7.604497684301076, 45.012984300594503, 0.0 ], [ 7.604460047252295, 45.012976828417564, 0.0 ], [ 7.604432165185775, 45.012964856351878, 0.0 ], [ 7.604352108395669, 45.012948314388645, 0.0 ], [ 7.604325530108585, 45.012945846385641, 0.0 ], [ 7.604319112287174, 45.012937820243316, 0.0 ], [ 7.604313891419745, 45.012927638418915, 0.0 ], [ 7.604285931464907, 45.012905736176521, 0.0 ], [ 7.604386236243514, 45.012815486672196, 0.0 ], [ 7.604428402376271, 45.012852207257225, 0.0 ], [ 7.604467921286279, 45.012882567471728, 0.0 ], [ 7.604500853483243, 45.012901369379662, 0.0 ], [ 7.604524926331981, 45.012908693433992, 0.0 ], [ 7.604562860988875, 45.01291381960236, 0.0 ], [ 7.604620564447096, 45.012909142684876, 0.0 ], [ 7.604666495609268, 45.012903240575717, 0.0 ], [ 7.604704464331148, 45.012896529335777, 0.0 ], [ 7.604965124507365, 45.012826718254296, 0.0 ], [ 7.605143176009189, 45.01277440603986, 0.0 ], [ 7.605281832475773, 45.012729965326287, 0.0 ], [ 7.605395756089155, 45.012689759515624, 0.0 ], [ 7.60551477653051, 45.012632971040503, 0.0 ], [ 7.605533819242892, 45.012622221627268, 0.0 ], [ 7.60554198051212, 45.012615389698894, 0.0 ], [ 7.605564173422862, 45.012542835948693, 0.0 ], [ 7.605576118510497, 45.012526418531557, 0.0 ], [ 7.605595406465687, 45.012516030727227, 0.0 ], [ 7.605607663634006, 45.012502587995748, 0.0 ], [ 7.605615787681711, 45.012491975560252, 0.0 ], [ 7.605660172332178, 45.012404479768634, 0.0 ], [ 7.605724442364403, 45.012255743044392, 0.0 ], [ 7.605780629311441, 45.012152458786588, 0.0 ], [ 7.605794656035209, 45.012118332960796, 0.0 ], [ 7.605805312271951, 45.012087046749087, 0.0 ], [ 7.605817922431322, 45.012059025145433, 0.0 ], [ 7.605839732868886, 45.011991686644372, 0.0 ], [ 7.605867554458918, 45.011896336972953, 0.0 ], [ 7.605878745489179, 45.01186928878063, 0.0 ], [ 7.605897833679934, 45.011830975126848, 0.0 ], [ 7.604616888930888, 45.01236656637478, 0.0 ], [ 7.604544023363087, 45.012397253434195, 0.0 ], [ 7.603381093302628, 45.012853390000373, 0.0 ], [ 7.602607882484296, 45.013316500740927, 0.0 ], [ 7.601092006317305, 45.013541384398259, 0.0 ], [ 7.599612670699467, 45.013100308894124, 0.0 ], [ 7.599451975808924, 45.013001038014274, 0.0 ], [ 7.599449745227666, 45.013020238269846, 0.0 ], [ 7.599420305787626, 45.013141348081859, 0.0 ], [ 7.599371046696549, 45.013240574141037, 0.0 ], [ 7.599319156150457, 45.013320657108764, 0.0 ], [ 7.599282683274942, 45.013380450005208, 0.0 ], [ 7.59926417383798, 45.013397362660776, 0.0 ], [ 7.599225728434752, 45.013419971599284, 0.0 ], [ 7.59919217816481, 45.013433908162796, 0.0 ], [ 7.599166495454935, 45.013447752867954, 0.0 ], [ 7.599178100060228, 45.013525627081755, 0.0 ], [ 7.599180021874323, 45.01356391661087, 0.0 ], [ 7.599162100802479, 45.01358531112232, 0.0 ], [ 7.599104297862055, 45.013666355668747, 0.0 ], [ 7.599080356738843, 45.013688018179757, 0.0 ], [ 7.599060802593067, 45.013699309496481, 0.0 ], [ 7.599052609390352, 45.013689271183004, 0.0 ], [ 7.599066323117533, 45.013667087897112, 0.0 ], [ 7.599068872091879, 45.013653633623655, 0.0 ], [ 7.599064035236873, 45.013647975754708, 0.0 ], [ 7.599045862782638, 45.013651010754401, 0.0 ], [ 7.599018323963869, 45.01368638317394, 0.0 ], [ 7.598983337371112, 45.013708216241845, 0.0 ], [ 7.598823905282179, 45.013795539323581, 0.0 ], [ 7.598754381824293, 45.013841378442358, 0.0 ], [ 7.598662558062599, 45.013886873202701, 0.0 ], [ 7.598594747172897, 45.013922399242901, 0.0 ], [ 7.598511194900142, 45.013974762621686, 0.0 ], [ 7.59830446969857, 45.014108639156348, 0.0 ], [ 7.598203644021958, 45.014176634490966, 0.0 ], [ 7.598163173551089, 45.014206744792276, 0.0 ], [ 7.598121031226309, 45.014227380815711, 0.0 ], [ 7.598084079327957, 45.014268246379622, 0.0 ], [ 7.598035896346199, 45.014335717817389, 0.0 ], [ 7.597981155621458, 45.014387345543298, 0.0 ], [ 7.597932199178067, 45.014426181334009, 0.0 ], [ 7.597859708290823, 45.014477592858867, 0.0 ], [ 7.59779160391934, 45.014536078548147, 0.0 ], [ 7.597730545513263, 45.014577186352028, 0.0 ], [ 7.59765863549484, 45.01460646027882, 0.0 ], [ 7.597566024071922, 45.01462278541792, 0.0 ], [ 7.597475284877464, 45.014649756819736, 0.0 ], [ 7.597346500737234, 45.01467238160069, 0.0 ], [ 7.597230544779437, 45.014679058789582, 0.0 ], [ 7.597089051180179, 45.01470773786545, 0.0 ], [ 7.596986725691637, 45.01471233090907, 0.0 ], [ 7.596889796843045, 45.014709510230581, 0.0 ], [ 7.596843099483259, 45.014715508920013, 0.0 ], [ 7.596430541397751, 45.014756959136591, 0.0 ], [ 7.596215267431627, 45.014789500985842, 0.0 ], [ 7.596090344178693, 45.014792267709119, 0.0 ], [ 7.595472680066854, 45.015019755557162, 0.0 ], [ 7.595352312695318, 45.015014809581423, 0.0 ], [ 7.594927267319443, 45.014968864469928, 0.0 ], [ 7.594870692636665, 45.014861946656133, 0.0 ], [ 7.594646176096255, 45.014882642709239, 0.0 ], [ 7.594512434110616, 45.014900431575676, 0.0 ], [ 7.594489888658797, 45.014908974775636, 0.0 ], [ 7.594487857149972, 45.014923541524745, 0.0 ], [ 7.59447680628044, 45.014938979848097, 0.0 ], [ 7.59445738461022, 45.014949002782146, 0.0 ], [ 7.594393138356951, 45.014957475041136, 0.0 ], [ 7.594232460377479, 45.01497233015963, 0.0 ], [ 7.594192709501909, 45.014984352321008, 0.0 ], [ 7.594162020159693, 45.014998918520945, 0.0 ], [ 7.594105741502737, 45.015032954665593, 0.0 ], [ 7.594064075283096, 45.015051137658382, 0.0 ], [ 7.593987960489121, 45.015065927395788, 0.0 ], [ 7.593924518961389, 45.015077271955242, 0.0 ], [ 7.593868710058943, 45.015079536117909, 0.0 ], [ 7.593829058185213, 45.015082369622611, 0.0 ], [ 7.59381029517151, 45.015092392407013, 0.0 ], [ 7.593649426355354, 45.015130667686137, 0.0 ], [ 7.59355126347483, 45.015151737263608, 0.0 ], [ 7.593519558933996, 45.015163275081242, 0.0 ], [ 7.593498334620148, 45.015180530092834, 0.0 ], [ 7.5934816909838, 45.015195845091924, 0.0 ], [ 7.593427560064865, 45.015207842903386, 0.0 ], [ 7.593369978434382, 45.015213669870086, 0.0 ], [ 7.593283756498873, 45.015224931320006, 0.0 ], [ 7.593208592339903, 45.015241864071115, 0.0 ], [ 7.593168057053421, 45.015252689852666, 0.0 ], [ 7.593079451868162, 45.01526085129057, 0.0 ], [ 7.59305942105104, 45.015277068598827, 0.0 ], [ 7.593034878846704, 45.01529143040149, 0.0 ], [ 7.592991677905533, 45.015302321081315, 0.0 ], [ 7.59293461964118, 45.015325635855199, 0.0 ], [ 7.592844125575296, 45.015359510111132, 0.0 ], [ 7.592616134366255, 45.015401278337762, 0.0 ], [ 7.59254719000595, 45.015419133160705, 0.0 ], [ 7.592468095713149, 45.015452339368345, 0.0 ], [ 7.592276968911919, 45.01549934887295, 0.0 ], [ 7.591990660678059, 45.015564412934481, 0.0 ], [ 7.591812925672146, 45.015617527640821, 0.0 ], [ 7.591651605359163, 45.015675589055363, 0.0 ], [ 7.591506140593705, 45.015747889225189, 0.0 ], [ 7.591417738735606, 45.015789062070795, 0.0 ], [ 7.591344544549624, 45.01584671631916, 0.0 ], [ 7.591315417974372, 45.015889637784383, 0.0 ], [ 7.591265710163919, 45.015937607261662, 0.0 ], [ 7.59119793597969, 45.015992097041355, 0.0 ], [ 7.591166932011273, 45.016028784131102, 0.0 ], [ 7.591172277030713, 45.016043711251882, 0.0 ], [ 7.591137467999378, 45.016095294517569, 0.0 ], [ 7.591118639506058, 45.01610701725123, 0.0 ], [ 7.591100192201917, 45.016134146511497, 0.0 ], [ 7.591098609878456, 45.01616248185227, 0.0 ], [ 7.591106557583276, 45.016179962327023, 0.0 ], [ 7.59112338121926, 45.016208624842058, 0.0 ], [ 7.591156264922534, 45.016256218193377, 0.0 ], [ 7.591171280718932, 45.016275767360568, 0.0 ], [ 7.591177294196231, 45.016295014369888, 0.0 ], [ 7.591180003355992, 45.016329435878959, 0.0 ], [ 7.591084617505786, 45.016457651237431, 0.0 ], [ 7.591026674114136, 45.016411899036378, 0.0 ], [ 7.590996150672861, 45.016387649426754, 0.0 ], [ 7.5907523483263, 45.016201409539349, 0.0 ], [ 7.590754182274916, 45.016193869819809, 0.0 ], [ 7.59077337663516, 45.016172962367349, 0.0 ], [ 7.590807940628118, 45.016114858011726, 0.0 ], [ 7.590516240967089, 45.016198702246136, 0.0 ], [ 7.589760966060474, 45.016415781877107, 0.0 ], [ 7.591547404518034, 45.017014388534939, 0.0 ], [ 7.592389962902623, 45.017296948646106, 0.0 ], [ 7.592276379991822, 45.017665982759539, 0.0 ], [ 7.591883603258301, 45.018941965044938, 0.0 ], [ 7.591835361223654, 45.019398050752436, 0.0 ], [ 7.591844206129679, 45.019477268591309, 0.0 ], [ 7.591954798345006, 45.019774224657873, 0.0 ], [ 7.592690061979916, 45.019946438944054, 0.0 ], [ 7.593386187376498, 45.019927469833306, 0.0 ], [ 7.594016398459866, 45.019810015972318, 0.0 ], [ 7.594263050517372, 45.019795275071957, 0.0 ], [ 7.594449555214853, 45.019784131180515, 0.0 ], [ 7.594686403439342, 45.019746286407027, 0.0 ], [ 7.596313046128708, 45.019490630654097, 0.0 ], [ 7.597648015232016, 45.01928573273095, 0.0 ], [ 7.600511185474007, 45.018812419717719, 0.0 ], [ 7.602310765784842, 45.021678452662627, 0.0 ], [ 7.603197609819973, 45.023080231110548, 0.0 ], [ 7.603654046545085, 45.023831451969862, 0.0 ], [ 7.604902021324935, 45.025849655814461, 0.0 ], [ 7.605756894873686, 45.02720414045563, 0.0 ], [ 7.606615549321154, 45.028582222291618, 0.0 ], [ 7.607349082735533, 45.029815669771637, 0.0 ], [ 7.606099159317925, 45.029496607293723, 0.0 ], [ 7.603339587523539, 45.02878966014233, 0.0 ], [ 7.601558693149527, 45.028333885784797, 0.0 ], [ 7.59880133638053, 45.030072062993277, 0.0 ], [ 7.5984529899025, 45.029953887743694, 0.0 ], [ 7.598086099921699, 45.029927724707854, 0.0 ], [ 7.59774769830033, 45.029983674685589, 0.0 ], [ 7.595653689175601, 45.031137970114557, 0.0 ], [ 7.594638925224841, 45.031682157008774, 0.0 ], [ 7.593920285872107, 45.03214142119716, 0.0 ], [ 7.592616455580422, 45.032728173413368, 0.0 ], [ 7.59258503698679, 45.032749859607407, 0.0 ], [ 7.590801973419192, 45.033530135193914, 0.0 ], [ 7.58968555096541, 45.034093169483761, 0.0 ], [ 7.589037568166379, 45.034374203344612, 0.0 ], [ 7.588817035135172, 45.034444546629828, 0.0 ], [ 7.588557024916863, 45.034508350205009, 0.0 ], [ 7.587980046075088, 45.034625450685695, 0.0 ], [ 7.587333049032576, 45.034885458676051, 0.0 ], [ 7.585843970524774, 45.035474405572543, 0.0 ], [ 7.585632302934532, 45.035573594863671, 0.0 ], [ 7.584282400298163, 45.03613262156599, 0.0 ], [ 7.584143977220732, 45.03619699559782, 0.0 ], [ 7.583505546571696, 45.036560654041843, 0.0 ], [ 7.583547535385698, 45.036598577218349, 0.0 ], [ 7.582879584811714, 45.037334252499903, 0.0 ], [ 7.582688473991906, 45.037436455356371, 0.0 ], [ 7.581064157768625, 45.038319693345549, 0.0 ], [ 7.580858977456167, 45.038609611358247, 0.0 ], [ 7.580114403351989, 45.039660685764183, 0.0 ], [ 7.57783087031078, 45.04186891641524, 0.0 ] ] ], [ [ [ 7.596381602931547, 45.013176391521682, 0.0 ], [ 7.596881745858911, 45.014137605993504, 0.0 ], [ 7.596691850840776, 45.014492502137095, 0.0 ], [ 7.59699044957858, 45.014469381026821, 0.0 ], [ 7.597147995195333, 45.014433518051554, 0.0 ], [ 7.597208432634462, 45.014416256885291, 0.0 ], [ 7.597247637131902, 45.014410438135513, 0.0 ], [ 7.597294655168224, 45.014416236618914, 0.0 ], [ 7.597355836216078, 45.014428339636332, 0.0 ], [ 7.59739705761613, 45.014432445817292, 0.0 ], [ 7.59743108023763, 45.014426293025828, 0.0 ], [ 7.597487916707096, 45.014391163123136, 0.0 ], [ 7.597609956142358, 45.014307325734464, 0.0 ], [ 7.597694060468618, 45.014277121193999, 0.0 ], [ 7.597885583776463, 45.014192695526404, 0.0 ], [ 7.597942091924542, 45.014165844592227, 0.0 ], [ 7.597985467081624, 45.01413631023469, 0.0 ], [ 7.598022148931774, 45.014120557320545, 0.0 ], [ 7.598107801021617, 45.01413241113346, 0.0 ], [ 7.598141581473648, 45.014130495256381, 0.0 ], [ 7.59816968541536, 45.014113015928416, 0.0 ], [ 7.598208477283431, 45.014079906894914, 0.0 ], [ 7.598327371588758, 45.013999629952167, 0.0 ], [ 7.598405959752481, 45.013942621993685, 0.0 ], [ 7.598595534153462, 45.013802729773566, 0.0 ], [ 7.598667898041914, 45.013751254182225, 0.0 ], [ 7.598711626917169, 45.013705619296118, 0.0 ], [ 7.598795374638017, 45.013632733709862, 0.0 ], [ 7.598855891330667, 45.013605912039999, 0.0 ], [ 7.598883886141249, 45.013600243161591, 0.0 ], [ 7.598932550552298, 45.01358429420906, 0.0 ], [ 7.598954116435587, 45.013537758785979, 0.0 ], [ 7.598988706815639, 45.013474971568307, 0.0 ], [ 7.599048478373384, 45.013434009400882, 0.0 ], [ 7.59909186824051, 45.013350707394949, 0.0 ], [ 7.599098680773309, 45.013294609647488, 0.0 ], [ 7.599128971133513, 45.01323843270869, 0.0 ], [ 7.599146553851496, 45.013200776860785, 0.0 ], [ 7.599150683324595, 45.013151588202085, 0.0 ], [ 7.599136817006903, 45.013107228488508, 0.0 ], [ 7.599131447981219, 45.013057292083467, 0.0 ], [ 7.599139384179652, 45.012996158394003, 0.0 ], [ 7.599157860222755, 45.012946785757507, 0.0 ], [ 7.599162559255558, 45.012900312785312, 0.0 ], [ 7.599158227228357, 45.012814679249963, 0.0 ], [ 7.598830309923165, 45.012611904071349, 0.0 ], [ 7.598236582498461, 45.01213223596595, 0.0 ], [ 7.596666302503295, 45.012236147835118, 0.0 ], [ 7.596408152014662, 45.012309876749072, 0.0 ], [ 7.596157933516605, 45.01259141274835, 0.0 ], [ 7.596381602931547, 45.013176391521682, 0.0 ] ] ], [ [ [ 7.591910463750002, 45.015213414807754, 0.0 ], [ 7.591970751350742, 45.015197702721693, 0.0 ], [ 7.592041865172841, 45.0151746518506, 0.0 ], [ 7.592093820652973, 45.015152446020743, 0.0 ], [ 7.592178727068535, 45.015104190642496, 0.0 ], [ 7.59231700956157, 45.015001689297399, 0.0 ], [ 7.592334763948415, 45.014985083619536, 0.0 ], [ 7.592344586800097, 45.014966481081608, 0.0 ], [ 7.592345392068074, 45.014943986424804, 0.0 ], [ 7.592335210036528, 45.014935849360775, 0.0 ], [ 7.592243322462371, 45.014958815465555, 0.0 ], [ 7.591995282501754, 45.015054245302544, 0.0 ], [ 7.591988831215125, 45.015048765557843, 0.0 ], [ 7.592193102022015, 45.014956286807752, 0.0 ], [ 7.59223484696655, 45.014932776364645, 0.0 ], [ 7.592342078127678, 45.014862209102411, 0.0 ], [ 7.592396442345524, 45.014834901601787, 0.0 ], [ 7.592502062760484, 45.014802104374489, 0.0 ], [ 7.59256268057233, 45.014787846390789, 0.0 ], [ 7.592638310402007, 45.014790794023085, 0.0 ], [ 7.592674986941705, 45.014795009809255, 0.0 ], [ 7.592702308247354, 45.014778549153327, 0.0 ], [ 7.592692811618371, 45.014765729471819, 0.0 ], [ 7.592673946565799, 45.014759196584713, 0.0 ], [ 7.592670883734458, 45.01474746460196, 0.0 ], [ 7.592695467250681, 45.014736075167903, 0.0 ], [ 7.593070230525742, 45.014624740918187, 0.0 ], [ 7.593244900557009, 45.014622579973555, 0.0 ], [ 7.593299822330977, 45.014626416291051, 0.0 ], [ 7.593333338763402, 45.014639342554688, 0.0 ], [ 7.59336712742727, 45.014661461458807, 0.0 ], [ 7.593420547479225, 45.014698135912838, 0.0 ], [ 7.593443876501419, 45.014703194983063, 0.0 ], [ 7.593529679416497, 45.014704791182432, 0.0 ], [ 7.593604766417549, 45.014704015741152, 0.0 ], [ 7.593719773483806, 45.014694629999227, 0.0 ], [ 7.593842076394854, 45.014667699358739, 0.0 ], [ 7.593940255402369, 45.014647393163273, 0.0 ], [ 7.594136885264983, 45.014634610762812, 0.0 ], [ 7.594246841634067, 45.014643444450272, 0.0 ], [ 7.594370936954984, 45.014654702995429, 0.0 ], [ 7.594485433260209, 45.014659452764043, 0.0 ], [ 7.594583517496774, 45.014652378631503, 0.0 ], [ 7.594751328766676, 45.014636386411404, 0.0 ], [ 7.594669887449423, 45.014482486955494, 0.0 ], [ 7.59413124133334, 45.01411222794075, 0.0 ], [ 7.593123170651317, 45.014064812111855, 0.0 ], [ 7.592400564620481, 45.014581748669521, 0.0 ], [ 7.591547919859703, 45.015416623644754, 0.0 ], [ 7.591910463750002, 45.015213414807754, 0.0 ] ] ], [ [ [ 7.608818096887549, 45.010582120064299, 0.0 ], [ 7.609091114325667, 45.010512890217477, 0.0 ], [ 7.609386498993741, 45.010442763871922, 0.0 ], [ 7.609754124668612, 45.010366457049464, 0.0 ], [ 7.609935698672828, 45.010331607933125, 0.0 ], [ 7.610352507350872, 45.010263261036293, 0.0 ], [ 7.610700483886405, 45.010214889875108, 0.0 ], [ 7.610883475240476, 45.010192792197969, 0.0 ], [ 7.611041233399207, 45.010176231244536, 0.0 ], [ 7.611155162677993, 45.010166337103811, 0.0 ], [ 7.611323095868913, 45.010148765233204, 0.0 ], [ 7.610902057822311, 45.010002656041515, 0.0 ], [ 7.610563196456232, 45.009885057030267, 0.0 ], [ 7.610473747920161, 45.009859222559136, 0.0 ], [ 7.610052197247591, 45.009831587328783, 0.0 ], [ 7.609207042829422, 45.01009119858135, 0.0 ], [ 7.609085868785352, 45.010147693464845, 0.0 ], [ 7.608834392134559, 45.0103782018667, 0.0 ], [ 7.608519267879764, 45.010667075018276, 0.0 ], [ 7.608818096887549, 45.010582120064299, 0.0 ] ] ], [ [ [ 7.629668176023475, 45.010457973915088, 0.0 ], [ 7.629712751298112, 45.0104820761903, 0.0 ], [ 7.629732604140721, 45.010499930507855, 0.0 ], [ 7.629759238067099, 45.010515535135291, 0.0 ], [ 7.629809560004553, 45.010538715586662, 0.0 ], [ 7.629844909580385, 45.010541588099272, 0.0 ], [ 7.629876284219704, 45.010550966408502, 0.0 ], [ 7.629930166262156, 45.010558913564296, 0.0 ], [ 7.629978619602673, 45.010570567911259, 0.0 ], [ 7.630026533777275, 45.010588237221192, 0.0 ], [ 7.630081803304446, 45.010611485062384, 0.0 ], [ 7.630146899648692, 45.010632421446367, 0.0 ], [ 7.630203871722805, 45.010658292851247, 0.0 ], [ 7.630241220222598, 45.01067735676078, 0.0 ], [ 7.630285967045671, 45.010685282914253, 0.0 ], [ 7.630297250622588, 45.010685778247968, 0.0 ], [ 7.63032523110402, 45.010684242420375, 0.0 ], [ 7.630359642629747, 45.010679100124968, 0.0 ], [ 7.630352652264439, 45.010674705536566, 0.0 ], [ 7.630343576936205, 45.010672165095563, 0.0 ], [ 7.630334440450348, 45.010666834617666, 0.0 ], [ 7.630330845034615, 45.010663740917323, 0.0 ], [ 7.630333327844319, 45.010660808875897, 0.0 ], [ 7.630341959477994, 45.010661182286135, 0.0 ], [ 7.630361547652383, 45.010664657090629, 0.0 ], [ 7.630369122348593, 45.010661516250181, 0.0 ], [ 7.630394882490148, 45.010662023562496, 0.0 ], [ 7.630444356383745, 45.01065904294434, 0.0 ], [ 7.630457950193707, 45.010658945170235, 0.0 ], [ 7.630471504868455, 45.01065992687424, 0.0 ], [ 7.630498057729675, 45.010659715101532, 0.0 ], [ 7.630555313862504, 45.010664650497674, 0.0 ], [ 7.63056871357094, 45.010667340137871, 0.0 ], [ 7.630594879161806, 45.010676467408956, 0.0 ], [ 7.630630661624802, 45.010692009933457, 0.0 ], [ 7.630643122487956, 45.010696300758227, 0.0 ], [ 7.630653637056088, 45.010697056255808, 0.0 ], [ 7.630688735291243, 45.010690311908043, 0.0 ], [ 7.630724661956352, 45.010690751334423, 0.0 ], [ 7.630753066724363, 45.010687429177977, 0.0 ], [ 7.630820165862478, 45.010685569438664, 0.0 ], [ 7.630830353497716, 45.010684079143132, 0.0 ], [ 7.630853749829892, 45.010678347281953, 0.0 ], [ 7.630864951865413, 45.010676960613843, 0.0 ], [ 7.630911095542888, 45.010665675195575, 0.0 ], [ 7.630922198083202, 45.010668330006396, 0.0 ], [ 7.630933477318198, 45.010673776237248, 0.0 ], [ 7.630946520512082, 45.010675462209427, 0.0 ], [ 7.63098414203018, 45.010674049962972, 0.0 ], [ 7.631007358894508, 45.010670116286597, 0.0 ], [ 7.631045454926872, 45.01065998679902, 0.0 ], [ 7.631055193047761, 45.010661903914688, 0.0 ], [ 7.631081443163262, 45.01066322656844, 0.0 ], [ 7.631106283006244, 45.010659761062534, 0.0 ], [ 7.631131690587248, 45.01065971427203, 0.0 ], [ 7.631170388270974, 45.010655705327771, 0.0 ], [ 7.631210152847713, 45.010650185910578, 0.0 ], [ 7.63122146805541, 45.010649782253708, 0.0 ], [ 7.631229137560686, 45.010647991863095, 0.0 ], [ 7.631247280092339, 45.010648218395197, 0.0 ], [ 7.63125492900665, 45.010647238736695, 0.0 ], [ 7.631295113958149, 45.010640015881052, 0.0 ], [ 7.63131454373908, 45.010635135658326, 0.0 ], [ 7.631325342189571, 45.010635174983484, 0.0 ], [ 7.631339232181296, 45.010638132133472, 0.0 ], [ 7.631351003169711, 45.010639362680315, 0.0 ], [ 7.631363757996026, 45.01063718314164, 0.0 ], [ 7.631387203780416, 45.010629479328379, 0.0 ], [ 7.631397802425793, 45.010632037944426, 0.0 ], [ 7.631431929346203, 45.010637767024967, 0.0 ], [ 7.631452231754944, 45.01063837939445, 0.0 ], [ 7.631457982204386, 45.01063718724194, 0.0 ], [ 7.631479738383404, 45.010625781370614, 0.0 ], [ 7.631500032645111, 45.010621991879006, 0.0 ], [ 7.631575644348746, 45.01061008943951, 0.0 ], [ 7.631623321280059, 45.01059783226772, 0.0 ], [ 7.631663884611594, 45.010590612458145, 0.0 ], [ 7.631676486658109, 45.0105895132669, 0.0 ], [ 7.631689776420096, 45.010586260152884, 0.0 ], [ 7.631700803542126, 45.010582540246652, 0.0 ], [ 7.631771471958181, 45.010565085417348, 0.0 ], [ 7.631827062145736, 45.010546640709649, 0.0 ], [ 7.63185579226369, 45.01054080139005, 0.0 ], [ 7.631917677239755, 45.010524412193242, 0.0 ], [ 7.631941049738352, 45.010523990365911, 0.0 ], [ 7.63195025467733, 45.01052167902732, 0.0 ], [ 7.631949898168021, 45.010525445748314, 0.0 ], [ 7.6319416444651, 45.010530459979499, 0.0 ], [ 7.631935981429656, 45.010538115691915, 0.0 ], [ 7.631942618651471, 45.010541796853786, 0.0 ], [ 7.631950399482918, 45.010540637605594, 0.0 ], [ 7.631959288992706, 45.010535622387891, 0.0 ], [ 7.631982011504469, 45.010511292606999, 0.0 ], [ 7.632016968964027, 45.010500315117909, 0.0 ], [ 7.63204051550221, 45.010498454517425, 0.0 ], [ 7.632047866095659, 45.010494050713625, 0.0 ], [ 7.632059795317979, 45.010489170616061, 0.0 ], [ 7.632091444060665, 45.010478603558084, 0.0 ], [ 7.632114011763688, 45.010469809127109, 0.0 ], [ 7.63222117392124, 45.010436463351162, 0.0 ], [ 7.632249140075745, 45.010420639401744, 0.0 ], [ 7.632314875465325, 45.010397643895018, 0.0 ], [ 7.632332019376126, 45.01039291724306, 0.0 ], [ 7.632346312665927, 45.010394806849689, 0.0 ], [ 7.632356712683448, 45.01039079953302, 0.0 ], [ 7.632367012568263, 45.010385179469303, 0.0 ], [ 7.632380429424473, 45.010381839499267, 0.0 ], [ 7.632392678277053, 45.010374711829272, 0.0 ], [ 7.632455169827187, 45.010345213996168, 0.0 ], [ 7.632487914549869, 45.010324235840542, 0.0 ], [ 7.632246325865094, 45.010368232911652, 0.0 ], [ 7.631522489944799, 45.010430818865736, 0.0 ], [ 7.630822154502362, 45.010440238798736, 0.0 ], [ 7.62959441965037, 45.010411215138816, 0.0 ], [ 7.629668176023475, 45.010457973915088, 0.0 ] ] ], [ [ [ 7.615493173061634, 45.010836346821932, 0.0 ], [ 7.615540343940406, 45.010859944542524, 0.0 ], [ 7.615554348342772, 45.010869116179322, 0.0 ], [ 7.615604107205126, 45.010891226077689, 0.0 ], [ 7.615653916426616, 45.01091180380692, 0.0 ], [ 7.615768015196092, 45.010957008972632, 0.0 ], [ 7.615786543813309, 45.010962805851875, 0.0 ], [ 7.615809166215668, 45.010967671117314, 0.0 ], [ 7.615827522163828, 45.01097059327752, 0.0 ], [ 7.615844128353128, 45.010971875432716, 0.0 ], [ 7.61588969349051, 45.01097845826974, 0.0 ], [ 7.615929312433745, 45.010979478706616, 0.0 ], [ 7.61595146565621, 45.010977587329911, 0.0 ], [ 7.616001783306081, 45.010966412869337, 0.0 ], [ 7.616022253514722, 45.010960639978904, 0.0 ], [ 7.61608685761622, 45.010932274776707, 0.0 ], [ 7.616110806634313, 45.010918980314003, 0.0 ], [ 7.616127397895921, 45.010910810768181, 0.0 ], [ 7.616190481386483, 45.010897631493357, 0.0 ], [ 7.616266549745768, 45.010862752908182, 0.0 ], [ 7.616328084984921, 45.010829489476784, 0.0 ], [ 7.616351049955737, 45.010820235225388, 0.0 ], [ 7.616394641386069, 45.010804388057245, 0.0 ], [ 7.616445086410682, 45.010793215849958, 0.0 ], [ 7.616478677886506, 45.010781120357059, 0.0 ], [ 7.616512159576629, 45.010767671889653, 0.0 ], [ 7.616576748073478, 45.0107399356245, 0.0 ], [ 7.616633506457852, 45.010720108310203, 0.0 ], [ 7.616656120441343, 45.010710130231764, 0.0 ], [ 7.616676184671707, 45.010700028886482, 0.0 ], [ 7.616699743783939, 45.010692393762064, 0.0 ], [ 7.616724902705539, 45.010681544505204, 0.0 ], [ 7.616766758100585, 45.010653534547131, 0.0 ], [ 7.616838823141929, 45.010621477891611, 0.0 ], [ 7.616890905021078, 45.010595571443382, 0.0 ], [ 7.616910420231245, 45.010587165967884, 0.0 ], [ 7.616933133011629, 45.010583129883329, 0.0 ], [ 7.616962812763079, 45.010580067948837, 0.0 ], [ 7.616991311380577, 45.010572771522249, 0.0 ], [ 7.617011658499765, 45.010561494429787, 0.0 ], [ 7.617024858789625, 45.010551941557019, 0.0 ], [ 7.61704498487842, 45.01054454280635, 0.0 ], [ 7.617111544708693, 45.010529244321113, 0.0 ], [ 7.617135816814236, 45.010518926245517, 0.0 ], [ 7.617174635889557, 45.01049518965295, 0.0 ], [ 7.617197088543781, 45.010486019135463, 0.0 ], [ 7.617225551545835, 45.01048078295215, 0.0 ], [ 7.617256834752842, 45.010479099238175, 0.0 ], [ 7.617286530853746, 45.0104754080131, 0.0 ], [ 7.617311758246952, 45.010468521986084, 0.0 ], [ 7.617351879391563, 45.010452903661907, 0.0 ], [ 7.617401552084327, 45.010428497848871, 0.0 ], [ 7.617419380909489, 45.010421197096925, 0.0 ], [ 7.617198047711758, 45.010456216909319, 0.0 ], [ 7.616259036093349, 45.010721521337736, 0.0 ], [ 7.615647726153338, 45.010777386260784, 0.0 ], [ 7.615473135665927, 45.010819972551268, 0.0 ], [ 7.615493173061634, 45.010836346821932, 0.0 ] ] ], [ [ [ 7.640876103536431, 45.007797360932031, 0.0 ], [ 7.640899763505782, 45.007800252990137, 0.0 ], [ 7.640926894151716, 45.007795444675246, 0.0 ], [ 7.640944695070649, 45.007783144070686, 0.0 ], [ 7.640962392224661, 45.007769400937015, 0.0 ], [ 7.64098132708877, 45.007756492568703, 0.0 ], [ 7.641005327701645, 45.007749325882948, 0.0 ], [ 7.64103018192777, 45.007743068177291, 0.0 ], [ 7.641066002101645, 45.007739946718964, 0.0 ], [ 7.64108852406038, 45.007725478984156, 0.0 ], [ 7.641112947817791, 45.007711133495377, 0.0 ], [ 7.641134487511019, 45.007695392535794, 0.0 ], [ 7.641154321592149, 45.007687346689004, 0.0 ], [ 7.641227746461673, 45.007674844908955, 0.0 ], [ 7.641250994030119, 45.007672689957737, 0.0 ], [ 7.641267402171604, 45.007665135828198, 0.0 ], [ 7.641278535017123, 45.007654707886232, 0.0 ], [ 7.641355989217884, 45.007605985319231, 0.0 ], [ 7.641384607326702, 45.007585503853186, 0.0 ], [ 7.64140904884349, 45.007570347530908, 0.0 ], [ 7.641437805563974, 45.007554720002865, 0.0 ], [ 7.641486014488627, 45.007514876281881, 0.0 ], [ 7.641530648810143, 45.007476060454323, 0.0 ], [ 7.641561391531764, 45.007451481845699, 0.0 ], [ 7.641575297163168, 45.007431761257699, 0.0 ], [ 7.641588012443829, 45.007408067597027, 0.0 ], [ 7.641613401877796, 45.007390500884235, 0.0 ], [ 7.641660365602537, 45.007344268081518, 0.0 ], [ 7.641680506878926, 45.007317817295437, 0.0 ], [ 7.641697366714635, 45.007290688105051, 0.0 ], [ 7.64172337719909, 45.007256969808942, 0.0 ], [ 7.641743323781042, 45.007238780461918, 0.0 ], [ 7.641788374203344, 45.007188176520501, 0.0 ], [ 7.641170174250765, 45.007357690172206, 0.0 ], [ 7.640840792961153, 45.007790728549608, 0.0 ], [ 7.640876103536431, 45.007797360932031, 0.0 ] ] ], [ [ [ 7.621341437477625, 45.008860790012349, 0.0 ], [ 7.621387251063358, 45.008872272144444, 0.0 ], [ 7.621415598674085, 45.008884487044298, 0.0 ], [ 7.621452223020992, 45.008884370895657, 0.0 ], [ 7.62153644910557, 45.008867259049666, 0.0 ], [ 7.621587343187034, 45.008860031689437, 0.0 ], [ 7.621633780745801, 45.008850799356935, 0.0 ], [ 7.621675682002078, 45.008830726791103, 0.0 ], [ 7.621706054432919, 45.008811432441682, 0.0 ], [ 7.621748417076295, 45.00879966540716, 0.0 ], [ 7.621817738086443, 45.008789214030436, 0.0 ], [ 7.621878062296258, 45.008776088865787, 0.0 ], [ 7.621937510403873, 45.008764599962298, 0.0 ], [ 7.621981956954061, 45.008752119006452, 0.0 ], [ 7.622022616608317, 45.008738243415763, 0.0 ], [ 7.622123349223882, 45.00871971788002, 0.0 ], [ 7.622258441323479, 45.008689652675713, 0.0 ], [ 7.622310278102559, 45.008671157347685, 0.0 ], [ 7.622404734628739, 45.008642752525269, 0.0 ], [ 7.622453351553081, 45.008631583677612, 0.0 ], [ 7.622540447681946, 45.008596356223457, 0.0 ], [ 7.622583538722176, 45.008582148874261, 0.0 ], [ 7.622646563309543, 45.008575465389001, 0.0 ], [ 7.622668714733301, 45.008569899499371, 0.0 ], [ 7.622686447610203, 45.008562208707744, 0.0 ], [ 7.622703116908527, 45.008545522712161, 0.0 ], [ 7.622716987868934, 45.008528542143303, 0.0 ], [ 7.622730900696808, 45.008515593436407, 0.0 ], [ 7.622756205366491, 45.008482223694614, 0.0 ], [ 7.622754764611858, 45.008461267975044, 0.0 ], [ 7.622741721235324, 45.008452217030801, 0.0 ], [ 7.622711312686169, 45.008451310052308, 0.0 ], [ 7.622628799086618, 45.008464312446598, 0.0 ], [ 7.622607616231364, 45.008466514320872, 0.0 ], [ 7.621371622484294, 45.008841863434057, 0.0 ], [ 7.621329468942554, 45.008859809167994, 0.0 ], [ 7.621341437477625, 45.008860790012349, 0.0 ] ] ], [ [ [ 7.606224245547126, 45.011594449562452, 0.0 ], [ 7.606290195456828, 45.011559517062061, 0.0 ], [ 7.606518830185331, 45.011443140419317, 0.0 ], [ 7.606619767475998, 45.011393493675115, 0.0 ], [ 7.606859503374833, 45.011281285431984, 0.0 ], [ 7.607092346148137, 45.011177634453084, 0.0 ], [ 7.607174960929761, 45.011143516923795, 0.0 ], [ 7.606570515030429, 45.01126266302493, 0.0 ], [ 7.60611214261512, 45.011656525098147, 0.0 ], [ 7.606224245547126, 45.011594449562452, 0.0 ] ] ] ] } },
{ "type": "Feature", "properties": { "ID_QUART": 10, "DENOM": "Mercati generali", "neighborhood_name_clean": "mercati generali", "statistical_zone_clean": "10", "n_somministrazione": 89, "neighborhood_clean": "10 mercati generali", "total_population": 47124, "stores_per_1000_residents": 1.888634241575418, "distance_to_nearest_metro": 423.25313050764299, "normalized_population": 0.79023442244625286, "normalized_competition": 0.22966578074055349, "normalized_distance_to_metro": 0.067537158930350352, "retail_opportunity_score": 0.26171503505554999, "opportunity_level": "Very High Opportunity", "longitude": 7.652371503674912, "latitude": 45.02984992100096 }, "geometry": { "type": "Polygon", "coordinates": [ [ [ 7.635980052326437, 45.023443019154584, 0.0 ], [ 7.636182446226681, 45.023605857454804, 0.0 ], [ 7.636644456959192, 45.024028906077447, 0.0 ], [ 7.637006565245914, 45.02434822066563, 0.0 ], [ 7.637618376939034, 45.024917541548163, 0.0 ], [ 7.638913105995142, 45.026036874582147, 0.0 ], [ 7.639722971923311, 45.026779398912367, 0.0 ], [ 7.640405856197563, 45.027387286897266, 0.0 ], [ 7.641073009491372, 45.02797671002206, 0.0 ], [ 7.641777773219637, 45.028602124215169, 0.0 ], [ 7.642761045389546, 45.029507650887609, 0.0 ], [ 7.644232220486537, 45.030835917493981, 0.0 ], [ 7.645310437573318, 45.031798387964912, 0.0 ], [ 7.646236476838808, 45.032589710438891, 0.0 ], [ 7.646483480257274, 45.03275092546513, 0.0 ], [ 7.647437573922087, 45.033615305018948, 0.0 ], [ 7.647989230351715, 45.034115074120521, 0.0 ], [ 7.648544763021754, 45.034618343120549, 0.0 ], [ 7.64942801525226, 45.035418477499235, 0.0 ], [ 7.650534427376432, 45.036420739226834, 0.0 ], [ 7.651262254156467, 45.037080024580085, 0.0 ], [ 7.652974418638044, 45.038630864363739, 0.0 ], [ 7.65323508023289, 45.038857345686246, 0.0 ], [ 7.653519904214768, 45.039124934116096, 0.0 ], [ 7.653929192714904, 45.039493433156352, 0.0 ], [ 7.654823991493122, 45.040293687508118, 0.0 ], [ 7.654955951693768, 45.040412157099055, 0.0 ], [ 7.655416637897277, 45.04082203273326, 0.0 ], [ 7.656114293316999, 45.041451955391551, 0.0 ], [ 7.65615327917915, 45.041486944334316, 0.0 ], [ 7.656280939610809, 45.041594631610558, 0.0 ], [ 7.657727383110142, 45.042884551962565, 0.0 ], [ 7.660208346183009, 45.045096874056668, 0.0 ], [ 7.661000984386043, 45.04580363076532, 0.0 ], [ 7.662091727808066, 45.046776168486538, 0.0 ], [ 7.662721573116534, 45.047337732254114, 0.0 ], [ 7.663359131190286, 45.04790616128323, 0.0 ], [ 7.663865096025205, 45.048357257234144, 0.0 ], [ 7.663961982631128, 45.048453304908158, 0.0 ], [ 7.664158402964209, 45.048599506029163, 0.0 ], [ 7.664217168190722, 45.048440907197254, 0.0 ], [ 7.664226193104271, 45.048416544945049, 0.0 ], [ 7.664936495373806, 45.047737592802463, 0.0 ], [ 7.66571050607598, 45.046995621436793, 0.0 ], [ 7.666596948651977, 45.04616359814613, 0.0 ], [ 7.666837447348769, 45.045876088653287, 0.0 ], [ 7.666961613223905, 45.045704253827758, 0.0 ], [ 7.667053802917112, 45.045529210128358, 0.0 ], [ 7.667181639003444, 45.045200328539039, 0.0 ], [ 7.667221158936539, 45.045050809963186, 0.0 ], [ 7.667242220378903, 45.044920376799304, 0.0 ], [ 7.667246235802263, 45.044743565679198, 0.0 ], [ 7.667107595666, 45.044534491976201, 0.0 ], [ 7.666989970510331, 45.044350013537255, 0.0 ], [ 7.666767844160797, 45.044001644662288, 0.0 ], [ 7.66686654678684, 45.043835272730917, 0.0 ], [ 7.666750648956318, 45.043666656979738, 0.0 ], [ 7.666720041040058, 45.043562041836807, 0.0 ], [ 7.666705057257792, 45.043521123816689, 0.0 ], [ 7.666687666002884, 45.043483734477846, 0.0 ], [ 7.666666165185071, 45.043447287437864, 0.0 ], [ 7.666638035760243, 45.043406504800977, 0.0 ], [ 7.666604626450128, 45.043367857066627, 0.0 ], [ 7.666580905457952, 45.04334494156101, 0.0 ], [ 7.666464356306538, 45.043249322519081, 0.0 ], [ 7.666316406691232, 45.043032955308817, 0.0 ], [ 7.666281834956727, 45.042995645075209, 0.0 ], [ 7.666050907568936, 45.042784906143005, 0.0 ], [ 7.665929727263495, 45.042711629157587, 0.0 ], [ 7.665599611739725, 45.042366469037653, 0.0 ], [ 7.663343574854543, 45.039348930229352, 0.0 ], [ 7.663310197019635, 45.039319436719104, 0.0 ], [ 7.663279722306639, 45.039273279483645, 0.0 ], [ 7.663164490558847, 45.03904426606033, 0.0 ], [ 7.662693438193591, 45.038096621103257, 0.0 ], [ 7.662474768651852, 45.037707730616077, 0.0 ], [ 7.662275964592377, 45.037428550695367, 0.0 ], [ 7.661870709478251, 45.036668660411955, 0.0 ], [ 7.65945287558742, 45.032643841766664, 0.0 ], [ 7.65819499525487, 45.030037284505589, 0.0 ], [ 7.657943604689257, 45.029296090588126, 0.0 ], [ 7.657816253017352, 45.028895408632643, 0.0 ], [ 7.657840990648451, 45.028893935715878, 0.0 ], [ 7.657836469334158, 45.028874968803372, 0.0 ], [ 7.65780919041915, 45.028879852279609, 0.0 ], [ 7.657716503267665, 45.028517420118732, 0.0 ], [ 7.657642653445911, 45.028159378760591, 0.0 ], [ 7.657582910567482, 45.027690429027182, 0.0 ], [ 7.65754405165529, 45.027284944845633, 0.0 ], [ 7.657543034475936, 45.026514467100036, 0.0 ], [ 7.657618975007771, 45.023681146340209, 0.0 ], [ 7.65763085477596, 45.023321761507205, 0.0 ], [ 7.657626830609852, 45.023247863040069, 0.0 ], [ 7.657622754917463, 45.023173028012202, 0.0 ], [ 7.657612942998594, 45.022902013072901, 0.0 ], [ 7.657628122826973, 45.022299285416842, 0.0 ], [ 7.657660307559974, 45.021659706131764, 0.0 ], [ 7.657725700362867, 45.021018275735415, 0.0 ], [ 7.6578108516552, 45.020391507118063, 0.0 ], [ 7.657949904405444, 45.019639940854006, 0.0 ], [ 7.657971688165527, 45.019437610943008, 0.0 ], [ 7.658016893032576, 45.019017936644715, 0.0 ], [ 7.658157718674935, 45.018427559297685, 0.0 ], [ 7.658379285859191, 45.017747464138488, 0.0 ], [ 7.658427863307446, 45.017623836796751, 0.0 ], [ 7.65844815085872, 45.017565419263384, 0.0 ], [ 7.658318483136877, 45.01754251641858, 0.0 ], [ 7.657854196003318, 45.017475189356816, 0.0 ], [ 7.656592944734849, 45.017481864368683, 0.0 ], [ 7.655305643825274, 45.01749160115952, 0.0 ], [ 7.654037741807483, 45.017470146666284, 0.0 ], [ 7.652940690567648, 45.017484178457366, 0.0 ], [ 7.651942979668398, 45.017496935060201, 0.0 ], [ 7.650696955939578, 45.017512851499454, 0.0 ], [ 7.648078963845869, 45.017573605236592, 0.0 ], [ 7.647921932942164, 45.017577246220029, 0.0 ], [ 7.646908850332623, 45.017787167277824, 0.0 ], [ 7.645632834335507, 45.01805154644213, 0.0 ], [ 7.644754152718359, 45.018233598092131, 0.0 ], [ 7.643604273916306, 45.018517311231953, 0.0 ], [ 7.643435188325602, 45.018619607422551, 0.0 ], [ 7.641790671819607, 45.019875662595879, 0.0 ], [ 7.640994690905478, 45.020483590862632, 0.0 ], [ 7.640371088435744, 45.020959862353266, 0.0 ], [ 7.640143394396932, 45.021133757886936, 0.0 ], [ 7.640004225878805, 45.021182411490436, 0.0 ], [ 7.638548416781506, 45.021691381861778, 0.0 ], [ 7.638403139020541, 45.021742175351925, 0.0 ], [ 7.637142832369202, 45.022182775480594, 0.0 ], [ 7.63602303822135, 45.022574226079172, 0.0 ], [ 7.635087989854245, 45.022887064227092, 0.0 ], [ 7.635980052326437, 45.023443019154584, 0.0 ] ] ] } },
{ "type": "Feature", "properties": { "ID_QUART": 14, "DENOM": "Parella", "neighborhood_name_clean": "parella", "statistical_zone_clean": "14", "n_somministrazione": 28, "neighborhood_clean": "14 parella", "total_population": 47185, "stores_per_1000_residents": 0.5934089223270107, "distance_to_nearest_metro": 2741.6872446485495, "normalized_population": 0.79171626381634885, "normalized_competition": 0.050458182532323544, "normalized_distance_to_metro": 0.89128853039776401, "retail_opportunity_score": 0.1603542487514909, "opportunity_level": "High Opportunity", "longitude": 7.6287194693174847, "latitude": 45.082541353499181 }, "geometry": { "type": "Polygon", "coordinates": [ [ [ 7.605672475389571, 45.074131379949513, 0.0 ], [ 7.605714049609769, 45.074189057740767, 0.0 ], [ 7.605775133541072, 45.074278363922502, 0.0 ], [ 7.606401528647553, 45.075244118963568, 0.0 ], [ 7.606428405293155, 45.075282480250188, 0.0 ], [ 7.606460537556667, 45.075333119605233, 0.0 ], [ 7.606479936590416, 45.075359785161012, 0.0 ], [ 7.606711692403115, 45.075692681084483, 0.0 ], [ 7.606949114055086, 45.076037761316186, 0.0 ], [ 7.607384171968982, 45.076691436210147, 0.0 ], [ 7.607403471155885, 45.076718065066522, 0.0 ], [ 7.607512522581811, 45.076882596369479, 0.0 ], [ 7.607954226895226, 45.077544055865744, 0.0 ], [ 7.608372064307247, 45.078176291264818, 0.0 ], [ 7.608545441812094, 45.078427941124723, 0.0 ], [ 7.608638883199953, 45.0785778416246, 0.0 ], [ 7.608736855080015, 45.078727448132469, 0.0 ], [ 7.60905184723984, 45.079195342845885, 0.0 ], [ 7.609668803026506, 45.080115721853844, 0.0 ], [ 7.61072079330525, 45.08169246151742, 0.0 ], [ 7.610759084489744, 45.081768648815029, 0.0 ], [ 7.610797233364789, 45.08182560878307, 0.0 ], [ 7.611191933054926, 45.082407484074579, 0.0 ], [ 7.611327069696912, 45.082609056178299, 0.0 ], [ 7.611334715682588, 45.082634354015177, 0.0 ], [ 7.611338475600908, 45.082633805662475, 0.0 ], [ 7.611377094098255, 45.082594297741487, 0.0 ], [ 7.611417829488721, 45.082564466149975, 0.0 ], [ 7.611385631684874, 45.084085755301352, 0.0 ], [ 7.61122419789692, 45.084714956376608, 0.0 ], [ 7.611131738034391, 45.08564215412612, 0.0 ], [ 7.611123333946039, 45.0859910219108, 0.0 ], [ 7.611201866866733, 45.08633162023532, 0.0 ], [ 7.611655922714679, 45.086773807473492, 0.0 ], [ 7.612343385617585, 45.087429666929026, 0.0 ], [ 7.612581385320304, 45.087684939626648, 0.0 ], [ 7.612976785134258, 45.0881856123478, 0.0 ], [ 7.613244062274807, 45.088717368493285, 0.0 ], [ 7.613332421008223, 45.088798593100222, 0.0 ], [ 7.613533937445434, 45.088847893883162, 0.0 ], [ 7.613776430480081, 45.088872658102908, 0.0 ], [ 7.614439888691413, 45.08883429682075, 0.0 ], [ 7.614595103510739, 45.088830842915236, 0.0 ], [ 7.614767421803082, 45.088827010358685, 0.0 ], [ 7.614920830387623, 45.088837801014975, 0.0 ], [ 7.615400231173865, 45.088999803124217, 0.0 ], [ 7.615531975997451, 45.08910684748642, 0.0 ], [ 7.615794423640946, 45.089358891097639, 0.0 ], [ 7.617305409785881, 45.090328103170897, 0.0 ], [ 7.617535881493467, 45.09050709379877, 0.0 ], [ 7.617698666418371, 45.090645133581113, 0.0 ], [ 7.617758803180732, 45.090696136705397, 0.0 ], [ 7.617775066579611, 45.090732087790904, 0.0 ], [ 7.617873630707121, 45.09077776827921, 0.0 ], [ 7.617914548186203, 45.090810002751702, 0.0 ], [ 7.617967525868951, 45.090868057550175, 0.0 ], [ 7.617982768318845, 45.090895751614411, 0.0 ], [ 7.618027726001026, 45.09094223936907, 0.0 ], [ 7.618050350290797, 45.09098104036179, 0.0 ], [ 7.618099873701533, 45.091046363340752, 0.0 ], [ 7.618235060419365, 45.091236602077586, 0.0 ], [ 7.61827976918875, 45.091350340612571, 0.0 ], [ 7.618300065174532, 45.091381317473939, 0.0 ], [ 7.618351787847904, 45.091537258751622, 0.0 ], [ 7.61837036054837, 45.091700432705963, 0.0 ], [ 7.618380190422418, 45.091814513496651, 0.0 ], [ 7.618357774016734, 45.091888264197202, 0.0 ], [ 7.618363749222328, 45.092062068760484, 0.0 ], [ 7.618946211622664, 45.093365398445059, 0.0 ], [ 7.618976196375221, 45.093425848457926, 0.0 ], [ 7.618987462033966, 45.093436615608312, 0.0 ], [ 7.619033610929385, 45.093472810660238, 0.0 ], [ 7.619072176892812, 45.093498347839954, 0.0 ], [ 7.619108500081908, 45.093518247659688, 0.0 ], [ 7.619147867629573, 45.093547953499503, 0.0 ], [ 7.619192776789553, 45.093583395879008, 0.0 ], [ 7.619234111809118, 45.093618921353901, 0.0 ], [ 7.619287905705984, 45.093673879156029, 0.0 ], [ 7.619320528100247, 45.093710793950692, 0.0 ], [ 7.619351611195691, 45.093738291752956, 0.0 ], [ 7.619380590986719, 45.093757625894632, 0.0 ], [ 7.619420490550782, 45.093796357446983, 0.0 ], [ 7.619448817982186, 45.093827936069722, 0.0 ], [ 7.619477770772716, 45.093857360566147, 0.0 ], [ 7.619496571668337, 45.09388146958122, 0.0 ], [ 7.61950926378442, 45.09390109444287, 0.0 ], [ 7.61952660631198, 45.093919217430539, 0.0 ], [ 7.619563771046747, 45.093966529080078, 0.0 ], [ 7.619628496589425, 45.094040342259916, 0.0 ], [ 7.619657951800693, 45.094079513925323, 0.0 ], [ 7.619671550223337, 45.094091588373551, 0.0 ], [ 7.619712481186644, 45.094139719339928, 0.0 ], [ 7.619777715604409, 45.094213547640273, 0.0 ], [ 7.619837974717927, 45.09427607358478, 0.0 ], [ 7.619910356344587, 45.09434486563859, 0.0 ], [ 7.619943037295946, 45.094370969391946, 0.0 ], [ 7.619969888155137, 45.094396913020809, 0.0 ], [ 7.620001892561267, 45.094416870389033, 0.0 ], [ 7.620099533530168, 45.094469575227727, 0.0 ], [ 7.620146131695517, 45.094487764578112, 0.0 ], [ 7.620189153755629, 45.094506035670413, 0.0 ], [ 7.620228459907771, 45.094517717943319, 0.0 ], [ 7.620254165606703, 45.094526877218961, 0.0 ], [ 7.620282964845007, 45.094533139254331, 0.0 ], [ 7.620340951588384, 45.09454018636665, 0.0 ], [ 7.620399168722191, 45.094545524639393, 0.0 ], [ 7.620466399187351, 45.09454389809369, 0.0 ], [ 7.620537677837857, 45.094537691865405, 0.0 ], [ 7.620642351082433, 45.094506434246306, 0.0 ], [ 7.620710147659555, 45.094484451864346, 0.0 ], [ 7.620807542714148, 45.094441825055981, 0.0 ], [ 7.620903421343344, 45.094389422859969, 0.0 ], [ 7.620938068406889, 45.094373944309851, 0.0 ], [ 7.620991959998559, 45.09434096550612, 0.0 ], [ 7.621058482810757, 45.094295346181973, 0.0 ], [ 7.62109419131326, 45.094264767210611, 0.0 ], [ 7.621169499666542, 45.094211567589156, 0.0 ], [ 7.621204820741128, 45.094188183465619, 0.0 ], [ 7.62126265241162, 45.094153027942376, 0.0 ], [ 7.621316428377359, 45.094122207456515, 0.0 ], [ 7.62139168695444, 45.094069970650168, 0.0 ], [ 7.621467287862398, 45.094011444876038, 0.0 ], [ 7.621537904505812, 45.093963111238438, 0.0 ], [ 7.621590563257668, 45.09393165679603, 0.0 ], [ 7.621605088077845, 45.093916907303687, 0.0 ], [ 7.621608442005511, 45.093892130131927, 0.0 ], [ 7.621603551484435, 45.093869286522704, 0.0 ], [ 7.621569973878588, 45.093798623886521, 0.0 ], [ 7.621562626062045, 45.093763850506164, 0.0 ], [ 7.621532442868109, 45.093667689860375, 0.0 ], [ 7.621516054620281, 45.093606721833993, 0.0 ], [ 7.62150759797915, 45.093526667025728, 0.0 ], [ 7.621511215143647, 45.093469270867132, 0.0 ], [ 7.621505835648217, 45.093340103288575, 0.0 ], [ 7.621508454433004, 45.093190589582086, 0.0 ], [ 7.621518077541885, 45.093133903923466, 0.0 ], [ 7.621569866719814, 45.092973272499222, 0.0 ], [ 7.621649942737662, 45.092825837566608, 0.0 ], [ 7.621685494123915, 45.092788584458731, 0.0 ], [ 7.621745947499171, 45.092727841657336, 0.0 ], [ 7.621813746437648, 45.092658114220114, 0.0 ], [ 7.621836196908131, 45.092618704724138, 0.0 ], [ 7.621848684546097, 45.092584614046963, 0.0 ], [ 7.621893148714364, 45.092513901724864, 0.0 ], [ 7.621920126058632, 45.092484890670292, 0.0 ], [ 7.622075919769709, 45.092376958862573, 0.0 ], [ 7.622355724247272, 45.092213406526497, 0.0 ], [ 7.622576965625916, 45.09209424623441, 0.0 ], [ 7.623384889279614, 45.091769990099017, 0.0 ], [ 7.623507045601437, 45.091734869911456, 0.0 ], [ 7.623900491828652, 45.091624624178465, 0.0 ], [ 7.624046018423448, 45.091585257928251, 0.0 ], [ 7.624285561758348, 45.091518669716997, 0.0 ], [ 7.624480098431649, 45.091466192006983, 0.0 ], [ 7.624664760749873, 45.0914084027442, 0.0 ], [ 7.624887841305202, 45.091340470747411, 0.0 ], [ 7.625034933419305, 45.091290869273614, 0.0 ], [ 7.625291151129112, 45.09120723971396, 0.0 ], [ 7.625414366479906, 45.091161689957282, 0.0 ], [ 7.625509167755078, 45.091129434657354, 0.0 ], [ 7.62556499043022, 45.091107863554022, 0.0 ], [ 7.625629013608629, 45.091075507103973, 0.0 ], [ 7.625861841415215, 45.090953410326726, 0.0 ], [ 7.625942473361255, 45.090909967005558, 0.0 ], [ 7.626013877484814, 45.090863395114042, 0.0 ], [ 7.62609808876847, 45.090805267791843, 0.0 ], [ 7.626181371405684, 45.090740808559374, 0.0 ], [ 7.626243844059797, 45.090689854154341, 0.0 ], [ 7.62631972117706, 45.090630609405927, 0.0 ], [ 7.626435866054837, 45.090536389549285, 0.0 ], [ 7.626475940496857, 45.090504843492369, 0.0 ], [ 7.626583589153969, 45.090422107152172, 0.0 ], [ 7.626702764735695, 45.090333019316553, 0.0 ], [ 7.626769932231881, 45.090279663722058, 0.0 ], [ 7.6270739896989, 45.090013494236196, 0.0 ], [ 7.627134732999648, 45.089956721309271, 0.0 ], [ 7.627194802964988, 45.089903181417597, 0.0 ], [ 7.627257209753523, 45.089824643622713, 0.0 ], [ 7.627405414085602, 45.089696503372593, 0.0 ], [ 7.627497520725226, 45.089614264426658, 0.0 ], [ 7.627676978075645, 45.089462437518534, 0.0 ], [ 7.627702404352847, 45.089443478590482, 0.0 ], [ 7.627811214228612, 45.089309958693434, 0.0 ], [ 7.627880455286757, 45.089227281647759, 0.0 ], [ 7.627940732359235, 45.089145810884034, 0.0 ], [ 7.627963598039768, 45.089112717222555, 0.0 ], [ 7.62798279234857, 45.089081694033062, 0.0 ], [ 7.628012236684915, 45.089039765980239, 0.0 ], [ 7.628048043686182, 45.088992604798584, 0.0 ], [ 7.628080444032778, 45.088947696575737, 0.0 ], [ 7.628116866184024, 45.08888920095351, 0.0 ], [ 7.62813294660173, 45.088868275868442, 0.0 ], [ 7.628149526139857, 45.088848796238153, 0.0 ], [ 7.628167881348484, 45.088838475954951, 0.0 ], [ 7.628181182628943, 45.088837034189076, 0.0 ], [ 7.628191530029431, 45.088833700895506, 0.0 ], [ 7.628203213736201, 45.088819592454023, 0.0 ], [ 7.628224258381179, 45.08878717825332, 0.0 ], [ 7.628253340436782, 45.088747045675937, 0.0 ], [ 7.628299966792882, 45.088692786291858, 0.0 ], [ 7.628342253165004, 45.088634081207701, 0.0 ], [ 7.628361522948815, 45.088601438276783, 0.0 ], [ 7.62841057486924, 45.088487228337577, 0.0 ], [ 7.628417210413915, 45.088462715404368, 0.0 ], [ 7.628454206261676, 45.088379182478803, 0.0 ], [ 7.628451537980067, 45.088352621605999, 0.0 ], [ 7.628456046971991, 45.088325166622973, 0.0 ], [ 7.628469004239157, 45.08826315738132, 0.0 ], [ 7.628469792901438, 45.088243533767645, 0.0 ], [ 7.628468851745687, 45.088227120579155, 0.0 ], [ 7.628602333027208, 45.088266243932466, 0.0 ], [ 7.628658242022913, 45.088153294427315, 0.0 ], [ 7.628718478709878, 45.088041604489653, 0.0 ], [ 7.628557855925633, 45.087993946880154, 0.0 ], [ 7.628557700967021, 45.087987094561726, 0.0 ], [ 7.628559555471585, 45.087980276339437, 0.0 ], [ 7.628566952023638, 45.087970111449579, 0.0 ], [ 7.628575660069675, 45.087949296081952, 0.0 ], [ 7.6286312149679, 45.087862215045206, 0.0 ], [ 7.628642188076871, 45.087814673006228, 0.0 ], [ 7.628642054493622, 45.087812348975042, 0.0 ], [ 7.628638213174103, 45.087809854535884, 0.0 ], [ 7.628630107427327, 45.087807668407571, 0.0 ], [ 7.628621450725036, 45.087806736265513, 0.0 ], [ 7.628613518881333, 45.087807326096097, 0.0 ], [ 7.628601570035419, 45.087810198259319, 0.0 ], [ 7.628589766777467, 45.087811126927875, 0.0 ], [ 7.628555647501272, 45.087802697551304, 0.0 ], [ 7.628531142568445, 45.087800269626229, 0.0 ], [ 7.628525354832227, 45.087797804783548, 0.0 ], [ 7.628523574284036, 45.087796271941343, 0.0 ], [ 7.628533059242389, 45.087792883430211, 0.0 ], [ 7.628542862148074, 45.087792100996218, 0.0 ], [ 7.628645854480126, 45.087796939537441, 0.0 ], [ 7.628655681583755, 45.087795680129936, 0.0 ], [ 7.628665518286013, 45.087791909591061, 0.0 ], [ 7.62867124866699, 45.08778662174943, 0.0 ], [ 7.62867209405715, 45.087780970505392, 0.0 ], [ 7.628681418095412, 45.087739700809031, 0.0 ], [ 7.628701050596723, 45.087684000458864, 0.0 ], [ 7.62871651189781, 45.087587984952215, 0.0 ], [ 7.628723668332861, 45.087554943367678, 0.0 ], [ 7.628745104750966, 45.087495547610821, 0.0 ], [ 7.628753078390812, 45.087469276187605, 0.0 ], [ 7.628754876636684, 45.087458396547866, 0.0 ], [ 7.628756228857259, 45.087423658338018, 0.0 ], [ 7.628760458177749, 45.087410952757764, 0.0 ], [ 7.628777032805005, 45.087384786429404, 0.0 ], [ 7.628834756108176, 45.087298378833097, 0.0 ], [ 7.62884566977455, 45.087285177549106, 0.0 ], [ 7.628911360260686, 45.087220145968864, 0.0 ], [ 7.628946749650112, 45.087187687427246, 0.0 ], [ 7.629062908882639, 45.087076038435818, 0.0 ], [ 7.629085649564143, 45.087052862595378, 0.0 ], [ 7.629143639934753, 45.086984487759239, 0.0 ], [ 7.629158913858413, 45.08696856718268, 0.0 ], [ 7.629205649565804, 45.08692508272307, 0.0 ], [ 7.629254523495721, 45.086872370427116, 0.0 ], [ 7.629271761313971, 45.086856086716423, 0.0 ], [ 7.629309748776314, 45.086826665407941, 0.0 ], [ 7.62939138406864, 45.086758394960086, 0.0 ], [ 7.62944771243786, 45.086701675998825, 0.0 ], [ 7.629486421778028, 45.086665314578141, 0.0 ], [ 7.629531279944935, 45.086626470415105, 0.0 ], [ 7.629612418152543, 45.086558302060915, 0.0 ], [ 7.629672103897374, 45.08650563873784, 0.0 ], [ 7.629707708803734, 45.086471561507508, 0.0 ], [ 7.629760369635302, 45.086426842941755, 0.0 ], [ 7.629845517881827, 45.086356733827969, 0.0 ], [ 7.629898151709023, 45.086310943541505, 0.0 ], [ 7.629955034529914, 45.086273395419994, 0.0 ], [ 7.630014502740163, 45.086226623897176, 0.0 ], [ 7.630032207576196, 45.086214289135931, 0.0 ], [ 7.630149838324032, 45.086138131540629, 0.0 ], [ 7.630183947972154, 45.086117224567516, 0.0 ], [ 7.630216439666799, 45.086091645169823, 0.0 ], [ 7.630243953853763, 45.086071342340162, 0.0 ], [ 7.630303600140287, 45.086032505007658, 0.0 ], [ 7.630373933169688, 45.08598987862581, 0.0 ], [ 7.630502670695836, 45.085917915528412, 0.0 ], [ 7.630530316208598, 45.085903744253947, 0.0 ], [ 7.630554479251574, 45.085892845727315, 0.0 ], [ 7.630561455207618, 45.085886961442881, 0.0 ], [ 7.630565361107207, 45.085879824110023, 0.0 ], [ 7.63056370647577, 45.085872567565502, 0.0 ], [ 7.630566670591913, 45.085865976791482, 0.0 ], [ 7.630571293646319, 45.085859695253902, 0.0 ], [ 7.630582763374289, 45.085849301510052, 0.0 ], [ 7.6306593253016, 45.085964496779475, 0.0 ], [ 7.630686623901682, 45.085957406771541, 0.0 ], [ 7.630612959931731, 45.085840526980007, 0.0 ], [ 7.630699256429916, 45.085803681691132, 0.0 ], [ 7.630809072833626, 45.085748657571806, 0.0 ], [ 7.630950823119838, 45.085681925921293, 0.0 ], [ 7.631187881170534, 45.085590393714341, 0.0 ], [ 7.631369041214003, 45.085547349629309, 0.0 ], [ 7.631365295487142, 45.085508390371338, 0.0 ], [ 7.631551673386747, 45.085469198046269, 0.0 ], [ 7.631745848644766, 45.085439172119806, 0.0 ], [ 7.631940986783631, 45.085417880653353, 0.0 ], [ 7.632169972848471, 45.085400892044596, 0.0 ], [ 7.632698547373743, 45.08538745536088, 0.0 ], [ 7.633109290286818, 45.085398746114834, 0.0 ], [ 7.633378034940245, 45.085422197684842, 0.0 ], [ 7.633458351554979, 45.085431962753063, 0.0 ], [ 7.633466207153293, 45.085505907160794, 0.0 ], [ 7.633451764167793, 45.08551363844812, 0.0 ], [ 7.633400431261919, 45.085549841086483, 0.0 ], [ 7.633368566689301, 45.085608295167624, 0.0 ], [ 7.633367309368903, 45.085616740747945, 0.0 ], [ 7.633439396242006, 45.085657706450242, 0.0 ], [ 7.63343996009294, 45.085658559940207, 0.0 ], [ 7.633386660518073, 45.085712175581435, 0.0 ], [ 7.633351458172497, 45.085690032394993, 0.0 ], [ 7.63334648858055, 45.085688425235389, 0.0 ], [ 7.633341225286106, 45.085689136535301, 0.0 ], [ 7.633337285847122, 45.085691798960525, 0.0 ], [ 7.633335400643141, 45.085695187816839, 0.0 ], [ 7.63333404079864, 45.085706350800095, 0.0 ], [ 7.633333268698074, 45.085717981771474, 0.0 ], [ 7.633296298210945, 45.085737388363562, 0.0 ], [ 7.63325637358344, 45.085767750024445, 0.0 ], [ 7.633241118382649, 45.085795274911618, 0.0 ], [ 7.633203035259829, 45.085784656358946, 0.0 ], [ 7.633175409417073, 45.085812906168236, 0.0 ], [ 7.633161979815428, 45.085849642537994, 0.0 ], [ 7.633154826159671, 45.085918888776185, 0.0 ], [ 7.63315859694816, 45.086140655788292, 0.0 ], [ 7.633164671804497, 45.0861783827118, 0.0 ], [ 7.633169387607044, 45.086195937738978, 0.0 ], [ 7.633177957327462, 45.086212783168556, 0.0 ], [ 7.633240763367677, 45.086285341820876, 0.0 ], [ 7.633251993582727, 45.086301509093708, 0.0 ], [ 7.633260430404047, 45.086318568460406, 0.0 ], [ 7.633272252544734, 45.086368984697224, 0.0 ], [ 7.633269252507676, 45.086413246523122, 0.0 ], [ 7.633270523398691, 45.086450007616811, 0.0 ], [ 7.633260818171861, 45.086494061948841, 0.0 ], [ 7.633260866915455, 45.086504801664752, 0.0 ], [ 7.633277197815399, 45.086548440424458, 0.0 ], [ 7.633280101203302, 45.086561509566792, 0.0 ], [ 7.633282336031047, 45.086601458158107, 0.0 ], [ 7.633285473411504, 45.086618625705334, 0.0 ], [ 7.633290035361251, 45.086635612880826, 0.0 ], [ 7.63333111294953, 45.086749283126998, 0.0 ], [ 7.633344793177823, 45.086806031403022, 0.0 ], [ 7.633369615569534, 45.086892107058468, 0.0 ], [ 7.633374831050462, 45.086932884177187, 0.0 ], [ 7.633384175339676, 45.086951349932946, 0.0 ], [ 7.633397230536232, 45.086968672397475, 0.0 ], [ 7.633415428406348, 45.086989917912284, 0.0 ], [ 7.633433937719114, 45.087010969729199, 0.0 ], [ 7.633455388701329, 45.087032740480225, 0.0 ], [ 7.633474902493728, 45.087055308070582, 0.0 ], [ 7.633510753413138, 45.087117407982767, 0.0 ], [ 7.633536792499752, 45.08716000868327, 0.0 ], [ 7.633553776177703, 45.087181033167155, 0.0 ], [ 7.633578856066034, 45.087203576333032, 0.0 ], [ 7.633695914515192, 45.08729199764781, 0.0 ], [ 7.633721220329254, 45.087311959338017, 0.0 ], [ 7.633733970617701, 45.087323526156979, 0.0 ], [ 7.633743676632673, 45.087336398658316, 0.0 ], [ 7.633794224358468, 45.087429676393427, 0.0 ], [ 7.633823878554837, 45.087469349438173, 0.0 ], [ 7.633833365245962, 45.087487160294749, 0.0 ], [ 7.633840426147243, 45.087505429344205, 0.0 ], [ 7.633841774221199, 45.087515509474002, 0.0 ], [ 7.633840305623003, 45.087538716173476, 0.0 ], [ 7.633842607560099, 45.087546161081342, 0.0 ], [ 7.633852312820617, 45.08756014021462, 0.0 ], [ 7.633864992712103, 45.087572947309503, 0.0 ], [ 7.633883363401298, 45.087589640069034, 0.0 ], [ 7.633903506495503, 45.087604996073416, 0.0 ], [ 7.633930061926749, 45.087621695730306, 0.0 ], [ 7.634014815433845, 45.08767030285825, 0.0 ], [ 7.634096807581841, 45.087712186726584, 0.0 ], [ 7.634118888649285, 45.087721462541928, 0.0 ], [ 7.63413545844604, 45.087725702463423, 0.0 ], [ 7.634152783106074, 45.087727691018841, 0.0 ], [ 7.634172196605848, 45.087728877285485, 0.0 ], [ 7.634191624232458, 45.087729497713958, 0.0 ], [ 7.634208915863574, 45.087729010391413, 0.0 ], [ 7.634219016852724, 45.087729663251366, 0.0 ], [ 7.634271135880343, 45.087758695941687, 0.0 ], [ 7.634355838086462, 45.08780252965748, 0.0 ], [ 7.63438673737947, 45.087816132365887, 0.0 ], [ 7.634499820725511, 45.087853905019102, 0.0 ], [ 7.634517401129821, 45.087857904758941, 0.0 ], [ 7.634573516901764, 45.087863751779622, 0.0 ], [ 7.634612353865579, 45.087865737591777, 0.0 ], [ 7.6346495377685, 45.08787255631534, 0.0 ], [ 7.634711972740341, 45.087876120175508, 0.0 ], [ 7.6347404989792, 45.087873994827127, 0.0 ], [ 7.634764788990048, 45.08786892948698, 0.0 ], [ 7.634781863898948, 45.087866459831574, 0.0 ], [ 7.634798957152556, 45.087865259147101, 0.0 ], [ 7.634820168275177, 45.087866251713919, 0.0 ], [ 7.634855615859736, 45.087872840869515, 0.0 ], [ 7.634889477978769, 45.087882553513182, 0.0 ], [ 7.63492122857608, 45.08789235772754, 0.0 ], [ 7.635384160258012, 45.088013734293838, 0.0 ], [ 7.635320035207275, 45.08816389987436, 0.0 ], [ 7.635373646036234, 45.088175154275994, 0.0 ], [ 7.635437915025062, 45.088027528346764, 0.0 ], [ 7.635470975052493, 45.088037861987225, 0.0 ], [ 7.635522969175802, 45.088048690382465, 0.0 ], [ 7.635704572103276, 45.088097120901786, 0.0 ], [ 7.635878028362944, 45.088127952972592, 0.0 ], [ 7.636011569255945, 45.088144527839148, 0.0 ], [ 7.636097271754049, 45.088151276772898, 0.0 ], [ 7.636232277459396, 45.088166093889491, 0.0 ], [ 7.636299307058942, 45.088175743091895, 0.0 ], [ 7.636385298383632, 45.088181586030196, 0.0 ], [ 7.636475379891306, 45.088183805964995, 0.0 ], [ 7.636498424064238, 45.088181964732478, 0.0 ], [ 7.63651127376334, 45.088179714689325, 0.0 ], [ 7.636523350152351, 45.088174665691461, 0.0 ], [ 7.636528527772618, 45.088170739679015, 0.0 ], [ 7.636530517633317, 45.088166144848138, 0.0 ], [ 7.636528230050639, 45.088151687606114, 0.0 ], [ 7.636515742175287, 45.088101929845514, 0.0 ], [ 7.636507854693253, 45.088080348800879, 0.0 ], [ 7.636494611774447, 45.088052196121943, 0.0 ], [ 7.636489415535874, 45.088026523534268, 0.0 ], [ 7.63649915987548, 45.087992901988216, 0.0 ], [ 7.636498805936331, 45.087983814985627, 0.0 ], [ 7.636485847524321, 45.087961785335622, 0.0 ], [ 7.636478685010351, 45.087941301936581, 0.0 ], [ 7.636477901475719, 45.087913360065912, 0.0 ], [ 7.636465291725888, 45.08788143358516, 0.0 ], [ 7.636440401810444, 45.087844427172627, 0.0 ], [ 7.636417724472029, 45.087816998150899, 0.0 ], [ 7.636386771836507, 45.08779339519976, 0.0 ], [ 7.636341573910584, 45.087756021275325, 0.0 ], [ 7.636326500051188, 45.08774867610358, 0.0 ], [ 7.636368336473972, 45.087706300251185, 0.0 ], [ 7.636471075659222, 45.087775066312417, 0.0 ], [ 7.636491276875943, 45.087793437769264, 0.0 ], [ 7.636525598462305, 45.087844131373942, 0.0 ], [ 7.636557150425623, 45.087908285428647, 0.0 ], [ 7.636572337646927, 45.087953583158011, 0.0 ], [ 7.636583689028583, 45.087999365769981, 0.0 ], [ 7.636587232912093, 45.08802931255552, 0.0 ], [ 7.636581829676004, 45.088030498229671, 0.0 ], [ 7.636573099618939, 45.088054482660546, 0.0 ], [ 7.636605665102445, 45.088153954306499, 0.0 ], [ 7.636619814244776, 45.088168174175671, 0.0 ], [ 7.636624620295676, 45.088171805080194, 0.0 ], [ 7.636630667058116, 45.08817403805277, 0.0 ], [ 7.636646448875585, 45.088176135498948, 0.0 ], [ 7.636705162490317, 45.088181300681988, 0.0 ], [ 7.636867523072646, 45.088184534914575, 0.0 ], [ 7.636967774482722, 45.088189729429203, 0.0 ], [ 7.637038664067813, 45.088190979949175, 0.0 ], [ 7.637202907421842, 45.088198395173443, 0.0 ], [ 7.637293142780406, 45.088198905609218, 0.0 ], [ 7.637382069266617, 45.088201020031185, 0.0 ], [ 7.637502932097408, 45.088199265897309, 0.0 ], [ 7.63753701630946, 45.088197998120378, 0.0 ], [ 7.637557235550292, 45.088195845852297, 0.0 ], [ 7.637617038111381, 45.088185540412319, 0.0 ], [ 7.637720336640183, 45.088174872706837, 0.0 ], [ 7.63775250602752, 45.088172438693803, 0.0 ], [ 7.63783671519486, 45.088170869079576, 0.0 ], [ 7.637905604360143, 45.088164336417982, 0.0 ], [ 7.637962060764536, 45.088163893684793, 0.0 ], [ 7.638052009555844, 45.088158279111113, 0.0 ], [ 7.638088511870247, 45.088154239423957, 0.0 ], [ 7.638209741099575, 45.088146207628, 0.0 ], [ 7.638251902307218, 45.088142541470354, 0.0 ], [ 7.638291169429937, 45.088138139845746, 0.0 ], [ 7.638402100211988, 45.088122854745372, 0.0 ], [ 7.638442428963288, 45.088118159632884, 0.0 ], [ 7.638482983145858, 45.088114737306576, 0.0 ], [ 7.638645016571514, 45.088105532949953, 0.0 ], [ 7.638784569552843, 45.088092146803987, 0.0 ], [ 7.638837162881686, 45.088091098375209, 0.0 ], [ 7.638889861106893, 45.08809112341013, 0.0 ], [ 7.638999632923205, 45.088086031453066, 0.0 ], [ 7.639105154983403, 45.088078531449362, 0.0 ], [ 7.63922071182498, 45.088067962293806, 0.0 ], [ 7.63932211774248, 45.08805444418779, 0.0 ], [ 7.639401968419768, 45.088047041904545, 0.0 ], [ 7.639437132526517, 45.088044760375887, 0.0 ], [ 7.639470463397492, 45.088043771481018, 0.0 ], [ 7.639555178423116, 45.088042881302705, 0.0 ], [ 7.639587005756513, 45.088040875124285, 0.0 ], [ 7.639618676624437, 45.088037516814239, 0.0 ], [ 7.639703489295584, 45.088026050662926, 0.0 ], [ 7.639907924304802, 45.088011104565489, 0.0 ], [ 7.640011022758409, 45.088007704420484, 0.0 ], [ 7.640193089242082, 45.087999745757237, 0.0 ], [ 7.640344855661772, 45.087986214257711, 0.0 ], [ 7.640410205087577, 45.087978899867231, 0.0 ], [ 7.640459875691212, 45.087976350167658, 0.0 ], [ 7.640486089447559, 45.087973727199525, 0.0 ], [ 7.640557677915506, 45.087964209406472, 0.0 ], [ 7.64059646373898, 45.087960387185824, 0.0 ], [ 7.64074725923637, 45.087952424389989, 0.0 ], [ 7.640793208791476, 45.087954492764368, 0.0 ], [ 7.64084131991047, 45.087952824055591, 0.0 ], [ 7.640895705868947, 45.08795342610653, 0.0 ], [ 7.640928042009042, 45.087955781575417, 0.0 ], [ 7.640988734015201, 45.087965343537931, 0.0 ], [ 7.641016858176696, 45.087971593220068, 0.0 ], [ 7.641075709487328, 45.088105375138696, 0.0 ], [ 7.641061203721985, 45.088105661650893, 0.0 ], [ 7.641067617504428, 45.08812134610077, 0.0 ], [ 7.641106680800134, 45.088121297952682, 0.0 ], [ 7.641147946999185, 45.088121105752052, 0.0 ], [ 7.641142863578286, 45.088107730585556, 0.0 ], [ 7.641125738681346, 45.08810754581333, 0.0 ], [ 7.641067409623254, 45.087972032730491, 0.0 ], [ 7.641118417386794, 45.08797576364055, 0.0 ], [ 7.641291161120607, 45.087981059027236, 0.0 ], [ 7.641583838283371, 45.088002346292214, 0.0 ], [ 7.641720903929722, 45.088016138164861, 0.0 ], [ 7.641862540307167, 45.088030021366343, 0.0 ], [ 7.641944256380851, 45.088037671193817, 0.0 ], [ 7.641976300934102, 45.088034101592498, 0.0 ], [ 7.641990238080088, 45.088029406503225, 0.0 ], [ 7.641998848555774, 45.088025260253936, 0.0 ], [ 7.642006597655556, 45.088020536397785, 0.0 ], [ 7.642008521181416, 45.087996793905845, 0.0 ], [ 7.642003013029934, 45.087947119751036, 0.0 ], [ 7.642023662704961, 45.087946618202558, 0.0 ], [ 7.642030539969614, 45.08799955885862, 0.0 ], [ 7.6420252014763, 45.088026472923538, 0.0 ], [ 7.642105294876784, 45.088033411455179, 0.0 ], [ 7.642130750271626, 45.088038188760109, 0.0 ], [ 7.642183459215932, 45.088051085139497, 0.0 ], [ 7.642329750416049, 45.088076623925446, 0.0 ], [ 7.642530900888908, 45.088115499527085, 0.0 ], [ 7.642782249896543, 45.088155187420661, 0.0 ], [ 7.643077164005859, 45.088204429956946, 0.0 ], [ 7.643321853881124, 45.088248062043007, 0.0 ], [ 7.643574848865692, 45.088305293939918, 0.0 ], [ 7.643663053988384, 45.088326612765265, 0.0 ], [ 7.643840106408222, 45.088372158041324, 0.0 ], [ 7.643912294574735, 45.088393180038473, 0.0 ], [ 7.643988095206788, 45.088413001944453, 0.0 ], [ 7.644125822765733, 45.088449320757448, 0.0 ], [ 7.64421142265555, 45.088479835896379, 0.0 ], [ 7.644346338815543, 45.088515688635518, 0.0 ], [ 7.644463102904976, 45.088561516063749, 0.0 ], [ 7.644495011361823, 45.088578701987878, 0.0 ], [ 7.64455560381385, 45.08861030603768, 0.0 ], [ 7.644633794364581, 45.088647285420265, 0.0 ], [ 7.644693879461052, 45.088673429362196, 0.0 ], [ 7.644730690310023, 45.088693363962001, 0.0 ], [ 7.644772467939232, 45.08872577969457, 0.0 ], [ 7.644818297039696, 45.088769108954729, 0.0 ], [ 7.644891811722622, 45.088803890908459, 0.0 ], [ 7.644978848085763, 45.088836005969085, 0.0 ], [ 7.645061228171289, 45.088870002351122, 0.0 ], [ 7.645093225123562, 45.088884487734632, 0.0 ], [ 7.645173263818883, 45.088913216870488, 0.0 ], [ 7.645209731990092, 45.088930491106964, 0.0 ], [ 7.645244554343622, 45.088944299522034, 0.0 ], [ 7.645273736696289, 45.088959633521945, 0.0 ], [ 7.645331529186268, 45.088978033712117, 0.0 ], [ 7.645387961472736, 45.088992080790135, 0.0 ], [ 7.645444224945434, 45.089007835168879, 0.0 ], [ 7.645491215136004, 45.089018734597886, 0.0 ], [ 7.645528692059079, 45.089029901065956, 0.0 ], [ 7.645561541638302, 45.089042235202903, 0.0 ], [ 7.645578963625152, 45.089051335354156, 0.0 ], [ 7.645594782094905, 45.089061695651601, 0.0 ], [ 7.645407399718843, 45.089122278058866, 0.0 ], [ 7.645489431455347, 45.089172661011901, 0.0 ], [ 7.645696443967296, 45.08929979978533, 0.0 ], [ 7.645912051713925, 45.089430532575292, 0.0 ], [ 7.645992920160932, 45.08947956967576, 0.0 ], [ 7.646179388680173, 45.08941456472278, 0.0 ], [ 7.646296898536711, 45.089424662544225, 0.0 ], [ 7.646296712533887, 45.089428287743459, 0.0 ], [ 7.646298011425385, 45.089431940054943, 0.0 ], [ 7.646301006761324, 45.089435323136613, 0.0 ], [ 7.646311632501948, 45.089441678313641, 0.0 ], [ 7.646318801300716, 45.089444302617324, 0.0 ], [ 7.64632912949003, 45.089446558662793, 0.0 ], [ 7.646777023633317, 45.089508344185916, 0.0 ], [ 7.646862484522289, 45.089516315154398, 0.0 ], [ 7.646915122526687, 45.089522600299041, 0.0 ], [ 7.646967230859305, 45.089530960225552, 0.0 ], [ 7.647028021016091, 45.089543462903499, 0.0 ], [ 7.647149071586756, 45.089571550907635, 0.0 ], [ 7.647209413567036, 45.089586903554348, 0.0 ], [ 7.647265186763962, 45.089603055578635, 0.0 ], [ 7.647388032900202, 45.089642282723041, 0.0 ], [ 7.647455132956026, 45.089665239064985, 0.0 ], [ 7.647530392189759, 45.089693036475325, 0.0 ], [ 7.647567015194155, 45.089708189050206, 0.0 ], [ 7.647602653794912, 45.089724534410216, 0.0 ], [ 7.647682232026639, 45.089764859403658, 0.0 ], [ 7.647805526228022, 45.089817440939228, 0.0 ], [ 7.648023786931285, 45.089920520397989, 0.0 ], [ 7.648113362450495, 45.089957731801235, 0.0 ], [ 7.648210297439936, 45.090010495287082, 0.0 ], [ 7.648310186996856, 45.090077569633721, 0.0 ], [ 7.64837310197806, 45.090116364747203, 0.0 ], [ 7.648440462598661, 45.090164979856155, 0.0 ], [ 7.648509921670986, 45.090225366373531, 0.0 ], [ 7.64857471260355, 45.090302719818737, 0.0 ], [ 7.648638721789857, 45.090408320684276, 0.0 ], [ 7.64869051307429, 45.090526522873333, 0.0 ], [ 7.648707788069616, 45.090568918568245, 0.0 ], [ 7.648722814466383, 45.090610710327326, 0.0 ], [ 7.648734027396972, 45.090674098215963, 0.0 ], [ 7.648743860058053, 45.090716271351866, 0.0 ], [ 7.648746985414036, 45.090777141943633, 0.0 ], [ 7.64873049021929, 45.090882275022992, 0.0 ], [ 7.648730429151881, 45.090912836226778, 0.0 ], [ 7.648730402163241, 45.090928047818117, 0.0 ], [ 7.648718403324081, 45.090987425851992, 0.0 ], [ 7.648693524407737, 45.091086923743923, 0.0 ], [ 7.64868110402494, 45.091124899134471, 0.0 ], [ 7.648668981951617, 45.091171664239248, 0.0 ], [ 7.648657981630485, 45.091238272210376, 0.0 ], [ 7.648615204557919, 45.091384953135332, 0.0 ], [ 7.648598668777644, 45.091433492602199, 0.0 ], [ 7.648584257884854, 45.09150568763269, 0.0 ], [ 7.648580943211062, 45.091596160961032, 0.0 ], [ 7.648567722355477, 45.091659934356073, 0.0 ], [ 7.64856429131599, 45.091716991724844, 0.0 ], [ 7.648574610090869, 45.091834982480677, 0.0 ], [ 7.648584201225753, 45.091886855873781, 0.0 ], [ 7.648597862677467, 45.091934843486939, 0.0 ], [ 7.648620986897982, 45.092007194295796, 0.0 ], [ 7.648660696567758, 45.092158730096244, 0.0 ], [ 7.648681269278941, 45.092212696789396, 0.0 ], [ 7.648702703713333, 45.092288834746491, 0.0 ], [ 7.648731618809234, 45.092376025387154, 0.0 ], [ 7.648743258738881, 45.092416957936585, 0.0 ], [ 7.648755877790257, 45.092471397855483, 0.0 ], [ 7.648773048679782, 45.092539185017401, 0.0 ], [ 7.648800119435246, 45.092629100060776, 0.0 ], [ 7.648832163571062, 45.092731243017468, 0.0 ], [ 7.648857142707354, 45.092795603827021, 0.0 ], [ 7.648876808939206, 45.092841618952733, 0.0 ], [ 7.648914130743446, 45.092922087085107, 0.0 ], [ 7.648938424294589, 45.092957327268415, 0.0 ], [ 7.648971715612999, 45.093002235285198, 0.0 ], [ 7.649032383378922, 45.09307342681538, 0.0 ], [ 7.649287344004176, 45.093326024621717, 0.0 ], [ 7.649291068083223, 45.093336826358012, 0.0 ], [ 7.649285804313454, 45.093353642312408, 0.0 ], [ 7.649274389611993, 45.093370457503624, 0.0 ], [ 7.649269217490332, 45.093387697006122, 0.0 ], [ 7.649273774839393, 45.093413208384213, 0.0 ], [ 7.649284111592928, 45.093438373358403, 0.0 ], [ 7.649294673846832, 45.093453404559284, 0.0 ], [ 7.649309449411013, 45.093462716891217, 0.0 ], [ 7.649348969831493, 45.093483374371175, 0.0 ], [ 7.649433309655337, 45.093519181585755, 0.0 ], [ 7.649467902754535, 45.093526198026105, 0.0 ], [ 7.649499974171557, 45.093521518172679, 0.0 ], [ 7.64975024584546, 45.093459351237414, 0.0 ], [ 7.649779620662661, 45.093460265038658, 0.0 ], [ 7.649799249475132, 45.093465349822857, 0.0 ], [ 7.649834158817313, 45.093458866411645, 0.0 ], [ 7.649856039533313, 45.093451509439369, 0.0 ], [ 7.649859634381961, 45.093453748489594, 0.0 ], [ 7.649867276481937, 45.093455712092172, 0.0 ], [ 7.649873068475628, 45.093455834911083, 0.0 ], [ 7.649877594639768, 45.093459488207635, 0.0 ], [ 7.649883890644328, 45.093461416875677, 0.0 ], [ 7.649893123135074, 45.093460671597562, 0.0 ], [ 7.649928776016781, 45.093517011087314, 0.0 ], [ 7.649973977089625, 45.093504249854156, 0.0 ], [ 7.64993748855423, 45.093446585559562, 0.0 ], [ 7.649942970261344, 45.093443707605807, 0.0 ], [ 7.64994617331813, 45.093439432983359, 0.0 ], [ 7.649946452063207, 45.09343460306367, 0.0 ], [ 7.649945769970373, 45.09343281276815, 0.0 ], [ 7.649950668457158, 45.093428207721395, 0.0 ], [ 7.64995284627891, 45.093422652224447, 0.0 ], [ 7.649952308651891, 45.093418990392472, 0.0 ], [ 7.650044822101293, 45.093383646203286, 0.0 ], [ 7.650244059558422, 45.093275450583732, 0.0 ], [ 7.650341020249924, 45.093223864618501, 0.0 ], [ 7.650410987039311, 45.09320253005265, 0.0 ], [ 7.650461655277053, 45.093184207168733, 0.0 ], [ 7.650508987548123, 45.093164512692226, 0.0 ], [ 7.650600006917063, 45.09311961572898, 0.0 ], [ 7.650778037175079, 45.093063613521871, 0.0 ], [ 7.650957325283855, 45.092994628196614, 0.0 ], [ 7.651319438445372, 45.092805062667914, 0.0 ], [ 7.651583002468611, 45.092554326880503, 0.0 ], [ 7.651852419336809, 45.092286870102932, 0.0 ], [ 7.651867981302106, 45.092270427821049, 0.0 ], [ 7.651914943007229, 45.092227008765988, 0.0 ], [ 7.651996400870775, 45.092163294331826, 0.0 ], [ 7.652115013325345, 45.09206634981804, 0.0 ], [ 7.652220793552158, 45.091982189841829, 0.0 ], [ 7.652321257244949, 45.091897607041574, 0.0 ], [ 7.652344037809222, 45.091876767141656, 0.0 ], [ 7.652505494309091, 45.091712519736554, 0.0 ], [ 7.652522604490002, 45.091696634468981, 0.0 ], [ 7.652561646648737, 45.091670080964064, 0.0 ], [ 7.652602408471235, 45.091644880335807, 0.0 ], [ 7.652640720946124, 45.091619560231514, 0.0 ], [ 7.652672775488611, 45.091592897522979, 0.0 ], [ 7.652703415001654, 45.091565380424484, 0.0 ], [ 7.652741305229641, 45.091533709726036, 0.0 ], [ 7.652787454871265, 45.091500984530398, 0.0 ], [ 7.652851873773534, 45.091442000377121, 0.0 ], [ 7.652890550844235, 45.091408150062648, 0.0 ], [ 7.652930548443845, 45.091375010365276, 0.0 ], [ 7.652967144147531, 45.091348661053161, 0.0 ], [ 7.653005714290755, 45.091323758179264, 0.0 ], [ 7.653061578503145, 45.091290769828788, 0.0 ], [ 7.653087253012252, 45.091272213891664, 0.0 ], [ 7.65314033593196, 45.091231008285114, 0.0 ], [ 7.653170114607191, 45.091212519755523, 0.0 ], [ 7.653248670329742, 45.091141368672389, 0.0 ], [ 7.653274758195845, 45.091120342094847, 0.0 ], [ 7.653385544450901, 45.091040948309974, 0.0 ], [ 7.653512984432696, 45.090952055833469, 0.0 ], [ 7.653581057221698, 45.091053884704984, 0.0 ], [ 7.653662872886414, 45.091001343027976, 0.0 ], [ 7.653858822078305, 45.090882598166765, 0.0 ], [ 7.653811947874778, 45.090821302976636, 0.0 ], [ 7.653484607006802, 45.090337192592486, 0.0 ], [ 7.653080507925413, 45.089729265672126, 0.0 ], [ 7.652384343079966, 45.088694631386488, 0.0 ], [ 7.651877390579243, 45.087933645446057, 0.0 ], [ 7.651781744718492, 45.087788902922512, 0.0 ], [ 7.651509620535691, 45.087391377864854, 0.0 ], [ 7.651452137355565, 45.087304327729626, 0.0 ], [ 7.65141992360223, 45.087261134753838, 0.0 ], [ 7.651148768321897, 45.086861108091931, 0.0 ], [ 7.649947202448267, 45.085065116404806, 0.0 ], [ 7.649874251423022, 45.08494980513845, 0.0 ], [ 7.64978856698418, 45.084822623804449, 0.0 ], [ 7.649758164337721, 45.084775050056308, 0.0 ], [ 7.649467134151301, 45.084344683211469, 0.0 ], [ 7.649162378305181, 45.08389797818019, 0.0 ], [ 7.648732357013512, 45.083263129069231, 0.0 ], [ 7.648667148036189, 45.083159206510935, 0.0 ], [ 7.648609879034932, 45.083072022481986, 0.0 ], [ 7.648111560947433, 45.082331060487448, 0.0 ], [ 7.647673810628999, 45.081684971317216, 0.0 ], [ 7.647239579727974, 45.081035051074473, 0.0 ], [ 7.647189178219552, 45.080943923593701, 0.0 ], [ 7.647146952490327, 45.080886046777692, 0.0 ], [ 7.647106957670672, 45.080828888261031, 0.0 ], [ 7.646796933386726, 45.080367900273437, 0.0 ], [ 7.646405929124352, 45.079780456963228, 0.0 ], [ 7.646357293175818, 45.079722350356157, 0.0 ], [ 7.646206137058717, 45.079519045349926, 0.0 ], [ 7.645041723679779, 45.077934098655589, 0.0 ], [ 7.644948054161024, 45.07779524285823, 0.0 ], [ 7.643901446241181, 45.076375539958974, 0.0 ], [ 7.643710806277007, 45.076119120537783, 0.0 ], [ 7.643572082203154, 45.075929740219557, 0.0 ], [ 7.643319068950222, 45.075575972549331, 0.0 ], [ 7.642883477872464, 45.075557348135916, 0.0 ], [ 7.642436186475183, 45.075538213469507, 0.0 ], [ 7.642264842425012, 45.075531171416216, 0.0 ], [ 7.640116219288222, 45.075442807113077, 0.0 ], [ 7.639343089708704, 45.075411102769209, 0.0 ], [ 7.63781941586197, 45.075348619761236, 0.0 ], [ 7.636483434348214, 45.07529382405064, 0.0 ], [ 7.635605523260519, 45.075257798945778, 0.0 ], [ 7.634618167030697, 45.075217543316548, 0.0 ], [ 7.633880589480469, 45.075187458248564, 0.0 ], [ 7.633248334314094, 45.075161681906508, 0.0 ], [ 7.632568369049996, 45.075133953299996, 0.0 ], [ 7.632294053768009, 45.075122765628919, 0.0 ], [ 7.631301700789179, 45.07508227565846, 0.0 ], [ 7.630024399921151, 45.075030159808378, 0.0 ], [ 7.628837584666172, 45.074981716250271, 0.0 ], [ 7.627030500785306, 45.074907927794762, 0.0 ], [ 7.624035219926532, 45.074785565734963, 0.0 ], [ 7.62213952567822, 45.074708075065978, 0.0 ], [ 7.621422385267927, 45.074678760591894, 0.0 ], [ 7.620463682496041, 45.074639555721355, 0.0 ], [ 7.619580890071148, 45.074603447100245, 0.0 ], [ 7.618713470598264, 45.074567941891317, 0.0 ], [ 7.618574915781868, 45.074562269758744, 0.0 ], [ 7.617739720035961, 45.074528073874085, 0.0 ], [ 7.614520315174563, 45.074396140157553, 0.0 ], [ 7.613947934722222, 45.074372675501884, 0.0 ], [ 7.610901726869842, 45.074247721413037, 0.0 ], [ 7.610052099259881, 45.074212861733677, 0.0 ], [ 7.60918672533884, 45.07417734388963, 0.0 ], [ 7.608377385193617, 45.074144114830183, 0.0 ], [ 7.607969034592353, 45.074127355021275, 0.0 ], [ 7.607596320873816, 45.074112053464248, 0.0 ], [ 7.606801883202106, 45.074079426929067, 0.0 ], [ 7.606083745535117, 45.074049931464778, 0.0 ], [ 7.605594502638805, 45.074029824694335, 0.0 ], [ 7.605672475389571, 45.074131379949513, 0.0 ] ] ] } },
{ "type": "Feature", "properties": { "ID_QUART": 4, "DENOM": "San Paolo", "neighborhood_name_clean": "san paolo", "statistical_zone_clean": "04", "n_somministrazione": 168, "neighborhood_clean": "4 san paolo", "total_population": 33352, "stores_per_1000_residents": 5.0371791796593905, "distance_to_nearest_metro": 305.27862973492, "normalized_population": 0.45567836754524477, "normalized_competition": 0.66529900055139501, "normalized_distance_to_metro": 0.025620221883500275, "retail_opportunity_score": -0.032923429174328139, "opportunity_level": "Medium Opportunity", "longitude": 7.6455237057681682, "latitude": 45.059638897949412 }, "geometry": { "type": "Polygon", "coordinates": [ [ [ 7.634882718921003, 45.056533624487145, 0.0 ], [ 7.634885082679205, 45.056767851850466, 0.0 ], [ 7.634942713394096, 45.057760688062366, 0.0 ], [ 7.634946140108864, 45.058017451525046, 0.0 ], [ 7.635091253977206, 45.060323430870909, 0.0 ], [ 7.63534838663322, 45.061872621085421, 0.0 ], [ 7.636571073447189, 45.064651828981717, 0.0 ], [ 7.63685001053683, 45.065288830071232, 0.0 ], [ 7.637228512999287, 45.066153177455547, 0.0 ], [ 7.637613395080022, 45.067006499976792, 0.0 ], [ 7.637766804155677, 45.067353070740268, 0.0 ], [ 7.637894220815102, 45.067640900418375, 0.0 ], [ 7.638220975942235, 45.068378998537071, 0.0 ], [ 7.638482887318845, 45.068970611364392, 0.0 ], [ 7.640224470101982, 45.068298013729226, 0.0 ], [ 7.640502183491138, 45.068190760091689, 0.0 ], [ 7.641129090626199, 45.067948640414819, 0.0 ], [ 7.641457402885912, 45.067821832700048, 0.0 ], [ 7.642178477574516, 45.067543325377713, 0.0 ], [ 7.642934367004793, 45.067251373238882, 0.0 ], [ 7.643897362630201, 45.066879411548157, 0.0 ], [ 7.644913557998871, 45.066486881341682, 0.0 ], [ 7.645707143160251, 45.066183683009498, 0.0 ], [ 7.646312933710838, 45.065949160418029, 0.0 ], [ 7.647066094017187, 45.065657427868693, 0.0 ], [ 7.647745157387601, 45.065394671275186, 0.0 ], [ 7.64835535772878, 45.06515876868189, 0.0 ], [ 7.648524336510409, 45.065093434428192, 0.0 ], [ 7.648905970430738, 45.064945892901648, 0.0 ], [ 7.648948964077159, 45.064929271544905, 0.0 ], [ 7.649255611740243, 45.064960337488195, 0.0 ], [ 7.649511307411826, 45.064986243441147, 0.0 ], [ 7.649590151926239, 45.06499423331401, 0.0 ], [ 7.649488729711187, 45.064878612327249, 0.0 ], [ 7.649385154365497, 45.064760535577697, 0.0 ], [ 7.64969105506932, 45.064642081260821, 0.0 ], [ 7.65097419701029, 45.064145199612057, 0.0 ], [ 7.651984573216573, 45.063753492948514, 0.0 ], [ 7.652237666712126, 45.063655373692903, 0.0 ], [ 7.653017893923849, 45.063352894071983, 0.0 ], [ 7.653549412832008, 45.063146819861245, 0.0 ], [ 7.654783959504689, 45.062668127231035, 0.0 ], [ 7.655984273125431, 45.062202764540366, 0.0 ], [ 7.658085594840747, 45.061399748767613, 0.0 ], [ 7.657988678094787, 45.061261080664195, 0.0 ], [ 7.657608713350784, 45.060717426846757, 0.0 ], [ 7.657213990758993, 45.060162156692371, 0.0 ], [ 7.656961957409192, 45.059807618884221, 0.0 ], [ 7.656849304233068, 45.059554128455794, 0.0 ], [ 7.656812783625999, 45.059471962555726, 0.0 ], [ 7.656723477518852, 45.059270991733747, 0.0 ], [ 7.65622854981403, 45.058578584886071, 0.0 ], [ 7.656126086174855, 45.058411900454658, 0.0 ], [ 7.655603015897256, 45.057708690271717, 0.0 ], [ 7.655530300850065, 45.05765847744987, 0.0 ], [ 7.655488907337337, 45.057629905270652, 0.0 ], [ 7.655475795366528, 45.057620856427562, 0.0 ], [ 7.655432990347581, 45.057567440744464, 0.0 ], [ 7.655199540877371, 45.057189307851409, 0.0 ], [ 7.655127787735626, 45.05708944331041, 0.0 ], [ 7.655097248950373, 45.057018825895831, 0.0 ], [ 7.65502144401744, 45.056863155561309, 0.0 ], [ 7.6549487930197, 45.056718730615422, 0.0 ], [ 7.65486165978179, 45.056561496767848, 0.0 ], [ 7.654795362026141, 45.056276178721234, 0.0 ], [ 7.654718608241626, 45.055922323967401, 0.0 ], [ 7.654660532950878, 45.055664360667016, 0.0 ], [ 7.65460056960474, 45.055397659932964, 0.0 ], [ 7.65458731314903, 45.055189085971037, 0.0 ], [ 7.654590397766226, 45.055023481529382, 0.0 ], [ 7.654604905450367, 45.054929564909244, 0.0 ], [ 7.654646590837332, 45.054599575020163, 0.0 ], [ 7.654651280811996, 45.054569104390417, 0.0 ], [ 7.65471560291368, 45.054208521551033, 0.0 ], [ 7.654862333193178, 45.053808367050955, 0.0 ], [ 7.654990190141899, 45.053537127481455, 0.0 ], [ 7.655091507210147, 45.053351939699823, 0.0 ], [ 7.655690038278141, 45.052585537134938, 0.0 ], [ 7.655911179233061, 45.052299641541573, 0.0 ], [ 7.656245548372732, 45.052030913091883, 0.0 ], [ 7.656581904809378, 45.051792713914189, 0.0 ], [ 7.656781144198692, 45.051667314485648, 0.0 ], [ 7.657356858854405, 45.0513738936232, 0.0 ], [ 7.657736161008274, 45.05122071308417, 0.0 ], [ 7.658063535069484, 45.051101605507107, 0.0 ], [ 7.658425483952708, 45.050983236472504, 0.0 ], [ 7.658712850511346, 45.050822519570239, 0.0 ], [ 7.658357297075035, 45.050835211859663, 0.0 ], [ 7.655866806385186, 45.051417214803507, 0.0 ], [ 7.65534602025665, 45.051509059625445, 0.0 ], [ 7.654940943433855, 45.051570738958773, 0.0 ], [ 7.654061583527381, 45.051704631699124, 0.0 ], [ 7.653598984331973, 45.051795137133645, 0.0 ], [ 7.652792458158971, 45.051952931652416, 0.0 ], [ 7.652045354321642, 45.052099089330177, 0.0 ], [ 7.651099133569991, 45.052284199133787, 0.0 ], [ 7.650832387143232, 45.052336381058886, 0.0 ], [ 7.650388406063577, 45.052423835513125, 0.0 ], [ 7.650279220766997, 45.05244466136471, 0.0 ], [ 7.648828587649336, 45.052731369269502, 0.0 ], [ 7.647708103798695, 45.052953817734348, 0.0 ], [ 7.64654854114168, 45.053183000669016, 0.0 ], [ 7.641944237623917, 45.054096286246228, 0.0 ], [ 7.641311560852491, 45.054229790769178, 0.0 ], [ 7.638980568692711, 45.054707228071159, 0.0 ], [ 7.638326724197141, 45.054841130715474, 0.0 ], [ 7.637437249789063, 45.055026028660329, 0.0 ], [ 7.63625937957367, 45.055269095305391, 0.0 ], [ 7.635069067409754, 45.055513699989035, 0.0 ], [ 7.63481923902112, 45.055565103045822, 0.0 ], [ 7.634882718921003, 45.056533624487145, 0.0 ] ] ] } },
{ "type": "Feature", "properties": { "ID_QUART": 11, "DENOM": "Santa Rita", "neighborhood_name_clean": "santa rita", "statistical_zone_clean": "11", "n_somministrazione": 129, "neighborhood_clean": "11 santa rita", "total_population": 55185, "stores_per_1000_residents": 2.337591736885023, "distance_to_nearest_metro": 1709.7622127264012, "normalized_population": 0.98605611563221185, "normalized_competition": 0.29178361710180084, "normalized_distance_to_metro": 0.52464034526596037, "retail_opportunity_score": 0.236672916995673, "opportunity_level": "Very High Opportunity", "longitude": 7.6461964211467466, "latitude": 45.045154398722865 }, "geometry": { "type": "Polygon", "coordinates": [ [ [ 7.633944771831228, 45.040407522575194, 0.0 ], [ 7.633970368877011, 45.040840139114323, 0.0 ], [ 7.634008505016167, 45.041484772898912, 0.0 ], [ 7.63404763458589, 45.042160285398595, 0.0 ], [ 7.634098937590547, 45.043051572568125, 0.0 ], [ 7.634132760216045, 45.043639047894196, 0.0 ], [ 7.634178077738419, 45.044428712792701, 0.0 ], [ 7.634261398079492, 45.045873651057896, 0.0 ], [ 7.63435552836823, 45.047512732933555, 0.0 ], [ 7.63443642596055, 45.048921596640731, 0.0 ], [ 7.634546048963293, 45.050831078318865, 0.0 ], [ 7.634556704568533, 45.05101668813883, 0.0 ], [ 7.63465132637066, 45.052664587204966, 0.0 ], [ 7.634693900202749, 45.053406085573677, 0.0 ], [ 7.634733899440632, 45.054102689979928, 0.0 ], [ 7.634798993962478, 45.05523060632369, 0.0 ], [ 7.634805850577283, 45.055334145754365, 0.0 ], [ 7.63481923902112, 45.055565103045822, 0.0 ], [ 7.635069067409754, 45.055513699989035, 0.0 ], [ 7.63625937957367, 45.055269095305391, 0.0 ], [ 7.637437249789063, 45.055026028660329, 0.0 ], [ 7.638326724197141, 45.054841130715474, 0.0 ], [ 7.638980568692711, 45.054707228071159, 0.0 ], [ 7.641311560852491, 45.054229790769178, 0.0 ], [ 7.641944237623917, 45.054096286246228, 0.0 ], [ 7.64654854114168, 45.053183000669016, 0.0 ], [ 7.647708103798695, 45.052953817734348, 0.0 ], [ 7.648828587649336, 45.052731369269502, 0.0 ], [ 7.650279220766997, 45.05244466136471, 0.0 ], [ 7.650388406063577, 45.052423835513125, 0.0 ], [ 7.650832387143232, 45.052336381058886, 0.0 ], [ 7.651099133569991, 45.052284199133787, 0.0 ], [ 7.652045354321642, 45.052099089330177, 0.0 ], [ 7.652792458158971, 45.051952931652416, 0.0 ], [ 7.653598984331973, 45.051795137133645, 0.0 ], [ 7.654061583527381, 45.051704631699124, 0.0 ], [ 7.654940943433855, 45.051570738958773, 0.0 ], [ 7.65534602025665, 45.051509059625445, 0.0 ], [ 7.655866806385186, 45.051417214803507, 0.0 ], [ 7.658357297075035, 45.050835211859663, 0.0 ], [ 7.658712850511346, 45.050822519570239, 0.0 ], [ 7.660186054162511, 45.050477105047058, 0.0 ], [ 7.660424931597721, 45.050421135250666, 0.0 ], [ 7.660612488752623, 45.050377328046224, 0.0 ], [ 7.661444054097793, 45.050184044010706, 0.0 ], [ 7.661686086084211, 45.050127792945425, 0.0 ], [ 7.661913090303024, 45.050028733140003, 0.0 ], [ 7.662041294639828, 45.049972786104981, 0.0 ], [ 7.662144560106795, 45.049934766289624, 0.0 ], [ 7.662246492523288, 45.049895011459441, 0.0 ], [ 7.662447951445635, 45.049812043338541, 0.0 ], [ 7.662582029074244, 45.049752527101383, 0.0 ], [ 7.662712435494623, 45.049689142407239, 0.0 ], [ 7.662797871969345, 45.04964511682892, 0.0 ], [ 7.662934914485182, 45.049570503480084, 0.0 ], [ 7.663067846969689, 45.049492538172842, 0.0 ], [ 7.663154199961248, 45.049438458539413, 0.0 ], [ 7.663374343188458, 45.049294062518065, 0.0 ], [ 7.663498098639905, 45.049201695558622, 0.0 ], [ 7.663603375286114, 45.049118031571005, 0.0 ], [ 7.663872327371347, 45.048891992991436, 0.0 ], [ 7.663990556494598, 45.048782149984412, 0.0 ], [ 7.664022426921088, 45.04874239384062, 0.0 ], [ 7.664158402964209, 45.048599506029163, 0.0 ], [ 7.663961982631128, 45.048453304908158, 0.0 ], [ 7.663865096025205, 45.048357257234144, 0.0 ], [ 7.663359131190286, 45.04790616128323, 0.0 ], [ 7.662721573116534, 45.047337732254114, 0.0 ], [ 7.662091727808066, 45.046776168486538, 0.0 ], [ 7.661000984386043, 45.04580363076532, 0.0 ], [ 7.660208346183009, 45.045096874056668, 0.0 ], [ 7.657727383110142, 45.042884551962565, 0.0 ], [ 7.656280939610809, 45.041594631610558, 0.0 ], [ 7.65615327917915, 45.041486944334316, 0.0 ], [ 7.656114293316999, 45.041451955391551, 0.0 ], [ 7.655416637897277, 45.04082203273326, 0.0 ], [ 7.654955951693768, 45.040412157099055, 0.0 ], [ 7.654823991493122, 45.040293687508118, 0.0 ], [ 7.653929192714904, 45.039493433156352, 0.0 ], [ 7.653519904214768, 45.039124934116096, 0.0 ], [ 7.65323508023289, 45.038857345686246, 0.0 ], [ 7.652974418638044, 45.038630864363739, 0.0 ], [ 7.651262254156467, 45.037080024580085, 0.0 ], [ 7.650534427376432, 45.036420739226834, 0.0 ], [ 7.64942801525226, 45.035418477499235, 0.0 ], [ 7.648544763021754, 45.034618343120549, 0.0 ], [ 7.647989230351715, 45.034115074120521, 0.0 ], [ 7.647437573922087, 45.033615305018948, 0.0 ], [ 7.646483480257274, 45.03275092546513, 0.0 ], [ 7.644430220672157, 45.033954892364655, 0.0 ], [ 7.642984026173396, 45.034802842981321, 0.0 ], [ 7.640779912119879, 45.036095093929788, 0.0 ], [ 7.639202736320522, 45.037019724726001, 0.0 ], [ 7.637743061919757, 45.037875414999455, 0.0 ], [ 7.636235959914838, 45.038758864399277, 0.0 ], [ 7.636077189949429, 45.038851927974243, 0.0 ], [ 7.635368724560847, 45.039267196780408, 0.0 ], [ 7.634733115107118, 45.039639762767479, 0.0 ], [ 7.633927284073276, 45.040112090228391, 0.0 ], [ 7.633944771831228, 45.040407522575194, 0.0 ] ] ] } },
{ "type": "Feature", "properties": { "ID_QUART": 9, "DENOM": "Nizza millefonti", "neighborhood_name_clean": "nizza millefonti", "statistical_zone_clean": "09", "n_somministrazione": 207, "neighborhood_clean": "9 nizza millefonti", "total_population": 27762, "stores_per_1000_residents": 7.4562351415604065, "distance_to_nearest_metro": 385.85387771880306, "normalized_population": 0.31988339608891048, "normalized_competition": 1.0, "normalized_distance_to_metro": 0.054249015183345864, "retail_opportunity_score": -0.21690227479665941, "opportunity_level": "Very Low Opportunity", "longitude": 7.6672832289651778, "latitude": 45.029463396226241 }, "geometry": { "type": "Polygon", "coordinates": [ [ [ 7.657612942998594, 45.022902013072901, 0.0 ], [ 7.657622754917463, 45.023173028012202, 0.0 ], [ 7.657626830609852, 45.023247863040069, 0.0 ], [ 7.65763085477596, 45.023321761507205, 0.0 ], [ 7.657618975007771, 45.023681146340209, 0.0 ], [ 7.657543034475936, 45.026514467100036, 0.0 ], [ 7.65754405165529, 45.027284944845633, 0.0 ], [ 7.657582910567482, 45.027690429027182, 0.0 ], [ 7.657642653445911, 45.028159378760591, 0.0 ], [ 7.657716503267665, 45.028517420118732, 0.0 ], [ 7.65780919041915, 45.028879852279609, 0.0 ], [ 7.657836469334158, 45.028874968803372, 0.0 ], [ 7.657840990648451, 45.028893935715878, 0.0 ], [ 7.657816253017352, 45.028895408632643, 0.0 ], [ 7.657943604689257, 45.029296090588126, 0.0 ], [ 7.65819499525487, 45.030037284505589, 0.0 ], [ 7.65945287558742, 45.032643841766664, 0.0 ], [ 7.661870709478251, 45.036668660411955, 0.0 ], [ 7.662275964592377, 45.037428550695367, 0.0 ], [ 7.662474768651852, 45.037707730616077, 0.0 ], [ 7.662693438193591, 45.038096621103257, 0.0 ], [ 7.663164490558847, 45.03904426606033, 0.0 ], [ 7.663279722306639, 45.039273279483645, 0.0 ], [ 7.663310197019635, 45.039319436719104, 0.0 ], [ 7.663343574854543, 45.039348930229352, 0.0 ], [ 7.665599611739725, 45.042366469037653, 0.0 ], [ 7.665929727263495, 45.042711629157587, 0.0 ], [ 7.666050907568936, 45.042784906143005, 0.0 ], [ 7.666281834956727, 45.042995645075209, 0.0 ], [ 7.666316406691232, 45.043032955308817, 0.0 ], [ 7.666464356306538, 45.043249322519081, 0.0 ], [ 7.666580905457952, 45.04334494156101, 0.0 ], [ 7.666604626450128, 45.043367857066627, 0.0 ], [ 7.666638035760243, 45.043406504800977, 0.0 ], [ 7.666666165185071, 45.043447287437864, 0.0 ], [ 7.666687666002884, 45.043483734477846, 0.0 ], [ 7.666705057257792, 45.043521123816689, 0.0 ], [ 7.666720041040058, 45.043562041836807, 0.0 ], [ 7.666750648956318, 45.043666656979738, 0.0 ], [ 7.66686654678684, 45.043835272730917, 0.0 ], [ 7.666767844160797, 45.044001644662288, 0.0 ], [ 7.667367627592452, 45.04376960228462, 0.0 ], [ 7.667523218176947, 45.043717830627699, 0.0 ], [ 7.667585371024054, 45.043697150364814, 0.0 ], [ 7.667929847858091, 45.043592265846591, 0.0 ], [ 7.668130262766451, 45.043534335547747, 0.0 ], [ 7.668987814491048, 45.043299738144555, 0.0 ], [ 7.669970618318941, 45.043032800312993, 0.0 ], [ 7.670253735413191, 45.042955900623525, 0.0 ], [ 7.671222158436802, 45.042737611104798, 0.0 ], [ 7.672197187498057, 45.042553343418355, 0.0 ], [ 7.672478187190344, 45.042500241165811, 0.0 ], [ 7.672644789951943, 45.042468755371402, 0.0 ], [ 7.673786861375634, 45.042252902607309, 0.0 ], [ 7.675013348349175, 45.042021084805384, 0.0 ], [ 7.675743398471352, 45.041884345818424, 0.0 ], [ 7.676740564570174, 45.041689800418283, 0.0 ], [ 7.677544542235766, 45.041522697343467, 0.0 ], [ 7.678286241886958, 45.041295834916532, 0.0 ], [ 7.678231829776575, 45.04121337887107, 0.0 ], [ 7.677977737460171, 45.041292280814858, 0.0 ], [ 7.677953257677888, 45.041279548838475, 0.0 ], [ 7.677927409777828, 45.041289889623158, 0.0 ], [ 7.677918471406127, 45.041311381384702, 0.0 ], [ 7.677584181485516, 45.041410256798351, 0.0 ], [ 7.67729658360382, 45.040943072530951, 0.0 ], [ 7.677293184032742, 45.040904379317773, 0.0 ], [ 7.677283586101102, 45.04088885686707, 0.0 ], [ 7.677278223339995, 45.040848331044309, 0.0 ], [ 7.677282442860716, 45.040783072532484, 0.0 ], [ 7.677280854610598, 45.040757237366662, 0.0 ], [ 7.677256020761263, 45.040679516146078, 0.0 ], [ 7.677218286848334, 45.040599035052729, 0.0 ], [ 7.677139545796321, 45.040482592888104, 0.0 ], [ 7.677129533809421, 45.040460377672822, 0.0 ], [ 7.677123995617725, 45.040441131265972, 0.0 ], [ 7.67711258108634, 45.040382810659736, 0.0 ], [ 7.677104733266382, 45.040363573718857, 0.0 ], [ 7.677094906635973, 45.040344762130886, 0.0 ], [ 7.677082479021808, 45.04032923495312, 0.0 ], [ 7.67705831417237, 45.040307936160275, 0.0 ], [ 7.677047586612459, 45.040296874330302, 0.0 ], [ 7.677024137990958, 45.040242258165364, 0.0 ], [ 7.676987245805217, 45.04012633786823, 0.0 ], [ 7.67694845997788, 45.040006129271859, 0.0 ], [ 7.676941654711983, 45.039942830915003, 0.0 ], [ 7.676933525682329, 45.039910474252117, 0.0 ], [ 7.676922161511079, 45.039878575021291, 0.0 ], [ 7.676891657226447, 45.039816090609079, 0.0 ], [ 7.676878620119085, 45.039776863236504, 0.0 ], [ 7.676872162352219, 45.039731436651032, 0.0 ], [ 7.676856011827995, 45.03968691656663, 0.0 ], [ 7.676850175464985, 45.039659195581621, 0.0 ], [ 7.676850395000338, 45.039605592153578, 0.0 ], [ 7.676848241588583, 45.039540394281794, 0.0 ], [ 7.676838203106761, 45.039493324623919, 0.0 ], [ 7.67683051178676, 45.039434282785365, 0.0 ], [ 7.676819573660056, 45.039334371025433, 0.0 ], [ 7.676836843183569, 45.039235118483916, 0.0 ], [ 7.676835355558505, 45.039213128800199, 0.0 ], [ 7.676815105539783, 45.03910408922377, 0.0 ], [ 7.676811494511789, 45.039066275148784, 0.0 ], [ 7.67681409265462, 45.039044494461059, 0.0 ], [ 7.67681816080068, 45.039022721298238, 0.0 ], [ 7.67681694522688, 45.039008268564352, 0.0 ], [ 7.676789415963635, 45.038925852982075, 0.0 ], [ 7.676787247499728, 45.038889874999043, 0.0 ], [ 7.676791336891275, 45.038800605351348, 0.0 ], [ 7.676788875897685, 45.038737727256887, 0.0 ], [ 7.676793030307937, 45.038657244622577, 0.0 ], [ 7.676802614922371, 45.038576826269988, 0.0 ], [ 7.676818260509213, 45.03848528748199, 0.0 ], [ 7.676853413180469, 45.038303688226456, 0.0 ], [ 7.67686344262412, 45.038238099459868, 0.0 ], [ 7.676868669731954, 45.038157342619087, 0.0 ], [ 7.676894452160476, 45.038078137546805, 0.0 ], [ 7.676917688557288, 45.038052201497663, 0.0 ], [ 7.676938371420326, 45.038025166779896, 0.0 ], [ 7.67694923882911, 45.038006479026429, 0.0 ], [ 7.676973210270437, 45.03794798380541, 0.0 ], [ 7.676983617145386, 45.037936086889978, 0.0 ], [ 7.676998134484107, 45.037929170022601, 0.0 ], [ 7.677005630260975, 45.03792345958388, 0.0 ], [ 7.677010788836895, 45.037916714117806, 0.0 ], [ 7.677015661879661, 45.037903043738389, 0.0 ], [ 7.677018025850781, 45.037882023760986, 0.0 ], [ 7.677015876593946, 45.037861223630252, 0.0 ], [ 7.677009087436349, 45.037837965337225, 0.0 ], [ 7.676995263343223, 45.037803166353811, 0.0 ], [ 7.676987060693604, 45.03776794618549, 0.0 ], [ 7.676989278216011, 45.037719613467729, 0.0 ], [ 7.677059601198823, 45.037411135342651, 0.0 ], [ 7.677101854481982, 45.037229347464205, 0.0 ], [ 7.677093856840637, 45.037228157658376, 0.0 ], [ 7.677086237198549, 45.037225557662602, 0.0 ], [ 7.677080563703139, 45.037222116257773, 0.0 ], [ 7.677076153479215, 45.037217924244636, 0.0 ], [ 7.677066003246639, 45.037200540670504, 0.0 ], [ 7.677059238123136, 45.037195584204319, 0.0 ], [ 7.67705085893458, 45.037192245481684, 0.0 ], [ 7.677041799693833, 45.037190898021834, 0.0 ], [ 7.677032819151488, 45.037191650232899, 0.0 ], [ 7.676997805531265, 45.037200875767553, 0.0 ], [ 7.676985753908186, 45.037202122176907, 0.0 ], [ 7.676977599888184, 45.037200596379648, 0.0 ], [ 7.676970200469717, 45.037197253154758, 0.0 ], [ 7.676971553798549, 45.037190849391997, 0.0 ], [ 7.676982704876568, 45.037191185524726, 0.0 ], [ 7.677011825708996, 45.03718864352409, 0.0 ], [ 7.677031786839195, 45.037180799887523, 0.0 ], [ 7.677047329918324, 45.037177306344049, 0.0 ], [ 7.677063017883569, 45.037177003142993, 0.0 ], [ 7.677072668371591, 45.037179076508366, 0.0 ], [ 7.677081845707861, 45.037182532244294, 0.0 ], [ 7.677098175992741, 45.037192793672041, 0.0 ], [ 7.677107965749699, 45.037202125783523, 0.0 ], [ 7.677114858400184, 45.037212134784838, 0.0 ], [ 7.677129528114533, 45.037203086492077, 0.0 ], [ 7.677136954477865, 45.037195395115425, 0.0 ], [ 7.677141211300382, 45.037186928038771, 0.0 ], [ 7.677141918158719, 45.03717828625804, 0.0 ], [ 7.67713919488522, 45.037169729261493, 0.0 ], [ 7.677132258757626, 45.037159999592554, 0.0 ], [ 7.677129101117324, 45.037151086638296, 0.0 ], [ 7.677158172268134, 45.037005702926308, 0.0 ], [ 7.677159472158862, 45.036988397669148, 0.0 ], [ 7.677162665423945, 45.03696999093227, 0.0 ], [ 7.677167288591495, 45.036943408125182, 0.0 ], [ 7.677189370150183, 45.036835282337321, 0.0 ], [ 7.677205263104588, 45.036733457204107, 0.0 ], [ 7.67722234721384, 45.036649361935794, 0.0 ], [ 7.677234825901945, 45.036610286620004, 0.0 ], [ 7.677251387240092, 45.036501564819261, 0.0 ], [ 7.677263533849323, 45.036450458195119, 0.0 ], [ 7.677265875884832, 45.036416026265094, 0.0 ], [ 7.677261375529514, 45.036394739300199, 0.0 ], [ 7.677251766121744, 45.036373815621204, 0.0 ], [ 7.677235041728283, 45.036349182084734, 0.0 ], [ 7.677217533370762, 45.0363376468664, 0.0 ], [ 7.677228859979764, 45.036307215871851, 0.0 ], [ 7.677131103129942, 45.036263083045164, 0.0 ], [ 7.67714745604173, 45.036225598954836, 0.0 ], [ 7.677244620335762, 45.036267314612289, 0.0 ], [ 7.677285689558062, 45.036261408036246, 0.0 ], [ 7.677339409270537, 45.036227616059527, 0.0 ], [ 7.677354355161325, 45.036213719561822, 0.0 ], [ 7.677397025277691, 45.036163604929122, 0.0 ], [ 7.677428199052033, 45.036114258664355, 0.0 ], [ 7.677453428763076, 45.036061269540518, 0.0 ], [ 7.677467141377327, 45.036005544285416, 0.0 ], [ 7.677505756293524, 45.035974323105108, 0.0 ], [ 7.677519242529065, 45.035958249790731, 0.0 ], [ 7.677538540306055, 45.035914643385141, 0.0 ], [ 7.677542473404708, 45.035890005069859, 0.0 ], [ 7.677541891389314, 45.035880007596433, 0.0 ], [ 7.677531270210775, 45.035849971254216, 0.0 ], [ 7.677530492059145, 45.035829249040091, 0.0 ], [ 7.67754671463501, 45.035783600176252, 0.0 ], [ 7.677601763358288, 45.035640244628802, 0.0 ], [ 7.677630457820987, 45.035558588528879, 0.0 ], [ 7.677678727907576, 45.035465996060665, 0.0 ], [ 7.677685578697112, 45.035436424233168, 0.0 ], [ 7.677785841927973, 45.035266910968801, 0.0 ], [ 7.677895813653898, 45.03509982386354, 0.0 ], [ 7.678099200345848, 45.034771594999853, 0.0 ], [ 7.678137844495946, 45.034688352746549, 0.0 ], [ 7.678153340047023, 45.034619632549671, 0.0 ], [ 7.678155619953588, 45.034573587634512, 0.0 ], [ 7.678144285914002, 45.034487390938892, 0.0 ], [ 7.678123688439911, 45.03436469127778, 0.0 ], [ 7.678076208582336, 45.03417332102326, 0.0 ], [ 7.678035891906926, 45.034043058485423, 0.0 ], [ 7.678011483882361, 45.033999332237627, 0.0 ], [ 7.677997349572404, 45.033966978995487, 0.0 ], [ 7.677931641603104, 45.033860472845895, 0.0 ], [ 7.677798961733715, 45.033604158788592, 0.0 ], [ 7.677764520528497, 45.033534644860772, 0.0 ], [ 7.677737907174476, 45.03349574529566, 0.0 ], [ 7.677709743243461, 45.033457377476417, 0.0 ], [ 7.677694294738799, 45.033433658950585, 0.0 ], [ 7.677665046593362, 45.033368561131347, 0.0 ], [ 7.677611580644066, 45.033275628171431, 0.0 ], [ 7.677572410966709, 45.033224612290404, 0.0 ], [ 7.677527400965962, 45.033159313327573, 0.0 ], [ 7.677478092149538, 45.03311416609705, 0.0 ], [ 7.677421699453071, 45.033046431374132, 0.0 ], [ 7.677401880435294, 45.03302937686351, 0.0 ], [ 7.677369355958498, 45.033000770329586, 0.0 ], [ 7.677290313812811, 45.032890059889837, 0.0 ], [ 7.677273528882214, 45.032870313244338, 0.0 ], [ 7.677254255688324, 45.032851718240877, 0.0 ], [ 7.67723089362483, 45.032814332367181, 0.0 ], [ 7.67716469349259, 45.032732657435162, 0.0 ], [ 7.677096222019206, 45.032659633294053, 0.0 ], [ 7.677053104483962, 45.032617446513818, 0.0 ], [ 7.67700372869041, 45.03257418876845, 0.0 ], [ 7.676793969459427, 45.032366463187323, 0.0 ], [ 7.676770582366395, 45.032345118981013, 0.0 ], [ 7.676699574830539, 45.032290239985869, 0.0 ], [ 7.676629166291394, 45.032228661812844, 0.0 ], [ 7.67660460415746, 45.03219114598037, 0.0 ], [ 7.676590241579405, 45.032158248804059, 0.0 ], [ 7.676579371989853, 45.03214189240505, 0.0 ], [ 7.67656540508453, 45.032126598617687, 0.0 ], [ 7.676532415795393, 45.032098859919053, 0.0 ], [ 7.676494426799055, 45.03207537398648, 0.0 ], [ 7.676254678622819, 45.0318961513251, 0.0 ], [ 7.676222250962843, 45.031863286928939, 0.0 ], [ 7.676199338311812, 45.031842903074512, 0.0 ], [ 7.676174530343419, 45.031823656881777, 0.0 ], [ 7.676123239506794, 45.03178920674268, 0.0 ], [ 7.676093166463032, 45.031770989396769, 0.0 ], [ 7.676069817439134, 45.031748015832761, 0.0 ], [ 7.676008125247401, 45.031676726449525, 0.0 ], [ 7.675972705606015, 45.031643802385346, 0.0 ], [ 7.67591101134039, 45.031596924670978, 0.0 ], [ 7.675832593352722, 45.031519409849814, 0.0 ], [ 7.675682572553132, 45.031340830692429, 0.0 ], [ 7.675651600449453, 45.031297766773612, 0.0 ], [ 7.675589761976759, 45.031268711970334, 0.0 ], [ 7.675577974804834, 45.031249743452953, 0.0 ], [ 7.675501301255451, 45.03116978219127, 0.0 ], [ 7.675400528799696, 45.031114359245478, 0.0 ], [ 7.675334208327556, 45.031085342419587, 0.0 ], [ 7.675260478326677, 45.031058831010924, 0.0 ], [ 7.67518134484712, 45.031015217270358, 0.0 ], [ 7.674942610917323, 45.030872073769238, 0.0 ], [ 7.674824767445228, 45.030807747447881, 0.0 ], [ 7.674782059096661, 45.030777040947797, 0.0 ], [ 7.674678514345191, 45.030692753584091, 0.0 ], [ 7.674616176569288, 45.030640259674428, 0.0 ], [ 7.674592150371567, 45.030614218324494, 0.0 ], [ 7.674576542907766, 45.030595177737304, 0.0 ], [ 7.674567541429973, 45.030587530388431, 0.0 ], [ 7.674556426249246, 45.030581297072963, 0.0 ], [ 7.674523912837216, 45.03057205415211, 0.0 ], [ 7.674504990042339, 45.030562444631663, 0.0 ], [ 7.674487503958681, 45.030551205378018, 0.0 ], [ 7.6744634230197, 45.030531328790332, 0.0 ], [ 7.674444191539028, 45.030509312376886, 0.0 ], [ 7.674439173231206, 45.030492987922408, 0.0 ], [ 7.674431303646248, 45.030483030347682, 0.0 ], [ 7.674421012791034, 45.030474090196776, 0.0 ], [ 7.674385460804711, 45.030450731011349, 0.0 ], [ 7.674366354251934, 45.030440868931983, 0.0 ], [ 7.674345619638116, 45.030432876608181, 0.0 ], [ 7.674333832847676, 45.03042428812045, 0.0 ], [ 7.674318732972514, 45.030409709014869, 0.0 ], [ 7.67430517643562, 45.030394330507711, 0.0 ], [ 7.674295185804317, 45.030374490681929, 0.0 ], [ 7.674284370645585, 45.030366273451342, 0.0 ], [ 7.674271795001236, 45.030359466198952, 0.0 ], [ 7.674249178262231, 45.030351488683387, 0.0 ], [ 7.674241308480156, 45.030343781998539, 0.0 ], [ 7.674237361387009, 45.030334995177768, 0.0 ], [ 7.674226755565318, 45.030334637485886, 0.0 ], [ 7.674216805143192, 45.030331254951498, 0.0 ], [ 7.674206805252613, 45.030322299141361, 0.0 ], [ 7.674188857210628, 45.030295895392236, 0.0 ], [ 7.674144488782945, 45.030260705148137, 0.0 ], [ 7.674104005800696, 45.030225524230744, 0.0 ], [ 7.674052935712702, 45.030187104594596, 0.0 ], [ 7.674026471758222, 45.030158306651948, 0.0 ], [ 7.673991852389437, 45.030122699317708, 0.0 ], [ 7.67397567414199, 45.030109144119564, 0.0 ], [ 7.67395765277649, 45.030096844432265, 0.0 ], [ 7.673946512314787, 45.030092763409691, 0.0 ], [ 7.673926588843342, 45.030090273435633, 0.0 ], [ 7.673917157941836, 45.030088038435657, 0.0 ], [ 7.673912832670929, 45.030085675718162, 0.0 ], [ 7.673909265321926, 45.030083535980346, 0.0 ], [ 7.673902063269451, 45.030076034903068, 0.0 ], [ 7.673895403807148, 45.030064200873255, 0.0 ], [ 7.673894101530491, 45.030051881161064, 0.0 ], [ 7.673872884705567, 45.030025709725521, 0.0 ], [ 7.673861821040691, 45.029971579425101, 0.0 ], [ 7.673832757864128, 45.029937799348204, 0.0 ], [ 7.673770502908916, 45.029876314082244, 0.0 ], [ 7.673708286790689, 45.029805467892132, 0.0 ], [ 7.673670232069788, 45.029738223654356, 0.0 ], [ 7.673657927222301, 45.02967196133514, 0.0 ], [ 7.673637421671585, 45.029618270593389, 0.0 ], [ 7.673612337813468, 45.029565462619786, 0.0 ], [ 7.673600998928474, 45.029544158538421, 0.0 ], [ 7.67356365330002, 45.029488661532056, 0.0 ], [ 7.673537347245141, 45.029432210997356, 0.0 ], [ 7.673532231499515, 45.029403589834601, 0.0 ], [ 7.673508984250674, 45.029336714067298, 0.0 ], [ 7.673496269611269, 45.02927440903111, 0.0 ], [ 7.673495408348014, 45.029253506942325, 0.0 ], [ 7.6734671489903, 45.029203586727753, 0.0 ], [ 7.673464495723134, 45.029142037481364, 0.0 ], [ 7.673450245082668, 45.02910606255562, 0.0 ], [ 7.673432121575064, 45.029071834394514, 0.0 ], [ 7.673424750061945, 45.029035994172219, 0.0 ], [ 7.673426577677239, 45.029005724395027, 0.0 ], [ 7.673402960955823, 45.028911515113293, 0.0 ], [ 7.673394539295795, 45.028861763308988, 0.0 ], [ 7.673395617277873, 45.028824445477042, 0.0 ], [ 7.673392064897348, 45.02879797564394, 0.0 ], [ 7.673385776900127, 45.028771787371596, 0.0 ], [ 7.673392976110967, 45.028679404548086, 0.0 ], [ 7.673398258423781, 45.028558967497823, 0.0 ], [ 7.673401519123686, 45.028525509848947, 0.0 ], [ 7.673407466770525, 45.028492245973624, 0.0 ], [ 7.673402934211095, 45.028432942545699, 0.0 ], [ 7.67339801042824, 45.028410335527902, 0.0 ], [ 7.673393717350323, 45.028403904688446, 0.0 ], [ 7.673388555399794, 45.028400423757276, 0.0 ], [ 7.673375253255879, 45.028396479668942, 0.0 ], [ 7.67336154105178, 45.028396023319445, 0.0 ], [ 7.67327195278741, 45.028407296547371, 0.0 ], [ 7.673251636642493, 45.028406987594352, 0.0 ], [ 7.673231441304663, 45.028403108295606, 0.0 ], [ 7.673218046996099, 45.028398289652337, 0.0 ], [ 7.673208661151835, 45.028391851704441, 0.0 ], [ 7.673203106887662, 45.028383380342717, 0.0 ], [ 7.673202349965035, 45.028377726396236, 0.0 ], [ 7.673205970792997, 45.028371549156596, 0.0 ], [ 7.673216302954045, 45.028364997996036, 0.0 ], [ 7.673228562559011, 45.028360117449274, 0.0 ], [ 7.673237419636257, 45.028358681720903, 0.0 ], [ 7.673255516551601, 45.028358838105255, 0.0 ], [ 7.673273575657776, 45.02836068618921, 0.0 ], [ 7.673309657696015, 45.028365920568248, 0.0 ], [ 7.673333773969261, 45.028367739852641, 0.0 ], [ 7.673375178752617, 45.028367339733109, 0.0 ], [ 7.673389015141864, 45.028364521008413, 0.0 ], [ 7.673400172939502, 45.028359654358326, 0.0 ], [ 7.673409142237314, 45.028353250357661, 0.0 ], [ 7.673417362811559, 45.028337519784564, 0.0 ], [ 7.673422461101876, 45.028321312808856, 0.0 ], [ 7.673423915759301, 45.028303398982665, 0.0 ], [ 7.673419797404087, 45.028276110689021, 0.0 ], [ 7.673410429570093, 45.02824915852117, 0.0 ], [ 7.673380965715329, 45.028189377077858, 0.0 ], [ 7.673356270376733, 45.028158233145483, 0.0 ], [ 7.673339971446081, 45.028147250661625, 0.0 ], [ 7.673293556575097, 45.028121658458666, 0.0 ], [ 7.673264027641259, 45.028106985369071, 0.0 ], [ 7.67330364902421, 45.027985912169605, 0.0 ], [ 7.673336096279121, 45.027983713584732, 0.0 ], [ 7.673367963826755, 45.027976315458481, 0.0 ], [ 7.673395960734078, 45.027964489178203, 0.0 ], [ 7.673419695103543, 45.027948642248724, 0.0 ], [ 7.673431271882029, 45.027937658957278, 0.0 ], [ 7.673449691455766, 45.027895870513547, 0.0 ], [ 7.673455757344941, 45.027859142216727, 0.0 ], [ 7.67345993752874, 45.027777696735505, 0.0 ], [ 7.673506521557327, 45.027532173201209, 0.0 ], [ 7.67355605693047, 45.027170416509421, 0.0 ], [ 7.673570191271395, 45.027027830828601, 0.0 ], [ 7.673601300385915, 45.026759775067369, 0.0 ], [ 7.673618844587191, 45.026618470125165, 0.0 ], [ 7.673619874841706, 45.026570575494048, 0.0 ], [ 7.673616847328145, 45.026529094841145, 0.0 ], [ 7.673603209998586, 45.026435848683107, 0.0 ], [ 7.67360171967882, 45.026404694957236, 0.0 ], [ 7.673603406271265, 45.026351495155964, 0.0 ], [ 7.673608606895905, 45.026224720056675, 0.0 ], [ 7.673620426400926, 45.026120165945812, 0.0 ], [ 7.673662930378206, 45.026014987466283, 0.0 ], [ 7.673679384701751, 45.025937358601887, 0.0 ], [ 7.67368132869166, 45.025865213593178, 0.0 ], [ 7.673671798254813, 45.025775589146804, 0.0 ], [ 7.673667093642362, 45.025714357912776, 0.0 ], [ 7.673664404349649, 45.025691767341591, 0.0 ], [ 7.673663906244727, 45.025673164742237, 0.0 ], [ 7.673637867677321, 45.025646944935232, 0.0 ], [ 7.673636433958238, 45.02557767767712, 0.0 ], [ 7.67363921353878, 45.025578250616043, 0.0 ], [ 7.673682838667527, 45.025599785730712, 0.0 ], [ 7.673690376369664, 45.02558014942997, 0.0 ], [ 7.673695153482831, 45.02556011293148, 0.0 ], [ 7.673701373969389, 45.025466161012417, 0.0 ], [ 7.673706637164424, 45.025426210240234, 0.0 ], [ 7.673717163973576, 45.025404016783988, 0.0 ], [ 7.673732861768607, 45.025382800775105, 0.0 ], [ 7.673740488865493, 45.025368028211155, 0.0 ], [ 7.673752076480857, 45.025325169606006, 0.0 ], [ 7.674170449178265, 45.025277998193815, 0.0 ], [ 7.674170101512168, 45.025251212841717, 0.0 ], [ 7.67416829501866, 45.025235511586402, 0.0 ], [ 7.673756505240772, 45.025280761661072, 0.0 ], [ 7.673671593395453, 45.02500895561316, 0.0 ], [ 7.673642743273693, 45.024892910456629, 0.0 ], [ 7.673625949362259, 45.02480055541357, 0.0 ], [ 7.673595494134263, 45.024667182112417, 0.0 ], [ 7.67357194834323, 45.024536427049476, 0.0 ], [ 7.673551288806071, 45.02435759105186, 0.0 ], [ 7.673542242483325, 45.024315608486191, 0.0 ], [ 7.673513083700265, 45.02419047773094, 0.0 ], [ 7.673510522594728, 45.024147995432223, 0.0 ], [ 7.673506879237781, 45.024124422042668, 0.0 ], [ 7.67348412656979, 45.024040035990502, 0.0 ], [ 7.673480542321386, 45.024029246052258, 0.0 ], [ 7.673477898972875, 45.02402670361932, 0.0 ], [ 7.673469081491803, 45.02402424296293, 0.0 ], [ 7.673464514141513, 45.024024226581012, 0.0 ], [ 7.673410665045419, 45.024031018895293, 0.0 ], [ 7.673401322669073, 45.02403207135837, 0.0 ], [ 7.673346669463073, 45.024036386497727, 0.0 ], [ 7.673338173766422, 45.024012864948119, 0.0 ], [ 7.673427359682073, 45.024013847211286, 0.0 ], [ 7.673455061637171, 45.024012521718873, 0.0 ], [ 7.673464212349324, 45.024009207513586, 0.0 ], [ 7.673470510624509, 45.0240031152494, 0.0 ], [ 7.673476431720968, 45.023988501740085, 0.0 ], [ 7.673478006018011, 45.023973694193614, 0.0 ], [ 7.673476485276584, 45.023914173498241, 0.0 ], [ 7.67342965057709, 45.023723385802647, 0.0 ], [ 7.673424373362351, 45.023567188184209, 0.0 ], [ 7.673429400764946, 45.023321505023375, 0.0 ], [ 7.673427143282015, 45.02324998721938, 0.0 ], [ 7.673434207754551, 45.023142028414306, 0.0 ], [ 7.673427383355343, 45.023051156614279, 0.0 ], [ 7.673422696031132, 45.02300569729654, 0.0 ], [ 7.673408246689409, 45.022948700675748, 0.0 ], [ 7.673408167780559, 45.022938987028652, 0.0 ], [ 7.673424280739647, 45.022904139112661, 0.0 ], [ 7.673424144325434, 45.022863827206052, 0.0 ], [ 7.673405891729177, 45.022707757752194, 0.0 ], [ 7.673412473821573, 45.022407974367333, 0.0 ], [ 7.673420626607295, 45.022296843592891, 0.0 ], [ 7.673423857638434, 45.022155794308354, 0.0 ], [ 7.673417706362934, 45.022053364237848, 0.0 ], [ 7.673411216727258, 45.022003039833528, 0.0 ], [ 7.673376568088145, 45.02180669458555, 0.0 ], [ 7.673357646416336, 45.02172358688555, 0.0 ], [ 7.673316636328689, 45.021582447867154, 0.0 ], [ 7.673293353301961, 45.021430441827945, 0.0 ], [ 7.673283780612037, 45.021392090512812, 0.0 ], [ 7.673272183424579, 45.021354014074888, 0.0 ], [ 7.673256178773284, 45.02129952918699, 0.0 ], [ 7.673256789329595, 45.02126052143231, 0.0 ], [ 7.673244403390596, 45.021220274573352, 0.0 ], [ 7.673228986730106, 45.021180497379277, 0.0 ], [ 7.673209618664239, 45.021140915164068, 0.0 ], [ 7.673180552725162, 45.02106185674797, 0.0 ], [ 7.673163391527375, 45.020953609179855, 0.0 ], [ 7.673157313916586, 45.020884854816288, 0.0 ], [ 7.673159982199857, 45.02079682007934, 0.0 ], [ 7.673126186729298, 45.020621396666876, 0.0 ], [ 7.673105727654582, 45.020474617994459, 0.0 ], [ 7.673082526916554, 45.020165874206413, 0.0 ], [ 7.673074810138429, 45.019969652490744, 0.0 ], [ 7.673045271550845, 45.019719292556736, 0.0 ], [ 7.673035099098672, 45.019603149037799, 0.0 ], [ 7.673029904677942, 45.019494517493804, 0.0 ], [ 7.673032881362772, 45.019442521706125, 0.0 ], [ 7.673039366512255, 45.019412926811498, 0.0 ], [ 7.673070896105959, 45.019322671794825, 0.0 ], [ 7.673074154747345, 45.019253576714625, 0.0 ], [ 7.673081014300672, 45.019230296502826, 0.0 ], [ 7.673133322890361, 45.019104824872272, 0.0 ], [ 7.67314355994223, 45.019064398471841, 0.0 ], [ 7.673144565955236, 45.019004872217799, 0.0 ], [ 7.673146863843844, 45.018941158008545, 0.0 ], [ 7.673142446604174, 45.018924075204026, 0.0 ], [ 7.673114823468169, 45.018884811353601, 0.0 ], [ 7.673104545594661, 45.01885832625635, 0.0 ], [ 7.673109886839636, 45.018814458677632, 0.0 ], [ 7.673110954782888, 45.018789591085024, 0.0 ], [ 7.673108902981104, 45.018764684976112, 0.0 ], [ 7.673104805924586, 45.018750352625126, 0.0 ], [ 7.673065721811077, 45.01868900887051, 0.0 ], [ 7.673056231333432, 45.01868172429073, 0.0 ], [ 7.67304593327554, 45.0186776167372, 0.0 ], [ 7.67303763296595, 45.018677539298643, 0.0 ], [ 7.672990909613095, 45.018684314610326, 0.0 ], [ 7.672944459938883, 45.018695243524007, 0.0 ], [ 7.672947050835688, 45.018650137253978, 0.0 ], [ 7.673045373293951, 45.018646860926104, 0.0 ], [ 7.673049680587296, 45.018643966368046, 0.0 ], [ 7.673050297690729, 45.018640274095731, 0.0 ], [ 7.673047182199157, 45.018620236444541, 0.0 ], [ 7.673043153718368, 45.018603931549457, 0.0 ], [ 7.673037911117579, 45.018591322856061, 0.0 ], [ 7.673029834471021, 45.018579436059554, 0.0 ], [ 7.673002309662976, 45.018558393874407, 0.0 ], [ 7.672986124723579, 45.018539887879321, 0.0 ], [ 7.672959319847012, 45.01849263101731, 0.0 ], [ 7.672939198962831, 45.018433976308117, 0.0 ], [ 7.672895637716067, 45.018162711965822, 0.0 ], [ 7.672858646823173, 45.018011456580851, 0.0 ], [ 7.672840389258279, 45.017804049255673, 0.0 ], [ 7.672810601046744, 45.017725035738131, 0.0 ], [ 7.672802380377028, 45.017638621789295, 0.0 ], [ 7.673289285321491, 45.017611675548487, 0.0 ], [ 7.673298693389719, 45.017685159279395, 0.0 ], [ 7.673294956139451, 45.017870580716774, 0.0 ], [ 7.673293168024541, 45.018061775912962, 0.0 ], [ 7.673315621018808, 45.018260644391923, 0.0 ], [ 7.673337499840477, 45.018349207071793, 0.0 ], [ 7.673346221392669, 45.018394704695368, 0.0 ], [ 7.673365049648746, 45.018485075761284, 0.0 ], [ 7.673365732149559, 45.018531957497764, 0.0 ], [ 7.67335592265724, 45.018570910470132, 0.0 ], [ 7.673356732523827, 45.018621565125784, 0.0 ], [ 7.673365472290413, 45.018638273860716, 0.0 ], [ 7.673383423664852, 45.018646783299445, 0.0 ], [ 7.673407337040978, 45.018641758733885, 0.0 ], [ 7.673438673561554, 45.018620941773328, 0.0 ], [ 7.673472580256924, 45.018578261834925, 0.0 ], [ 7.673660859019819, 45.018306990305923, 0.0 ], [ 7.673914054123716, 45.018013159522397, 0.0 ], [ 7.674053515706607, 45.017899753945336, 0.0 ], [ 7.674116728821445, 45.017861411051022, 0.0 ], [ 7.674210721217563, 45.017799362351077, 0.0 ], [ 7.67427749386257, 45.017778975151337, 0.0 ], [ 7.674305420678644, 45.017696265650045, 0.0 ], [ 7.674298467805991, 45.017681378095951, 0.0 ], [ 7.674362720894881, 45.01759737145467, 0.0 ], [ 7.67437684519139, 45.017602405833003, 0.0 ], [ 7.674436082848594, 45.017515819687468, 0.0 ], [ 7.674421713479826, 45.017510422941577, 0.0 ], [ 7.674480157765394, 45.01742526070025, 0.0 ], [ 7.67450394540401, 45.017411852961587, 0.0 ], [ 7.674520134336677, 45.017396134629891, 0.0 ], [ 7.674538568008135, 45.017387689097198, 0.0 ], [ 7.674571124877616, 45.017346334373656, 0.0 ], [ 7.674588484241168, 45.01733317802325, 0.0 ], [ 7.674635776934474, 45.017292317627998, 0.0 ], [ 7.674693850438423, 45.017261666381792, 0.0 ], [ 7.67471955743479, 45.01724323206124, 0.0 ], [ 7.674733609859366, 45.017229352208645, 0.0 ], [ 7.674796843772412, 45.017140021592965, 0.0 ], [ 7.674837140009237, 45.017094338106268, 0.0 ], [ 7.674866815454242, 45.017049132229552, 0.0 ], [ 7.674924023795256, 45.016996577992053, 0.0 ], [ 7.674958428945407, 45.016958629346163, 0.0 ], [ 7.675010308744531, 45.016877935941466, 0.0 ], [ 7.67503242136022, 45.016852410520301, 0.0 ], [ 7.675164050002649, 45.016905581034379, 0.0 ], [ 7.675142871689189, 45.016933475094305, 0.0 ], [ 7.675172546071804, 45.017000550211066, 0.0 ], [ 7.675265349550034, 45.016983966009136, 0.0 ], [ 7.675326735135206, 45.016905335250378, 0.0 ], [ 7.675295184570104, 45.016840382001888, 0.0 ], [ 7.67520317423904, 45.016854059344354, 0.0 ], [ 7.675182441735036, 45.016881337331, 0.0 ], [ 7.675054609879767, 45.016830236304848, 0.0 ], [ 7.675092943783322, 45.016783781463793, 0.0 ], [ 7.675138471018028, 45.016754467815758, 0.0 ], [ 7.675181635973162, 45.016720924679994, 0.0 ], [ 7.675204976373176, 45.016710419087609, 0.0 ], [ 7.675265448399142, 45.016654922608659, 0.0 ], [ 7.675318372142051, 45.01661142760981, 0.0 ], [ 7.675367090136344, 45.016573131847174, 0.0 ], [ 7.675407936623795, 45.016534916367867, 0.0 ], [ 7.673451165802052, 45.016773064228801, 0.0 ], [ 7.673166011295653, 45.016807775747857, 0.0 ], [ 7.673175787639279, 45.016854302660221, 0.0 ], [ 7.673178643813387, 45.016875643200052, 0.0 ], [ 7.673179447815409, 45.016907888424967, 0.0 ], [ 7.67317718651417, 45.016939898343502, 0.0 ], [ 7.673169647105322, 45.016955258296335, 0.0 ], [ 7.673172458080786, 45.016994061772031, 0.0 ], [ 7.673205667127112, 45.017176087201179, 0.0 ], [ 7.673205520995803, 45.01721489163382, 0.0 ], [ 7.673207620745091, 45.017242669562435, 0.0 ], [ 7.673217051861472, 45.017277723273388, 0.0 ], [ 7.673236683143, 45.017297701516043, 0.0 ], [ 7.67324223382424, 45.017307389093389, 0.0 ], [ 7.673259613358669, 45.017387906098605, 0.0 ], [ 7.673267529826529, 45.017440252616638, 0.0 ], [ 7.673285342419158, 45.017546636343916, 0.0 ], [ 7.672798605907944, 45.017574025561217, 0.0 ], [ 7.672799037029416, 45.017510325871072, 0.0 ], [ 7.672794544537015, 45.017442129620051, 0.0 ], [ 7.672785685547603, 45.017374089096627, 0.0 ], [ 7.672772925877993, 45.017318759297979, 0.0 ], [ 7.672769810947173, 45.017265712364008, 0.0 ], [ 7.672769984237687, 45.017212675575124, 0.0 ], [ 7.672774485244189, 45.01712435599697, 0.0 ], [ 7.672770314253971, 45.017063743942686, 0.0 ], [ 7.672772451242604, 45.017048204851484, 0.0 ], [ 7.672782318544483, 45.017017199378536, 0.0 ], [ 7.672787019019382, 45.017008694122765, 0.0 ], [ 7.672793371369105, 45.01700078313322, 0.0 ], [ 7.672799701265787, 45.016995418929561, 0.0 ], [ 7.672823462522973, 45.016982112209789, 0.0 ], [ 7.672830826490532, 45.016974267312911, 0.0 ], [ 7.672834094789637, 45.016964141109248, 0.0 ], [ 7.672834252294005, 45.016953980108291, 0.0 ], [ 7.672831172017668, 45.01693184454075, 0.0 ], [ 7.672832425531308, 45.016903396479748, 0.0 ], [ 7.6728380916598, 45.016847676793084, 0.0 ], [ 7.671700078462018, 45.016986161502224, 0.0 ], [ 7.670562059383318, 45.017124635246695, 0.0 ], [ 7.668617749346921, 45.01701556346449, 0.0 ], [ 7.665249932340043, 45.016847854400723, 0.0 ], [ 7.665231056541496, 45.016846949564645, 0.0 ], [ 7.664838709847916, 45.016812538874518, 0.0 ], [ 7.664009486008178, 45.016739925892068, 0.0 ], [ 7.662971749220981, 45.016649049893324, 0.0 ], [ 7.661093019688729, 45.016487247532282, 0.0 ], [ 7.660399664101416, 45.016427255325929, 0.0 ], [ 7.658894354806731, 45.016297009402244, 0.0 ], [ 7.658517668466721, 45.017365251108558, 0.0 ], [ 7.65844815085872, 45.017565419263384, 0.0 ], [ 7.658427863307446, 45.017623836796751, 0.0 ], [ 7.658379285859191, 45.017747464138488, 0.0 ], [ 7.658157718674935, 45.018427559297685, 0.0 ], [ 7.658016893032576, 45.019017936644715, 0.0 ], [ 7.657971688165527, 45.019437610943008, 0.0 ], [ 7.657949904405444, 45.019639940854006, 0.0 ], [ 7.6578108516552, 45.020391507118063, 0.0 ], [ 7.657725700362867, 45.021018275735415, 0.0 ], [ 7.657660307559974, 45.021659706131764, 0.0 ], [ 7.657628122826973, 45.022299285416842, 0.0 ], [ 7.657612942998594, 45.022902013072901, 0.0 ] ] ] } },
{ "type": "Feature", "properties": { "ID_QUART": 12, "DENOM": "Mirafiori Nord", "neighborhood_name_clean": "mirafiori nord", "statistical_zone_clean": "12", "n_somministrazione": 133, "neighborhood_clean": "12 mirafiori nord", "total_population": 42030, "stores_per_1000_residents": 3.1644063763978112, "distance_to_nearest_metro": 1256.3003346913169, "normalized_population": 0.66648852180250218, "normalized_competition": 0.40618183300177346, "normalized_distance_to_metro": 0.36352304559320059, "retail_opportunity_score": 0.085051584141865186, "opportunity_level": "High Opportunity", "longitude": 7.6276547998317579, "latitude": 45.042258821451647 }, "geometry": { "type": "Polygon", "coordinates": [ [ [ 7.611608492545137, 45.0337797621467, 0.0 ], [ 7.612572295850557, 45.035720040605291, 0.0 ], [ 7.614075839418162, 45.038757675527926, 0.0 ], [ 7.614313328996642, 45.03926974347803, 0.0 ], [ 7.614372973619163, 45.039518089592931, 0.0 ], [ 7.61458728133191, 45.039898261457807, 0.0 ], [ 7.614737231816616, 45.039867134028484, 0.0 ], [ 7.615504672803498, 45.03951415427494, 0.0 ], [ 7.615558420120744, 45.039400862117382, 0.0 ], [ 7.615609194397562, 45.039344496518197, 0.0 ], [ 7.615957850922791, 45.039217629199236, 0.0 ], [ 7.616228034565715, 45.039124855292549, 0.0 ], [ 7.616441126155638, 45.039039768182441, 0.0 ], [ 7.61650628044361, 45.039143629105126, 0.0 ], [ 7.616524736278919, 45.039172802460968, 0.0 ], [ 7.616870791866654, 45.039875128001654, 0.0 ], [ 7.617398959193471, 45.040906640126941, 0.0 ], [ 7.617436675196029, 45.041010744222923, 0.0 ], [ 7.617470412194474, 45.041121325523875, 0.0 ], [ 7.617617142584248, 45.041721055222439, 0.0 ], [ 7.617883596505551, 45.042448852146215, 0.0 ], [ 7.618388991067341, 45.043782409295467, 0.0 ], [ 7.618398006108007, 45.043806193354428, 0.0 ], [ 7.618150612736989, 45.04394938873503, 0.0 ], [ 7.618580651354642, 45.044507518006448, 0.0 ], [ 7.61892181070147, 45.044752361624568, 0.0 ], [ 7.619336628621173, 45.044907131967854, 0.0 ], [ 7.620201015203262, 45.044662540715777, 0.0 ], [ 7.620341666555773, 45.044647830971861, 0.0 ], [ 7.620847230535448, 45.045417856920047, 0.0 ], [ 7.621197445547454, 45.04595126553928, 0.0 ], [ 7.620733250391469, 45.046096447536172, 0.0 ], [ 7.620596709127756, 45.046139770877595, 0.0 ], [ 7.620409448700484, 45.046170995401795, 0.0 ], [ 7.620261834689141, 45.046190537664316, 0.0 ], [ 7.620210652667482, 45.046194086386834, 0.0 ], [ 7.620153021880612, 45.046196019429026, 0.0 ], [ 7.620062121378292, 45.046197927572521, 0.0 ], [ 7.620047867339172, 45.046198223061431, 0.0 ], [ 7.620004951146786, 45.046203311960852, 0.0 ], [ 7.619911613710249, 45.046209475890834, 0.0 ], [ 7.619454268839418, 45.046232203404521, 0.0 ], [ 7.619411858029117, 45.046232185556462, 0.0 ], [ 7.61884110314731, 45.046410108868614, 0.0 ], [ 7.61855981562068, 45.046513511829474, 0.0 ], [ 7.618415686754563, 45.046566490585441, 0.0 ], [ 7.61788375684927, 45.04680085112431, 0.0 ], [ 7.618757182603857, 45.048353541872252, 0.0 ], [ 7.618695316071142, 45.048377837291746, 0.0 ], [ 7.617340584520756, 45.048984120551076, 0.0 ], [ 7.618187829973246, 45.04946004849117, 0.0 ], [ 7.618238449698677, 45.049495785203405, 0.0 ], [ 7.619322277127378, 45.050260823932362, 0.0 ], [ 7.619779864789358, 45.050665396042376, 0.0 ], [ 7.620055254541066, 45.050949488979896, 0.0 ], [ 7.620171055924072, 45.051068947535839, 0.0 ], [ 7.620237431050465, 45.05112451554939, 0.0 ], [ 7.62065660424629, 45.051423434929184, 0.0 ], [ 7.620839475005884, 45.051533682364109, 0.0 ], [ 7.621576158455583, 45.051899372827656, 0.0 ], [ 7.622192123377054, 45.052091883531773, 0.0 ], [ 7.622754269681313, 45.05226757436575, 0.0 ], [ 7.623438248712145, 45.05370121760982, 0.0 ], [ 7.623461571083912, 45.053741187632056, 0.0 ], [ 7.623472666220625, 45.053764077584106, 0.0 ], [ 7.62396565769943, 45.054780639041198, 0.0 ], [ 7.624214327650384, 45.055376681149859, 0.0 ], [ 7.624649372160404, 45.056419458209547, 0.0 ], [ 7.625021114823586, 45.057310447486707, 0.0 ], [ 7.625084111515276, 45.057461427837801, 0.0 ], [ 7.625634391063986, 45.057332917599489, 0.0 ], [ 7.628099496418614, 45.056822228998122, 0.0 ], [ 7.629152205223378, 45.056607515140776, 0.0 ], [ 7.630103651961361, 45.056410092444544, 0.0 ], [ 7.630220769754623, 45.056390000501047, 0.0 ], [ 7.63326017304539, 45.055868644269417, 0.0 ], [ 7.633332872498271, 45.055856172946058, 0.0 ], [ 7.634346580739827, 45.055665897109805, 0.0 ], [ 7.634560548113558, 45.055620241633228, 0.0 ], [ 7.63481923902112, 45.055565103045822, 0.0 ], [ 7.634805850577283, 45.055334145754365, 0.0 ], [ 7.634798993962478, 45.05523060632369, 0.0 ], [ 7.634733899440632, 45.054102689979928, 0.0 ], [ 7.634693900202749, 45.053406085573677, 0.0 ], [ 7.63465132637066, 45.052664587204966, 0.0 ], [ 7.634556704568533, 45.05101668813883, 0.0 ], [ 7.634546048963293, 45.050831078318865, 0.0 ], [ 7.63443642596055, 45.048921596640731, 0.0 ], [ 7.63435552836823, 45.047512732933555, 0.0 ], [ 7.634261398079492, 45.045873651057896, 0.0 ], [ 7.634178077738419, 45.044428712792701, 0.0 ], [ 7.634132760216045, 45.043639047894196, 0.0 ], [ 7.634098937590547, 45.043051572568125, 0.0 ], [ 7.63404763458589, 45.042160285398595, 0.0 ], [ 7.634008505016167, 45.041484772898912, 0.0 ], [ 7.633970368877011, 45.040840139114323, 0.0 ], [ 7.633944771831228, 45.040407522575194, 0.0 ], [ 7.633927284073276, 45.040112090228391, 0.0 ], [ 7.634733115107118, 45.039639762767479, 0.0 ], [ 7.635368724560847, 45.039267196780408, 0.0 ], [ 7.636077189949429, 45.038851927974243, 0.0 ], [ 7.636235959914838, 45.038758864399277, 0.0 ], [ 7.637743061919757, 45.037875414999455, 0.0 ], [ 7.639202736320522, 45.037019724726001, 0.0 ], [ 7.640779912119879, 45.036095093929788, 0.0 ], [ 7.642984026173396, 45.034802842981321, 0.0 ], [ 7.644430220672157, 45.033954892364655, 0.0 ], [ 7.646483480257274, 45.03275092546513, 0.0 ], [ 7.646236476838808, 45.032589710438891, 0.0 ], [ 7.645310437573318, 45.031798387964912, 0.0 ], [ 7.644232220486537, 45.030835917493981, 0.0 ], [ 7.642761045389546, 45.029507650887609, 0.0 ], [ 7.64268086462233, 45.029627601937776, 0.0 ], [ 7.641641529223052, 45.029982236913526, 0.0 ], [ 7.639975488347022, 45.030547073312157, 0.0 ], [ 7.638605024849791, 45.031012258877162, 0.0 ], [ 7.637444841716833, 45.031405778835328, 0.0 ], [ 7.635657756155299, 45.03201142518337, 0.0 ], [ 7.633782433029857, 45.032647908881472, 0.0 ], [ 7.631574774635664, 45.033396564784809, 0.0 ], [ 7.630503996610632, 45.033759660174574, 0.0 ], [ 7.629633702030117, 45.034054768264191, 0.0 ], [ 7.62784601999536, 45.034660914736563, 0.0 ], [ 7.625764656637674, 45.035366587383322, 0.0 ], [ 7.624863121179635, 45.035672227829856, 0.0 ], [ 7.624696045692702, 45.03550208930826, 0.0 ], [ 7.624094012520702, 45.035242830960648, 0.0 ], [ 7.6240200076527, 45.03521003668768, 0.0 ], [ 7.621559873466874, 45.034119719147533, 0.0 ], [ 7.618986033869239, 45.03297080226519, 0.0 ], [ 7.617767744220632, 45.032435837902327, 0.0 ], [ 7.616507256854477, 45.031860264008984, 0.0 ], [ 7.615300118512589, 45.032338129886561, 0.0 ], [ 7.613782855751439, 45.032858244521243, 0.0 ], [ 7.611697865787876, 45.033744057770605, 0.0 ], [ 7.611608492545137, 45.0337797621467, 0.0 ] ] ] } }
]
}
